iter,seeds,nodes,edges,bytes_moved,sample_s,gather_s,transfer_s,compute_s,wall_s,drift_pct
0,16384,1176726,1649763,1807451136,0.24651624297257513,1.4012352610006928,0.17187218903563917,0.42939874267578126,2.2491003739414737,0.0034653080710966727
1,16384,1176851,1653654,1807643136,0.25853085494600236,1.4363183790119365,0.176102172001265,0.351852294921875,2.222887338954024,0.0037625871306891418
2,16384,1182588,1660449,1816455168,0.2496200689347461,1.3708614250645041,0.18503531999886036,0.431829833984375,2.2374335499480367,0.00388400207698617
3,6172,538520,677228,827166720,0.10380600893404335,0.6459068859694526,0.07902117702178657,0.15296284484863282,0.9817614268977195,0.006570855407102069
4,16384,1186021,1663771,1821728256,0.26972742506768554,1.4202424290124327,0.18264920997899026,0.5509786376953125,2.4236750910058618,0.003193053876245628
5,16384,1169366,1643014,1796146176,0.26299325306899846,1.4038773969514295,0.1712853730423376,0.33465283203125,2.172893895069137,0.003913673618152638
6,16384,1177467,1651625,1808589312,0.2619654539739713,1.4060237690573558,0.17152752890251577,0.3545582275390625,2.1941498840460554,0.0034138311924125334
7,16384,1178224,1656819,1809752064,0.23782809998374432,1.4201565210241824,0.17144858499523252,0.3529332580566406,2.182439968921244,0.003368012980468297
8,16384,1180559,1660004,1813338624,0.24723104003351182,1.4141494219657034,0.17492756200954318,0.35922296142578125,2.195605663000606,0.0034012285231782916
9,6172,538212,677243,826693632,0.10163948498666286,0.654412136063911,0.07867867092136294,0.15288688659667968,0.9876883410615847,0.007204954236033361
10,16384,1185519,1664905,1820957184,0.31588344904594123,1.421769522014074,0.17246262193657458,0.6881317749023438,2.598318850970827,0.002751127786591674
11,16384,1168556,1640890,1794902016,0.24208634800743312,1.4022834720090032,0.17180997703690082,0.3286580810546875,2.144913283060305,0.0035155245144846397
12,16384,1178210,1650936,1809730560,0.2488836538977921,1.4059906949987635,0.17609899502713233,0.41167727661132814,2.24272152595222,0.0031615791966765625
13,16384,1176185,1654391,1806620160,0.23835733195301145,1.4122220190474764,0.17126123700290918,0.34967727661132814,2.171588680939749,0.003261037674636761
14,16384,1182828,1661103,1816823808,0.2483265659539029,1.4101620740257204,0.18065411795396358,0.4348598937988281,2.274080946925096,0.0034429378069007325
15,6172,538104,677503,826527744,0.09965927095618099,0.645784163963981,0.08009783504530787,0.15276690673828125,0.9783636159263551,0.005666525379880272
16,16384,1185616,1663320,1821106176,0.2592704080743715,1.4165269079385325,0.17268072604201734,0.41858834838867187,2.267138135037385,0.003164544439656922
17,16384,1167786,1641454,1793719296,0.24652806902304292,1.4035564819350839,0.17356658598873764,0.34769244384765624,2.171419697930105,0.003505408726690031
18,16384,1177288,1651323,1808314368,0.24415756296366453,1.3845590050332248,0.17180034599732608,0.35262667846679685,2.15322021197062,0.0035583684929957277
19,16384,1177164,1655611,1808123904,0.24974545394070446,1.4077588560758159,0.17194115195889026,0.35449508666992186,2.1840155839454383,0.003435657724118565
20,16384,1183139,1661981,1817301504,0.22800039499998093,1.4214796450687572,0.1725685759447515,0.3513064880371094,2.1734255850315094,0.0032428522695063427
21,6172,537814,676661,826082304,0.10516350902616978,0.646252108970657,0.0789177940459922,0.14960284423828124,0.9799950070446357,0.005995006414637526
22,16384,1186031,1665165,1821743616,0.27946810610592365,1.4122627879260108,0.1728248280705884,0.5527288818359375,2.417345287045464,0.0025103201983000434
23,16384,1169341,1642407,1796107776,0.2501875279704109,1.3920981410192326,0.17025696602649987,0.3529500732421875,2.1655520560452715,0.002740538458780532
24,16384,1178242,1652284,1809779712,0.23691345495171845,1.4020033420529217,0.1715332199819386,0.3358579406738281,2.146370237926021,0.0029016552929228196
25,16384,1178726,1656803,1810523136,0.23313618497923017,1.405614449060522,0.1714867779519409,0.3490601501464844,2.15935785707552,0.002792262391568429
26,16384,1182835,1660633,1816834560,0.25031047605443746,1.4094491209834814,0.17207407904788852,0.33370199584960936,2.165593871031888,0.0026874427956913027
27,6172,538558,677682,827225088,0.08877625793684274,0.6453330320073292,0.07826150604523718,0.14972268676757813,0.9621533879544586,0.006226158762346871
28,16384,1185873,1663774,1821500928,0.25066694209817797,1.4130213219905272,0.1726999490056187,0.35337420654296875,2.189825540059246,0.0028824406693127966
29,16384,1169341,1642158,1796107776,0.24695039296057075,1.3922623140970245,0.1705854058964178,0.3461523742675781,2.1560105279786512,0.002784808157508808
30,16384,1177446,1650899,1808557056,0.24648990004789084,1.4234381569549441,0.1712835180805996,0.35026092529296876,2.191540663014166,0.003110261147005107
31,16384,1176707,1655792,1807421952,0.2632501400075853,1.4202415129402652,0.1748009299626574,0.35185885620117185,2.210217137937434,0.002972505489468179
32,16384,1182443,1660891,1816232448,0.27441130799707025,1.4278793400153518,0.17595826205797493,0.3561199035644531,2.2344376320252195,0.0030798975716791344
33,6172,537638,676436,825811968,0.11784302606247365,0.6473887079628184,0.08252552000340074,0.1508838348388672,0.9986955010099337,0.005448321567338256
34,16384,1184487,1662886,1819372032,0.31853639299515635,1.401321845012717,0.1766681169392541,0.35396405029296873,2.250558948959224,0.0030456309157943415
35,16384,1170633,1643024,1798092288,0.3213532400550321,1.4143453399883583,0.174871772993356,0.35147915649414063,2.2621282381005585,0.0034802876488386255
36,16384,1177494,1652133,1808630784,0.3140350979520008,1.4206200620392337,0.17580121802166104,0.35436972045898435,2.2648915259633213,0.0028887693159491503
37,16384,1177692,1656005,1808934912,0.3191844670800492,1.4223817539168522,0.17600700201001018,0.33057440185546877,2.248213952057995,0.0029502172403914856
38,16384,1182017,1660342,1815578112,0.31846864405088127,1.4105129539966583,0.17221175192389637,0.3463916931152344,2.2476642300607637,0.00352307844892565
39,6172,538439,677435,827042304,0.12259632896166295,0.6426034399773926,0.07856561907101423,0.15090428161621094,0.9947306780377403,0.006133158733976734
40,16384,1184246,1662391,1819001856,0.31182516389526427,1.4076916230842471,0.1728539540199563,0.33683209228515626,2.229258941952139,0.0025169201504303784
41,16384,1167574,1640137,1793393664,0.2948363369796425,1.3893011310137808,0.1703498549759388,0.34748635864257815,2.202034195070155,0.0027480707770132407
42,16384,1176693,1649991,1807400448,0.27512641402427107,1.3992165050003678,0.1720703380415216,0.3514508972167969,2.197925508953631,0.0027914808952291073
43,16384,1176091,1654637,1806475776,0.26858001796063036,1.4026762360008433,0.17164384003262967,0.3363623962402344,2.179321101983078,0.0026894498789962066
44,16384,1183700,1660825,1818163200,0.2515972130931914,1.4178134069079533,0.17731619405094534,0.3544949951171875,2.201291009085253,0.003143605988013389
45,6172,538492,677572,827123712,0.10149515105877072,0.645090838894248,0.0796802710974589,0.15322854614257814,0.979566041030921,0.007271979109265279
46,16384,1186350,1665699,1822233600,0.27560389100108296,1.4125168629689142,0.17304526607040316,0.3518666687011719,2.213090540957637,0.002614091696391624
47,16384,1168660,1640688,1795061760,0.2661870400188491,1.3934012519894168,0.1703616010490805,0.33570281982421873,2.1657122060423717,0.0027470483215951066
48,16384,1177857,1651827,1809188352,0.2591307619586587,1.4064982630079612,0.17544144007842988,0.3557132568359375,2.1968456000322476,0.002816681848707686
49,16384,1177113,1654741,1808045568,0.26767145202029496,1.413634625962004,0.17596809403039515,0.35169354248046875,2.2090285249287263,0.0027528135049980145
50,16384,1183311,1660265,1817565696,0.256522334064357,1.3369545539608225,0.1764734290773049,0.3571692810058594,2.1271749309962615,0.0026012382485110777
51,6172,537976,676387,826331136,0.08803969202563167,0.6564567100722343,0.07855195691809058,0.1497756805419922,0.9728829819941893,0.00605853297174413
52,16384,1185993,1665420,1821685248,0.26962445594836026,1.4111362739931792,0.17266248806845397,0.3541396179199219,2.207621179986745,0.002642847303637343
53,16384,1169870,1642732,1796920320,0.2411514240084216,1.396696198033169,0.17895130801480263,0.34755014038085935,2.1644200070295483,0.0032773949633318786
54,16384,1178202,1652742,1809718272,0.23639592493418604,1.4052527990425006,0.17205239203758538,0.35380303955078124,2.167565766023472,0.002842380119870533
55,16384,1177203,1653881,1808183808,0.28204016492236406,1.4037156230770051,0.171686265966855,0.3418521728515625,2.199351773946546,0.0026165495415905113
56,16384,1182743,1660004,1816693248,0.2459199499571696,1.4214023660169914,0.17295868997462094,0.35350503540039063,2.193844337016344,0.002657238081466939
57,6172,537700,676813,825907200,0.08737481792923063,0.6491936490638182,0.07825834397226572,0.1515851135253906,0.9664747409988195,0.006499549905404739
58,16384,1186095,1664165,1821841920,0.24983328394591808,1.4131413879804313,0.17289891408290714,0.35332421875,2.189256698009558,0.0026901025519273257
59,16384,1167714,1641120,1793608704,0.2410570930223912,1.3948827950516716,0.1785318759502843,0.35126434326171874,2.1658128789858893,0.0035447060347849955
60,16384,1178780,1651559,1810606080,0.23614670301321894,1.4064978719688952,0.17198253399692476,0.35320516967773435,2.1679055290296674,0.003378854470967135
61,16384,1176434,1655624,1807002624,0.2316324490820989,1.4006749109830707,0.17309090693015605,0.3541612243652344,2.15962173207663,0.0028820193437358774
62,16384,1182575,1660600,1816435200,0.25020070106256753,1.4100719609996304,0.17263263394124806,0.3547249450683594,2.1876861640485004,0.0025562613876606685
63,6172,538581,676800,827260416,0.09529399697203189,0.6504628030816093,0.07892645802348852,0.15398057556152345,0.9787232730304822,0.006073156066373873
64,16384,1184468,1664040,1819342848,0.24956774606835097,1.4172094500390813,0.1725046979263425,0.3394355773925781,2.1787787650246173,0.0028132089062178492
65,16384,1169493,1642354,1796341248,0.25220423797145486,1.4047665409743786,0.17112472304143012,0.34750119018554687,2.175654542981647,0.0026590071030949632
66,16384,1176671,1649616,1807366656,0.23613740201108158,1.4028173390543088,0.1714437099872157,0.3492994384765625,2.159768066019751,0.0032492604963798776
67,16384,1177464,1656260,1808584704,0.23387876094784588,1.411676764022559,0.18017060100100935,0.3508553466796875,2.1766513829352334,0.0032118273362485785
68,16384,1183564,1661566,1817954304,0.24387492996174842,1.4126968450145796,0.17270835500676185,0.33433047485351564,2.163670698995702,0.0027774170590913996
69,6172,537968,677480,826318848,0.08533691603224725,0.649011870031245,0.07913818501401693,0.1500302734375,0.9635807110462338,0.006586529856504274
70,16384,1185673,1665003,1821193728,0.2332169699948281,1.4113130109617487,0.17305470700375736,0.3560802001953125,2.173724488937296,0.002741873772545544
71,16384,1167295,1640636,1792965120,0.2347882379544899,1.3934268469456583,0.17379295302089304,0.35852755737304687,2.1605952699901536,0.0027619562485557297
72,16384,1178413,1652275,1810042368,0.22860429796855897,1.410888782935217,0.18007777410093695,0.3549947814941406,2.174647972919047,0.003786195339141509
73,16384,1176899,1655921,1807716864,0.2408147759269923,1.4109768701018766,0.17229747690726072,0.35464251708984373,2.1787898959591985,0.002673774710126513
74,16384,1182362,1659591,1816108032,0.23545317200478166,1.4157820040127262,0.17282510304357857,0.355807861328125,2.1799390730448067,0.003253882481053032
75,6172,537746,676232,825977856,0.09577792196068913,0.6468198780203238,0.08020943705923855,0.15053366088867187,0.9734079559566453,0.0068889952369555925
76,16384,1186949,1666185,1823153664,0.27999912202358246,1.4168342469492927,0.17774378100875765,0.5796812133789062,2.454319313983433,0.0024834023244824028
77,16384,1169464,1642830,1796296704,0.303778677014634,1.3987566760042682,0.1717360729817301,0.35385592651367187,2.2281972920754924,0.0031388405971508465
78,16384,1175801,1649987,1806030336,0.3073308449238539,1.4193171160295606,0.17332185595296323,0.3517608642578125,2.2517995779635385,0.003059632838665108
79,16384,1177338,1655817,1808391168,0.32157161994837224,1.410447834059596,0.17281799390912056,0.3325906982421875,2.2374981850152835,0.0031302307405821055
80,16384,1182187,1659845,1815839232,0.3418525030137971,1.4077895689988509,0.17337838793173432,0.3623319091796875,2.2854287429945543,0.0033417743046622863
81,6172,538224,677079,826712064,0.12362841598223895,0.6433109700446948,0.07854717294685543,0.1498140411376953,0.9953605830669403,0.0060262538497261875
82,16384,1186024,1664788,1821732864,0.3000854820711538,1.4078815230168402,0.1730648409575224,0.35479107666015625,2.2358813440660015,0.00261290074645569
83,16384,1168724,1641984,1795160064,0.2856888809474185,1.3916367650963366,0.17069693794474006,0.3285755615234375,2.1766598359681666,0.002834179930857873
84,16384,1177170,1650951,1808133120,0.2651570540620014,1.4182711510220543,0.17677629797253758,0.3543336181640625,2.214612093055621,0.003340171183788379
85,16384,1176884,1654444,1807693824,0.2594124060124159,1.4049654690315947,0.1723157250089571,0.3554507141113281,2.1922149950405583,0.003224176297598447
86,16384,1183483,1660337,1817829888,0.2554233600385487,1.4089158959686756,0.17268265096936375,0.3337836608886719,2.1708638690179214,0.0026856199273316626
87,6172,537632,676764,825802752,0.09703726798761636,0.6439643480116501,0.07856766495388001,0.15066441345214843,0.9702958579873666,0.006406662623564655
88,16384,1186402,1665221,1822313472,0.2611517000477761,1.4086434689816087,0.17412001197226346,0.3570518798828125,2.2010232120519504,0.0025511392693184235
89,16384,1168772,1642183,1795233792,0.25617891596630216,1.3931284049758688,0.17032928904518485,0.3304802551269531,2.1501742330146953,0.00266805822085123
90,16384,1177627,1650949,1808835072,0.2543179449858144,1.40398889395874,0.17175397102255374,0.3520120849609375,2.182137183030136,0.0029461072654001315
91,16384,1176864,1654961,1807663104,0.27084611204918474,1.416817903984338,0.17889785894658417,0.3523548583984375,2.2189898000797257,0.003292791214199698
92,16384,1183151,1661120,1817319936,0.247133081080392,1.406726683024317,0.1741029949625954,0.35472509765625,2.182759643997997,0.0032888309365658452
93,6172,537623,676740,825788928,0.09621553600300103,0.6505861129844561,0.0788816501153633,0.14980668640136718,0.9755482360487804,0.005971057343988576
94,16384,1186625,1665182,1822656000,0.24581711797509342,1.4104448780417442,0.18159661605022848,0.34512066650390627,2.183053903048858,0.0034183525098171576
95,16384,1167127,1638719,1792707072,0.23227014497388154,1.3899200450396165,0.17237215593922883,0.3572261047363281,2.1518470339942724,0.0027224660625077826
96,16384,1178016,1651067,1809432576,0.23876979493070394,1.402937502018176,0.17128309200052172,0.35616397094726565,2.1692120309453458,0.002658617408333426
97,16384,1176904,1654566,1807724544,0.25313149206340313,1.402857607929036,0.17366817104630172,0.34059341430664064,2.1703073140233755,0.002609246977514994
98,16384,1183059,1661389,1817178624,0.2418005570070818,1.4075751639902592,0.17371084995102137,0.3529019775390625,2.1760666199261323,0.0035877320111775274
99,6172,537677,676042,825871872,0.09476922091562301,0.6539713300298899,0.08101719501428306,0.15247314453125,0.9823054339503869,0.007588623330852622
100,16384,1185781,1664572,1821359616,0.2335018649464473,1.409066742984578,0.17289909906685352,0.3534425048828125,2.1689846279332414,0.0034309165492439554
101,16384,1167588,1640307,1793415168,0.23331703001167625,1.4000522549031302,0.17074280499946326,0.352986083984375,2.157159318914637,0.002834515534205282
102,16384,1177106,1651119,1808034816,0.2451918669976294,1.4013873370131478,0.17484691098798066,0.35049020385742186,2.171991004026495,0.003438557994799578
103,16384,1176319,1654318,1806825984,0.23382226203102618,1.4068456039531156,0.1760857830522582,0.35621713256835935,2.1730307349935174,0.0027589756459726555
104,16384,1182020,1659514,1815582720,0.24767358507961035,1.4106044489890337,0.17242206796072423,0.3349220886230469,2.1656774730654433,0.0025526614057615046
105,6172,538693,677401,827432448,0.09036695898976177,0.6444288770435378,0.07881994498893619,0.1506226806640625,0.9642956360476092,0.005929132018605961
106,16384,1186520,1663539,1822494720,0.23821977409534156,1.4230333239538595,0.17979018099140376,0.35253237915039065,2.193646570085548,0.003232603443022388
107,16384,1167501,1641150,1793281536,0.23260112397838384,1.3893925920128822,0.17039386194664985,0.3532548522949219,2.145700868917629,0.00272352431029922
108,16384,1178714,1652993,1810504704,0.2597661520121619,1.4182135980809107,0.17418103094678372,0.3479261169433594,2.200152326026,0.0029737960417818357
109,16384,1178169,1655234,1809667584,0.22550439194310457,1.4042771420208737,0.17142845306079835,0.35092825317382814,2.152198988944292,0.002822636103782245
110,16384,1184632,1661512,1819594752,0.22792455402668566,1.4144749499391764,0.17622422601561993,0.35566604614257813,2.174347084015608,0.002635636783523523
111,6172,537622,676143,825787392,0.08589999796822667,0.6445643260376528,0.07832774298731238,0.14500668334960937,0.9538562969537452,0.006033048282830342
112,16384,1184221,1663324,1818963456,0.23774847202003002,1.4105289860162884,0.17391118605155498,0.35391128540039063,2.1761606300715357,0.0027893429571783706
113,16384,1168538,1641866,1794874368,0.24336937197949737,1.393474462092854,0.17022208194248378,0.35355462646484376,2.160676941042766,0.00261022654592657
114,16384,1177159,1650494,1808116224,0.2298207130515948,1.411086653941311,0.18092900910414755,0.35242056274414063,2.1743302770191804,0.0033729088336585697
115,16384,1175589,1653948,1805704704,0.25374442990869284,1.3832795210182667,0.17108021397143602,0.35492227172851565,2.1630888308864087,0.0028844982511492057
116,16384,1184078,1662493,1818743808,0.23742384207434952,1.4176757449749857,0.18270733894314617,0.35225616455078124,2.1901554310461506,0.004216162085080016
117,6172,537426,676711,825486336,0.0980349809397012,0.6538723560515791,0.0806351809296757,0.15096701049804687,0.9836013140156865,0.009331585407194162
118,16384,1186845,1665531,1822993920,0.28406870702747256,1.4193884480046108,0.1740240310318768,0.35424102783203126,2.231789182056673,0.003000649040676353
119,16384,1168007,1640556,1794058752,0.2873333611059934,1.4142922889441252,0.1810756999766454,0.3522236938476562,2.235013516037725,0.003958462115325811
120,16384,1177162,1651122,1808120832,0.34665560198482126,1.4106011820258573,0.17390715004876256,0.33999822998046875,2.271229854086414,0.002980325676073165
121,16384,1177051,1656018,1807950336,0.33276216103695333,1.4058769310358912,0.17366987792775035,0.3561573486328125,2.2685263050952926,0.0026442921005846495
122,16384,1182545,1661536,1816389120,0.3331560289952904,1.4053896999685094,0.17245665797963738,0.35261288452148437,2.2636927750427276,0.0034237675121246603
123,6172,537569,675897,825705984,0.12975703610572964,0.6411268879892305,0.07839619601145387,0.15388758850097656,1.0032246930059046,0.005680123197860459
124,16384,1185975,1663552,1821657600,0.323719703941606,1.4071163380285725,0.1725368780316785,0.35479800415039064,2.258234199951403,0.002802003404091365
125,16384,1169043,1641137,1795650048,0.29348602308891714,1.3881714909803122,0.1705823460360989,0.349822021484375,2.2021240520989522,0.0028232064941987774
126,16384,1177063,1649468,1807968768,0.2798092720331624,1.4340278790332377,0.1793630609754473,0.3544569091796875,2.2477344090584666,0.003438477278287607
127,16384,1176475,1653897,1807065600,0.27411708305589855,1.4103684870060533,0.17130771791562438,0.3509931945800781,2.2068457630230114,0.002686207905883087
128,16384,1182093,1659408,1815694848,0.2500857290579006,1.4078172609442845,0.18115675309672952,0.3641278076171875,2.2032605530694127,0.0033133781299140453
129,6172,536739,676184,824431104,0.10640203999355435,0.6492467519128695,0.08185261010657996,0.1507274627685547,0.9883001439739019,0.0072123021308879735
130,16384,1184770,1662909,1819806720,0.2897525189910084,1.4196873899782076,0.17273088009096682,0.3377009582519531,2.219929845072329,0.002617098928684857
131,16384,1168962,1640499,1795525632,0.26090221107006073,1.358142833923921,0.17253947805147618,0.3502311096191406,2.141883098986,0.0031498601129759185
132,16384,1178402,1652225,1810025472,0.2618389130802825,1.4191402619471774,0.171750504989177,0.3309546813964844,2.183742791065015,0.0026756654736447205
133,16384,1175466,1654430,1805515776,0.2286451639374718,1.4011066689854488,0.17157893208786845,0.3541437683105469,2.155532698961906,0.0026984346188890893
134,16384,1182357,1660446,1816100352,0.2259240070125088,1.4120183660415933,0.17259822494816035,0.354033203125,2.1646335989935324,0.002762493675511569
135,6172,538768,677934,827547648,0.09909009595867246,0.6451963169965893,0.07861241209320724,0.1534769287109375,0.9764348879689351,0.0060561344394030135
136,16384,1186622,1664100,1822651392,0.2581278890138492,1.4118316130479798,0.1729965639533475,0.3561605224609375,2.1991793900961056,0.0028556842736125916
137,16384,1168582,1642151,1794941952,0.24318980902899057,1.3912478929851204,0.17030445102136582,0.34929495239257813,2.1540953959338367,0.0027060317705426542
138,16384,1176902,1651358,1807721472,0.227346858009696,1.4006240779999644,0.17239173199050128,0.35381906127929685,2.1542412330163643,0.002762166835998117
139,16384,1177042,1653741,1807936512,0.2383847360033542,1.4133330949116498,0.1712443110300228,0.35002420043945315,2.173042782000266,0.002597262062844543
140,16384,1182590,1661369,1816458240,0.23576075094752014,1.4122751780087128,0.17240160098299384,0.3555934143066406,2.176086996914819,0.0025758468770398432
141,6172,537759,677261,825997824,0.09895301889628172,0.6531573300017044,0.08352315600495785,0.1501471710205078,0.985854608938098,0.007499383172315365
142,16384,1185754,1664272,1821318144,0.26570532901678234,1.4100964730605483,0.1730777429183945,0.3353091735839844,2.1842461290070787,0.002628386362094432
143,16384,1167577,1641079,1793398272,0.24429355293978006,1.3898261080030352,0.17046290601138026,0.3499285583496094,2.1545690809143707,0.002689893356362816
144,16384,1177048,1650110,1807945728,0.22878347500227392,1.401494608959183,0.1716187660349533,0.35163217163085936,2.1535864509642124,0.0026666836112916544
145,16384,1177551,1655490,1808718336,0.23449914599768817,1.4032599839847535,0.17152007098775357,0.35321926879882815,2.1625565889989957,0.002687524121583024
146,16384,1183119,1662010,1817270784,0.2539058600086719,1.4081596080213785,0.17438237799797207,0.35383331298828125,2.1903378480346873,0.002588140383657281
147,6172,537554,676757,825682944,0.09460587298963219,0.642780389986001,0.07850867905654013,0.15034297180175782,0.9662985650356859,0.006276652367020987
148,16384,1185887,1664146,1821522432,0.25232275598682463,1.3757859249599278,0.17328277695924044,0.3422266540527344,2.1436791109154,0.0028455264765274687
149,16384,1169291,1642348,1796030976,0.24171414598822594,1.40755306603387,0.18231509998440742,0.33957394409179686,2.1712331330636516,0.0035407052416770437
150,16384,1178622,1652669,1810363392,0.23880527808796614,1.4156421079533175,0.1729211270576343,0.3389119567871094,2.166339975083247,0.002746807883519579
151,16384,1178745,1655440,1810552320,0.21964122890494764,1.404245926067233,0.1721922759898007,0.35281637573242186,2.1489544139476493,0.00272724506697941
152,16384,1182199,1660247,1815857664,0.24439177208114415,1.4226235710084438,0.17559303692542017,0.3396639099121094,2.1823444480542094,0.0033064499582571155
153,6172,537764,677139,826005504,0.09467289701569825,0.6508286480093375,0.08272832399234176,0.1533099822998047,0.9816097349394113,0.007119287812824346
154,16384,1186643,1664882,1822683648,0.25048157200217247,1.4108451759675518,0.17331662098877132,0.3585207824707031,2.193223059992306,0.0026859357892804487
155,16384,1169740,1642339,1796720640,0.2264918270520866,1.3939438000088558,0.1703324189875275,0.3375137939453125,2.128341744071804,0.002814589254213665
156,16384,1176593,1649980,1807246848,0.2154486950021237,1.3995631110155955,0.17108975199516863,0.3528154907226563,2.138976222020574,0.0027664302398739257
157,16384,1176733,1654333,1807461888,0.21636226295959204,1.3993693090742454,0.1711556559894234,0.3498919372558594,2.1368402160005644,0.002857055992623009
158,16384,1184181,1661617,1818902016,0.24302808905486017,1.4168729769298807,0.17361707100644708,0.33412774658203126,2.167718605021946,0.003354745793958577
159,6172,538126,677377,826561536,0.10056586400605738,0.6455427230102941,0.0784523889888078,0.15123526000976562,0.9758662920212373,0.007178852972498764
160,16384,1186370,1665345,1822264320,0.2956135649001226,1.414067434030585,0.17416258598677814,0.3537120666503906,2.2376233249669895,0.0030243427639436845
161,16384,1168410,1641519,1794677760,0.2986975269159302,1.397478060098365,0.17238190094940364,0.34981048583984375,2.2184498889837414,0.003692451229379794
162,16384,1177197,1652045,1808174592,0.3249935950152576,1.4243216080358252,0.17550456896424294,0.33345159912109373,2.258357929997146,0.0038328229363856787
163,16384,1175767,1653696,1805978112,0.35923168901354074,1.417560801957734,0.1715036410605535,0.35229473876953127,2.300695898011327,0.004565019221270111
164,16384,1182437,1660441,1816223232,0.34767417795956135,1.4037595730042085,0.1739574020029977,0.34129598999023436,2.2667729950044304,0.0037874126618636173
165,6172,537096,676184,824979456,0.13852448191028088,0.6403143340721726,0.07979132502805442,0.1528280029296875,1.0115309759275988,0.007200173710595167
166,16384,1185490,1663557,1820912640,0.337339635938406,1.4107326170196757,0.17852599499747157,0.33295648193359373,2.2596289470093325,0.0032844826263950856
167,16384,1168865,1642060,1795376640,0.28133735503070056,1.389988156966865,0.16972668003290892,0.34390087890625,2.1850073769455776,0.0024853924717104046
168,16384,1177025,1651244,1807910400,0.2549841800937429,1.4018043399555609,0.1712706140242517,0.33545852661132813,2.163575327023864,0.0026653261506607586
169,16384,1176444,1655464,1807017984,0.24059254094026983,1.416608299012296,0.1739644119516015,0.34422576904296875,2.175462589948438,0.003289829098092004
170,16384,1181326,1659353,1814516736,0.252740906085819,1.4240686959819868,0.17205324000678957,0.36107843017578123,2.2100132340565324,0.0032561708249898083
171,6172,538351,676812,826907136,0.10030433698557317,0.6441923299571499,0.0781828680774197,0.14541877746582033,0.9681585859507322,0.0062255776733026735
172,16384,1187306,1666072,1823702016,0.3031550300074741,1.4093392350478098,0.1722041639732197,0.5154427490234375,2.4001978270243853,0.0023601793071671984
173,16384,1169495,1642987,1796344320,0.26370498398318887,1.3888800800777972,0.16984047298319638,0.3470626220703125,2.169545762008056,0.0026550669992761633
174,16384,1179634,1652756,1811917824,0.24782009795308113,1.4046169819775969,0.1713101411005482,0.353024658203125,2.1768278289819136,0.002570242203706058
175,16384,1178013,1655918,1809427968,0.2693151410203427,1.3991234350251034,0.17060553201008588,0.33579483032226565,2.174895949079655,0.002621307096632421
176,16384,1184397,1662137,1819233792,0.24416659295093268,1.4081351100467145,0.17237508995458484,0.35595724487304686,2.1806909720180556,0.002610832690523749
177,6172,537759,676716,825997824,0.08863923896569759,0.6501063409959897,0.0782870149705559,0.1524722900390625,0.969573104986921,0.007036087868398465
178,16384,1186538,1665947,1822522368,0.2544087690766901,1.4100374579429626,0.17229839402716607,0.3418943176269531,2.178695669048466,0.0026038687045570053
179,16384,1167328,1640755,1793015808,0.23905411001760513,1.3933751500444487,0.16938813403248787,0.3568720703125,2.158747222041711,0.002675516340214
180,16384,1179190,1653872,1811235840,0.24370546103455126,1.2981489850208163,0.17186085192952305,0.3564970703125,2.070272332057357,0.002896418941498322
181,16384,1176831,1654611,1807612416,0.23285738506820053,1.3999333039391786,0.17099141899961978,0.3556896057128906,2.159529512980953,0.0026764747004427237
182,16384,1183985,1661488,1818600960,0.24199817201588303,1.4090771320043132,0.17196242196951061,0.3563209228515625,2.1794168329797685,0.0026697113474927854
183,6172,537688,676584,825888768,0.090683329035528,0.6423385839443654,0.0782249280018732,0.1540999755859375,0.9654038370354101,0.005906385029622358
184,16384,1186899,1665118,1823076864,0.24027951201424003,1.4074222720228136,0.17215466999914497,0.3579118347167969,2.1778273979434744,0.002714135681043915
185,16384,1168999,1642240,1795582464,0.23623356502503157,1.3914521629922092,0.1695919509511441,0.3309906921386719,2.128325648023747,0.00269117260054546
186,16384,1178761,1652645,1810576896,0.23322010494302958,1.401770722004585,0.17577645694836974,0.35643878173828125,2.167261718888767,0.0025679064977107277
187,16384,1176263,1654207,1806739968,0.2340170630486682,1.3974311409983784,0.17121112800668925,0.3544586181640625,2.1571756759658456,0.002675987342642567
188,16384,1182547,1660721,1816392192,0.23464652604889125,1.4047610819106922,0.17209199105855078,0.35542056274414063,2.1669782899552956,0.0026824538709133003
189,6172,538500,678034,827136000,0.08580657804850489,0.656613665050827,0.0829110819613561,0.14515898132324218,0.9705482959980145,0.005974933377715097
190,16384,1186133,1665824,1821900288,0.2607969989767298,1.406446330016479,0.17231040995102376,0.3531994934082031,2.19281272997614,0.0027133016372502435
191,16384,1169910,1643610,1796981760,0.25147582998033613,1.3972621919820085,0.16990793298464268,0.3518180236816406,2.1705229280050844,0.0027159066460935304
192,16384,1177276,1651011,1808295936,0.23354094906244427,1.4027441539801657,0.17152996198274195,0.3522801513671875,2.160155144985765,0.0027742726426287583
193,16384,1176858,1654460,1807653888,0.25299087003804743,1.4042941499501467,0.1713703169953078,0.3519860534667969,2.180701870005578,0.0027733986066989036
194,16384,1182515,1660646,1816343040,0.24399968795478344,1.4087047789944336,0.17229897901415825,0.3389643859863281,2.1640252309152856,0.002652416652186879
195,6172,537604,676074,825759744,0.08512168505694717,0.6423742970218882,0.07843892101664096,0.15353605651855468,0.9595315660117194,0.006316248452394957
196,16384,1184954,1663759,1820089344,0.23244752397295088,1.4083477300591767,0.1726055609760806,0.3588546142578125,2.172322705038823,0.0030969511411154996
197,16384,1168599,1641290,1794968064,0.22531746700406075,1.3891724610002711,0.17023302800953388,0.3508277587890625,2.135608949000016,0.0027268193043900714
198,16384,1179748,1653039,1812092928,0.22535247402265668,1.4030790249817073,0.17176808801013976,0.35156887817382815,2.151837870012969,0.0032253742535156764
199,16384,1176124,1655184,1806526464,0.21780219406355172,1.3973198069725186,0.17075082298833877,0.35316851806640626,2.139106212067418,0.0030325738963509203
200,16384,1181983,1659550,1815525888,0.24949282605666667,1.4103316399268806,0.17333670204970986,0.3654964904785156,2.1987245000200346,0.0030400128920667455
201,6172,537564,676128,825698304,0.09343257697764784,0.6503919509705156,0.07957584003452212,0.15425369262695313,0.9777212160406634,0.006868566409626101
202,16384,1184867,1663521,1819955712,0.2957798930583522,1.4111705049872398,0.17355539894197136,0.35313351440429686,2.2337089440552518,0.003117356161244332
203,16384,1167486,1641309,1793258496,0.30120568606071174,1.3923120949184522,0.1712246920214966,0.3520426025390625,2.2168507679598406,0.0029633217114521156
204,16384,1178358,1652546,1809957888,0.30485800409223884,1.4065625929506496,0.17266608902718872,0.35669873046875,2.2408549240790308,0.0031018313348457464
205,16384,1177680,1656577,1808916480,0.3289396079489961,1.4058704990893602,0.17149010696448386,0.3556510925292969,2.2620400900486857,0.003924931168946942
206,16384,1182316,1660310,1816037376,0.3482673140242696,1.4038610849529505,0.17202371801249683,0.3390932922363281,2.2633213159861043,0.003353777456305889
207,6172,538243,676878,826741248,0.11675694305449724,0.6419812849489972,0.07812389708124101,0.15063055419921875,0.987551458994858,0.005952065623350938
208,16384,1185921,1663503,1821574656,0.290929825976491,1.403040406992659,0.1726684500463307,0.35634005737304686,2.2230384099530056,0.002684144556870463
209,16384,1169499,1641913,1796350464,0.2709659079555422,1.3860540119931102,0.17027616710402071,0.3469611511230469,2.174314428004436,0.0026302464804395177
210,16384,1176978,1650525,1807838208,0.2661424659891054,1.4004848859040067,0.1713557600742206,0.3514069519042969,2.18944866489619,0.0026765196873540184
211,16384,1176776,1654430,1807527936,0.2677139909937978,1.4015501199755818,0.17165916098747402,0.3549156494140625,2.195898234960623,0.0027011083101473195
212,16384,1181111,1659198,1814186496,0.26565401104744524,1.3729546510148793,0.1718788288999349,0.3599510498046875,2.1705009860452265,0.0028769983833614766
213,6172,538246,677514,826745856,0.09362302103545517,0.6435286639025435,0.07859793701209128,0.14568035888671876,0.9614897730061784,0.0062187005050238515
214,16384,1185120,1663711,1820344320,0.2583449159283191,1.405529011040926,0.1725526120280847,0.353093505859375,2.189582251943648,0.0028410481902524406
215,16384,1169813,1641770,1796832768,0.2464075250318274,1.3918979269219562,0.16999539406970143,0.35033221435546874,2.1586905530421063,0.0026633119356291677
216,16384,1179279,1654030,1811372544,0.24798411794472486,1.4016604430507869,0.17200532904826105,0.3520035705566406,2.1737160029588267,0.0028772092733543946
217,16384,1177104,1655150,1808031744,0.2405299519887194,1.4025394739583135,0.17131649004295468,0.35260586547851563,2.167054114979692,0.00287641691814681
218,16384,1182568,1661089,1816424448,0.2326611989410594,1.4081838610582054,0.17243120691273361,0.35642343139648436,2.169757362920791,0.002657652569531922
219,6172,537463,675963,825543168,0.09266353899147362,0.6428256799699739,0.07845072902273387,0.1528237762451172,0.9668221400352195,0.006042042636589959
220,16384,1185954,1664171,1821625344,0.25981015991419554,1.4071255220333114,0.17282347998116165,0.3577400207519531,2.1975573279196396,0.0026459031707199787
221,16384,1167893,1641409,1793883648,0.24195121007505804,1.3881194459972903,0.17021388397552073,0.35178704833984376,2.1521290730452165,0.0026710599388956517
222,16384,1177635,1651163,1808847360,0.23550779605284333,1.4019650099799037,0.1715196669101715,0.3556926574707031,2.164748660987243,0.002934778284719348
223,16384,1177396,1655543,1808480256,0.24499273498076946,1.3991093810182065,0.17158026597462595,0.35040643310546876,2.16614456102252,0.002573509841053981
224,16384,1181745,1659394,1815160320,0.24815415998455137,1.4051975150359794,0.1720789900282398,0.3603437194824219,2.185833003022708,0.00268174610935
225,6172,538489,678034,827119104,0.08750780299305916,0.643009442021139,0.07879435596987605,0.14537376403808594,0.9547451990656555,0.006267016954258148
226,16384,1186067,1663994,1821798912,0.23886798101011664,1.4071580750169232,0.17277609603479505,0.3569996337890625,2.175859584007412,0.0026563366928385158
227,16384,1167721,1641440,1793619456,0.23162975010927767,1.3912536859279498,0.17016216204501688,0.32853585815429687,2.1216372640337795,0.0026304118137528685
228,16384,1178163,1650588,1809658368,0.2549905329942703,1.401443124981597,0.1716785430908203,0.3519114990234375,2.180081806029193,0.0026653100313555806
229,16384,1176985,1654672,1807848960,0.2424237079685554,1.373538741027005,0.17135554796550423,0.3540035400390625,2.141379620996304,0.002712456754854609
230,16384,1182019,1660687,1815581184,0.23624375998042524,1.4078010850353166,0.1720969369634986,0.3596461181640625,2.175844984012656,0.002623526481537149
231,6172,538094,676636,826512384,0.08784441708121449,0.6481198879191652,0.0783339460613206,0.1454214324951172,0.9597783330827951,0.006110736610326527
232,16384,1186015,1662351,1821719040,0.2604175410233438,1.405605586944148,0.17250343097839504,0.3542795715332031,2.192863526986912,0.002617422703955056
233,16384,1168688,1641185,1795104768,0.2260813940083608,1.387756870011799,0.17025121406186372,0.334805908203125,2.1189521990017965,0.0026811702819346007
234,16384,1177287,1651100,1808312832,0.23088705097325146,1.4007097829598933,0.1717682050075382,0.35643743896484376,2.1598597519332543,0.0026517475348262322
235,16384,1175907,1654104,1806193152,0.25321391003672034,1.3981199929257855,0.17128233797848225,0.35720339965820314,2.179875129950233,0.0025455288827884
236,16384,1182746,1660800,1816697856,0.21685921400785446,1.406668743933551,0.17190664703957736,0.35599591064453123,2.151488389004953,0.002689922926599307
237,6172,537647,676540,825825792,0.092811533017084,0.6422267650486901,0.07848596794065088,0.14485987854003907,0.9584428690141067,0.006127070224129602
238,16384,1186926,1665781,1823118336,0.24922829598654062,1.409763514995575,0.17259653401561081,0.35413973999023435,2.185786245041527,0.002660829882062179
239,16384,1169373,1641301,1796156928,0.23779489297885448,1.3925836309790611,0.17036923405248672,0.35101071166992187,2.151818362995982,0.002783381566404806
240,16384,1175956,1651108,1806268416,0.22509885602630675,1.3995215889299288,0.17132389801554382,0.3448267822265625,2.1408285630168393,0.0026829714200229597
241,16384,1177342,1655582,1808397312,0.22430896409787238,1.3992090430110693,0.17167473095469177,0.35232568359375,2.147576808114536,0.002718713339239088
242,16384,1184103,1663138,1818782208,0.24163323594257236,1.4139933380065486,0.17439507506787777,0.35236151123046877,2.1824505620170385,0.003088352641018897
243,6172,538379,676909,826950144,0.09667044295929372,0.645999834057875,0.07848627492785454,0.15119679260253907,0.9724234349559993,0.007207807413664918
244,16384,1185392,1665051,1820762112,0.27262351498939097,1.414414608036168,0.17386296193581074,0.35760443115234375,2.2185749559430405,0.003129929378362582
245,16384,1168026,1641343,1794087936,0.293623858015053,1.3887383058900014,0.17435801203828305,0.3289697265625,2.18575800396502,0.003115690715050535
246,16384,1178112,1653308,1809580032,0.30881958501413465,1.4051082659279928,0.1724993190728128,0.35187200927734374,2.2383685659151524,0.003099874789402124
247,16384,1177239,1654539,1808239104,0.3154967549489811,1.4054178190417588,0.17162236396688968,0.3506730041503906,2.2433026469079778,0.004132514178827649
248,16384,1183958,1661661,1818559488,0.33955309400334954,1.4049489449243993,0.17267217999324203,0.3379122314453125,2.2551503169815987,0.0028320336260747076
249,6172,536832,676275,824573952,0.12299909291323274,0.6408357759937644,0.0784213220467791,0.15096636962890625,0.9932800909737125,0.005791960550982297
250,16384,1185728,1664406,1821278208,0.3199418210424483,1.4032371209468693,0.1727830619784072,0.35542132568359375,2.2514398680068552,0.002511208775339162
251,16384,1167782,1641769,1793713152,0.2934374239994213,1.3870587670244277,0.17018773197196424,0.3505536499023437,2.201297129970044,0.0027055444299745996
252,16384,1178308,1652920,1809881088,0.27769757399801165,1.403305614949204,0.17162130202632397,0.3561566162109375,2.208840573905036,0.002692214244024064
253,16384,1176473,1654836,1807062528,0.2543506909860298,1.4010318000800908,0.17139095498714596,0.35444003295898435,2.18127168295905,0.002668349259463187
254,16384,1182933,1661022,1816985088,0.2506296429783106,1.4057708169566467,0.1724016290390864,0.3543568115234375,2.1832139439648017,0.0025212127044492443
255,6172,538252,677347,826755072,0.09806331200525165,0.6452724389964715,0.07857732393313199,0.15301123046875,0.9749842659803107,0.006149901982814573
256,16384,1186715,1665385,1822794240,0.25010634202044457,1.4103318488923833,0.17287604906596243,0.3536046447753906,2.1869761350098997,0.0026177814564276904
257,16384,1168012,1640893,1794066432,0.2689988639904186,1.3900553860003129,0.16992686898447573,0.3285021057128906,2.1575472600525245,0.0029679704177142064
258,16384,1176555,1650935,1807188480,0.2529923099791631,1.4011081870412454,0.17141621198970824,0.34883721923828126,2.1744110110448673,0.0026252072942631053
259,16384,1176896,1655635,1807712256,0.2707253899425268,1.3999805230414495,0.171307923970744,0.33811846923828126,2.1801894799573347,0.0026224218059357454
260,16384,1182268,1660335,1815963648,0.2479969720588997,1.40727354795672,0.1831116620451212,0.3650939331054687,2.203532980987802,0.002580665780050449
261,6172,537903,677128,826219008,0.09109791496302933,0.6542676880490035,0.08112459199037403,0.15358432006835937,0.9801345990272239,0.00613017401052547
262,16384,1184950,1664126,1820083200,0.2669016969157383,1.4210505799856037,0.17876964702736586,0.35721182250976563,2.2239922729786485,0.0026315981798238886
263,16384,1168078,1640240,1794167808,0.24528207699768245,1.4053858109982684,0.17651316500268877,0.3522462158203125,2.1794848879799247,0.002643705459508518
264,16384,1178138,1651731,1809619968,0.2468586729373783,1.414203749038279,0.17789994203485548,0.3511050109863281,2.1901373049477115,0.0031929482554554313
265,16384,1177328,1654997,1808375808,0.24154751503374428,1.417182278004475,0.17785849492065609,0.3539757080078125,2.1906257750233635,0.002820155655068234
266,16384,1182199,1659248,1815857664,0.255902171949856,1.4207700910046697,0.17822829796932638,0.35810983276367186,2.2130676469532773,0.0025870544821371575
267,6172,538059,676564,826458624,0.09351667703595012,0.6492262410465628,0.08118837897200137,0.15369413757324218,0.9776850950438529,0.006102211887952687
268,16384,1185753,1664967,1821316608,0.26533068192657083,1.4214431440923363,0.17886472691316158,0.35671087646484373,2.2224073159741238,0.0026046790250868995
269,16384,1170115,1643403,1797296640,0.2476407861104235,1.4049046389991418,0.17678992997389287,0.35314437866210935,2.182537820073776,0.0026614122181274143
270,16384,1176208,1649497,1806655488,0.23611164593603462,1.4142455169931054,0.17743803502526134,0.3562000732421875,2.184052855009213,0.0026365576497805452
271,16384,1177877,1654444,1809219072,0.22647108300589025,1.416634054039605,0.1779414729680866,0.351592529296875,2.1726991509785876,0.0027620790528603808
272,16384,1182025,1660301,1815590400,0.24631025595590472,1.4218584760092199,0.17852682597003877,0.3639020690917969,2.2106574699282646,0.002707018256722741
273,6172,538730,677270,827489280,0.094016995979473,0.6498592720599845,0.0814366249833256,0.15411500549316406,0.9794859370449558,0.005925407074628462
274,16384,1185018,1662411,1820187648,0.25309787003789097,1.421240309951827,0.1790088010020554,0.3541824645996094,2.2075872820569202,0.002619894851170194
275,16384,1168372,1641357,1794619392,0.24572240002453327,1.4029432679526508,0.17610756400972605,0.3285577392578125,2.1533872470026836,0.0026133598608201565
276,16384,1178133,1651586,1809612288,0.23381805699318647,1.413900486077182,0.1778315269621089,0.35195101928710937,2.1775603180285543,0.002719957214374483
277,16384,1177214,1654599,1808200704,0.23202285799197853,1.411918570054695,0.17751015292014927,0.34854586791992187,2.170067645958625,0.0032347872662353383
278,16384,1184345,1662459,1819153920,0.225889879046008,1.4215349729638547,0.17905664804857224,0.355847900390625,2.182386831031181,0.002631549150885729
279,6172,537933,676309,826265088,0.09281117399223149,0.6486044409684837,0.08120551600586623,0.1494140167236328,0.9720929899485782,0.005950280370499918
280,16384,1185196,1663250,1820461056,0.2600542010040954,1.422098348964937,0.1789851989597082,0.3532813415527344,2.2144786010030657,0.002687337848450336
281,16384,1170266,1642715,1797528576,0.24458847602363676,1.4071706020040438,0.17671450704801828,0.34812197875976564,2.176653619040735,0.0026671770263693097
282,16384,1178205,1651103,1809722880,0.22050326003227383,1.4161132529843599,0.17785019194707274,0.35256414794921875,2.1670895599527285,0.0027090269312424527
283,16384,1175096,1653629,1804947456,0.2190402039559558,1.4125104199629277,0.1775249179918319,0.3512855529785156,2.1604178159032017,0.0026254650166764627
284,16384,1183090,1659841,1817226240,0.22745407500769943,1.4280146269593388,0.18089224596042186,0.35285601806640626,2.189286676933989,0.003184185098146875
285,6172,537399,676181,825444864,0.10792799398768693,0.6505628329468891,0.08123953209724277,0.1494958038330078,0.9892976679839194,0.007227866941041823
286,16384,1184860,1663172,1819944960,0.29460596409626305,1.4233001789543778,0.18115486297756433,0.34161370849609374,2.2407471410697326,0.0032322498200023646
287,16384,1169078,1640760,1795703808,0.33349843800533563,1.4081228759605438,0.1777303050039336,0.3508768005371094,2.270301215001382,0.003206424503430635
288,16384,1176834,1651783,1807617024,0.3356093621114269,1.4190829469589517,0.1788452520268038,0.33153076171875,2.265140323084779,0.0031786228920475503
289,16384,1178024,1655580,1809444864,0.37230813899077475,1.4101053141057491,0.17786870594136417,0.35142166137695313,2.3117819180479273,0.0033782439630919243
290,16384,1182516,1659429,1816344576,0.3306245169369504,1.418974454049021,0.17821893491782248,0.3547919616699219,2.28267036692705,0.002650376252775893
291,6172,537815,677053,826083840,0.11547780502587557,0.6567601109854877,0.08125892898533493,0.15013165283203125,1.0036867869785056,0.0058075039476695196
292,16384,1185785,1663831,1821365760,0.3180027030175552,1.4172079409472644,0.17895157600287348,0.3406609802246094,2.254881954053417,0.0026056291332199675
293,16384,1168333,1641011,1794559488,0.2780602609273046,1.4004269340075552,0.1764542730525136,0.350938720703125,2.205940240994096,0.002722299656238187
294,16384,1179563,1652787,1811808768,0.27583447203505784,1.4150689549278468,0.17790845001582056,0.35674090576171874,2.225613303016871,0.002719262881165661
295,16384,1176490,1653931,1807088640,0.24561059498228133,1.4115080190822482,0.17780673096422106,0.35157757568359377,2.1865758419735357,0.0033349522935077745
296,16384,1183224,1661122,1817432064,0.27010162407532334,1.4237684559775516,0.1782941169803962,0.3563458557128906,2.2285694350721315,0.002664593933456752
297,6172,538461,677322,827076096,0.10756925609894097,0.6498710579471663,0.08128342102281749,0.14513270568847655,0.9839158890536055,0.006042009979264695
298,16384,1185511,1665236,1820944896,0.2728271319065243,1.4205782699864358,0.17873337003402412,0.3542416381835938,2.2264396869577467,0.0026624052524661756
299,16384,1169138,1642392,1795795968,0.2490390109596774,1.4032794500235468,0.17661483504343778,0.3513828125,2.1803737790323794,0.002644982537956496
300,16384,1177856,1651703,1809186816,0.2349964090390131,1.414456843980588,0.17788660305086523,0.352297607421875,2.1796955910976976,0.002666776296358881
301,16384,1177058,1655204,1807961088,0.22788765106815845,1.4134946839185432,0.17781632207334042,0.35221682739257815,2.1714851630385965,0.0032087986214315873
302,16384,1185337,1663305,1820677632,0.23126051190774888,1.4256475500296801,0.17914914002176374,0.35312533569335935,2.1892416239716113,0.0026989400535914155
303,6172,538032,676847,826417152,0.09064933692570776,0.6541725440183654,0.08140226604882628,0.1520926055908203,0.97837566700764,0.006021656701708752
304,16384,1185429,1663912,1820818944,0.26132281904574484,1.4213172959862277,0.17900050594471395,0.3533930358886719,2.2150900450069457,0.0025456365403408424
305,16384,1167718,1639952,1793614848,0.24356328300200403,1.4053596230223775,0.17578037397470325,0.35001736450195314,2.1747792350361124,0.0026940911578694003
306,16384,1177250,1650602,1808256000,0.24734464602079242,1.415246560005471,0.17772422498092055,0.35352847290039063,2.193902650033124,0.002677699739691143
307,16384,1177679,1656599,1808914944,0.23757163505069911,1.41366115398705,0.17805775196757168,0.33754251098632815,2.1668901019729674,0.0026328045555549305
308,16384,1183472,1661422,1817812992,0.24712028400972486,1.4205334809375927,0.1787305090110749,0.3547632141113281,2.2012089419877157,0.0027918257473452945
309,6172,537096,675727,824979456,0.09264766005799174,0.6486480869352818,0.0811277279863134,0.1531700439453125,0.9756522310199216,0.006017727747190923
310,16384,1186632,1665400,1822666752,0.24526151805184782,1.4048887479584664,0.179128163959831,0.356984130859375,2.1863203030079603,0.002641066743997668
311,16384,1168533,1641343,1794866688,0.24497974594123662,1.4033215279923752,0.17655852704774588,0.34930474853515625,2.174223228939809,0.002698868382695219
312,16384,1177581,1653008,1808764416,0.24132783093955368,1.4142158749746159,0.1777464570477605,0.3510677490234375,2.184416909934953,0.0027008557440191755
313,16384,1178356,1656934,1809954816,0.22761844692286104,1.4153324650833383,0.17807191098108888,0.33813446044921874,2.1592168249189854,0.0027575499501053743
314,16384,1182732,1660803,1816676352,0.2524375709472224,1.4190868730656803,0.1789606149541214,0.3568543701171875,2.2073975779348984,0.0026342717446216153
315,6172,537198,675890,825136128,0.09404608106706291,0.6484952960163355,0.08131312497425824,0.15035212707519532,0.9742757540661842,0.007095007039200633
316,16384,1186690,1665237,1822755840,0.23949905403424054,1.4243279269430786,0.17936994903720915,0.35263653564453123,2.195893054944463,0.0027136697422134354
317,16384,1169280,1642207,1796014080,0.24655816389713436,1.4068505250616,0.1764440230326727,0.3485958251953125,2.1785070889163762,0.0026876997534061855
318,16384,1176227,1651238,1806684672,0.2398041149135679,1.4140219549881294,0.17776574206072837,0.35158682250976564,2.183240023907274,0.0028118500215393704
319,16384,1176228,1653616,1806686208,0.2299703339813277,1.4153505360009149,0.17769529100041837,0.33123092651367186,2.1543120180722326,0.003013981974535889
320,16384,1182517,1660623,1816346112,0.22011287091299891,1.421035732026212,0.17820310208480805,0.35856381225585937,2.177973710000515,0.0026718743375870315
321,6172,537965,676720,826314240,0.09263869898859411,0.6498471229569986,0.08139471407048404,0.15210543823242187,0.9760462599806488,0.006176524066728846
322,16384,1184650,1663299,1819622400,0.24763131502550095,1.4205787900136784,0.1787383269984275,0.34196139526367186,2.1889683220069855,0.0026722499872955515
323,16384,1167654,1641783,1793516544,0.23654278996400535,1.404212863999419,0.17645077698398381,0.34603369140625,2.163298023981042,0.00267654418126487
324,16384,1177053,1650974,1807953408,0.2330279159359634,1.4221656089648604,0.17775744409300387,0.3541571655273438,2.1871635309653357,0.0025327984569974873
325,16384,1177202,1655792,1808182272,0.23106126300990582,1.4175062018912286,0.1788960580015555,0.352324462890625,2.1798589199315757,0.0032540701424479015
326,16384,1182655,1659742,1816558080,0.2465443570399657,1.4096796319354326,0.17970429407432675,0.3571467895507813,2.193144308985211,0.003156946144442743
327,6172,537643,675812,825819648,0.10725783905945718,0.6512601489666849,0.08108500298112631,0.1524617919921875,0.9921385759953409,0.007437771060450487
328,16384,1185314,1663376,1820642304,0.2961300299502909,1.4262486570514739,0.17970756499562413,0.35458746337890623,2.256747048930265,0.003249524753096676
329,16384,1168974,1641155,1795544064,0.3142244480550289,1.4112935978919268,0.17763867205940187,0.3517203979492188,2.25494891195558,0.00318393022667546
330,16384,1177224,1651726,1808216064,0.3371983440592885,1.4171402029460296,0.17797122499905527,0.3299281311035156,2.2623327639885247,0.004193056041352926
331,16384,1177579,1655451,1808761344,0.33620464603882283,1.410924833966419,0.1779738860204816,0.3529870300292969,2.278157460037619,0.0029437817084540965
332,16384,1182870,1660517,1816888320,0.3127168520586565,1.4181074479129165,0.17871316603850573,0.3543974609375,2.2639944260008633,0.002628056527037651
333,6172,537952,676748,826294272,0.11661245604045689,0.6471904009813443,0.08127544994931668,0.15357664489746095,0.9987137650605291,0.005888893695859986
334,16384,1186936,1665308,1823133696,0.2842641769675538,1.4177055989857763,0.179241260048002,0.3541603088378906,2.235432096058503,0.002717649951755645
335,16384,1168363,1640697,1794605568,0.2768152959179133,1.4021838799817488,0.17620852100662887,0.3513482971191406,2.206614126916975,0.0026344837927979032
336,16384,1177689,1651707,1808930304,0.2661975040100515,1.41645795898512,0.1779443520354107,0.33161398315429685,2.192272669984959,0.0026854232544074913
337,16384,1174763,1654138,1804435968,0.25660420302301645,1.4102367169689387,0.17744936095550656,0.34714608764648436,2.191494936007075,0.002672486811023654
338,16384,1183772,1661898,1818273792,0.2627883900422603,1.419802762917243,0.17887759604491293,0.35716729736328123,2.218693942995742,0.0026094914184738756
339,6172,537845,676883,826129920,0.09418905898928642,0.6509319329634309,0.08133336796890944,0.14982627868652343,0.9763397349743173,0.006052848619198307
340,16384,1185649,1665886,1821156864,0.2614093670854345,1.4196051529143006,0.17903655103873461,0.3558604736328125,2.2159677940653637,0.002538366948847689
341,16384,1167638,1640393,1793491968,0.24773413501679897,1.4035762050189078,0.17634097789414227,0.35035415649414064,2.1780632849549875,0.0026542172303796493
342,16384,1176873,1651874,1807676928,0.26036855403799564,1.3984504559775814,0.1776089179329574,0.3554883117675781,2.191978476010263,0.0028392748757064715
343,16384,1176588,1654811,1807239168,0.23013985599391162,1.414591309032403,0.17780721897725016,0.3535632629394531,2.1761595730204135,0.0026618487960987413
344,16384,1180377,1658866,1813059072,0.23071324301417917,1.4167711730115116,0.17844447889365256,0.35403439331054687,2.1800218829885125,0.002687805983953708
345,6172,537449,675520,825521664,0.09220953600015491,0.6486708919983357,0.08119643793907017,0.14983859252929688,0.9719748409697786,0.006109469136225329
346,16384,1185697,1664480,1821230592,0.24579158297274262,1.4223575179930776,0.1791197060374543,0.35749468994140626,2.204821568913758,0.002633862526374134
347,16384,1169332,1641480,1796093952,0.23691213596612215,1.405688107945025,0.17668860300909728,0.3504513854980469,2.169798907940276,0.002704191700436637
348,16384,1177123,1651372,1808060928,0.23634388495702296,1.4146311649819836,0.17784311203286052,0.35101559448242187,2.1798918650019914,0.0026656619365127334
349,16384,1177516,1654155,1808664576,0.23414106492418796,1.4134497760096565,0.1778784750495106,0.35021597290039064,2.1757450270233676,0.0027456406371019764
350,16384,1183631,1660426,1818057216,0.24140192999038845,1.423212894005701,0.17832581303082407,0.34675970458984373,2.1897597740171477,0.0027141059533386065
351,6172,538418,677113,827010048,0.08872604405041784,0.6505253149662167,0.08134543802589178,0.1524951934814453,0.9731515049934387,0.006115642750556126
352,16384,1186293,1665333,1822146048,0.24216252693440765,1.4227191570680588,0.17883793998043984,0.3553651123046875,2.1991420480189845,0.0026060950197611733
353,16384,1168521,1641639,1794848256,0.23744130902923644,1.4032566610258073,0.176433932967484,0.35439080810546875,2.171580946072936,0.002681684283743986
354,16384,1176720,1650960,1807441920,0.23832500004209578,1.4182894519763067,0.17118798603769392,0.3545028991699219,2.1823672740720212,0.0028380578621635603
355,16384,1177415,1656743,1808509440,0.2298562879441306,1.3993756270501763,0.17120607395190746,0.356871826171875,2.157367676962167,0.002682057615664845
356,16384,1183083,1660662,1817215488,0.22016302798874676,1.4082424320513383,0.1722417789278552,0.3378681640625,2.138573964009993,0.0027383191106888634
357,6172,538594,677714,827280384,0.08605763397645205,0.6443367130123079,0.07850650907494128,0.1540789489746094,0.9630371750099584,0.005957191802824624
358,16384,1186476,1665463,1822427136,0.22084268007893115,1.4061736329458654,0.17235352902207524,0.3585001831054688,2.157938693999313,0.0031821500380506363
359,16384,1168862,1640755,1795372032,0.22610876895487309,1.3882501320913434,0.1703365648863837,0.34502960205078126,2.129782637930475,0.002703090262294536
360,16384,1178208,1650240,1809727488,0.2352451670449227,1.399826350971125,0.1714448370039463,0.35080633544921874,2.157380467047915,0.00267808945082673
361,16384,1176705,1654070,1807418880,0.2290512010222301,1.3972693209070712,0.17125922499690205,0.354310302734375,2.151948848972097,0.0027323749607945655
362,16384,1182494,1661856,1816310784,0.23974334495142102,1.406995989033021,0.17194203403778374,0.35812322998046875,2.176860664971173,0.0025755882946644527
363,6172,537338,676328,825351168,0.09040280804038048,0.6410617310320958,0.07835593295749277,0.1518759002685547,0.9617537930607796,0.005970422229690124
364,16384,1186008,1664328,1821708288,0.23188123293220997,1.4059067179914564,0.17265756207052618,0.35735040283203123,2.167853569961153,0.0026595031937669657
365,16384,1167497,1640674,1793275392,0.2272448600269854,1.3871831740252674,0.16982765193097293,0.347298828125,2.131626139045693,0.0033601078610965333
366,16384,1177245,1650377,1808248320,0.22468838701024652,1.4008114680182189,0.17111671390011907,0.35557553100585937,2.1522498599952087,0.0026837060993046137
367,16384,1177864,1655954,1809199104,0.22648931900039315,1.406460657948628,0.17251800908707082,0.3567220458984375,2.1622674559475854,0.003580686230231045
368,16384,1182901,1661525,1816935936,0.24642298894468695,1.4099844910670072,0.17336538794916123,0.35402435302734375,2.183865046943538,0.0031057759468130263
369,6172,538209,677043,826689024,0.10679496999364346,0.6435477279592305,0.07973676000256091,0.1524877471923828,0.9826374310068786,0.00714667046511291
370,16384,1187154,1664596,1823468544,0.2977177780121565,1.411137689021416,0.17398681992199272,0.3528945617675781,2.235806568991393,0.003118349736346575
371,16384,1170335,1644591,1797634560,0.31210116599686444,1.3958278939826414,0.17274897906463593,0.3542908935546875,2.2350499449530616,0.003624632837197066
372,16384,1179074,1652080,1811057664,0.3258098510559648,1.4017215359490365,0.1719235039781779,0.35144866943359376,2.250981117016636,0.003445457595199188
373,16384,1176316,1653515,1806821376,0.32102822000160813,1.3955980680184439,0.17105624498799443,0.3515628662109375,2.239303983049467,0.002616162473993555
374,16384,1183005,1660909,1817095680,0.2886628849664703,1.4032976779853925,0.17428870603907853,0.35657275390625,2.2228897539898753,0.003046983889425646
375,6172,538018,676725,826395648,0.10890522401314229,0.6463672710815445,0.07856437494046986,0.15345606994628908,0.9873511620098725,0.005896790388978797
376,16384,1185942,1662546,1821606912,0.2831363659352064,1.4040953840594739,0.17271527298726141,0.35883700561523435,2.2188435349380597,0.0026818628689543114
377,16384,1169093,1642569,1795726848,0.27639840403571725,1.387956726946868,0.1701729210326448,0.3518008117675781,2.1863849259680137,0.002564149822835344
378,16384,1177747,1651860,1809019392,0.25671471597161144,1.4016318620415404,0.17139108397532254,0.35076666259765626,2.1805648539448157,0.0027758568416496768
379,16384,1176332,1654997,1806845952,0.2702367849415168,1.3958793010096997,0.17109654401428998,0.34302166748046875,2.1802916909800842,0.002632378701724533
380,16384,1182230,1659696,1815905280,0.257469248957932,1.4034885340370238,0.1716322849970311,0.3437889709472656,2.176437294925563,0.002676667342831819
381,6172,537535,676264,825653760,0.09215289005078375,0.6434715009527281,0.07824194605927914,0.15061138916015626,0.9645369519712403,0.006140329634033158
382,16384,1186800,1665253,1822924800,0.24465074494946748,1.406697103055194,0.17272121494170278,0.356905517578125,2.1810324939433485,0.00265532123065629
383,16384,1167000,1639989,1792512000,0.23922069603577256,1.3852879010373726,0.16990961600095034,0.35735137939453127,2.1518273090478033,0.0026822124123870527
384,16384,1177050,1652501,1807948800,0.23973413894418627,1.4015830410644412,0.1714094449998811,0.35596560668945315,2.1687503600260243,0.0026802682841659425
385,16384,1175052,1653550,1804879872,0.2451732469489798,1.3983488180674613,0.17102860496379435,0.35058892822265625,2.165196735993959,0.002638919139197247
386,16384,1182566,1660999,1816421376,0.24119406891986728,1.4072569740237668,0.17208803398534656,0.3537464294433594,2.1743431088980287,0.002649192091769941
387,6172,538111,676122,826538496,0.09428387589287013,0.6427768660942093,0.07825955899897963,0.14499533081054689,0.960373769979924,0.006053703790684343
388,16384,1186799,1665433,1822923264,0.24511914793401957,1.406685992027633,0.17256363795604557,0.35756387329101563,2.1819868918973953,0.002485839345912028
389,16384,1168636,1641232,1795024896,0.23418089200276881,1.3904989879811183,0.17015990801155567,0.35177447509765625,2.146672500995919,0.0027129384101769287
390,16384,1177096,1651354,1808019456,0.23699111898895353,1.3998652619775385,0.17141854006331414,0.3423173828125,2.1506525250151753,0.00280013494364351
391,16384,1176074,1655031,1806449664,0.2304098589811474,1.3811343800043687,0.17109260999131948,0.35418267822265626,2.1368857299676165,0.00309809585023603
392,16384,1183971,1662551,1818579456,0.2287021460942924,1.4069336579414085,0.17225979105569422,0.3560355224609375,2.1639882980380207,0.0026423657530860517
393,6172,537775,676110,826022400,0.0909530040808022,0.6410572780296206,0.07838668196927756,0.1522606658935547,0.9627140210941434,0.0058575152799996335
394,16384,1185989,1665169,1821679104,0.23613727593328804,1.4051284580491483,0.1726855660090223,0.35982928466796876,2.173836602945812,0.0025769317854328695
395,16384,1169020,1641361,1795614720,0.23255472094751894,1.3885424240725115,0.1700831869384274,0.3308849182128906,2.1221235239645466,0.0027460132522888147
396,16384,1177393,1651456,1808475648,0.23095550807192922,1.3982659259345382,0.17110134405083954,0.35560064697265625,2.1559813130879775,0.002684998133462407
397,16384,1177769,1654880,1809053184,0.2452753430698067,1.4015868440037593,0.17130349297076464,0.35534866333007814,2.173584265052341,0.0032168837001766027
398,16384,1183717,1661528,1818189312,0.23046007892116904,1.4046332850120962,0.17211373103782535,0.35808563232421875,2.165351176983677,0.0026993168123872506
399,6172,538620,677452,827320320,0.09162693505641073,0.6428778039989993,0.07852072000969201,0.1514106903076172,0.9644922569859773,0.005817321274653128
400,16384,1185293,1664255,1820610048,0.23734096391126513,1.4046463799895719,0.17247052700258791,0.3590450439453125,2.173559773946181,0.0026159435836657294
401,16384,1168600,1641771,1794969600,0.2280671080807224,1.3902350139105693,0.17016973509453237,0.336088134765625,2.124620146001689,0.002831289647388539
402,16384,1176929,1650921,1807762944,0.22602332197129726,1.4011903640348464,0.17143323796335608,0.3547912902832031,2.153494289959781,0.0026039403651644355
403,16384,1176317,1655317,1806822912,0.22944030398502946,1.3998889030190185,0.17112595995422453,0.3563992004394531,2.1569109059637412,0.002621274984483229
404,16384,1184124,1660441,1818814464,0.23819499206729233,1.4056085390038788,0.17237759090494365,0.35593731689453123,2.1721793910255656,0.0028060368849632143
405,6172,538426,676736,827022336,0.08513800101354718,0.648390788002871,0.07836687099188566,0.1507318115234375,0.9626854510279372,0.0060226833317148475
406,16384,1186071,1665757,1821805056,0.23681654292158782,1.4042961600935087,0.17258046299684793,0.34536611938476564,2.159114898997359,0.0025757591999815087
407,16384,1169313,1641272,1796064768,0.22715141205117106,1.3884525509783998,0.17017549998126924,0.353078125,2.1389233469963074,0.0030743965443861786
408,16384,1178202,1652011,1809718272,0.23027597402688116,1.4002886769594625,0.1711753880372271,0.3539744873046875,2.1557699349941686,0.002570249496996225
409,16384,1177369,1655491,1808438784,0.22517701098695397,1.4043398729991168,0.17247706500347704,0.3392505798339844,2.1413120409706607,0.0031528402137103776
410,16384,1183538,1661374,1817914368,0.2508873009355739,1.4101400470826775,0.1731646868865937,0.35629470825195314,2.1905531499069184,0.0030315059976049104
411,6172,538202,677307,826678272,0.11052936408668756,0.6440469049848616,0.07928459194954485,0.15210134887695312,0.9860287170158699,0.006744947350420279
412,16384,1186496,1666650,1822457856,0.29787893092725426,1.413948302040808,0.17386509792413563,0.5902988891601563,2.4760583239840344,0.0027101111080541306
413,16384,1169238,1642190,1795949568,0.31286995799746364,1.3950424599461257,0.17231930908747017,0.3533201904296875,2.23362979805097,0.003486727759926043
414,16384,1177079,1651357,1807993344,0.32831026206258684,1.398671195958741,0.17192467104177922,0.3557955932617187,2.2547806330258027,0.003499706349313595
415,16384,1176308,1654772,1806809088,0.3400682359933853,1.3932998430682346,0.17111497896257788,0.336083251953125,2.2406270240899175,0.0027096929538928745
416,16384,1183745,1660499,1818232320,0.30445052997674793,1.4051979260984808,0.1722226229030639,0.3577093505859375,2.239635501988232,0.0024589904898879573
417,6172,537569,676207,825705984,0.11549410503357649,0.6402582399314269,0.07821763900574297,0.1544791717529297,0.9885080360108986,0.005956480380288307
418,16384,1186295,1664532,1822149120,0.28125670994631946,1.4031211950350553,0.1725044089835137,0.358810546875,2.2157513189595193,0.0026382978599890764
419,16384,1168785,1642095,1795253760,0.2654052439611405,1.3913756650872529,0.17024744395166636,0.34897537231445314,2.17605954001192,0.0025649434852643162
420,16384,1177923,1651605,1809289728,0.24834906810428947,1.3982488649198785,0.1715125850168988,0.3492763671875,2.167444408056326,0.00265394708835306
421,16384,1176546,1654277,1807174656,0.25597076199483126,1.398416153038852,0.17134875094052404,0.35002276611328126,2.175817348062992,0.0027077629267001258
422,16384,1183250,1660626,1817472000,0.25500139396172017,1.404511993052438,0.17208639602176845,0.3326609802246094,2.1643182520056143,0.002656205713985506
423,6172,537550,676588,825676800,0.09794842102564871,0.6432434560265392,0.07840926200151443,0.15372621154785157,0.9733857960673049,0.006004347504051175
424,16384,1185940,1663719,1821603840,0.24828051798976958,1.391378205968067,0.172714380081743,0.3552255554199219,2.167655610013753,0.0026272879321096484
425,16384,1168192,1642194,1794342912,0.24123618099838495,1.3867199079832062,0.17011781106702983,0.3506225280761719,2.1487543060211465,0.002693555805409
426,16384,1178535,1650975,1810229760,0.2318226610077545,1.3993693229276687,0.17128941603004932,0.3361915893554687,2.138732482912019,0.0027817219569505514
427,16384,1176801,1655083,1807566336,0.23744213907048106,1.3975464379182085,0.17138109309598804,0.35318368530273436,2.159611584036611,0.0026962556428969543
428,16384,1183227,1661213,1817436672,0.23666508600581437,1.4060665989527479,0.17224159406032413,0.3525021362304688,2.1675329089630395,0.0026524955375019747
429,6172,536859,675241,824615424,0.09348068700637668,0.6405438700458035,0.07831611100118607,0.14536810302734374,0.957765928003937,0.0059677340314426034
430,16384,1185370,1663716,1820728320,0.24031699902843684,1.4035675830673426,0.1726401459891349,0.35597427368164064,2.1725584160303697,0.0027347602428650247
431,16384,1167591,1640944,1793419776,0.23447046207729727,1.3881692489376292,0.17007367603946477,0.33465478515625,2.1274242750369012,0.002637124475758654
432,16384,1176862,1649753,1807660032,0.2505566910840571,1.3995171489659697,0.17122466606087983,0.33436309814453125,2.1557205310091376,0.0027335061689136527
433,16384,1177978,1654841,1809374208,0.2449661740101874,1.4000381799414754,0.1714670939836651,0.3561707458496094,2.172703059972264,0.002801403857160281
434,16384,1181986,1658976,1815530496,0.2337434170767665,1.4018052329774946,0.17212437000125647,0.3619396667480469,2.169669587048702,0.0026225304293811813
435,6172,537720,676085,825937920,0.09167651599273086,0.6412793780909851,0.07837559492327273,0.14954608154296875,0.9609340850729495,0.005881207032817007
436,16384,1185628,1663624,1821124608,0.23681642301380634,1.4070352870039642,0.17256808606907725,0.35523098754882815,2.171709683025256,0.0027121207793191493
437,16384,1168582,1641315,1794941952,0.2274340329458937,1.3866168580716476,0.17016942892223597,0.3451682434082031,2.1294457430485636,0.00268519171103259
438,16384,1178148,1651500,1809635328,0.22821739898063242,1.401457914034836,0.1713283029384911,0.35021774291992186,2.1512776640010998,0.0026172877709201158
439,16384,1175701,1653063,1805876736,0.2265878840116784,1.395098836044781,0.1710610049776733,0.3544953918457031,2.147301989956759,0.002741723204219703
440,16384,1181838,1660029,1815303168,0.22700906393583864,1.3854087491054088,0.1720208649057895,0.3617508850097656,2.1462495509767905,0.0027950160763250513
441,6172,537635,675862,825807360,0.08552766998764127,0.6471778830746189,0.07805358897894621,0.15492544555664062,0.9657460140297189,0.006360516220573537
442,16384,1186881,1665251,1823049216,0.23909357003867626,1.4086194699630141,0.17269549798220396,0.35783230590820314,2.178300251951441,0.002727266789354713
443,16384,1168370,1642469,1794616320,0.2300072959624231,1.3864190679742023,0.1699853769969195,0.3502686157226563,2.1367368099745363,0.002642034249216713
444,16384,1175971,1650512,1806291456,0.23041278100572526,1.395342418923974,0.1712275060126558,0.3540081787109375,2.1510475649265572,0.0026350078998183153
445,16384,1174804,1654716,1804498944,0.21365945402067155,1.3930658819153905,0.17105994501616806,0.3582726745605469,2.136117800953798,0.00280159834791315
446,16384,1181867,1660420,1815347712,0.2123348480090499,1.4029851139057428,0.17216028610710055,0.3634796142578125,2.1510161249898374,0.0026156340474653866
447,6172,537867,677018,826163712,0.08862484607379884,0.6410754920216277,0.07838199997786433,0.15500373840332032,0.9631450111046433,0.0061189776568119705
448,16384,1186473,1664409,1822422528,0.22416355600580573,1.4061897710198537,0.17245776997879148,0.3446014709472656,2.14747281500604,0.0028054862395752835
449,16384,1168786,1641102,1795255296,0.22515270696021616,1.3887458799872547,0.1699424620019272,0.35084176635742187,2.1347405139822513,0.0027028425728252755
450,16384,1175969,1650839,1806288384,0.22871892002876848,1.396299949963577,0.1711209479253739,0.33830038452148437,2.1345007329946384,0.0028358179736824598
451,16384,1175956,1652287,1806268416,0.2366015239385888,1.4008733860682696,0.1721235669683665,0.35059356689453125,2.1602600190090016,0.0031466183999726955
452,16384,1183039,1661864,1817147904,0.2587698349962011,1.4101483500562608,0.17464068497065455,0.34426055908203124,2.1878882000455633,0.003143256607638972
453,6172,536937,675879,824735232,0.10554272693116218,0.6434396570548415,0.07931999594438821,0.15004847717285155,0.9784181059803814,0.006873224925713509
454,16384,1187025,1665455,1823270400,0.2904307619901374,1.4111289550783113,0.17392956698313355,0.3371415100097656,2.212701242067851,0.003183801100849426
455,16384,1169533,1642962,1796402688,0.3052618580404669,1.3940602449001744,0.1725263240514323,0.3518961181640625,2.223814227967523,0.003133481678033387
456,16384,1178856,1653477,1810722816,0.3234460080275312,1.4055383818922564,0.17370182706508785,0.34966329956054687,2.2524307490093634,0.0036064355797367845
457,16384,1177439,1655030,1808546304,0.31505082093644887,1.3962229640455917,0.1713405209593475,0.35182354736328125,2.2345063829561695,0.00306688099093764
458,16384,1181738,1659419,1815149568,0.315632269019261,1.4022427210584283,0.17195567802991718,0.3573826599121094,2.2472699880599976,0.0025212831828334316
459,6172,537949,676694,826289664,0.11490898195188493,0.6418124539777637,0.07853210309986025,0.1506868133544922,0.9860001469496638,0.00606435666847759
460,16384,1186165,1665167,1821949440,0.29000211495440453,1.4019870240008458,0.1726827439852059,0.3575802917480469,2.222307565039955,0.0024924700938391137
461,16384,1169407,1642081,1796209152,0.2653557360172272,1.3874126200098544,0.17023635900113732,0.3534013061523438,2.1764661560300738,0.0027629581716423044
462,16384,1178510,1652783,1810191360,0.26830275100655854,1.4011937020113692,0.17161248996853828,0.33080078125,2.1719707240117714,0.0028084989650750433
463,16384,1177478,1655590,1808606208,0.24974343494977802,1.3990595140494406,0.1715089479694143,0.3516573181152344,2.1720276760170236,0.0026915372120582125
464,16384,1182218,1659506,1815886848,0.2691335759591311,1.4046164639294147,0.17196965811308473,0.34485214233398437,2.190627240925096,0.0025289829527291342
465,6172,537379,676280,825414144,0.09247308305930346,0.6415727939456701,0.07838783704210073,0.1508431396484375,0.9633343910099939,0.005972725049467843
466,16384,1186677,1665670,1822735872,0.24574161192867905,1.4083723130170256,0.17277837300207466,0.3569288024902344,2.1838776249205694,0.002588262360073507
467,16384,1167297,1639169,1792968192,0.24111369904130697,1.385534000932239,0.16997615701984614,0.3540091552734375,2.1506913179764524,0.0027110217600858676
468,16384,1178811,1652163,1810653696,0.2495199489640072,1.4019330820301548,0.17158683796878904,0.349504638671875,2.172600448015146,0.0025748121506225657
469,16384,1178707,1656280,1810493952,0.23761310696136206,1.3986314099747688,0.17168213706463575,0.34940725708007814,2.1573915280168876,0.002670675920176292
470,16384,1182067,1660060,1815654912,0.2533343449467793,1.4058528080349788,0.17199599696323276,0.36016632080078126,2.1914040190167725,0.0024891927972767376
471,6172,538280,677500,826798080,0.09229066502302885,0.6428328099427745,0.07835566904395819,0.15145347595214845,0.9649907320272177,0.006022033515879891
472,16384,1186303,1664660,1822161408,0.2471070340834558,1.4050605999073014,0.1724293550942093,0.34676422119140626,2.1714178019901738,0.002606210271880146
473,16384,1168116,1640691,1794226176,0.24094499100465328,1.3785484170075506,0.1700469630304724,0.35154608154296874,2.1411428810097277,0.0026354347756605543
474,16384,1176294,1651264,1806787584,0.23383374500554055,1.3998160270275548,0.17127331090159714,0.34210357666015623,2.147086026961915,0.002765020419342853
475,16384,1177622,1655126,1808827392,0.23657903401181102,1.4000214680563658,0.1715163189219311,0.334845947265625,2.1430199260357767,0.0026671604565713424
476,16384,1182877,1660463,1816899072,0.25264876801520586,1.4063247370067984,0.17214357503689826,0.35337625122070315,2.1845542470691726,0.002788476855107672
477,6172,537282,676122,825265152,0.08701483509503305,0.6409722989192232,0.07840213808231056,0.15110394287109374,0.9575508669950068,0.006020779609037797
478,16384,1184250,1663695,1819008000,0.2306799809448421,1.4023574650054798,0.17246706108562648,0.3531348266601563,2.1587001519510522,0.002817355383645086
479,16384,1168765,1641748,1795223040,0.23229376203380525,1.3873722560238093,0.1707039929460734,0.33107833862304686,2.1215080469846725,0.002813911454294028
480,16384,1177285,1651441,1808309760,0.24620087095536292,1.39743382204324,0.17148628400173038,0.35346527099609376,2.1686500660143793,0.0029427531417852712
481,16384,1176329,1654684,1806841344,0.23934323398862034,1.3979081420693547,0.17121162498369813,0.35031134033203126,2.1588332949904725,0.002730809132168189
482,16384,1181618,1658721,1814965248,0.23115776805207133,1.402721992926672,0.17195928108412772,0.36093353271484374,2.1668304370250553,0.0026703634189119948
483,6172,538247,677262,826747392,0.09242338698823005,0.6419837279245257,0.07847652502823621,0.14578105163574218,0.9587205599527806,0.005827388957756611
484,16384,1185440,1665514,1820835840,0.23289144597947598,1.4058866740670055,0.17226175300311297,0.3443001708984375,2.1554022299824283,0.0028851243415770086
485,16384,1169688,1642470,1796640768,0.22785376093816012,1.3899450590834022,0.1702889179578051,0.34895208740234374,2.1370971970027313,0.002684558339256441
486,16384,1178426,1651030,1810062336,0.22714460093993694,1.4003543390426785,0.17157094296999276,0.3545761413574219,2.153703512973152,0.0026692932790260684
487,16384,1179000,1656491,1810944000,0.23414609907194972,1.4007739279186353,0.1714793680002913,0.35633013916015627,2.1627870519878343,0.002659431345725501
488,16384,1184012,1662117,1818642432,0.23021881293971092,1.4090622700750828,0.1723568879533559,0.3446188049316406,2.1563153959577903,0.002718528936446778
489,6172,538450,677130,827059200,0.09028866700828075,0.6316624359460548,0.07856203301344067,0.15198016357421876,0.9525521259056404,0.006175658218135323
490,16384,1186358,1664824,1822245888,0.23246175493113697,1.4045735941035673,0.17274045094382018,0.3581491394042969,2.167980719008483,0.0025728838440505697
491,16384,1168750,1641596,1795200000,0.22674507810734212,1.3871616699034348,0.170204165042378,0.35076654052734374,2.13493472605478,0.002682633505482827
492,16384,1177530,1652010,1808686080,0.23190093005541712,1.3997409070143476,0.17147885693702847,0.33024505615234373,2.1334261189913377,0.0028296659379642287
493,16384,1176528,1654350,1807147008,0.2261252609314397,1.4008159140357748,0.17358276899904013,0.3537472839355469,2.154338393942453,0.003117710794197716
494,16384,1180338,1657305,1812999168,0.249062646063976,1.4055159779964015,0.17441359104122967,0.35163006591796875,2.1806890290463343,0.003060868646062872
495,6172,538369,677012,826934784,0.11014038696885109,0.6440163119696081,0.07850879698526114,0.15199993896484376,0.9847475939895958,0.008343163419049403
496,16384,1184830,1662745,1819898880,0.2958230229560286,1.4069910979596898,0.17363551002927125,0.3573868103027344,2.2339066099375486,0.0031410753481208244
497,16384,1168402,1641590,1794665472,0.3066940689459443,1.390604650019668,0.1713173040188849,0.3506444091796875,2.219326473888941,0.0029757552813179777
498,16384,1176826,1651474,1807604736,0.33716463204473257,1.4012048449367285,0.1715547899948433,0.3489920349121094,2.259007486049086,0.004036470053110097
499,16384,1178041,1656323,1809470976,0.3275054560508579,1.3975364109501243,0.1714623610023409,0.3514481811523438,2.2480233559617773,0.003155963923696134
500,16384,1184020,1662035,1818654720,0.33202228508889675,1.409479029942304,0.17642184603028,0.35558447265625,2.2735668750246987,0.0026056549124973804
501,6172,537757,676625,825994752,0.11121910694055259,0.6403628350235522,0.07835787395015359,0.15020140075683594,0.9802002640208229,0.006024008755761702
502,16384,1185061,1664604,1820253696,0.2815684759989381,1.402692852076143,0.17231955495662987,0.3548837890625,2.211521126097068,0.0025527227477584896
503,16384,1169102,1642454,1795740672,0.2670123459538445,1.3910895800217986,0.17034825903829187,0.3460495910644531,2.174556183977984,0.002593995961627584
504,16384,1176934,1651320,1807770624,0.2692862240364775,1.399531368049793,0.17142903292551637,0.3517244567871094,2.1920281330822036,0.0026026711266306873
505,16384,1175458,1654388,1805503488,0.24814737704582512,1.3732791219372302,0.17120771401096135,0.3509125061035156,2.143603855976835,0.0026654588786646743
506,16384,1183370,1660890,1817656320,0.24838056694716215,1.4091093899914995,0.17259829805698246,0.3360371398925781,2.166182474931702,0.002635052408575029
507,6172,537890,676742,826199040,0.0921810109866783,0.641696599079296,0.07851744291838259,0.15363232421875,0.9660857779672369,0.006045090970377174
508,16384,1185798,1665024,1821385728,0.24596412701066583,1.4089246509829536,0.1728289839811623,0.3530877685546875,2.1808643359690905,0.0026964281386720745
509,16384,1167845,1640913,1793809920,0.2481411260087043,1.3889309749938548,0.17009733605664223,0.3479025573730469,2.155130927101709,0.002734528502179761
510,16384,1177619,1651236,1808822784,0.251360796042718,1.4019119529984891,0.1715283440425992,0.3539953918457031,2.1788525640731677,0.0025737924898090727
511,16384,1177629,1655778,1808838144,0.23836733610369265,1.4021845739334822,0.17141639103647321,0.349343994140625,2.1613691160455346,0.0026289276940082117
512,16384,1183899,1661265,1818468864,0.25255350198131055,1.4077082379953936,0.17256569094024599,0.3520621337890625,2.184945972985588,0.002581678461286475
513,6172,537984,676604,826343424,0.09286825999151915,0.6433905969606712,0.07853288599289954,0.15058639526367187,0.9654364329762757,0.006038177711414073
514,16384,1185601,1663052,1821083136,0.24440703296568245,1.4045659560943022,0.17266901396214962,0.353164794921875,2.1748620560392737,0.0025407632227049206
515,16384,1168027,1642240,1794089472,0.23460293107200414,1.3877610529307276,0.17021966609172523,0.3539600830078125,2.1466005539987236,0.0026470176926189043
516,16384,1177170,1651138,1808133120,0.23753911396488547,1.3992070930544287,0.17156105500180274,0.35442446899414065,2.1627924339845777,0.0028066941776840695
517,16384,1176829,1654063,1807609344,0.2334822869161144,1.4014348509954289,0.17115379008464515,0.3384329528808594,2.1445634609553963,0.0027781914330356583
518,16384,1180996,1658066,1814009856,0.2505525629967451,1.4030419220216572,0.17212270793970674,0.3433961181640625,2.1691727469442412,0.0027400225340985947
519,6172,538408,677623,826994688,0.08710044797044247,0.6430249910335988,0.07909723499324173,0.1509419250488281,0.9602342928992584,0.007258005016352784
520,16384,1186841,1664203,1822987776,0.2416972710052505,1.4108533769613132,0.17277751700021327,0.3559486083984375,2.1813409290043637,0.002941110135336385
521,16384,1168764,1641483,1795221504,0.22949721198529005,1.3902917599771172,0.1701174529734999,0.35132537841796874,2.141288678976707,0.0026561398932249264
522,16384,1177278,1651497,1808299008,0.21804126200731844,1.3808917100541294,0.17167646798770875,0.35061355590820314,2.121280711959116,0.002720809246562233
523,16384,1175428,1654557,1805457408,0.2353757630335167,1.3958063409663737,0.17137079394888133,0.3529379577636719,2.1555486629949883,0.002681789724221159
524,16384,1182906,1661189,1816943616,0.2433639079099521,1.4062612390844151,0.17231475689914078,0.3556988830566406,2.1777056369464844,0.003069744376913022
525,6172,537140,675801,825047040,0.0908272200031206,0.6437435960397124,0.07828276394866407,0.14455293273925782,0.9574640720384195,0.0060116415169561765
526,16384,1186068,1664460,1821800448,0.23263383901212364,1.405752654070966,0.17273436195682734,0.35510983276367186,2.1662893120665103,0.0027062065345992707
527,16384,1169121,1642289,1795769856,0.22874021099414676,1.3898843969218433,0.17044508503749967,0.33330325317382814,2.1224328679963946,0.0028232633399355245
528,16384,1178011,1652630,1809424896,0.2297029480105266,1.4021312849363312,0.1716242990223691,0.35379638671875,2.1573217320255935,0.003097050227829375
529,16384,1176005,1653101,1806343680,0.23646897706203163,1.4013999629532918,0.17127276107203215,0.3510585327148438,2.160256973002106,0.0026265023381733246
530,16384,1183882,1661964,1818442752,0.22982510598376393,1.4079676440451294,0.1722559299087152,0.35570660400390625,2.1658149430295452,0.002754579204591543
531,6172,537464,675949,825544704,0.09056620195042342,0.6420369590632617,0.07848417200148106,0.15008160400390624,0.9612271280493587,0.0060538272993134485
532,16384,1187148,1665666,1823459328,0.23028096102643758,1.4092895298963413,0.17274406005162746,0.3503054504394531,2.1626823289552703,0.002881955457657063
533,16384,1166939,1640168,1792418304,0.224658221937716,1.3876002629986033,0.169725873041898,0.3577173767089844,2.1397599559277296,0.0027209239226344203
534,16384,1176158,1649835,1806578688,0.22233818599488586,1.4028614499839023,0.1713548699626699,0.35136679077148436,2.1479796009371057,0.0027143751336312265
535,16384,1176456,1653946,1807036416,0.2252203649841249,1.4070233009988442,0.17252522404305637,0.34076992797851563,2.145612479071133,0.0034331020773876284
536,16384,1183232,1660032,1817444352,0.25862418790347874,1.4120820900425315,0.17355453502386808,0.3539953002929688,2.1983255689265206,0.00315948031790828
537,6172,539139,677492,828117504,0.10382499499246478,0.6460912890033796,0.07991155690979213,0.14614735412597657,0.9760453529888764,0.007187981280628396
538,16384,1186480,1664624,1822433280,0.2888411070453003,1.4123122729361057,0.17649423307739198,0.34073605346679686,2.21845200099051,0.0030802769176229046
539,16384,1168560,1641416,1794908160,0.3121004719287157,1.3963857740163803,0.17094476497732103,0.35315670776367186,2.2326588969444856,0.003188048944424685
540,16384,1178517,1651870,1810202112,0.333748668897897,1.4070059329969808,0.17175504309125245,0.35049603271484375,2.2630857109325007,0.003536464886852297
541,16384,1177906,1656459,1809263616,0.3365124890115112,1.4103391310200095,0.17135711095761508,0.35592471313476565,2.2742019180441275,0.003010898886445323
542,16384,1182824,1660724,1816817664,0.3074362550396472,1.404207421001047,0.1721464820438996,0.35708526611328123,2.240932943066582,0.0025667376118972025
543,6172,537974,676303,826328064,0.10985101491678506,0.6463069330202416,0.07849334308411926,0.15304669189453124,0.9877560249296948,0.005876148821450423
544,16384,1185807,1662514,1821399552,0.28534915298223495,1.4015528809977695,0.17244040209334344,0.3555520324707031,2.214951988076791,0.002596874923248383
545,16384,1168126,1641518,1794241536,0.26655246899463236,1.3877720750169829,0.1700175330042839,0.35037957763671873,2.1747782450402156,0.0026021222038069562
546,16384,1176568,1651529,1807208448,0.26710234698839486,1.3970480359857902,0.17128727305680513,0.35021578979492185,2.185709276003763,0.0025543277170476737
547,16384,1176287,1653886,1806776832,0.24634845403488725,1.3985693849390373,0.17093453207053244,0.352094970703125,2.168007505009882,0.0027750486177306054
548,16384,1183297,1661578,1817544192,0.24722278595436364,1.4053203309886158,0.17200951604172587,0.35648724365234374,2.181096220971085,0.0025833034551379394
549,6172,537583,677508,825727488,0.09711983997840434,0.6432980439858511,0.07822730904445052,0.15185261535644531,0.9705566029297188,0.006057819233829324
550,16384,1186394,1663613,1822301184,0.24443679105024785,1.408803307916969,0.17313994106370956,0.3335424499511719,2.159980379976332,0.0026801166700631735
551,16384,1169176,1641581,1795854336,0.2472947050118819,1.3920007139677182,0.1701604250119999,0.35032330322265626,2.159836104954593,0.0026371325215830167
552,16384,1176784,1651057,1807540224,0.2496955010574311,1.3994265609653667,0.17104462394490838,0.3508486022949219,2.171072041033767,0.002614043664438313
553,16384,1174702,1652325,1804342272,0.24250643502455205,1.3950786569621414,0.17095894902013242,0.35884716796875,2.167449602042325,0.0026940910964674135
554,16384,1183349,1662306,1817624064,0.22967019001953304,1.39281998493243,0.1721538930432871,0.3582472229003906,2.152949951007031,0.0027246388780505356
555,6172,537784,677256,826036224,0.08876270800828934,0.6428905930370092,0.07862373895477504,0.15427961730957032,0.9646168120671064,0.006236129902562359
556,16384,1185954,1664008,1821625344,0.2342433639569208,1.4056436830433086,0.17247417697217315,0.3381767578125,2.1505940560018644,0.002607382681322486
557,16384,1169185,1641643,1795868160,0.23384550400078297,1.3891170929418877,0.17050818097777665,0.3496016845703125,2.143132301978767,0.002792150906974458
558,16384,1176975,1651763,1807833600,0.23699320398736745,1.3976228450192139,0.1713345249881968,0.35272833251953123,2.1587387009058148,0.002769876293049483
559,16384,1177826,1657219,1809140736,0.2320441920310259,1.4006826169788837,0.17136604303959757,0.35490478515625,2.159054051968269,0.0026129388683111196
560,16384,1183265,1661783,1817495040,0.23426609009038657,1.4091255489038303,0.17215322703123093,0.35673672485351565,2.1723396430024877,0.002672331820269163
561,6172,537975,676620,826329600,0.09187580400612205,0.6423374650767073,0.07840530294924974,0.1521091766357422,0.9647858120733872,0.006018269012593506
562,16384,1184950,1664739,1820083200,0.23569924500770867,1.4035187979461625,0.17239235900342464,0.33365420532226564,2.1453227599849924,0.0027106739608490065
563,16384,1168550,1641200,1794892800,0.2304545510560274,1.3896472860360518,0.16970558802131563,0.35045196533203127,2.140317236073315,0.0027026660774430123
564,16384,1176409,1651237,1806964224,0.23504913202486932,1.4001162680797279,0.17100954498164356,0.3381898193359375,2.14442459307611,0.0027899630569747256
565,16384,1177172,1655480,1808136192,0.22981405502650887,1.3983297399245203,0.17120085307396948,0.3494029235839844,2.1488115040119737,0.002975244821212778
566,16384,1182352,1660013,1816092672,0.2317819899180904,1.4037744050147012,0.17205051402561367,0.3546838989257812,2.1623502189759165,0.002747524023094491
567,6172,537655,676784,825838080,0.09198927506804466,0.641157774021849,0.07842199900187552,0.14889082336425782,0.9605180791113526,0.006060027040755459
568,16384,1184651,1662742,1819623936,0.23399325797799975,1.4051325570326298,0.17236064304597676,0.3425119323730469,2.1540559630375355,0.002672753580702284
569,16384,1167853,1642067,1793822208,0.22907529002986848,1.3883519760565832,0.1697345799766481,0.3500726013183594,2.137291193008423,0.002655025536491681
570,16384,1176340,1650132,1806858240,0.2390735549852252,1.397996011073701,0.17101270100101829,0.353729736328125,2.1618711199844256,0.0027345106657588676
571,16384,1176502,1654331,1807107072,0.22905442700721323,1.3875334430485964,0.1711069910088554,0.34235263061523435,2.130102738039568,0.002593600706773858
572,16384,1184369,1661887,1819190784,0.23486810899339616,1.4059004590380937,0.1721042419085279,0.35764031982421873,2.1705700859893113,0.0026240214698709362
573,6172,536998,675972,824828928,0.08925137703772634,0.6412562559125945,0.07823753508273512,0.15468748474121094,0.9634930619504303,0.006269809150577267
574,16384,1186313,1664726,1822176768,0.23966000799555331,1.405265991925262,0.17248374107293785,0.35626934814453126,2.17373573302757,0.00260583144607142
575,16384,1168912,1641404,1795448832,0.23453645105473697,1.3876020079478621,0.17014085897244513,0.3482918090820312,2.140629391069524,0.002721816896074232
576,16384,1178450,1653906,1810099200,0.23015085293445736,1.4015548710012808,0.17115204106085002,0.339273193359375,2.142188054975122,0.0026653411228890742
577,16384,1176887,1654909,1807698432,0.21385735203512013,1.4005992780439556,0.1724011868936941,0.35202694702148435,2.1389514029724523,0.0031154975333074746
578,16384,1184161,1662260,1818871296,0.2540483890334144,1.4121358130360022,0.17427905392833054,0.34475634765625,2.1852885000407696,0.0031527364360018385
579,6172,537359,676132,825383424,0.10945915407501161,0.6431338889524341,0.07833847496658564,0.1497165832519531,0.9807212210725993,0.007455719835946092
580,16384,1185829,1664603,1821433344,0.29637932195328176,1.4100425370270386,0.17431181494612247,0.3524842529296875,2.2332854529377073,0.0030236207148612473
581,16384,1168072,1641134,1794158592,0.31846857094205916,1.3925494230352342,0.1710808390052989,0.34957510375976564,2.2317410520045087,0.0030073050854286295
582,16384,1178717,1652715,1810509312,0.3244429810438305,1.406487134983763,0.1726787219522521,0.35217059326171873,2.255851638969034,0.0032009076404642504
583,16384,1177828,1655134,1809143808,0.34016009501647204,1.3938399120233953,0.1715037979884073,0.33520443725585936,2.240783422952518,0.003355106415640036
584,16384,1183381,1659164,1817673216,0.30997118004597723,1.4057070019189268,0.17210826999507844,0.3494462890625,2.237293223035522,0.0027033565567748073
585,6172,537922,676867,826248192,0.11577135499101132,0.6412197690224275,0.07825265394058079,0.15488742065429686,0.990188239957206,0.005760657073848253
586,16384,1186926,1663981,1823118336,0.2785869250074029,1.4029344519367442,0.1727549530332908,0.35911672973632813,2.2134494140045717,0.0025459940692253687
587,16384,1169387,1642753,1796178432,0.2652851800667122,1.3758338829502463,0.17017666704487056,0.3500515441894531,2.161405535065569,0.002695505926191606
588,16384,1176827,1649848,1807606272,0.2492107009747997,1.400746337021701,0.17123718792572618,0.35620941162109376,2.1774612199515104,0.0026444745679985756
589,16384,1178337,1657164,1809925632,0.25200931704603136,1.4012329429388046,0.1715678240871057,0.3560489501953125,2.180928347981535,0.003178174759606397
590,16384,1182139,1659004,1815765504,0.23737584298942238,1.4056443539448082,0.17202215502038598,0.36248077392578126,2.1775796660222113,0.0025964672014326183
591,6172,537549,676147,825675264,0.0978928959229961,0.6425912820268422,0.07828849798534065,0.1502876434326172,0.969119586981833,0.006115614092716803
592,16384,1185653,1664277,1821163008,0.24350751796737313,1.404371523996815,0.17252459202427417,0.3537555541992187,2.174217061023228,0.0026617781906139466
593,16384,1167592,1641485,1793421312,0.24541601503733546,1.3882233169861138,0.17037899896968156,0.3484247741699219,2.1525000140536577,0.002643850881917609
594,16384,1178434,1652749,1810074624,0.24876549595501274,1.3997638559667394,0.17137153900694102,0.35161050415039063,2.171568567981012,0.0026327928471289214
595,16384,1176605,1654197,1807265280,0.23906412301585078,1.3966427269624546,0.1710145940305665,0.352685791015625,2.159464293043129,0.002642230242746367
596,16384,1182352,1660679,1816092672,0.23786057601682842,1.4039483179803938,0.17202947498299181,0.35621688842773436,2.1701128659769893,0.002654634694079691
597,6172,538226,676552,826715136,0.0886815310223028,0.6472221189178526,0.07843558304011822,0.1517599639892578,0.9661579729290679,0.006083473011997886
598,16384,1186189,1666616,1821986304,0.24473331100307405,1.406884903088212,0.17251491092611104,0.3542519226074219,2.1784425140358508,0.0026379585718369074
599,16384,1169068,1642320,1795688448,0.2373217080021277,1.3893443240085617,0.17018067697063088,0.3340565490722656,2.1309613729827106,0.002727169523641318
600,16384,1177748,1651914,1809020928,0.24155009596142918,1.3985574470134452,0.17118215200025588,0.35180865478515627,2.1631525949342176,0.0025076905835477205
601,16384,1176550,1654914,1807180800,0.23857708799187094,1.397906381986104,0.17105496500153095,0.35011642456054687,2.1577128369826823,0.002686986036128439
602,16384,1182351,1658351,1816091136,0.22386172402184457,1.4038753299973905,0.1721197310835123,0.35778961181640623,2.1577047740574926,0.002705520191676545
603,6172,537637,676215,825810432,0.08666225394699723,0.6412924730684608,0.0783439859515056,0.15091168212890624,0.9572690409841016,0.006126374688915977
604,16384,1184595,1662274,1819537920,0.22918294102419168,1.3964115369599313,0.17224214295856655,0.3526262512207031,2.1505199800012633,0.0026555362610754894
605,16384,1168873,1642040,1795388928,0.23030756798107177,1.3870208620792255,0.1700965609634295,0.34939199829101564,2.1368725530337542,0.0026002355139394706
606,16384,1175640,1650245,1805783040,0.23373105307109654,1.399050802923739,0.17106340499594808,0.3398311767578125,2.1437344059813768,0.0027040771757383232
607,16384,1176866,1654134,1807666176,0.22825945995282382,1.3976616120198742,0.1712379240198061,0.3525218811035156,2.1497387760318816,0.0026933009957886833
608,16384,1182535,1661041,1816373760,0.22569556103553623,1.4055256169522181,0.1724278599722311,0.3570341796875,2.1607409690041095,0.0026727570519765086
609,6172,538746,677863,827513856,0.086142910993658,0.6479302980005741,0.07818009203765541,0.15160202026367187,0.9639124809764326,0.005929965842465528
610,16384,1185998,1665199,1821692928,0.23984646005555987,1.4051212159683928,0.1724362149834633,0.3574272766113281,2.17488789500203,0.0026082899912332597
611,16384,1171068,1643602,1798760448,0.23093186097685248,1.391972600016743,0.17039099195972085,0.336138916015625,2.129493628977798,0.002782821608389718
612,16384,1177336,1652067,1808388096,0.22686887497548014,1.397727202042006,0.17137008695863187,0.3535415954589844,2.149564475985244,0.0026385135582279464
613,16384,1177923,1657324,1809289728,0.21488100802525878,1.3993217030074447,0.17132072302047163,0.3543836975097656,2.139964602072723,0.0026855822627419004
614,16384,1181902,1659450,1815401472,0.21350311394780874,1.40434773103334,0.17206592904403806,0.3602106018066406,2.1501848429907113,0.0026726613328770005
615,6172,537562,675818,825695232,0.08835556195117533,0.6409930520458147,0.07831195800099522,0.14991484069824218,0.9576336479512975,0.0060811621641081275
616,16384,1185052,1663577,1820239872,0.21810768893919885,1.4036068329587579,0.1723800360923633,0.35624957275390623,2.1504018378909677,0.0026835517773821406
617,16384,1169129,1642351,1795782144,0.2290381609927863,1.3914691000245512,0.17024534894153476,0.3291930236816406,2.1200104570016265,0.003057690630698874
618,16384,1175437,1650026,1805471232,0.23620881501119584,1.3939895000075921,0.17102878796868026,0.355133056640625,2.156417284044437,0.0026490427788043373
619,16384,1175343,1653051,1805326848,0.22790112998336554,1.3969134830404073,0.1721411079633981,0.341717529296875,2.1387388419825584,0.0030668400098728607
620,16384,1182608,1661182,1816485888,0.25768010795582086,1.3983409870415926,0.17316687596030533,0.3417885437011719,2.1710446960059926,0.0031404856485631096
621,6172,537632,676662,825802752,0.10390960902441293,0.6463035210035741,0.07935305905994028,0.15012815856933595,0.9797637760639191,0.007086239392797593
622,16384,1186448,1665120,1822384128,0.2956250120187178,1.4101435609627515,0.17351474007591605,0.3341067199707031,2.213459379039705,0.0031329245195458686
623,16384,1169422,1642545,1796232192,0.30895854998379946,1.3944946440169588,0.17127287690527737,0.35342471313476564,2.228226378909312,0.003392602709771466
624,16384,1177460,1651605,1808578560,0.3278268249705434,1.4034740739734843,0.17312061903066933,0.3520910949707031,2.256568974000402,0.0024976437968928723
625,16384,1177917,1656063,1809280512,0.3313133599003777,1.3932523900875822,0.17142310994677246,0.33794412231445314,2.2340103279566392,0.0034621911316150785
626,16384,1183088,1659782,1817223168,0.31972263799980283,1.4016888829646632,0.1722765810554847,0.3539652099609375,2.247710235998966,0.0025325336498342294
627,6172,538340,677600,826890240,0.1114941929699853,0.6420648340135813,0.07850643701385707,0.1528260498046875,0.9849529039347544,0.006232798786422623
628,16384,1186714,1665007,1822792704,0.28038121794816107,1.4025821309769526,0.17269931302871555,0.35763156127929685,2.213353428989649,0.0026749345923378445
629,16384,1167656,1638989,1793519616,0.26504611398559064,1.3852272459771484,0.17008640198037028,0.34876641845703127,2.1691853048978373,0.002725654537828168
630,16384,1178150,1651230,1809638400,0.2572758689057082,1.4000773830339313,0.1713429120136425,0.34981561279296874,2.178569422918372,0.0026460562383132913
631,16384,1175081,1653485,1804924416,0.25497223902493715,1.3947644119616598,0.17098733596503735,0.35600396728515626,2.176785339950584,0.0026362596596054746
632,16384,1180984,1659245,1813991424,0.24830947897862643,1.405001663020812,0.17184634401928633,0.34770556640625,2.172919405042194,0.0025934057696062216
633,6172,537692,675922,825894912,0.09732732700649649,0.6414397519547492,0.07841059099882841,0.15401344299316405,0.9712472329847515,0.0057781406841969744
634,16384,1185818,1663410,1821416448,0.2539535950636491,1.4048125749686733,0.17258212703745812,0.3559767761230469,2.1873822920024395,0.002615857768501895
635,16384,1169143,1641029,1795803648,0.24168008205015212,1.3910965499235317,0.17012063309084624,0.3480595703125,2.151017170981504,0.002804980140925924
636,16384,1177900,1651807,1809254400,0.25321436603553593,1.3879863580223173,0.17127826798241585,0.3553149108886719,2.167853042948991,0.0027280456229440927
637,16384,1177869,1656249,1809206784,0.23947306000627577,1.4019299360224977,0.17131811496801674,0.35243359375,2.1652132569579408,0.0027042237508263563
638,16384,1182736,1660634,1816682496,0.22401446395087987,1.4038905859924853,0.17194577306509018,0.35758157348632813,2.157491863006726,0.0027562797784713346
639,6172,537849,676260,826136064,0.0928395870141685,0.641933098086156,0.07819547492545098,0.154612060546875,0.9676403200719506,0.0062109337584871
640,16384,1185072,1664196,1820270592,0.23408113198820502,1.4048038150649518,0.17217171797528863,0.3579618225097656,2.1690756500465795,0.0026353395450862175
641,16384,1169376,1642475,1796161536,0.2303953249938786,1.3921138239093125,0.17001857701689005,0.33493856811523437,2.1275241299299523,0.002718460102210047
642,16384,1176482,1651139,1807076352,0.24664274498354644,1.3961196290329099,0.1709812229964882,0.35312127685546874,2.166920601041056,0.00257172194571201
643,16384,1176789,1654465,1807547904,0.23116257903166115,1.3978211989160627,0.17122289107646793,0.35298431396484375,2.153247019974515,0.0026024411021855296
644,16384,1182002,1659886,1815555072,0.21876968897413462,1.4036835141014308,0.1718977988930419,0.3398376770019531,2.1342459929874167,0.002685445681723953
645,6172,537271,675893,825248256,0.09064010507427156,0.6409071339294314,0.07833749207202345,0.1544270782470703,0.9643705950584263,0.0060957619333054614
646,16384,1184827,1661645,1819894272,0.22956598398741335,1.40290843101684,0.17241507093422115,0.3539900207519531,2.1589374599279836,0.0026843407292542663
647,16384,1167863,1640024,1793837568,0.22539501695428044,1.3931036830181256,0.1699454040499404,0.3361105651855469,2.124613630003296,0.0027751302434396714
648,16384,1177765,1651554,1809047040,0.24334288900718093,1.3998793379869312,0.171423580031842,0.34249163818359374,2.157205000054091,0.0031315913203216394
649,16384,1176276,1654718,1806759936,0.22830736998002976,1.3975071490276605,0.17119909299071878,0.35376495361328125,2.150836057960987,0.00267302331500639
650,16384,1183599,1661189,1818008064,0.21681732905562967,1.4079534070333466,0.17226811591535807,0.35777523803710937,2.154869585065171,0.0025753309672242914
651,6172,538543,677760,827202048,0.08977021591272205,0.644217542023398,0.07845534302759916,0.15446293640136718,0.9669641139917076,0.0060060787965974
652,16384,1186088,1664199,1821831168,0.22739060898311436,1.4072668279986829,0.1724825380370021,0.3371872863769531,2.144385664956644,0.0027235567671596746
653,16384,1168496,1641522,1794809856,0.22379982692655176,1.3804730230476707,0.17008777696173638,0.334176513671875,2.1085948809050024,0.0027383305200687656
654,16384,1177217,1651195,1808205312,0.24187677504960448,1.3989340260159224,0.17150115501135588,0.3515070495605469,2.163874434074387,0.0025615366624020895
655,16384,1176687,1654289,1807391232,0.22748461307492107,1.396783510921523,0.1709393870551139,0.3531210632324219,2.1483870160300285,0.002720261554956545
656,16384,1183230,1661023,1817441280,0.21417544002179056,1.4047121389303356,0.17212850006762892,0.33867791748046877,2.129752781940624,0.0027602001931333717
657,6172,538311,677144,826845696,0.08924678899347782,0.6438621680717915,0.07846118102315813,0.15277142333984375,0.9643992630299181,0.005983165257258653
658,16384,1186279,1665256,1822124544,0.22790765506215394,1.4065432290080935,0.1726039859931916,0.35586550903320313,2.1629781260853633,0.002669790693888673
659,16384,1167698,1640738,1793584128,0.22193399094976485,1.3911285870708525,0.1699192519299686,0.33647470092773435,2.1195169480051845,0.002850513977770836
660,16384,1178532,1652017,1810225152,0.2395857679657638,1.3990418859757483,0.17149317101575434,0.35656698608398435,2.1667440249584615,0.002594395856795666
661,16384,1176069,1652744,1806441984,0.22579382394906133,1.4009666299680248,0.17323619103990495,0.35616546630859375,2.1562325609847903,0.0032672597789391395
662,16384,1181487,1660570,1814764032,0.2313571429112926,1.4080208711093292,0.17408221797086298,0.3612398681640625,2.1747677279636264,0.0031096565950157976
663,6172,538527,677299,827177472,0.10756812698673457,0.6436971080256626,0.0795639690477401,0.15070201110839843,0.9816001299768686,0.007020660065983854
664,16384,1186184,1664703,1821978624,0.28715170407667756,1.4102061809971929,0.17367426899727434,0.35719876098632813,2.2283034280408174,0.0032541790508439326
665,16384,1168381,1641985,1794633216,0.299093627021648,1.396060670958832,0.1711354369763285,0.3513349609375,2.217691923957318,0.0030314428385474755
666,16384,1177613,1652061,1808813568,0.34330852807033807,1.402758740936406,0.17332811502274126,0.3554705200195313,2.274925140081905,0.002603867346862324
667,16384,1178398,1657440,1810019328,0.3348223310895264,1.395081816939637,0.17159530404023826,0.3355700988769531,2.2371485580224544,0.003531597211831357
668,16384,1182570,1659427,1816427520,0.3012062730267644,1.4017225409625098,0.17209644697140902,0.3555917663574219,2.230674860998988,0.002592653994274537
669,6172,537387,676780,825426432,0.11086393101140857,0.6290282970294356,0.07825759495608509,0.1509857940673828,0.9691922609927133,0.005844447039145105
670,16384,1185272,1663576,1820577792,0.2787350360304117,1.4035614849999547,0.17223446106072515,0.3416762390136719,2.1962664510356262,0.002696846315467504
671,16384,1169720,1643101,1796689920,0.2672996169421822,1.3897311839973554,0.17026292998343706,0.3320106811523437,2.159372568014078,0.0031562843656062125
672,16384,1178834,1652732,1810689024,0.2688099070219323,1.3993715030374005,0.17143688700161874,0.340387939453125,2.180063285981305,0.0026168720695110394
673,16384,1176149,1654981,1806564864,0.2494708449812606,1.4002736289985478,0.17140620993450284,0.33088818359375,2.1520945240044966,0.002586154827995746
674,16384,1182330,1659286,1816058880,0.2692992220399901,1.4062296820338815,0.17223230400122702,0.34212542724609374,2.189945745980367,0.0026991837255794537
675,6172,537863,676993,826157568,0.09242460306268185,0.6434616890037432,0.07846791297197342,0.155212158203125,0.9696236869785935,0.005911957168521574
676,16384,1185446,1664390,1820845056,0.2457172960275784,1.4060890699038282,0.17249888903461397,0.33726715087890624,2.1616298969602212,0.0026596188077815837
677,16384,1168407,1642333,1794673152,0.240903944009915,1.4031997859710827,0.16994826798327267,0.3515601501464844,2.1656740660546347,0.0028590610586618896
678,16384,1175975,1649820,1806297600,0.2508834069594741,1.3981775159481913,0.1712077200645581,0.3496391296386719,2.1699649199144915,0.0026335588686942106
679,16384,1174952,1653194,1804726272,0.22488274006173015,1.3972391280112788,0.17099674500059336,0.35490103149414065,2.1480794550152496,0.002784368490981505
680,16384,1182382,1659307,1816138752,0.22777125507127494,1.412868518033065,0.17216882098000497,0.35432211303710937,2.1671885220566764,0.0026677390837933257
681,6172,538172,676782,826632192,0.09407812403514981,0.642323347972706,0.07846329896710813,0.1512098846435547,0.9661316070705652,0.005894792348149517
682,16384,1185017,1663789,1820186112,0.23968174506444484,1.4046514489455149,0.17252141295466572,0.34094085693359377,2.157853382988833,0.0026841068568610603
683,16384,1167661,1639741,1793527296,0.24792908900417387,1.389034325024113,0.16991382103879005,0.3478754577636719,2.1548075220780447,0.00254450788452984
684,16384,1177207,1652121,1808189952,0.2330619900021702,1.3980147020192817,0.17123737605288625,0.355617919921875,2.157988352002576,0.0026118772286402177
685,16384,1176173,1652494,1806601728,0.2221622180659324,1.3898350979434326,0.17118916602339596,0.33832421875,2.1215717900777236,0.0028794356735100655
686,16384,1183984,1662420,1818599424,0.24216559203341603,1.4058243950130418,0.17237635992933065,0.3515769348144531,2.172001983039081,0.0027026332985856296
687,6172,538285,677014,826805760,0.09178916702512652,0.6424162640469149,0.07853550196159631,0.15505410766601563,0.9678556619910523,0.006263464045272475
688,16384,1185755,1665064,1821319680,0.24169494898524135,1.4039742359891534,0.17245983006432652,0.3579058532714844,2.1760938520310447,0.0027105320289412585
689,16384,1168619,1641337,1794998784,0.23092176904901862,1.3869189280085266,0.17015404801350087,0.35112002563476563,2.1391727660084143,0.002711108869937033
690,16384,1175926,1649698,1806222336,0.2381409730296582,1.3960435460321605,0.17148090596310794,0.3549686279296875,2.1606920580379665,0.00268456039983741
691,16384,1177753,1656125,1809028608,0.23785391403362155,1.3973649919498712,0.17143810202833265,0.3541921691894531,2.160905134980567,0.00258955279353185
692,16384,1184099,1662766,1818776064,0.23305579100269824,1.4071129739750177,0.17236976698040962,0.3573233642578125,2.1699178509879857,0.0025786585433318124
693,6172,537587,676482,825733632,0.09112668200396001,0.6410823509795591,0.07820936699863523,0.15181228637695313,0.9622870730236173,0.005859651042866707
694,16384,1185829,1664539,1821433344,0.23355206893756986,1.4068662320496514,0.17269333999138325,0.3340419921875,2.147209168993868,0.002586419085999412
695,16384,1169249,1641626,1795966464,0.22820874908939004,1.3875925949541852,0.1703076510457322,0.33878671264648436,2.124953254009597,0.0027081195172971913
696,16384,1178240,1652644,1809776640,0.2433121830690652,1.398439422948286,0.1715059409616515,0.34951983642578127,2.1628338299924508,0.0026098439410335047
697,16384,1175967,1654434,1806285312,0.21573411603458226,1.395649123005569,0.1711858599446714,0.35512399291992186,2.1377495949855074,0.00264311034817373
698,16384,1184570,1662136,1819499520,0.2180250589735806,1.4068399309180677,0.1723980160895735,0.3548709411621094,2.152192475972697,0.0027194979082777668
699,6172,537822,677248,826094592,0.08741367899347097,0.6405985009623691,0.07834510400425643,0.15304208374023437,0.9594569470500574,0.006001243714313814
700,16384,1184669,1663225,1819651584,0.23152351705357432,1.405371967004612,0.17216503794770688,0.3539793701171875,2.163100403966382,0.0027974588322627844
701,16384,1169690,1643617,1796643840,0.225010916008614,1.3915254659950733,0.17015236802399158,0.3498301696777344,2.136575600015931,0.0026528577091823537
702,16384,1177958,1650746,1809343488,0.22594015090726316,1.3872153490083292,0.1714610840426758,0.3312660217285156,2.1159391679102555,0.0026731497922728243
703,16384,1176107,1654120,1806500352,0.23316448798868805,1.3975257850252092,0.17225358996074647,0.3553009948730469,2.158315642969683,0.0032796464327584486
704,16384,1183075,1659661,1817203200,0.22579337295610458,1.4107353050494567,0.17339827702380717,0.35423974609375,2.164235285948962,0.003169009686181817
705,6172,537101,675969,824987136,0.10296540497802198,0.6485090949572623,0.07948349206708372,0.14626109313964844,0.9772875460330397,0.007005194254362124
706,16384,1186083,1664428,1821823488,0.2936740570003167,1.4092161169974133,0.1738352980464697,0.358998046875,2.2357924579409882,0.003083426708219315
707,16384,1170046,1641961,1797190656,0.3049351560184732,1.3953026019735262,0.1726036029867828,0.33741519165039063,2.2103286809287965,0.003263238641655548
708,16384,1177687,1651893,1808927232,0.3256036730017513,1.404277989990078,0.17250559502281249,0.3415064697265625,2.2439610920846462,0.003002028140315954
709,16384,1174940,1652968,1804707840,0.33265953697264194,1.392343871993944,0.1712383880512789,0.3405133666992187,2.23685424705036,0.004429583796396549
710,16384,1181667,1660993,1815040512,0.32040632294956595,1.3998573260614648,0.17232256999704987,0.3486077575683594,2.24125159799587,0.0025709482809154723
711,6172,537775,676242,826022400,0.11159218300599605,0.641548826941289,0.0784679870121181,0.15466351318359375,0.9863308590138331,0.005915750308629853
712,16384,1185457,1663970,1820861952,0.28153514210134745,1.4025533009553328,0.17267167300451547,0.3585712585449219,2.2153885940788314,0.0025828187825236316
713,16384,1169262,1641997,1795986432,0.26866320008412004,1.389195999945514,0.17027531703934073,0.3366417236328125,2.1648350870236754,0.002718281971729517
714,16384,1177956,1651767,1809340416,0.2707180950092152,1.401005266001448,0.17148494301363826,0.34326742553710937,2.186532262014225,0.0025854845042185695
715,16384,1177019,1656586,1807901184,0.23622131592128426,1.3974425210617483,0.17111324903089553,0.35667193603515623,2.161504730931483,0.002577319475710331
716,16384,1182591,1660984,1816459776,0.24044996697921306,1.4041776820085943,0.1722313449718058,0.3522601318359375,2.1691780609544367,0.0027169350431317857
717,6172,538339,678181,826888704,0.09774634998757392,0.6419453260023147,0.07851979602128267,0.1511832275390625,0.969453725963831,0.0060886262042506994
718,16384,1187669,1666699,1824259584,0.24988762894645333,1.3970858310349286,0.17420653998851776,0.48382025146484375,2.305056364974007,0.0024343673376609723
719,16384,1168484,1641524,1794791424,0.25692900898866355,1.3867809020448476,0.1809744710335508,0.35166464233398437,2.1764064700109884,0.00263947064731721
720,16384,1178557,1652211,1810263552,0.24585743295028806,1.41364014998544,0.17781330505385995,0.33301788330078125,2.170396819943562,0.0031353092930966595
721,16384,1177623,1655172,1808828928,0.23548915493302047,1.4137886660173535,0.17812851106282324,0.3510340270996094,2.178500602953136,0.0027653809343704118
722,16384,1182377,1660303,1816131072,0.2565401030005887,1.4199586779577658,0.17867924901656806,0.3570221252441406,2.2122615670086816,0.0027759732634839883
723,6172,538039,676711,826427904,0.09151858696714044,0.6542015020968392,0.08127571898512542,0.14508160400390624,0.9721353839850053,0.005963359934120676
724,16384,1186587,1665640,1822597632,0.25004241592250764,1.4202057730872184,0.1791832490125671,0.3498480529785156,2.1993386700050905,0.0026907635958465627
725,16384,1169380,1643315,1796167680,0.2391897450434044,1.4033846009988338,0.17669824394397438,0.34969580078125,2.169028714997694,0.002781163283565158
726,16384,1177111,1651437,1808042496,0.2506549960235134,1.4128028929699212,0.1778948800638318,0.33988467407226564,2.181296766968444,0.0027196592325393633
727,16384,1176140,1654242,1806551040,0.23796383803710341,1.4110595409292728,0.17736837302800268,0.33897421264648436,2.165423808968626,0.002671270516340229
728,16384,1183407,1661733,1817713152,0.2587791969999671,1.418985616066493,0.17847340600565076,0.3554005432128906,2.211697458056733,0.002653878880117083
729,6172,537701,675754,825908736,0.08946949290111661,0.6478938900399953,0.08126841997727752,0.14542025756835938,0.9641119209118187,0.006208866810118607
730,16384,1185751,1664026,1821313536,0.23861726000905037,1.4202462480170652,0.17919969593640417,0.35328823852539065,2.1914144849870354,0.002876794853594536
731,16384,1169775,1643383,1796774400,0.23403017595410347,1.4023249089950696,0.17666484299115837,0.35025994873046873,2.163338070968166,0.0026900232629762616
732,16384,1176590,1651187,1807242240,0.23423754097893834,1.4139192909933627,0.17772140901070088,0.3509591064453125,2.176895793993026,0.0026848581761618456
733,16384,1177083,1653995,1807999488,0.24135778401978314,1.4121883489424363,0.17764087405521423,0.35120602416992186,2.1824515690095723,0.002682204867584694
734,16384,1183048,1661711,1817161728,0.22204837505705655,1.4106480919290334,0.1787645040312782,0.3530670166015625,2.1645880209980533,0.0027734321053317903
735,6172,537963,676584,826311168,0.08858179999515414,0.6565409559989348,0.0813315249979496,0.1506134033203125,0.9771251570200548,0.005881816396888881
736,16384,1186217,1664568,1822029312,0.24335519305896014,1.4199371590511873,0.17924669093918055,0.3429500427246094,2.1855483050458133,0.0027095842146019093
737,16384,1168913,1640994,1795450368,0.23864386905916035,1.4032640559598804,0.17657585407141596,0.3287463073730469,2.1472900320077315,0.002791683626082299
738,16384,1176543,1650788,1807170048,0.2424895860021934,1.4112809960497543,0.17757891200017184,0.35124920654296876,2.1826574220322073,0.0026903643478953837
739,16384,1175742,1653958,1805939712,0.25775748502928764,1.4108602929627523,0.17745695100165904,0.35193997192382814,2.198073955019936,0.002695728334043419
740,16384,1182096,1660488,1815699456,0.23967185092624277,1.4185868540080264,0.17857881996314973,0.3659419250488281,2.202839495963417,0.0027258462216631987
741,6172,537896,676967,826208256,0.0867799170082435,0.6559492390369996,0.08130872098263353,0.15441702270507812,0.9785144430352375,0.006085071375957748
742,16384,1184951,1663881,1820084736,0.23740677803289145,1.4185058049624786,0.1791153170634061,0.35659658813476564,2.191684770048596,0.0027504801729775854
743,16384,1169232,1643545,1795940352,0.23175985796842724,1.4019012859789655,0.17662913305684924,0.33400473022460936,2.1443550470285118,0.0027999001258492097
744,16384,1179095,1651319,1811089920,0.2319696940248832,1.4174202280119061,0.17827600904274732,0.351853271484375,2.1795793910278007,0.0027614715085237567
745,16384,1177497,1655103,1808635392,0.23697281104978174,1.417907872935757,0.17880344507284462,0.3365554504394531,2.17030983697623,0.003237209600064169
746,16384,1183772,1660362,1818273792,0.25223701796494424,1.4260143310530111,0.18104971596039832,0.35727236938476564,2.2166400710120797,0.0030062006832771737
747,6172,537917,676744,826240512,0.11212529591284692,0.6500254790298641,0.08250634802971035,0.15014720153808594,0.9948754259385169,0.0071467669374300265
748,16384,1186182,1664782,1821975552,0.3105790379922837,1.4267533320235088,0.18024919205345213,0.34311734008789063,2.260767237050459,0.003022641703381549
749,16384,1168194,1641471,1794345984,0.31488072290085256,1.405789511045441,0.17882928205654025,0.3381837158203125,2.237754000001587,0.0031624646158970927
750,16384,1178661,1652092,1810423296,0.3411617430392653,1.4187823600368574,0.1780893369577825,0.35144357299804685,2.289592675981112,0.0050516823526304076
751,16384,1177716,1656409,1808971776,0.3416902649914846,1.4095478339586407,0.17817440105136484,0.35335372924804687,2.282852128962986,0.0037628242477530933
752,16384,1182528,1660190,1816363008,0.31760833400767297,1.4271667710272595,0.17861806694418192,0.34125408935546875,2.2647070509847254,0.002640061111479086
753,6172,538126,677395,826561536,0.1183264689752832,0.648031548014842,0.08136445994023234,0.15147520446777343,0.9992561970138922,0.005855917224849447
754,16384,1186800,1666085,1822924800,0.2847285750322044,1.4171176149975508,0.1795142439659685,0.33589657592773436,2.21731582400389,0.00265248999693085
755,16384,1168506,1642879,1794825216,0.26940775103867054,1.4014920400222763,0.17650799895636737,0.334807373046875,2.182274879072793,0.0027364109432971156
756,16384,1179222,1654500,1811284992,0.2623354350216687,1.4153318119933829,0.17806083802133799,0.3561839904785156,2.2119693239219487,0.0025881193931680977
757,16384,1177895,1655132,1809246720,0.25977080897428095,1.411308050970547,0.1776404989650473,0.3335202026367188,2.182302690926008,0.002892787498098435
758,16384,1183334,1662238,1817601024,0.25366459996439517,1.4221007929882035,0.17874624102842063,0.3588145751953125,2.2133844719501212,0.0026322934188733665
759,6172,537445,676694,825515520,0.09902568510733545,0.6481808769749478,0.08123765094205737,0.15408338928222656,0.9825861420249566,0.005957718706361706
760,16384,1185679,1664877,1821202944,0.2596205440349877,1.4211514600319788,0.19333049992565066,0.3422880249023437,2.216468069003895,0.003498363455737665
761,16384,1168675,1641453,1795084800,0.24492119904607534,1.3932327129878104,0.1704722730210051,0.3401094665527344,2.1487954170443118,0.0027813460608055304
762,16384,1177535,1652541,1808693760,0.2477349160471931,1.4003450530581176,0.17234549392014742,0.3518364868164062,2.1723344100173563,0.003335590282860973
763,16384,1176865,1653999,1807664640,0.2592122920323163,1.404505076003261,0.1722644829424098,0.33446646118164064,2.1705158409895375,0.003111188070338778
764,16384,1182916,1660442,1816958976,0.24892191600520164,1.404915162944235,0.17300598009023815,0.35710250854492187,2.1840142549481243,0.0031450052751253728
765,6172,537720,676701,825937920,0.10168271407019347,0.6371074909111485,0.07929997204337269,0.15146957397460936,0.9696298650233075,0.0072310091213832915
766,16384,1186960,1665107,1823170560,0.2593640089035034,1.4023067160742357,0.1739940729457885,0.3401625061035156,2.175897336914204,0.0032185749746761277
767,16384,1169298,1641665,1796041728,0.25814569601789117,1.3155486609321088,0.1712860519764945,0.33533319091796876,2.080382250016555,0.0032998826100998227
768,16384,1178005,1652478,1809415680,0.24924678402021527,1.3916978189954534,0.17265672294888645,0.35528070068359374,2.1689478530315682,0.00303494541499582
769,16384,1176661,1655668,1807351296,0.2564061660086736,1.3908613940002397,0.1725384449819103,0.350405517578125,2.1702782680513337,0.003075434305711657
770,16384,1182281,1659402,1815983616,0.2533044799929485,1.3953403520863503,0.17319440993014723,0.3525347900390625,2.17444716906175,0.0033634762105160146
771,6172,537132,676095,825034752,0.09852598502766341,0.6376436760183424,0.07917669496964663,0.1510515594482422,0.9664634009823203,0.006775788753004777
772,16384,1186188,1665055,1821984768,0.2654738709097728,1.400061662076041,0.17400655592791736,0.33897244262695314,2.1785819169599563,0.003093086321313251
773,16384,1167471,1640765,1793235456,0.2533856170484796,1.3832481029676273,0.17123060103040189,0.3497795104980469,2.1577110020443797,0.0031130443215256287
774,16384,1177443,1651201,1808552448,0.27347967703826725,1.391162334010005,0.17263928498141468,0.3525891418457031,2.1899384850403294,0.0031072637612463037
775,16384,1177061,1655441,1807965696,0.25716936495155096,1.3904970770236105,0.1724635959835723,0.35227777099609375,2.1724772619782016,0.0031969505315329267
776,16384,1181942,1660682,1815462912,0.2455703429877758,1.3959693260258064,0.17320134304463863,0.355991943359375,2.1707992079900578,0.0030519898946940755
777,6172,537807,676302,826071552,0.0931976439896971,0.6384069010382518,0.07938044995535165,0.15424966430664064,0.9653053879737854,0.0073270785313474945
778,16384,1186438,1665894,1822368768,0.2501302220625803,1.3998420719290152,0.17380086099728942,0.35255108642578126,2.1763913290342316,0.003082516396313257
779,16384,1169200,1642753,1795891200,0.25233410799410194,1.3800052220467478,0.17160689900629222,0.34833889770507814,2.152351569966413,0.0030870056323483706
780,16384,1177187,1651360,1808159232,0.2602749839425087,1.4088305440964177,0.1786867849295959,0.34988363647460935,2.1977442640345544,0.003108395846633173
781,16384,1176799,1654618,1807563264,0.2659915420226753,1.4008940069470555,0.17887734004762024,0.35644485473632814,2.2022762849228457,0.003112287483445722
782,16384,1183133,1660407,1817292288,0.25788723200093955,1.4094054190209135,0.17957802198361605,0.3428409423828125,2.1897800909355283,0.003127051320363166
783,6172,538446,676924,827053056,0.10013434302527457,0.6320558650186285,0.08191458496730775,0.1498672637939453,0.9640386430546641,0.006907010417856641
784,16384,1184732,1662773,1819748352,0.26139525102917105,1.410852613975294,0.17982117098290473,0.3485053405761719,2.20064244302921,0.00309302703325876
785,16384,1168455,1641002,1794746880,0.2553568899165839,1.3936043879948556,0.17745957500301301,0.33252420043945313,2.159012362943031,0.003117610175853263
786,16384,1177615,1652198,1808816640,0.2552151490235701,1.4014947009272873,0.1789011510554701,0.34021051025390625,2.175888287019916,0.0030688965090953785
787,16384,1176287,1652958,1806776832,0.26743185601662844,1.4096130599500611,0.17997343000024557,0.3535162963867188,2.2106194510124624,0.0038364205458208886
788,16384,1183452,1663548,1817782272,0.28920834499876946,1.4139401870779693,0.18199958500918,0.3560232849121094,2.2412497920449823,0.0034976042042402437
789,6172,537946,677176,826285056,0.11914728896226734,0.6497504300205037,0.08332198695279658,0.1519635467529297,1.004260114976205,0.007653623454862343
790,16384,1184655,1662445,1819630080,0.33745539002120495,1.4142137239687145,0.18226230901200324,0.35829010009765627,2.29230216704309,0.0035180328610456926
791,16384,1168461,1640729,1794756096,0.3535097249550745,1.3968796390108764,0.1783444300526753,0.3506168212890625,2.2794357769889757,0.0037360860150844207
792,16384,1176754,1651386,1807494144,0.3588921120390296,1.3978860429488122,0.17859991604927927,0.35322711181640626,2.2887131209718063,0.004716105189849434
793,16384,1175374,1654214,1805374464,0.356970754917711,1.3955535900313407,0.17836817703209817,0.35633599853515624,2.2872944489354268,0.002882375688496881
794,16384,1183289,1661671,1817531904,0.3366530720377341,1.4053247550036758,0.17949838901404291,0.33938970947265623,2.2609332230640575,0.0029765379738708126
795,6172,537490,675859,825584640,0.12519129493739456,0.6412497110432014,0.08206267794594169,0.15445350646972655,1.0030237638857216,0.006637279380048936
796,16384,1186825,1663746,1822963200,0.3121436299989,1.4087715219939128,0.18030680797528476,0.35697259521484376,2.258263390045613,0.0030481326037981814
797,16384,1168073,1640370,1794160128,0.2928419499658048,1.3908668590011075,0.17743791197426617,0.33303497314453123,2.19425278599374,0.0032399142197298554
798,16384,1177324,1653041,1808369664,0.2814871330047026,1.4041026370832697,0.17915431200526655,0.3565894470214844,2.2214012950425968,0.003050593696188029
799,16384,1178287,1655927,1809848832,0.2802798489574343,1.3858261129353195,0.17892862006556243,0.346725830078125,2.1918347309110686,0.003390715256911063
800,16384,1182483,1661500,1816293888,0.2927715969271958,1.4091432680143043,0.17972609295975417,0.3526697387695312,2.234380046953447,0.003103781863608038
801,6172,537477,676042,825564672,0.1026190259726718,0.647752012941055,0.08212805807124823,0.15020243835449218,0.9827651979867369,0.006477910227189977
802,16384,1185999,1665103,1821694464,0.2829755189595744,1.408617731067352,0.18021240492817014,0.35547607421875,2.2273458120180294,0.0028770945147771395
803,16384,1168893,1640871,1795419648,0.2706195869250223,1.3925161830848083,0.17746826994698495,0.3315821533203125,2.1722544389776886,0.003141699210550987
804,16384,1176585,1650515,1807234560,0.27112864307127893,1.4010449110064656,0.17881916998885572,0.35591949462890626,2.206979464041069,0.0030469402483448193
805,16384,1178096,1656243,1809555456,0.28016172198113054,1.4031549280043691,0.17831385706085712,0.3547615356445312,2.216459976043552,0.0030649483139031323
806,16384,1182710,1660088,1816642560,0.26878677995409817,1.4114919559797272,0.17957818403374404,0.3571402893066406,2.217065656906925,0.003087307428259331
807,6172,537759,676202,825997824,0.1038718429626897,0.6436744820093736,0.0821555049624294,0.15111410522460939,0.9808810139074922,0.006634724035564875
808,16384,1185486,1664116,1820906496,0.26817432092502713,1.4083868010202423,0.18006781407166272,0.3557808532714844,2.212476859916933,0.003031472542448473
809,16384,1168974,1640868,1795544064,0.26216667308472097,1.3954074619105086,0.17761116509791464,0.3535281066894531,2.1887803160352632,0.0030569195170370694
810,16384,1177879,1652714,1809222144,0.25380409008357674,1.4056474769022316,0.17894412903115153,0.35240109252929686,2.190865282085724,0.003126323650648617
811,16384,1176826,1655411,1807604736,0.26158049888908863,1.4012717040022835,0.17878141102846712,0.35158901977539064,2.1932898939121515,0.0030666359749377107
812,16384,1184320,1662505,1819115520,0.2581936540082097,1.4128359450260177,0.1797108199680224,0.3522015380859375,2.2030072109773755,0.00296203702207353
813,6172,537447,676326,825518592,0.10155429400037974,0.6441088049905375,0.08181298896670341,0.15185023498535155,0.979392554028891,0.0067624657392383585
814,16384,1187104,1665470,1823391744,0.2699202561052516,1.4119936819188297,0.18031824799254537,0.35546502685546877,2.217765837092884,0.0030942951523920117
815,16384,1168598,1640766,1794966528,0.25701469799969345,1.3738161210203543,0.17742273409385234,0.351108642578125,2.159427428035997,0.003020816681538151
816,16384,1177209,1651129,1808193024,0.27616834500804543,1.404663503053598,0.17880215495824814,0.3385827331542969,2.1982859750278294,0.0031496745385851876
817,16384,1175320,1652755,1805291520,0.2630339799216017,1.3990658971015364,0.17850434593856335,0.34464297485351564,2.185313827940263,0.003048995718322997
818,16384,1183487,1661791,1817836032,0.24941554304677993,1.4112284450093284,0.17969371192157269,0.3548955078125,2.195299008046277,0.0029973254602057788
819,6172,537236,676411,825194496,0.09507152903825045,0.643424951005727,0.08210729900747538,0.15488694763183594,0.975557872094214,0.006882770653162585
820,16384,1185688,1664244,1821216768,0.25445699400734156,1.409586402005516,0.17991746100597084,0.35687698364257814,2.2009175040293485,0.0036195526545636926
821,16384,1167777,1639807,1793705472,0.2564780720276758,1.3921996569260955,0.17724890098907053,0.3492955932617188,2.175290429033339,0.0031354814910372285
822,16384,1177532,1652674,1808689152,0.2559259820263833,1.404889740049839,0.17883756197988987,0.3366573791503906,2.176378083997406,0.0030978436788527378
823,16384,1176517,1654350,1807130112,0.25607636698987335,1.4001172540010884,0.17847862199414521,0.3535661315917969,2.1883067339658737,0.0031238485861616967
824,16384,1183452,1660789,1817782272,0.2700584779959172,1.4098296610172838,0.17963624093681574,0.3542065734863281,2.213796896976419,0.002978752936364522
825,6172,538922,677233,827784192,0.09793428389821202,0.6454270670656115,0.08238275500480086,0.15440489196777343,0.980214464943856,0.006678845273109874
826,16384,1187135,1665079,1823439360,0.26415252301376313,1.4105676739709452,0.18031027796678245,0.35844891357421876,2.213548605912365,0.0031269874296314675
827,16384,1168705,1642686,1795130880,0.25438298389781266,1.392225819057785,0.17730306601151824,0.35049365234375,2.1744761529844254,0.0032482155972487956
828,16384,1177992,1652099,1809395712,0.2447536039398983,1.4062623480567709,0.17980331799481064,0.35498785400390626,2.1858890539733693,0.0037481306672156565
829,16384,1176229,1654729,1806687744,0.2847891120472923,1.4053303300170228,0.18109107401687652,0.3523429870605469,2.223632092005573,0.0035342565938570104
830,16384,1182399,1660722,1816164864,0.30686772800982,1.4128929640864953,0.1806399408960715,0.356510498046875,2.2569924070267007,0.003601074916595352
831,6172,538912,678655,827768832,0.12458883901126683,0.6470365850254893,0.0836968639632687,0.1508381805419922,1.0062558699864894,0.00948083358495769
832,16384,1186771,1664198,1822880256,0.34288426593411714,1.418207389069721,0.18258577503729612,0.33457855224609373,2.2783432019641623,0.0038282062535159294
833,16384,1169067,1639888,1795686912,0.35739429004024714,1.3971030599204823,0.1777946570655331,0.3539598388671875,2.286373893963173,0.005338062599704098
834,16384,1177539,1652176,1808699904,0.3631032590055838,1.4002300950232893,0.1789970489917323,0.3403175354003906,2.282743985997513,0.004207549208593072
835,16384,1175916,1653730,1806206976,0.35637201904319227,1.3988259789766744,0.17795674793887883,0.3492587890625,2.28248095093295,0.0029536242866198465
836,16384,1184030,1662732,1818670080,0.3266296349465847,1.407792204990983,0.1799018339952454,0.3365013427734375,2.2508934090146795,0.003038451672350458
837,6172,538301,676765,826830336,0.11607646499760449,0.6473102170275524,0.08213515800889581,0.15042813110351563,0.9960144230863079,0.006470985484315906
838,16384,1186463,1664877,1822407168,0.30665113497525454,1.4144275310682133,0.1801429649349302,0.354728515625,2.256016963045113,0.002961699437950671
839,16384,1168550,1641387,1794892800,0.28625389200169593,1.3936917220707983,0.17754083999898285,0.3545243835449219,2.2120781160192564,0.0030414117101238
840,16384,1177240,1651493,1808240640,0.2725909879663959,1.4018422180088237,0.17877115891315043,0.35123941040039064,2.204511247924529,0.003060661896457225
841,16384,1177061,1655822,1807965696,0.27797896007541567,1.4046386919217184,0.17896257701795548,0.34694284057617186,2.2085925770225003,0.0031471368672636836
842,16384,1183093,1661176,1817230848,0.2755664609139785,1.4113724260823801,0.17954017990268767,0.3569865417480469,2.2235398499760777,0.0033388800738282224
843,6172,538176,676557,826638336,0.10550262802280486,0.6452495269477367,0.08232371404301375,0.15493795776367186,0.9880799390375614,0.00669098295818634
844,16384,1185704,1663860,1821241344,0.28218109300360084,1.4103293819352984,0.18007322610355914,0.3585948486328125,2.231243066955358,0.002891539744921911
845,16384,1168738,1643090,1795181568,0.26929272909183055,1.3913153799949214,0.17749091889709234,0.33397091674804685,2.172137637040578,0.003116391315749637
846,16384,1178142,1652577,1809626112,0.27801451995037496,1.4062636189628392,0.17893519101198763,0.3519803161621094,2.2152587349992245,0.0029382081146909376
847,16384,1176228,1653273,1806686208,0.2667624519672245,1.3653646780876443,0.17844266002066433,0.3559416809082031,2.1665782150812447,0.0030806225708262685
848,16384,1184017,1661676,1818650112,0.256456030998379,1.4104967610910535,0.17979533690959215,0.3547772216796875,2.201596155995503,0.0032160901352513804
849,6172,538830,677843,827642880,0.09793900395743549,0.6454588449560106,0.08222815999761224,0.15083369445800782,0.9765276679536328,0.006959821702658748
850,16384,1186494,1663913,1822454784,0.26120485400315374,1.4097965960390866,0.18023043195717037,0.3566800231933594,2.2079861919628456,0.0033644580906247515
851,16384,1167837,1640799,1793797632,0.26019481394905597,1.391306419041939,0.17722977104131132,0.3496578369140625,2.1784548269351944,0.0030290271806228076
852,16384,1177392,1651522,1808474112,0.27443229604978114,1.4031055979430676,0.17882302205543965,0.3323968811035156,2.1888256390811875,0.0030994670462678475
853,16384,1175358,1653980,1805349888,0.261389515013434,1.4018453600583598,0.17860664590261877,0.33913104248046877,2.1810416140360758,0.003165945149778177
854,16384,1183435,1661437,1817756160,0.27063247095793486,1.4091907640686259,0.17970572202466428,0.3543281555175781,2.213926185038872,0.0031199084475221025
855,6172,537874,677264,826174464,0.09990129701327533,0.6435889580752701,0.08237905998248607,0.145114013671875,0.9710535190533847,0.007228263849628348
856,16384,1186730,1663710,1822817280,0.2684627700364217,1.4122682539746165,0.17984826699830592,0.339275146484375,2.1999179819831625,0.002888493569471673
857,16384,1168152,1639714,1794281472,0.2541201430140063,1.4062354339985177,0.17626011394895613,0.35103994750976564,2.187716640997678,0.0027884107698802315
858,16384,1177682,1651355,1808919552,0.22309641004540026,1.4138235739665106,0.177509697037749,0.3369416198730469,2.15142934396863,0.002697882971879093
859,16384,1177829,1654103,1809145344,0.2429905260214582,1.416493984987028,0.17780346306972206,0.35558856201171873,2.192935500992462,0.0026888571281822454
860,16384,1183213,1659417,1817415168,0.23188651900272816,1.4215585310012102,0.17863294400740415,0.355672119140625,2.1878132220590487,0.002884565576473695
861,6172,536798,675709,824521728,0.09075490792747587,0.647265188046731,0.0810963879339397,0.14502957153320312,0.964205828960985,0.006199248940413022
862,16384,1185322,1664000,1820654592,0.2348846469540149,1.433405701071024,0.1790404749335721,0.3512728576660156,2.198666507960297,0.002857520021474668
863,16384,1167363,1641378,1793069568,0.2453150670044124,1.4032440290320665,0.1762315189698711,0.35530718994140625,2.1801711780717596,0.003365475369146668
864,16384,1177349,1651691,1808408064,0.22358541993889958,1.4126261050114408,0.17784582905005664,0.3559190979003906,2.1700379139510915,0.0028323030629440666
865,16384,1176879,1654788,1807686144,0.21618553798180073,1.413349249982275,0.17711548507213593,0.3542559509277344,2.160965300980024,0.0027338252979340564
866,16384,1183880,1661192,1818439680,0.22109651600476354,1.4210765369934961,0.17882415000349283,0.3555818786621094,2.1766370250843465,0.002662061695039531
867,6172,537913,677040,826234368,0.08640713000204414,0.6542067000409588,0.08121668396051973,0.15005183410644532,0.9719403949566185,0.005972264035095703
868,16384,1186672,1664140,1822728192,0.24106908799149096,1.4221394920023158,0.1790668769972399,0.34282537841796873,2.185160650056787,0.0027373112255942374
869,16384,1168227,1641456,1794396672,0.23590881703421474,1.4038879349827766,0.17648946295958012,0.33184146118164065,2.148190660052933,0.0029319508687855426
870,16384,1176458,1651109,1807039488,0.24539771291892976,1.4195324900792912,0.18012933293357491,0.34070114135742186,2.185829914989881,0.0031675703671478015
871,16384,1176444,1655503,1807017984,0.27509542799089104,1.4520028870319948,0.17982909106649458,0.35471841430664064,2.2617367580533028,0.004020700329423529
872,16384,1182656,1660519,1816559616,0.3243721410399303,1.4402236778987572,0.18473311606794596,0.3402549743652344,2.2896815929561853,0.004266251893621113
873,6172,538172,676943,826632192,0.13918134290724993,0.6509358061011881,0.08430649293586612,0.15058758544921874,1.0251030329382047,0.00895573827528079
874,16384,1186623,1665574,1822652928,0.36521785508375615,1.4256015919381753,0.18175763497129083,0.35987326049804685,2.332546222023666,0.004110509429196422
875,16384,1168773,1640537,1795235328,0.3714359380537644,1.3964125509373844,0.17911474197171628,0.3492562255859375,2.296336026978679,0.005076366372643798
876,16384,1178783,1652212,1810610688,0.3394129070220515,1.4075339259579778,0.17926326696760952,0.3562222595214844,2.2825066649820656,0.0032554346535837737
877,16384,1175460,1652489,1805506560,0.33570849092211574,1.4048604971030727,0.1780752829508856,0.35291650390625,2.271637786994688,0.0033901580967267784
878,16384,1182544,1660888,1816387584,0.3276899120537564,1.4094339549774304,0.1807001760462299,0.3557073974609375,2.273606870090589,0.003317616305033891
879,6172,538240,676914,826736640,0.11580789601430297,0.6497948610922322,0.08280528290197253,0.1503729248046875,0.9988621490774676,0.008127674509188793
880,16384,1185091,1663346,1820299776,0.29521168395876884,0.7676819630432874,0.18021378794219345,0.3549397583007812,1.5981264819856733,0.004961355783550413
881,16384,1169139,1641201,1795797504,0.2752678979886696,1.4127769579645246,0.17813227698206902,0.338155517578125,2.204412368941121,0.003616311941267704
882,16384,1177429,1653733,1808530944,0.290462319040671,1.428864808054641,0.17645537795033306,0.3424684143066406,2.238325398066081,0.003327430134141819
883,16384,1177164,1655278,1808123904,0.2726913219084963,1.4342092330334708,0.18019969097804278,0.35351364135742186,2.2406862219795585,0.0032282388054695127
884,16384,1182316,1658790,1816037376,0.2794219549978152,1.418287965003401,0.17957493802532554,0.35237152099609376,2.229735393077135,0.003543651625437199
885,6172,538086,677313,826500096,0.10106657794676721,0.6462656729854643,0.08211853005923331,0.15367269897460936,0.9831974679837003,0.0075252449315069015
886,16384,1186848,1666176,1822998528,0.3012533689616248,1.4196131760254502,0.18051163805648685,0.3448598327636719,2.2463222650112584,0.003750539507932091
887,16384,1168662,1641308,1795064832,0.2708957639988512,1.393658387940377,0.17872323002666235,0.35208236694335937,2.195437095942907,0.003523081294379223
888,16384,1178195,1651167,1809707520,0.2707544480217621,1.4104592950316146,0.17986894201021641,0.3322147216796875,2.1933743050321937,0.003505935523023639
889,16384,1175877,1653059,1806147072,0.26305428403429687,1.4093469319632277,0.17167116003111005,0.344193603515625,2.18834022001829,0.003392547162066749
890,16384,1183539,1661349,1817915904,0.27185410307720304,1.4359778779326007,0.17335709708277136,0.35325042724609373,2.2345141579862684,0.003340889442693239
891,6172,537981,676690,826338816,0.09280132595449686,0.6425784169696271,0.07963500602636486,0.15066275024414064,0.9657506999792531,0.007579677097325051
892,16384,1185161,1663958,1820407296,0.24960915802512318,1.407523781992495,0.17384888709057122,0.3415256652832031,2.172584918094799,0.003563759591698966
893,16384,1168143,1640307,1794267648,0.24442097498103976,1.384154655970633,0.17146200803108513,0.35239373779296873,2.1525037719402462,0.003363300239625909
894,16384,1177176,1650728,1808142336,0.2566009780857712,1.4055209549842402,0.17311054293531924,0.35155157470703124,2.186853848048486,0.003191678135527765
895,16384,1176241,1654290,1806706176,0.247733692987822,1.3972144150175154,0.17233446205500513,0.3520276184082031,2.1693826770642772,0.0033414388571507718
896,16384,1182886,1661964,1816912896,0.2377040609717369,1.049006402026862,0.17406345601193607,0.3561603088378906,1.8170049659674987,0.00389311644151421
897,6172,538992,677509,827891712,0.09228169999551028,0.6438907659612596,0.07948277005925775,0.14532505798339843,0.9610520269488916,0.007464002723477111
898,16384,1184972,1663555,1820116992,0.24995448696427047,1.40281540597789,0.17421793204266578,0.35351339721679687,2.1805825689807534,0.0037305067135588025
899,16384,1169309,1640865,1796058624,0.2511326919775456,1.4019079389981925,0.1717467240523547,0.3526291809082031,2.1774910029489547,0.0034198539768038765
900,16384,1176964,1651593,1807816704,0.26065963704604656,1.3984426360111684,0.17291711596772075,0.33462985229492187,2.166721882065758,0.003352564373946132
901,16384,1175409,1654169,1805428224,0.2518433319637552,1.4072089289547876,0.1729471260914579,0.35255194091796876,2.184622347005643,0.003250862913249774
902,16384,1183298,1661268,1817545728,0.2815668690018356,1.4322862080298364,0.17322362796403468,0.35634405517578127,2.2434956720098853,0.0033390676582072897
903,6172,536849,675873,824600064,0.09368893399368972,0.6456871870905161,0.07861623296048492,0.15375651550292968,0.9718226300319657,0.007589912198570455
904,16384,1185174,1664390,1820427264,0.25108097796328366,1.4054491049610078,0.17452225007582456,0.3385547790527344,2.169720922014676,0.005245373295277998
905,16384,1169391,1641762,1796184576,0.24849781394004822,1.3991198050789535,0.17152455996256322,0.34902215576171874,2.168245524982922,0.0037445131883152346
906,16384,1178621,1651227,1810361856,0.23656662600114942,1.422812122036703,0.1737221300136298,0.33447235107421874,2.167649078066461,0.003499133763265523
907,16384,1176487,1653277,1807084032,0.2559348710346967,1.4146725960308686,0.17422717798035592,0.3565094604492188,2.201418047072366,0.003358815801673351
908,16384,1182818,1660687,1816808448,0.24870394705794752,1.41097861493472,0.17409908003173769,0.3541741027832031,2.188032536068931,0.0035096032648863442
909,6172,537603,676217,825758208,0.09122097201179713,0.6435114510823041,0.08109310199506581,0.14546873474121094,0.9613675210857764,0.007620525323725718
910,16384,1185730,1663919,1821281280,0.25298186601139605,1.4091801500180736,0.17508477601222694,0.35426556396484377,2.1915880070300773,0.003451881617094849
911,16384,1168271,1641414,1794464256,0.26451009209267795,1.3938385379733518,0.17483978299424052,0.348005615234375,2.181285066064447,0.00417358424252395
912,16384,1177442,1652893,1808550912,0.26959587703458965,1.4061310399556533,0.17436708905734122,0.35114212036132814,2.201335499063134,0.004514198506500545
913,16384,1177842,1654664,1809165312,0.2835750930244103,1.0310579439392313,0.1755608890671283,0.3532547912597656,1.8435379769653082,0.004841759480296241
914,16384,1183707,1659554,1818173952,0.32074999692849815,1.4256987790577114,0.1783464909531176,0.3427885437011719,2.267673636903055,0.003961163594900438
915,6172,537136,676363,825040896,0.12916443799622357,0.6517538439948112,0.08251861005555838,0.14542544555664064,1.0089537190506235,0.009057050453783288
916,16384,1185905,1664268,1821550080,0.34835808794014156,1.4391009990358725,0.1825500059640035,0.3560606384277344,2.3261661080177873,0.004143154252960168
917,16384,1168133,1640811,1794252288,0.3648818799993023,1.40228719310835,0.17902107094414532,0.3508952331542969,2.2971999330911785,0.00498676164115953
918,16384,1178001,1651879,1809409536,0.3402932670433074,1.4096147819655016,0.17968650604598224,0.33560675048828126,2.265276999096386,0.003341470087053811
919,16384,1175874,1654208,1806142464,0.33140026696491987,1.4097971280571073,0.17974699393380433,0.3559201965332031,2.2769424830330536,0.0034211467614677165
920,16384,1183382,1661580,1817674752,0.31915441201999784,1.4165854119928554,0.18134138698223978,0.35238568115234375,2.26955753704533,0.003993945798396401
921,6172,537511,676344,825616896,0.11565947206690907,0.645794034935534,0.07934332301374525,0.15150323486328124,0.992376069072634,0.007658809551450841
922,16384,1185443,1663443,1820840448,0.28951317095197737,1.4089313510339707,0.17547387396916747,0.3530717468261719,2.227061655954458,0.0032110998354774266
923,16384,1168399,1641380,1794660864,0.28462079691234976,1.4087206980912015,0.17239037388935685,0.35001654052734377,2.215822775964625,0.003356159399563496
924,16384,1176525,1651271,1807142400,0.27430750301573426,1.409117097966373,0.17396493605338037,0.33371673583984374,2.191179262008518,0.0033310434455215724
925,16384,1176950,1654942,1807795200,0.2716367590473965,1.4139574200380594,0.17432250594720244,0.3534744873046875,2.2134723010240123,0.0036652225839419574
926,16384,1183825,1661029,1818355200,0.27737110399175435,1.4278032389702275,0.1755318590439856,0.35508367919921874,2.2358627510257065,0.003259136567614453
927,6172,537089,677050,824968704,0.10492767998948693,0.6520894140703604,0.08223011391237378,0.15082598876953124,0.9901624110061675,0.009010063745457651
928,16384,1186447,1665366,1822382592,0.27589492895640433,1.4258533540414646,0.17663275497034192,0.35548580932617185,2.2339388399850577,0.003222679573252348
929,16384,1168710,1640296,1795138560,0.2948901039781049,1.3221150760073215,0.17367423698306084,0.3307913818359375,2.1215455849887803,0.0035250802473763346
930,16384,1177003,1651379,1807876608,0.27376681298483163,1.417791557032615,0.173990692012012,0.35358816528320314,2.2192166639724746,0.003579490957430826
931,16384,1176790,1654657,1807549440,0.27643526101019233,1.4225099730538204,0.17425551894120872,0.35422994995117185,2.2275054280180484,0.0033546522811992957
932,16384,1181926,1660229,1815438336,0.30154628795571625,1.4236340320203453,0.17603754298761487,0.3655593566894531,2.2668509549694136,0.0032527641979375995
933,6172,537530,675721,825646080,0.09719104005489498,0.6515139139955863,0.07959105004556477,0.15110330200195313,0.9794715810567141,0.007378974552471843
934,16384,1185161,1664010,1820407296,0.26248497294727713,1.420871798065491,0.17603219102602452,0.35714926147460935,2.216616168967448,0.003516416379953484
935,16384,1169263,1642181,1795987968,0.25908268603961915,1.4071926820324734,0.1740549219539389,0.3509969177246094,2.19140106101986,0.003370139338387465
936,16384,1176693,1650420,1807400448,0.2747239109594375,1.4156279430026188,0.17357225494924933,0.3569136047363281,2.220910726930015,0.003287537922872278
937,16384,1177671,1656112,1808902656,0.26044842693954706,1.4155859859893098,0.1758344949921593,0.3325799560546875,2.184532154002227,0.0038127168955011084
938,16384,1183629,1661311,1818054144,0.2580093110445887,1.4160477579571307,0.17423121503088623,0.3420011291503906,2.1903634880436584,0.0033818524215998417
939,6172,538065,676623,826467840,0.09820649505127221,0.6436530629871413,0.08021941897459328,0.15069468688964843,0.9728431539842859,0.007142989221449569
940,16384,1185600,1664794,1821081600,0.26033486903179437,1.4100349110085517,0.17548150394577533,0.3562612609863281,2.202187455026433,0.0034016202304863867
941,16384,1168510,1642051,1794831360,0.26030745496973395,1.4052786299725994,0.17221547500230372,0.3511601257324219,2.1890353949274868,0.0033672023119641313
942,16384,1175970,1649984,1806289920,0.25642895698547363,1.401399017078802,0.17360433796420693,0.3503759765625,2.181883680052124,0.003455338239651187
943,16384,1176898,1655687,1807715328,0.2644818590488285,1.4058055540081114,0.173818192910403,0.35447174072265625,2.1986514549935237,0.0033706253602037513
944,16384,1183296,1661667,1817542656,0.24361510295420885,1.4147683850023896,0.17652090196497738,0.3570765686035156,2.1920562249142677,0.0034335975656493148
945,6172,538208,676980,826687488,0.10059088992420584,0.6481339100282639,0.07993083400651813,0.15117257690429686,0.9799042659578845,0.007761482140848751
946,16384,1186733,1665363,1822821888,0.30107550707180053,1.2528988929698244,0.17738166102208197,0.35572854614257815,2.0871642080601305,0.003813828041794016
947,16384,1165700,1639096,1790515200,0.2522311940556392,1.3931203399552032,0.17375978000927716,0.35994085693359373,2.179131019045599,0.003618327268818457
948,16384,1177815,1653006,1809123840,0.25296137598343194,1.4157519260188565,0.17542995302937925,0.33685772705078126,2.1810744759859517,0.0033696191630389815
949,16384,1178042,1655612,1809472512,0.2522135559702292,1.4122298300499097,0.17521080293226987,0.3465587158203125,2.1862890999764204,0.003485138525376794
950,16384,1183246,1662637,1817465856,0.25319636100903153,1.4260364000219852,0.17570718796923757,0.3551205749511719,2.210131510044448,0.003211849281334892
951,6172,537743,677019,825973248,0.09853753994684666,0.6499337350251153,0.0806948560057208,0.15310911560058593,0.9823447220260277,0.0070724101429230045
952,16384,1186263,1664227,1822099968,0.256942817941308,1.433772663003765,0.17558273498434573,0.35555792236328126,2.2219336109701544,0.0034867233238505533
953,16384,1170763,1643752,1798291968,0.2658506970619783,1.4139695969643071,0.17494159704074264,0.3551202392578125,2.2099751160712913,0.004207547215100377
954,16384,1177529,1650463,1808684544,0.2866036919876933,1.4211168370675296,0.17600094992667437,0.35610916137695314,2.2399197870399803,0.003979905068284638
955,16384,1176934,1655036,1807770624,0.30603818397503346,1.4234444970497862,0.17476398195140064,0.3404420471191406,2.2447784170508385,0.003996249910295179
956,16384,1184252,1662524,1819011072,0.3325735230464488,1.429253577021882,0.1772015510359779,0.35643280029296875,2.2955538760870695,0.004026247902739163
957,6172,537697,675855,825902592,0.13805940200109035,0.651753342943266,0.08157068106811494,0.15263072204589845,1.0240993309998885,0.008317839777860629
958,16384,1184832,1663049,1819901952,0.37515072291716933,1.4276084640296176,0.17514971096534282,0.35591720581054687,2.3339364209678024,0.004726660252373656
959,16384,1169107,1642145,1795748352,0.3692606349941343,1.4040233349660411,0.1729683760786429,0.3517826843261719,2.298108975053765,0.0032176319564228653
960,16384,1177204,1651447,1808185344,0.33732574596069753,1.4125727850478142,0.1753658530069515,0.3377877197265625,2.2631234779255465,0.003153790953827716
961,16384,1175745,1655138,1805944320,0.3225582289742306,1.4087214269675314,0.17359248001594096,0.3537454528808594,2.2586938720196486,0.0033773138551923825
962,16384,1183428,1661196,1817745408,0.35432207107078284,1.424416942987591,0.1739231039537117,0.35781103515625,2.310558891040273,0.0037106984059003087
963,6172,537404,676099,825452544,0.1736263750353828,0.6554972040466964,0.08031667093746364,0.15067079162597657,1.060188943054527,0.007347879782927977
964,16384,1185921,1664900,1821574656,0.2963474519783631,1.4208002910017967,0.17651606001891196,0.35533660888671875,2.249075479921885,0.0033377286251401604
965,16384,1169526,1642301,1796391936,0.2795503929955885,1.413248104043305,0.1736231710528955,0.3510774230957031,2.217583238030784,0.0037945291905554773
966,16384,1177977,1651776,1809372672,0.2857664419570938,1.4182627220870927,0.1732025909004733,0.3371271667480469,2.214434077963233,0.0033939267496844406
967,16384,1177833,1655124,1809151488,0.2824278499465436,1.4064508599694818,0.17333249701187015,0.3573675842285156,2.2196579599985853,0.0035667135928461016
968,16384,1182206,1660075,1815868416,0.27244132210034877,1.4141217939322814,0.17398102302104235,0.3645094604492187,2.2251290550921112,0.003391065747277706
969,6172,537924,676664,826251264,0.10570079903118312,0.6436594530241564,0.07976415089797229,0.1520184326171875,0.9812158569693565,0.007441930166392729
970,16384,1184699,1664567,1819697664,0.27008342801127583,1.4106863659108058,0.17436163406819105,0.35784518432617185,2.213060153997503,0.003774939461443305
971,16384,1168985,1643165,1795560960,0.2659760400420055,1.395000163000077,0.1722598959458992,0.35064981079101565,2.1839583279797807,0.0033159149538635768
972,16384,1178482,1652724,1810148352,0.27572010294534266,1.4026812240481377,0.17263763502705842,0.3554233093261719,2.2065559569746256,0.004245785275414392
973,16384,1177030,1654878,1807918080,0.2631413029739633,1.4069127650000155,0.17336225498002023,0.3546924133300781,2.1981837999774143,0.0034148051376717246
974,16384,1182464,1659633,1816264704,0.2727921650512144,1.4078781909774989,0.17404552700463682,0.3557965393066406,2.210584789980203,0.0032736876025005715
975,6172,537921,677231,826246656,0.09993327804841101,0.6457829319406301,0.0791547050466761,0.15150816345214843,0.9764507950749248,0.007344618635256019
976,16384,1186420,1664299,1822341120,0.271957207005471,1.4229623150313273,0.17649950494524091,0.3554319152832031,2.2269276829902083,0.0034460357896638127
977,16384,1167149,1639970,1792740864,0.25966141396202147,1.3927550480002537,0.1731685750419274,0.35597335815429687,2.181630410021171,0.003300965293690101
978,16384,1177371,1651897,1808441856,0.2838711650110781,1.371977369999513,0.1747164080152288,0.35256793212890625,2.183205030974932,0.0033050409458656965
979,16384,1177073,1656572,1807984128,0.26610080106183887,1.4216168479761109,0.17464950296562165,0.3547250366210937,2.217166004003957,0.003329267143656736
980,16384,1182428,1660868,1816209408,0.2868737670360133,1.412930284976028,0.1746629240224138,0.3550300598144531,2.2295730049954727,0.003407340616090618
981,6172,538139,676809,826581504,0.10087313002441078,0.6474992079893127,0.07970980706159025,0.1553671417236328,0.9835208370350301,0.00727490800288647
982,16384,1186157,1665497,1821937152,0.26431162701919675,1.4193686349317431,0.17547987401485443,0.3565810241699219,2.215818349039182,0.0034835393207811446
983,16384,1168138,1641829,1794259968,0.2588067390024662,1.4025347960414365,0.17273287603165954,0.35124090576171874,2.185389285092242,0.003384671804957876
984,16384,1177426,1651542,1808526336,0.2662266190163791,1.4178952160291374,0.17388472997117788,0.34542446899414064,2.2035076750908047,0.0034781399146413725
985,16384,1177084,1654278,1808001024,0.26661841303575784,1.4177895749453455,0.1735666950698942,0.352888427734375,2.2109403860522434,0.0034951311830127975
986,16384,1183699,1661635,1818161664,0.2627371890703216,1.444051526952535,0.1750018009915948,0.35548202514648436,2.2373503639828414,0.003478302869256844
987,6172,537319,676284,825321984,0.10119485796894878,0.6531098310369998,0.08036308898590505,0.1447406005859375,0.9794813810149208,0.007453172520130519
988,16384,1186583,1664496,1822591488,0.25774071097839624,1.4277841550065205,0.17570825200527906,0.33967572021484377,2.2009870969923213,0.003555622265508425
989,16384,1168614,1640063,1794991104,0.25623951002489775,1.4086206869687885,0.17240374302491546,0.34049798583984375,2.177837191033177,0.0034559596576670382
990,16384,1178150,1653041,1809638400,0.25140829803422093,1.4200234089512378,0.17373763397336006,0.35313619995117185,2.1983798099681735,0.003378354270095364
991,16384,1175933,1653775,1806233088,0.25957029999699444,1.416372144012712,0.17378969106357545,0.3317464599609375,2.1815551460022107,0.0035090090723344106
992,16384,1183353,1661655,1817630208,0.26022906391881406,1.425423384993337,0.17449323204346,0.35589993286132815,2.2161224599694833,0.0034675950418847764
993,6172,538827,677642,827638272,0.09902562096249312,0.6517804829636589,0.07994385401252657,0.15410636901855468,0.9849286789540201,0.0073459122810534926
994,16384,1186490,1665385,1822448640,0.2644065039930865,1.1836594260530546,0.1764706299873069,0.3524277038574219,1.977058794000186,0.004781350438485183
995,16384,1168521,1640347,1794848256,0.2770263720303774,1.4114401240367442,0.17498968495056033,0.3532369384765625,2.21678240201436,0.004027572577000711
996,16384,1176605,1649895,1807265280,0.3080659540137276,1.426640048972331,0.18142460600938648,0.3510280151367188,2.2672483909409493,0.0039592842647517895
997,16384,1175578,1652646,1805687808,0.3353279820876196,1.4241984639083967,0.18138815800193697,0.3538609619140625,2.2948707779869437,0.004148907896736444
998,16384,1181797,1659144,1815240192,0.3590008100727573,1.435834806994535,0.18133076699450612,0.3625105590820312,2.3387746720109135,0.004178635430483094
999,6172,537306,676421,825302016,0.14664516795892268,0.6485794769832864,0.08248615905176848,0.15024543762207032,1.028083264012821,0.012355263549111421
1000,16384,1184571,1662641,1819501056,0.37746372900437564,1.4205802630167454,0.18047817202750593,0.33261392211914065,2.3112411490874365,0.004545735944106696
1001,16384,1168888,1642402,1795411968,0.35671023197937757,1.400551702012308,0.17845384101383388,0.3537472229003906,2.2895567580126226,0.004095120436924437
1002,16384,1178281,1652918,1809839616,0.34063330793287605,1.4344764580018818,0.1796274840598926,0.35370306396484374,2.308516012970358,0.003279120025107643
1003,16384,1178189,1656227,1809698304,0.32700737100094557,1.41242795297876,0.17991925193928182,0.3475062255859375,2.2669597949134186,0.004366791537976981
1004,16384,1182481,1660783,1816290816,0.313654878991656,1.4268865450285375,0.17337939201388508,0.34254257202148436,2.256537200999446,0.00327107143860153
1005,6172,538552,676924,827215872,0.10691499093081802,0.648063305998221,0.07953402306884527,0.15132978820800783,0.9859126859810203,0.007158623287007654
1006,16384,1185517,1663487,1820954112,0.28243059595115483,1.4167466290527955,0.17442763003055006,0.33457443237304685,2.208252600976266,0.003319981087606022
1007,16384,1168143,1641210,1794267648,0.2780734699917957,1.4159188480116427,0.17067508003674448,0.35063723754882814,2.215377946035005,0.0033091620382627147
1008,16384,1178260,1651723,1809807360,0.29014230100438,1.4074434790527448,0.17395274294540286,0.34072543334960936,2.2123369009932503,0.0032971759898066414
1009,16384,1176286,1654564,1806775296,0.27516597195062786,1.410203407984227,0.173473329981789,0.3525792236328125,2.2114990699337795,0.0034879682009253924
1010,16384,1183888,1662147,1818451968,0.2627879560459405,1.022324347984977,0.17459294095169753,0.3556332092285156,1.815414571086876,0.004192809563047653
1011,6172,537615,676519,825776640,0.09956830996088684,0.6578603540547192,0.07978331798221916,0.1494283447265625,0.9867150720674545,0.007575169892775194
1012,16384,1185856,1664728,1821474816,0.2700264130253345,1.4248474219348282,0.17576566396746784,0.35881375122070314,2.229522972018458,0.0031272102148971405
1013,16384,1168072,1641431,1794158592,0.2712455840082839,1.4082292040111497,0.1719479929888621,0.33097177124023436,2.1824714350514114,0.003522740396353332
1014,16384,1175740,1650549,1805936640,0.281375088961795,1.4189641359262168,0.17349823005497456,0.3555335693359375,2.2294450129847974,0.00331870512359262
1015,16384,1177002,1654966,1807875072,0.2704523119609803,1.4222012859536335,0.1724052500212565,0.35578662109375,2.220929071889259,0.0037643192075283954
1016,16384,1182456,1660579,1816252416,0.2781217258889228,1.429869250045158,0.17492486804258078,0.3574898681640625,2.2404807169223204,0.003347709312102855
1017,6172,537112,676088,825004032,0.10221098898909986,0.6530902970116585,0.07976697105914354,0.15235037231445311,0.9874916620319709,0.007395774609938839
1018,16384,1185985,1664952,1821672960,0.2757334589259699,1.4297689630184323,0.17554254701826721,0.35699612426757815,2.238121449947357,0.003590364459962558
1019,16384,1168448,1642536,1794736128,0.26360294793266803,1.4436493180692196,0.17612013802863657,0.3515997314453125,2.2350492839468643,0.0034517570409606803
1020,16384,1179118,1653031,1811125248,0.28608586895279586,1.452487108996138,0.17823573702480644,0.35119210815429686,2.268076851963997,0.0033521278564247704
1021,16384,1177416,1656786,1808510976,0.27443553099874407,1.4313531130319461,0.17768973903730512,0.3482215576171875,2.231780749047175,0.003620801999774872
1022,16384,1182993,1661220,1817077248,0.2785442799795419,1.4370911229634658,0.17813792801462114,0.35201910400390624,2.2458655359223485,0.00325491262251617
1023,6172,538271,677730,826784256,0.10221685899887234,0.6561784709338099,0.08166454802267253,0.15335618591308595,0.9934991199988872,0.008359960142345193
1024,16384,1185512,1665093,1820946432,0.2761717450339347,1.4333926739636809,0.17812583700288087,0.3367464599609375,2.224510916043073,0.003335568331169536
1025,16384,1169243,1642448,1795957248,0.27001636603381485,1.4179893370019272,0.17695697001181543,0.3502773132324219,2.215313617954962,0.003323758513727049
1026,16384,1177924,1652137,1809291264,0.26893806003499776,1.4204720089910552,0.17830751999281347,0.3417485656738281,2.209541189018637,0.003395923385147863
1027,16384,1176957,1654917,1807805952,0.2635395110119134,1.4215071939397603,0.17779877304565161,0.3543266296386719,2.217245706007816,0.003319360214311362
1028,16384,1181944,1660622,1815465984,0.24953188898507506,1.4397015699651092,0.1775431929854676,0.3637912902832031,2.2306417420040816,0.003308455312961924
1029,6172,537420,676369,825477120,0.09616438404191285,0.6589274909347296,0.0812804230954498,0.14981117248535156,0.9862579570617527,0.0075524363352937034
1030,16384,1186055,1663255,1821780480,0.268653301987797,1.423470068955794,0.1785822210367769,0.3588788757324219,2.229656716925092,0.003240373809733301
1031,16384,1168633,1642934,1795020288,0.2644798770779744,1.4073575439397246,0.1748905429849401,0.35265570068359375,2.1994557740399614,0.003278508919328637
1032,16384,1177952,1651263,1809334272,0.26873288699425757,1.4159807859687135,0.17693391803186387,0.3557604370117188,2.217485442990437,0.0034911157648440713
1033,16384,1177035,1655173,1807925760,0.26534711802378297,1.4144764429656789,0.17620836396235973,0.33841912841796873,2.194525483995676,0.0033916501051620045
1034,16384,1183529,1661937,1817900544,0.2631506349425763,1.4225407760823146,0.17769786599092185,0.35600393676757813,2.219507399946451,0.005144662417580813
1035,6172,538018,676780,826395648,0.09747949405573308,0.6706084889592603,0.0812215959886089,0.15025862121582031,0.9996677490416914,0.009958190845332728
1036,16384,1186933,1664976,1823129088,0.28243353799916804,1.4234781269915402,0.17564936308190227,0.35463433837890623,2.2362874990794808,0.004119891919177301
1037,16384,1169072,1642516,1795694592,0.30461804603692144,1.4174589189933613,0.18026537902187556,0.3362306213378906,2.2386653079884127,0.004124895223701722
1038,16384,1177464,1652426,1808584704,0.3144273579819128,1.4106805969495326,0.17656665400136262,0.340023681640625,2.2417872640071437,0.003968861592663129
1039,16384,1176689,1655648,1807394304,0.35744913504458964,1.406322650029324,0.17455205193255097,0.34921511840820313,2.28763070597779,0.004010724409425389
1040,16384,1182887,1661325,1816914432,0.3689756280509755,1.4279179410077631,0.17480302695184946,0.352971923828125,2.3247820580145344,0.0048838202028477105
1041,6172,537869,676123,826166784,0.14280634198803455,0.6426679420983419,0.08019821997731924,0.1545536651611328,1.020300897071138,0.007324098853983896
1042,16384,1185010,1663251,1820175360,0.35167667909990996,1.4061006139963865,0.1745771279092878,0.3407091979980469,2.2731348540401086,0.003133779606209369
1043,16384,1168084,1640538,1794177024,0.3561015600571409,1.392944889026694,0.17215497698634863,0.354195068359375,2.2754684829851612,0.003163680628457809
1044,16384,1177500,1650264,1808640000,0.32520846696570516,1.4014550719875842,0.1738057479960844,0.35574993896484375,2.2562926990212873,0.0032563641721387007
1045,16384,1175719,1654268,1805904384,0.3001753240823746,1.4074745259713382,0.17308281594887376,0.35271646118164063,2.233523741015233,0.003340632993327338
1046,16384,1183231,1661297,1817442816,0.29837474902160466,1.4343387199332938,0.17532350006513298,0.35475274658203126,2.2628643510397524,0.0032982727248062177
1047,6172,536713,675611,824391168,0.1060982949566096,0.6483940669568256,0.0796711950097233,0.15147666931152343,0.9857135959900916,0.007443313728052814
1048,16384,1186505,1665910,1822471680,0.2908041109330952,1.413053794996813,0.17508662503678352,0.3557158508300781,2.2347308869939297,0.0031549748370355594
1049,16384,1168950,1642560,1795507200,0.27593719598371536,1.396641583996825,0.1721698979381472,0.3519985961914063,2.1968203469878063,0.0033263019350896744
1050,16384,1178192,1651844,1809702912,0.2925920709967613,1.408351611928083,0.17404141300357878,0.3392118225097656,2.2142731769708917,0.0034439532346721364
1051,16384,1179319,1656742,1811433984,0.28006119991187006,1.408839263021946,0.1733100840356201,0.3531888732910156,2.215469858958386,0.0031794022224753476
1052,16384,1182757,1660633,1816714752,0.2824102439917624,1.414272682974115,0.174794316990301,0.3544609375,2.2260141209699214,0.0034114569637134426
1053,6172,537793,676824,826050048,0.09938429808244109,0.645660224952735,0.08018024999182671,0.152425537109375,0.9777219879906625,0.0073311079391741975
1054,16384,1185304,1664042,1820626944,0.27290531899780035,1.4354932811111212,0.17476987489499152,0.35558404541015626,2.2388261990854517,0.0032909509193831507
1055,16384,1169201,1643690,1795892736,0.28009836992714554,1.3962468340760097,0.172794871032238,0.34997598266601565,2.1991883469745517,0.003287088768093554
1056,16384,1178064,1652215,1809506304,0.2549333570059389,1.4094144940609112,0.17275065300054848,0.3410297241210937,2.178207718068734,0.0036493250658446693
1057,16384,1176563,1654991,1807200768,0.24776629102416337,1.4067583790747449,0.17362005996983498,0.35297781372070314,2.1812011940637603,0.00360582391609734
1058,16384,1184293,1661866,1819074048,0.25466307101305574,1.369852039963007,0.17688060202635825,0.33576791381835935,2.137237890972756,0.003474772382111042
1059,6172,537246,676057,825209856,0.09766631189268082,0.64585061208345,0.07930026296526194,0.15306019592285156,0.9759512589080259,0.007569644806265866
1060,16384,1186278,1664491,1822123008,0.26291131402831525,1.4134604739956558,0.17471798998303711,0.34263385009765623,2.193798218970187,0.0034000786798628847
1061,16384,1168285,1642009,1794485760,0.2629656119970605,1.3993137049255893,0.17247478407807648,0.3491081237792969,2.1839394349372014,0.0035353616470894175
1062,16384,1178181,1651594,1809686016,0.2732607169309631,1.428593303076923,0.17372419591993093,0.3384359130859375,2.21408700698521,0.003291558607474099
1063,16384,1176042,1654390,1806400512,0.265586419031024,1.4103643440175802,0.17363811400718987,0.3540125732421875,2.203674146090634,0.0032988449214073298
1064,16384,1181938,1660088,1815456768,0.2603121290449053,1.4142019089777023,0.1744827029760927,0.3594296264648438,2.2084987660637125,0.003278181599227974
1065,6172,538613,677238,827309568,0.09652996994554996,0.6517158360220492,0.07999886001925915,0.150900390625,0.9792172929737717,0.007376949164579531
1066,16384,1184847,1663920,1819924992,0.2687982290517539,1.4151113289408386,0.1753539260243997,0.356149658203125,2.2154953060671687,0.003708599464254809
1067,16384,1168257,1641727,1794442752,0.2604456909466535,1.399042190052569,0.17233852297067642,0.34773696899414064,2.179637109977193,0.003382994940583436
1068,16384,1176369,1650912,1806902784,0.24592358793597668,1.4089011299656704,0.1734138980973512,0.3494368896484375,2.177746554953046,0.003262514889477
1069,16384,1176014,1654402,1806357504,0.26395910198334605,1.4062410090118647,0.1736552349757403,0.33925839233398436,2.1831872819457203,0.0033686363690832374
1070,16384,1182054,1660957,1815634944,0.27046401100233197,1.4148004699964076,0.17469108698423952,0.36093759155273436,2.2209671050077304,0.003329426710120247
1071,6172,538444,677458,827049984,0.09908443794120103,0.6822840389795601,0.08011342701502144,0.15573277282714842,1.0172886590007693,0.007272492147001326
1072,16384,1185590,1665053,1821066240,0.2690264160046354,1.4317522729979828,0.17544707702472806,0.34140164184570315,2.217699864995666,0.0032672195079310198
1073,16384,1169402,1641688,1796201472,0.2557176339905709,1.3985096629476175,0.17342969204764813,0.33604782104492187,2.1637767989886925,0.0033270047986265466
1074,16384,1177261,1650821,1808272896,0.2736793280346319,1.4090159909101203,0.17470202106051147,0.35253277587890625,2.210004579043016,0.0033693667222316945
1075,16384,1177109,1656276,1808039424,0.26235000509768724,1.1639724109554663,0.17394398502074182,0.357205810546875,1.95755710802041,0.00433685430130067
1076,16384,1182446,1660517,1816237056,0.2705561249749735,1.4114744460675865,0.17617313098162413,0.3359433898925781,2.1942389300093055,0.004185418975444784
1077,6172,537527,676102,825641472,0.10616908792871982,0.6457673159893602,0.08064485806971788,0.15223417663574218,0.9849030489567667,0.00889532561802628
1078,16384,1185941,1664601,1821605376,0.30531592201441526,1.4175605960190296,0.17740192101337016,0.3381053466796875,2.238474260084331,0.004041786829628752
1079,16384,1168368,1641635,1794613248,0.32861940399743617,1.4150696189608425,0.17309469706378877,0.3506968078613281,2.2675721650011837,0.004041199623214551
1080,16384,1179133,1653432,1811148288,0.3497933499747887,1.4359613080741838,0.18268328497651964,0.35591989135742186,2.3244504199828953,0.003983117866719548
1081,16384,1176782,1655066,1807537152,0.37708439002744853,1.4262258609523997,0.18002155795693398,0.35241619873046875,2.3358774329535663,0.005540756740462671
1082,16384,1182449,1659742,1816241664,0.39288596995174885,1.430838363012299,0.18053713405970484,0.3546165771484375,2.3589790869737044,0.004283327566242465
1083,6172,537310,676817,825308160,0.13334845297504216,0.6501573199639097,0.08214865403715521,0.15237606811523438,1.0181080430047587,0.007616864825889987
1084,16384,1186273,1666525,1822115328,0.33219243108760566,1.4152232009219006,0.175045948009938,0.351977294921875,2.2745116680162027,0.003200382565936969
1085,16384,1168521,1639717,1794848256,0.31333847099449486,1.3940230880398303,0.17282152699772269,0.353544677734375,2.233814246021211,0.0038715060995860744
1086,16384,1177676,1651460,1808910336,0.3126167490845546,1.411259808926843,0.17309172707609832,0.3500043334960937,2.2470458820462227,0.003260434654156564
1087,16384,1177731,1657448,1808994816,0.29299442400224507,1.4243237290065736,0.17410077597014606,0.3503898620605469,2.2418902079807594,0.0036316203602718097
1088,16384,1182716,1661284,1816651776,0.2780732570681721,1.418227351969108,0.1753393280087039,0.35729974365234374,2.2290123930433765,0.0032620879666685958
1089,6172,538114,676203,826543104,0.10608490905724466,0.6501350760227069,0.08055533992592245,0.15221299743652345,0.9890641920501366,0.007670847691082176
1090,16384,1185955,1664446,1821626880,0.30262701597530395,1.4154899480054155,0.17685605201404542,0.3598710327148438,2.254920431994833,0.0033874049008833437
1091,16384,1167062,1640292,1792607232,0.27807311399374157,1.151256485027261,0.17323314701206982,0.359740966796875,1.9623795199440792,0.003863020040790002
1092,16384,1177864,1653489,1809199104,0.2691209079930559,1.412553855101578,0.17490185296628624,0.3571123962402344,2.2137635700637475,0.003367918941361179
1093,16384,1177815,1654921,1809123840,0.2857994770165533,1.4125642830040306,0.1747106199618429,0.3528304443359375,2.225979047943838,0.0033344260604063177
1094,16384,1183364,1661525,1817647104,0.2627364359796047,1.4172608320368454,0.1759198569925502,0.3542652587890625,2.2102564099477604,0.003349210949665229
1095,6172,537687,676313,825887232,0.10555991204455495,0.6486788369948044,0.08061305398587137,0.1540018615722656,0.988929421058856,0.007660451772027009
1096,16384,1185443,1663329,1820840448,0.2786280899308622,1.4181035630172119,0.17665931000374258,0.35568914794921874,2.2291518748970702,0.0032193408104303507
1097,16384,1168432,1640943,1794711552,0.26872485294006765,1.4000997500261292,0.1740885879844427,0.35335635375976565,2.196345728938468,0.0034686810486511677
1098,16384,1177434,1652253,1808538624,0.26620426401495934,1.4119301669998094,0.17580253398045897,0.33706796264648436,2.191077471943572,0.0033108962503059507
1099,16384,1177776,1655292,1809063936,0.27535796898882836,1.410724145011045,0.1755742699606344,0.3537437744140625,2.2154718789970502,0.0032372616939978015
1100,16384,1183016,1661565,1817112576,0.25457301002461463,1.420014134957455,0.17601131508126855,0.3513851318359375,2.2020603959681466,0.003487827536957205
1101,6172,538459,676885,827073024,0.09875344403553754,0.6537638630252331,0.080615803017281,0.15042813110351563,0.9836369550321251,0.007697336926035975
1102,16384,1187524,1664234,1824036864,0.2744169579818845,1.4184613679535687,0.17628626502119005,0.355744384765625,2.2249824649188668,0.0033029112704045793
1103,16384,1167849,1641619,1793816064,0.26164831791538745,1.394702500081621,0.17298405594192445,0.3496141052246094,2.1790311959339306,0.003773088267007737
1104,16384,1177471,1652032,1808595456,0.299682758981362,1.4045009689871222,0.17405420693103224,0.3496988220214844,2.2280129629652947,0.003420359107453857
1105,16384,1176232,1654182,1806692352,0.262180219986476,1.4038707020226866,0.17373669892549515,0.353529296875,2.1933922509197146,0.003434548016895232
1106,16384,1183243,1661663,1817461248,0.2587741849711165,1.409568398958072,0.17487307102419436,0.35641989135742186,2.1997075849212706,0.0032749175826642363
1107,6172,537694,676534,825897984,0.09486926603130996,0.4449825870105997,0.0798741199541837,0.150870361328125,0.7706751170335338,0.010222557803427259
1108,16384,1185154,1662434,1820396544,0.28538306208793074,1.4211370089324191,0.17371325206477195,0.35603799438476563,2.2363469920819625,0.0033838493016893523
1109,16384,1169144,1641606,1795805184,0.24183166993316263,1.3861953910673037,0.17171450203750283,0.3352239990234375,2.1350376029731706,0.0033742221525151226
1110,16384,1176065,1651116,1806435840,0.23319895402528346,1.3992746209260076,0.1722786040045321,0.35525616455078124,2.1600726599572226,0.0029775132943672283
1111,16384,1176431,1654674,1806998016,0.2460939809679985,1.4080222699558362,0.17168415803462267,0.337748291015625,2.1636070909444243,0.002698778839576865
1112,16384,1183945,1661353,1818539520,0.21999169001355767,1.4167095569428056,0.1728797850664705,0.3561101989746094,2.1657502270536497,0.002724047097839959
1113,6172,537589,676273,825736704,0.08508164493832737,0.6458602580241859,0.07875842694193125,0.14534906005859374,0.9551088759908453,0.006228193382175428
1114,16384,1186332,1665355,1822205952,0.22658433706965297,1.4136441039154306,0.17313080409076065,0.35933895874023436,2.172755051054992,0.002616366667079203
1115,16384,1168826,1641775,1795316736,0.22712082602083683,1.3978753429837525,0.1707673310302198,0.33105111694335937,2.1268747110152617,0.002825462016259837
1116,16384,1176691,1652160,1807397376,0.24014308396726847,1.4081382540753111,0.17209458793513477,0.3509354248046875,2.1713736129458994,0.002867409050480766
1117,16384,1177382,1654387,1808458752,0.2291108549106866,1.4079254880780354,0.17204498301725835,0.3494302368164062,2.158568699960597,0.002646991879903471
1118,16384,1182812,1660140,1816799232,0.24108676193282008,1.4218004849972203,0.17426476604305208,0.3563609619140625,2.193581186933443,0.0031096203183241704
1119,6172,537398,676261,825443328,0.10198208095971495,0.6431429979857057,0.07967893104068935,0.15022537231445313,0.9750975780189037,0.006993732717412233
1120,16384,1185542,1663417,1820992512,0.2834671490127221,1.4171898779459298,0.1740270199952647,0.3550269165039063,2.229778605978936,0.0030335980860102278
1121,16384,1168632,1639988,1795018752,0.29790182900615036,1.3972502130782232,0.17206824093591422,0.3513432312011719,2.218630503048189,0.0030193773427909633
1122,16384,1176723,1651079,1807446528,0.3541636010631919,1.4076009129639715,0.1739973200019449,0.34192108154296874,2.2777518670773134,0.0030271736896692477
1123,16384,1176774,1653221,1807524864,0.3376361191039905,1.402873084996827,0.17216107191052288,0.35133697509765627,2.264115594094619,0.004785223241479044
1124,16384,1183032,1660861,1817137152,0.3215261639561504,1.4118864269694313,0.17299721704330295,0.35142327880859375,2.257889046915807,0.00247842729052503
1125,6172,538449,676605,827057664,0.11431565298698843,0.6454426490236074,0.07897270401008427,0.15027206420898437,0.9890606270637363,0.005819343374612743
1126,16384,1184803,1662598,1819857408,0.2878166740993038,1.4094849049579352,0.17337342293467373,0.3562024230957031,2.2269347379915416,0.0025736229691914903
1127,16384,1168490,1641298,1794800640,0.2721993930172175,1.3930086320033297,0.17081069701816887,0.3494022521972656,2.1854812660021707,0.002758740929370924
1128,16384,1176732,1651001,1807460352,0.27479208703152835,1.4053125989157706,0.172130580060184,0.3557725830078125,2.20806544192601,0.0026082972732928106
1129,16384,1176801,1655651,1807566336,0.2531731149647385,1.4037060500122607,0.1718638939782977,0.3568946228027344,2.185697325039655,0.0027287987655242184
1130,16384,1183889,1662578,1818453504,0.25952293805312365,1.4176135079469532,0.17326138308271766,0.3422767028808594,2.1927332549821585,0.002678073968701398
1131,6172,538727,676742,827484672,0.09742543299216777,0.6463936140062287,0.07889332401100546,0.15054115295410156,0.9733142320765182,0.0062372573023217115
1132,16384,1186375,1664085,1822272000,0.25609919999260455,1.4140718600247055,0.17340257298201323,0.35524114990234373,2.1988725900882855,0.002628946619234871
1133,16384,1168000,1640109,1794048000,0.24300613696686924,1.3947938160272315,0.17122059303801507,0.35177987670898436,2.1608691710280254,0.0031815108405097935
1134,16384,1176963,1650354,1807815168,0.26169349695555866,1.410396371036768,0.17232759506441653,0.3520728454589844,2.1965482720406726,0.0026388459421967047
1135,16384,1175457,1654819,1805501952,0.24859593401197344,1.407276286976412,0.17202609800733626,0.34991314697265624,2.1778716349508613,0.0027627423727784634
1136,16384,1182858,1660299,1816869888,0.25023657199926674,1.4158684109570459,0.1730157380225137,0.3497347106933594,2.188913394929841,0.002648037962107179
1137,6172,538467,677034,827085312,0.09329414996318519,0.6474725980078802,0.07900845899712294,0.15197850036621094,0.9718138909665868,0.006192917465674016
1138,16384,1185203,1663099,1820471808,0.2437255079858005,1.4135503680445254,0.17360098497010767,0.3382022094726562,2.169143083039671,0.002951053210003778
1139,16384,1168470,1640549,1794769920,0.23851511802058667,1.398042225977406,0.17109524505212903,0.35395379638671876,2.161662665079348,0.002603534927830225
1140,16384,1179160,1653305,1811189760,0.23778285505250096,1.400593496975489,0.17180316906888038,0.35358746337890623,2.163824115996249,0.002640303343065595
1141,16384,1176881,1654723,1807689216,0.23427056707441807,1.4092501440318301,0.17222730489447713,0.3566337280273438,2.172439194051549,0.0026444939695939268
1142,16384,1181774,1659742,1815204864,0.21833781304303557,1.4138116659596562,0.17277437902521342,0.36542047119140625,2.1704006700310856,0.002595871469823336
1143,6172,536938,675658,824736768,0.08626925107091665,0.6527707069180906,0.0787565279752016,0.15174441528320312,0.9695985809667036,0.005948824639790203
1144,16384,1186460,1665241,1822402560,0.23937958595342934,1.4136991359991953,0.17377957107964903,0.35793927001953124,2.184853613958694,0.0025654307698741883
1145,16384,1169221,1643374,1795923456,0.2335300549166277,1.3972751500550658,0.17125676304567605,0.35279739379882813,2.1549154659733176,0.0026035432946672566
1146,16384,1175962,1649353,1806277632,0.23924569401424378,1.4074110559886321,0.1722845369949937,0.3541900329589844,2.1731881329324096,0.0026142686265701663
1147,16384,1178355,1656209,1809953280,0.23048581299372017,1.4117058089468628,0.17249902104958892,0.3532207946777344,2.167975081014447,0.002935612456884392
1148,16384,1182679,1660749,1816594944,0.23282256699167192,1.4175727519905195,0.17326422198675573,0.35391744995117186,2.177637081942521,0.002759459916452467
1149,6172,537009,675887,824845824,0.08552247192710638,0.6526534860022366,0.07882413500919938,0.15048970031738282,0.9675494319526479,0.0061638914512402165
1150,16384,1187147,1665452,1823457792,0.2391090920427814,1.4175912970677018,0.17333728191442788,0.35927523803710937,2.1893703060923144,0.002621622762226705
1151,16384,1167953,1640497,1793975808,0.22875473299063742,1.3959605440031737,0.17144814901985228,0.3498439025878906,2.1460638319840655,0.0026328845241881662
1152,16384,1177225,1651852,1808217600,0.21954025805462152,1.4121361619327217,0.17235718702431768,0.35369009399414064,2.1577847129665315,0.002827527712250275
1153,16384,1175104,1652801,1804959744,0.24054992198944092,1.407292184070684,0.1721736789913848,0.3557145690917969,2.1757865380495787,0.002582234299630851
1154,16384,1181967,1661142,1815501312,0.21572574297897518,1.4154761990066618,0.1730550160864368,0.36343988037109376,2.1677530150627717,0.0025914677185898145
1155,6172,537956,676424,826300416,0.09207204100675881,0.647621305892244,0.0787677550688386,0.15391728210449218,0.9724342649569735,0.005746494817559472
1156,16384,1186400,1664476,1822310400,0.23728989099618047,1.4139950349926949,0.17565220198594034,0.35612240600585937,2.1831189149525017,0.002720006291002954
1157,16384,1166758,1640040,1792140288,0.22476084099616855,1.393986796028912,0.17085238406434655,0.34128427124023436,2.130943005089648,0.0027552477868468834
1158,16384,1177292,1652111,1808320512,0.2284896579803899,1.4105641869828105,0.17230159905739129,0.33631292724609374,2.147728092968464,0.0027806919308881613
1159,16384,1176123,1655021,1806524928,0.23250267503317446,1.407155905966647,0.17334026796743274,0.35246820068359375,2.1655356099363416,0.003165973590051029
1160,16384,1182928,1661848,1816977408,0.22495079902000725,1.419968408998102,0.17437647201586515,0.35094570922851565,2.170309215085581,0.0031251686450662983
1161,6172,537105,676372,824993280,0.10125486901961267,0.6531614570412785,0.07991049392148852,0.15043373107910157,0.9848291770322248,0.006968312103673126
1162,16384,1186381,1664812,1822281216,0.2930070459842682,1.4187875349307433,0.17590274603571743,0.3529635314941406,2.2407272160053253,0.0029614296636298835
1163,16384,1168955,1641838,1795514880,0.30588087206706405,1.4012671299278736,0.1722642300883308,0.3496282958984375,2.2291116310516372,0.003189749178145296
1164,16384,1178996,1653630,1810937856,0.33648272696882486,1.4120846929727122,0.17377272504381835,0.3377797546386719,2.2601863930467516,0.002941944209951755
1165,16384,1175789,1653360,1806011904,0.32108016195707023,1.4002957850461826,0.17216281697619706,0.332214599609375,2.2258592400467023,0.004756655585965353
1166,16384,1183522,1661232,1817889792,0.3190438309684396,1.4109039140166715,0.17327904200647026,0.33449066162109375,2.237776016932912,0.002617255694673153
1167,6172,537969,676836,826320384,0.11125280801206827,0.6450336179696023,0.07867282198276371,0.14971311950683594,0.9847287560114637,0.005726301770835245
1168,16384,1185786,1663856,1821367296,0.2919290150748566,1.4236147039337084,0.17714885307941586,0.3487463684082031,2.2414959990419447,0.0025455564402098174
1169,16384,1169852,1643376,1796892672,0.2739324279827997,1.4028488890035078,0.1746272819582373,0.3543201293945312,2.2057883609086275,0.002703458346615601
1170,16384,1176836,1651530,1807620096,0.2526512879412621,1.4143952591111884,0.1751446839189157,0.3570931396484375,2.1993444019462913,0.002729510050106337
1171,16384,1176556,1654005,1807190016,0.27181153604760766,1.41556083294563,0.17587625002488494,0.3557268981933594,2.219032002030872,0.0025454711485957066
1172,16384,1182291,1660632,1815998976,0.26709417800884694,1.4129004159476608,0.17637388408184052,0.3353140563964844,2.1917416009819135,0.002694959435661848
1173,6172,536793,676352,824514048,0.09816060808952898,0.6489542539929971,0.0803522759815678,0.14960537719726563,0.9771311210934073,0.0059977449067606815
1174,16384,1185884,1664180,1821517824,0.2584384259535,1.4210157690104097,0.177348769037053,0.3565167236328125,2.2133770999498665,0.0025938786523437714
1175,16384,1169210,1641476,1795906560,0.24340807495173067,1.4051117959897965,0.17477734596468508,0.35342156982421874,2.176777296932414,0.002687927794242066
1176,16384,1177457,1651385,1808573952,0.2390669509768486,1.4146229691104963,0.17607708799187094,0.35194049072265626,2.1817658360814676,0.002673856132070214
1177,16384,1176167,1653892,1806592512,0.23751456302125007,1.4129068769980222,0.17604071996174753,0.3505361022949219,2.1770572209497914,0.002708182094728293
1178,16384,1183815,1661316,1818339840,0.24239134590607136,1.426140850991942,0.17699987802188843,0.34279379272460936,2.1883877268992364,0.002826704516977335
1179,6172,537384,676620,825421824,0.09815689991228282,0.6494586470071226,0.08042833209037781,0.15039208984375,0.9784948700107634,0.006019567300289015
1180,16384,1185681,1665177,1821206016,0.24540431995410472,1.4226735620759428,0.17658223095349967,0.35617001342773436,2.2008875960018486,0.0026112006206811156
1181,16384,1168419,1641531,1794691584,0.2354041349608451,1.4046477110823616,0.17478721495717764,0.35357687377929686,2.168473182944581,0.0026400218065863817
1182,16384,1177767,1650260,1809050112,0.23584263096563518,1.4154933859826997,0.17616028897464275,0.35247579956054687,2.180028816917911,0.0026014075569408793
1183,16384,1175751,1652813,1805953536,0.24442329606972635,1.4135911939665675,0.17588948097545654,0.35088397216796874,2.1848471279954538,0.0027088767436477842
1184,16384,1183272,1659912,1817505792,0.23958799103274941,1.4213513790164143,0.17689295194577426,0.3411711120605469,2.1790642980486155,0.0027931251585954124
1185,6172,538116,677048,826546176,0.09660187305416912,0.6518198599806055,0.08020391198806465,0.15232492065429687,0.9810087230289355,0.005928321576967682
1186,16384,1185328,1664452,1820663808,0.23682451900094748,1.421447603031993,0.17736556101590395,0.35718502807617186,2.192880336078815,0.0026278202622742643
1187,16384,1167612,1640222,1793452032,0.23550870397593826,1.4048083489760756,0.1746472209924832,0.3515177307128906,2.1665379169862717,0.0025807223795053357
1188,16384,1177185,1651105,1808156160,0.2722892400342971,1.4166576629504561,0.17652622505556792,0.3307651062011719,2.1963042080169544,0.0030038541664921064
1189,16384,1177020,1654257,1807902720,0.24450845294632018,1.4171973100164905,0.17538811604026705,0.3541902770996094,2.1913440369535238,0.002732608382195101
1190,16384,1182649,1661475,1816548864,0.2321465628920123,1.4195271941134706,0.17629958095494658,0.3553653869628906,2.183394558960572,0.002557212438892652
1191,6172,537735,677131,825960960,0.09156487206928432,0.6475608769105747,0.08022985805291682,0.15014207458496093,0.9695559539832175,0.006010211709940753
1192,16384,1184716,1662146,1819723776,0.24004815402440727,1.419196299975738,0.1766002910444513,0.3562353820800781,2.1921350840711966,0.0025070054724892774
1193,16384,1170020,1643129,1797150720,0.23205811204388738,1.4043662049807608,0.1750436710426584,0.35216339111328127,2.163687559077516,0.0025964884205486273
1194,16384,1177353,1651059,1808414208,0.24888330791145563,1.4160397980595008,0.1760775769362226,0.3514036560058594,2.1924668519059196,0.0028512628515659872
1195,16384,1175770,1654480,1805982720,0.24275956896599382,1.4160313559696078,0.17536988307256252,0.35228204345703124,2.18650210800115,0.0027101065093015422
1196,16384,1182020,1661379,1815582720,0.23049027903471142,1.4210161619121209,0.1768094910075888,0.34080157470703126,2.1691734349587932,0.0025783229888197015
1197,6172,537611,676370,825770496,0.09133671899326146,0.6486104859504849,0.08049050101544708,0.14963606262207033,0.9701320149470121,0.006003962847421486
1198,16384,1186918,1665115,1823106048,0.23977805394679308,1.4225499919848517,0.17759310209657997,0.3426648559570312,2.182643932988867,0.0026540748463730773
1199,16384,1169116,1641319,1795762176,0.2307927559595555,1.4043441050453112,0.17498625698499382,0.35406683349609375,2.1642465869663283,0.002616868184753457
1200,16384,1177503,1651825,1808644608,0.24648729397449642,1.4147470950847492,0.17614598292857409,0.34098660278320314,2.1784253619844094,0.002680248513706901
1201,16384,1176870,1655400,1807672320,0.24084676906932145,1.420113202999346,0.1772414370207116,0.3543917236328125,2.1926603610627353,0.0030660626578418878
1202,16384,1182385,1660664,1816143360,0.2563668299699202,1.425626292009838,0.17838311404921114,0.33380108642578127,2.194246376049705,0.0031470301470176787
1203,6172,537876,676996,826177536,0.11281953402794898,0.6497965209418908,0.08180882199667394,0.15465040588378906,0.9991448610089719,0.0069637708589008265
1204,16384,1186342,1665167,1822221312,0.3053342649945989,1.4254951409529895,0.1784877689788118,0.35662838745117187,2.2660152149619535,0.003073791558045132
1205,16384,1168434,1642295,1794714624,0.31786197901237756,1.3951881480170414,0.1757723690243438,0.3523359375,2.2412283640587702,0.003120186507052138
1206,16384,1176137,1649730,1806546432,0.33334257605019957,1.4150995078962296,0.1759264291031286,0.35238442993164065,2.2768491649767384,0.004226103205251533
1207,16384,1177684,1655803,1808922624,0.31511333701200783,1.410102408961393,0.17589911096729338,0.3404913635253906,2.2416645520133898,0.002602153263852241
1208,16384,1182858,1659586,1816869888,0.3133636760758236,1.4170422109309584,0.17694178607780486,0.3587391357421875,2.2661452870815992,0.0025805165784429976
1209,6172,537699,676419,825905664,0.1191884649451822,0.6465859080199152,0.08044258004520088,0.1518800048828125,0.9981562999309972,0.005945164889554954
1210,16384,1186040,1663771,1821757440,0.2825097959721461,1.4173705420689657,0.17696450895164162,0.3578276062011719,2.2347330150660127,0.0027100271790490983
1211,16384,1168506,1641017,1794825216,0.2705142420018092,1.4043442640686408,0.1746260009240359,0.35136947631835935,2.2009103540331125,0.0025612456301961186
1212,16384,1177921,1651653,1809286656,0.2759303320199251,1.416826170985587,0.17620146996341646,0.354541015625,2.223557019024156,0.0026098017604607253
1213,16384,1175950,1655673,1806259200,0.2651894260197878,1.4124399200081825,0.1759636829374358,0.3536680603027344,2.207318310975097,0.0025923631708328026
1214,16384,1183795,1660508,1818309120,0.2505654060514644,1.4240624969825149,0.17704648396465927,0.3588826599121094,2.2106142489938065,0.0025876103478814257
1215,6172,537637,676187,825810432,0.09775732608977705,0.6500544250011444,0.08031426090747118,0.1538372802734375,0.9820209190947935,0.0058681869034435796
1216,16384,1185746,1664425,1821305856,0.2573097290005535,1.4236519150435925,0.17743432300630957,0.3595484619140625,2.2180029259761795,0.0026373730609923493
1217,16384,1166590,1639642,1791882240,0.24519926903303713,1.4040365719702095,0.1744616599753499,0.36030413818359375,2.1840638800058514,0.002849772125762018
1218,16384,1177500,1651998,1808640000,0.24392552196513861,1.4156116610392928,0.176175476051867,0.33683493041992185,2.1726029040291905,0.002546003821841915
1219,16384,1175767,1654566,1805978112,0.23883028503041714,1.4129546670010313,0.17596795305144042,0.34408682250976563,2.1719000480370596,0.0027773121723395555
1220,16384,1182283,1660319,1815986688,0.24289989890530705,1.423336170031689,0.1768488090019673,0.3544701843261719,2.197622554958798,0.0030711685912807526
1221,6172,538523,677309,827171328,0.09554958390071988,0.6534453040221706,0.08051926805637777,0.1456378173828125,0.9752110599074513,0.006058846930639237
1222,16384,1184112,1663509,1818796032,0.24500730191357434,1.4210030590184033,0.17700843408238143,0.3533377380371094,2.1964133710134774,0.0025877625204367774
1223,16384,1168876,1641358,1795393536,0.25374438299331814,1.4060635659843683,0.1748318049358204,0.3499229736328125,2.184621896012686,0.0027084076413808997
1224,16384,1176799,1649942,1807563264,0.24722176103387028,1.4142260770313442,0.17600600991863757,0.34011337280273435,2.1776253919815645,0.0026713132200104094
1225,16384,1176904,1654142,1807724544,0.23391441896092147,1.416706020012498,0.17547463905066252,0.35345361328125,2.1796072089346126,0.0026847786629173712
1226,16384,1183316,1660535,1817573376,0.2330965519649908,1.4240828129695728,0.17742095899302512,0.3587801513671875,2.1934398260200396,0.0027058287425645194
1227,6172,537857,677404,826148352,0.08796301099937409,0.6537468730239198,0.0805506439646706,0.14524893188476562,0.9675681239459664,0.006063043188839905
1228,16384,1186191,1665716,1821989376,0.2444092909572646,1.4212906210450456,0.17727935500442982,0.35294155883789063,2.195980341057293,0.00271018877308845
1229,16384,1168599,1642591,1794968064,0.2357610440813005,1.4061595000093803,0.17478833289351314,0.35204873657226565,2.1688164110528305,0.002711040734991948
1230,16384,1177228,1651914,1808222208,0.2450846810825169,1.4174239679705352,0.17608921404462308,0.33155926513671874,2.170216065016575,0.002715710344758852
1231,16384,1177285,1655365,1808309760,0.23153782601002604,1.4139364489819854,0.17636052693706006,0.3519786071777344,2.1738711439538747,0.0026558541535234396
1232,16384,1181891,1660286,1815384576,0.23439841996878386,1.4208887070417404,0.1765919089084491,0.334438232421875,2.166381763992831,0.0029771138704454917
1233,6172,537952,676590,826294272,0.0878337660105899,0.6507092349929735,0.08074368594679981,0.1532384033203125,0.9725829579401761,0.005949895484802826
1234,16384,1185377,1664504,1820739072,0.23233676597010344,1.4199864990077913,0.17740755807608366,0.3535169982910156,2.183304653968662,0.0026030551240186217
1235,16384,1167768,1639793,1793691648,0.23316868906840682,1.40717102389317,0.1747449591057375,0.34948666381835936,2.1646282330621034,0.0026284964577674213
1236,16384,1177678,1651579,1808913408,0.23219092295039445,1.4187270400580019,0.17607167398091406,0.3526449279785156,2.1796930169221014,0.0026816599320022656
1237,16384,1176998,1654855,1807868928,0.2180897550424561,1.4059986909851432,0.17518052901141346,0.3510000915527344,2.1503274659626186,0.002715836159654633
1238,16384,1182575,1660463,1816435200,0.23399366904050112,1.4226886719698086,0.17695035599172115,0.35313427734375,2.1868234570138156,0.0025828636442301817
1239,6172,538331,676835,826876416,0.09460495598614216,0.6503449999727309,0.08064288506284356,0.15276611328125,0.9784187480108812,0.006111259421000079
1240,16384,1186630,1665074,1822663680,0.23268837295472622,1.4222054320853204,0.17733174399472773,0.33887710571289065,2.171162639046088,0.002762773149476074
1241,16384,1167682,1640548,1793559552,0.2322973560076207,1.4038049340015277,0.17463693290483207,0.3490272521972656,2.1598264209460467,0.0027754931701527534
1242,16384,1178395,1652732,1810014720,0.24838001502212137,1.4175448120804504,0.17627846798859537,0.34059298706054686,2.1828651900868863,0.003156765497248621
1243,16384,1177501,1654837,1808641536,0.24683858698699623,1.4234280539676547,0.17729197698645294,0.3513144836425781,2.1989431789843366,0.0031868672789970268
1244,16384,1181864,1660045,1815343104,0.26664321904536337,1.4231075529241934,0.17926479200832546,0.36194979858398435,2.231034075957723,0.003079890020364163
1245,6172,537729,676491,825951744,0.11600018595345318,0.6503904249984771,0.08051501703448594,0.15021331787109374,0.9971880359807983,0.0069284950075056626
1246,16384,1186276,1664860,1822119936,0.319848574930802,1.4258684230735525,0.17854208289645612,0.33708905029296876,2.261425161967054,0.0034062932778061226
1247,16384,1169144,1641506,1795805184,0.3234882770339027,1.4097753430251032,0.1773500150302425,0.34026287841796876,2.250952403061092,0.003371441962594482
1248,16384,1178426,1651280,1810062336,0.33898967399727553,1.4124633350875229,0.17667624994646758,0.3542822570800781,2.2825103980721906,0.004332158176804992
1249,16384,1177231,1653390,1808226816,0.3083349110092968,1.4100523319793865,0.176069920998998,0.3559511413574219,2.2504651700146496,0.002526796251021004
1250,16384,1183749,1660749,1818238464,0.30753544601611793,1.4175827979343012,0.17700357805006206,0.3538201904296875,2.256000093999319,0.0025745375323655505
1251,6172,538614,677382,827311104,0.11732017004396766,0.6486272820038721,0.0806723739951849,0.1535353240966797,1.000215198029764,0.006003497065224332
1252,16384,1186340,1664492,1822218240,0.27899040398187935,1.4181343719828874,0.1775915960315615,0.3437568054199219,2.2185321520082653,0.0026582707833113406
1253,16384,1168360,1642057,1794600960,0.26748462999239564,1.3952410509809852,0.17463933606632054,0.3514305725097656,2.188853856991045,0.0026620069399438473
1254,16384,1175830,1649239,1806074880,0.27268776402343065,1.4163131599780172,0.17586575902532786,0.33083291625976563,2.1957568529760465,0.002607469466727747
1255,16384,1175724,1654376,1805912064,0.26575223403051496,1.4134829419199377,0.17557822703383863,0.35510757446289065,2.209978080005385,0.002583851791084449
1256,16384,1183606,1661475,1818018816,0.25107199198100716,1.4260158650577068,0.17706882499624044,0.35394931030273435,2.208162714028731,0.002568727869642774
1257,6172,536641,675570,824280576,0.09607457998208702,0.6487848099786788,0.08042163506615907,0.15341845703125,0.9787708959775046,0.007296285537619206
1258,16384,1185881,1664079,1821513216,0.2577502009226009,1.4217801430495456,0.1773947230540216,0.359708251953125,2.21669261995703,0.0026752007564275794
1259,16384,1168466,1642390,1794763776,0.2448466249043122,1.4035563520155847,0.17381952702999115,0.35379852294921876,2.1760803579818457,0.002726511570272929
1260,16384,1178221,1652575,1809747456,0.23196275101508945,1.4178709900006652,0.17616899602580816,0.35633355712890624,2.1823939479654655,0.0026417684602766185
1261,16384,1176165,1652956,1806589440,0.2507596090435982,1.4175995918922126,0.1761085680918768,0.33761334228515627,2.182138997945003,0.002652747245419963
1262,16384,1182518,1661114,1816347648,0.24411695601884276,1.4245616409461945,0.17671892803627998,0.355098388671875,2.2005585019942373,0.0028442016419140104
1263,6172,538431,677081,827030016,0.09547600895166397,0.6516101279994473,0.08070841198787093,0.15321871948242188,0.9810709039447829,0.005874756161561688
1264,16384,1185439,1664259,1820834304,0.24494303308892995,1.4215983599424362,0.17737255000974983,0.35429510498046873,2.198270306107588,0.002786649386707676
1265,16384,1168623,1641698,1795004928,0.25407743093091995,1.4047860440332443,0.17481175798457116,0.33140533447265624,2.1651366939768195,0.002592286925065154
1266,16384,1177050,1650826,1807948800,0.2473751159850508,1.4154586059739813,0.1758872299687937,0.34163726806640626,2.180418725940399,0.002774969112439321
1267,16384,1177582,1656127,1808765952,0.23407221399247646,1.417246893979609,0.17612019798252732,0.3364391784667969,2.1639382200082764,0.002760503341290128
1268,16384,1183339,1661261,1817608704,0.23720252595376223,1.421669343020767,0.17710109800100327,0.3562536926269531,2.1922833250137046,0.0025847667850365016
1269,6172,536574,676455,824177664,0.08814511599484831,0.6481291289674118,0.08038123301230371,0.15171128845214843,0.9684253359446302,0.006047912600387377
1270,16384,1186377,1665555,1822275072,0.24504702689591795,1.4222832371015102,0.1767991619417444,0.3595687255859375,2.203758644987829,0.0027450130646867713
1271,16384,1167948,1640863,1793968128,0.24122783297207206,1.4069156210171059,0.17460324801504612,0.3510953369140625,2.173898887936957,0.0026150718870235562
1272,16384,1177178,1650597,1808145408,0.23520763497799635,1.415468666004017,0.17609124910086393,0.3533425598144531,2.180168451042846,0.0026759925586300162
1273,16384,1176930,1655157,1807764480,0.2498330749804154,1.4132986390031874,0.17609575600363314,0.3318408203125,2.1711288830265403,0.0027908396999449443
1274,16384,1182153,1660518,1815787008,0.24458372395019978,1.424167635035701,0.17678893101401627,0.363407470703125,2.2090063879732043,0.0026540108929218433
1275,6172,538210,677236,826690560,0.09130982507485896,0.6497465979773551,0.08060224901419133,0.15271714782714843,0.9744359590113163,0.006171684984152215
1276,16384,1185038,1664080,1820218368,0.2429065149044618,1.419534693006426,0.17727086402010173,0.35609661865234377,2.19586872193031,0.0027338313250434973
1277,16384,1168645,1640351,1795038720,0.23105993797071278,1.40429011604283,0.17488786694593728,0.354593505859375,2.164890185929835,0.0027141843665518424
1278,16384,1177691,1650822,1808933376,0.23281508090440184,1.4143279120326042,0.17582171002868563,0.3564989013671875,2.1795221319189295,0.002685340295167664
1279,16384,1176172,1654526,1806600192,0.2181891300715506,1.4125041658990085,0.17597217799630016,0.3573577270507812,2.164083941024728,0.002806730641825057
1280,16384,1182969,1661637,1817040384,0.23537501494865865,1.4235089720459655,0.17706054192967713,0.358827880859375,2.194838134921156,0.0029945323271850636
1281,6172,537243,675894,825205248,0.09491750597953796,0.6492296690121293,0.08046219998504966,0.1501640625,0.974831918021664,0.005999038794886865
1282,16384,1185780,1663905,1821358080,0.23323297093156725,1.4207336619729176,0.1774955060100183,0.35649664306640627,2.188017599983141,0.002688186888069409
1283,16384,1167204,1639926,1792825344,0.2323339090216905,1.4041425270261243,0.17466988798696548,0.355232177734375,2.166436603059992,0.0026818828095453774
1284,16384,1179150,1653549,1811174400,0.2484073149971664,1.4229886829853058,0.17757317097857594,0.3549277648925781,2.2039682030444965,0.0032336760018472272
1285,16384,1177056,1655590,1807958016,0.26306247792672366,1.4208655160618946,0.17728785891085863,0.35441754150390625,2.2157087438972667,0.0034006948833402322
1286,16384,1180549,1659317,1813323264,0.2779253460466862,1.4229159159585834,0.17756213899701834,0.36067202758789063,2.2391443951055408,0.00308003876448954
1287,6172,538330,677161,826874880,0.11802088096737862,0.650558686000295,0.08169913897290826,0.15038441467285157,1.0007312869420275,0.00681165158755918
1288,16384,1185922,1663615,1821576192,0.3239833579864353,1.4252087860368192,0.17965220392215997,0.35908712768554685,2.288002555957064,0.0031066541389015143
1289,16384,1168823,1641955,1795312128,0.3304404579102993,1.40666936209891,0.1748579149134457,0.35089697265625,2.2629693689523265,0.004624957582618222
1290,16384,1176507,1650160,1807114752,0.321441782056354,1.4097548610297963,0.176056639989838,0.3331151123046875,2.2404519030824304,0.003727270451089801
1291,16384,1178452,1655314,1810102272,0.31882891501300037,1.4112955529708415,0.176311386981979,0.33342514038085935,2.2399181090295315,0.002549811201618064
1292,16384,1183006,1660625,1817097216,0.3145635148975998,1.4177578570088372,0.1765908719971776,0.333641357421875,2.242618242977187,0.002882418882484507
1293,6172,537797,676521,826056192,0.11251528700813651,0.6475816370220855,0.08061966102104634,0.15437344360351563,0.9951493439730257,0.005960443887242143
1294,16384,1185709,1664831,1821249024,0.2711857609683648,1.4213621889939532,0.17751290404703468,0.3529403381347656,2.223058753996156,0.002589308624177594
1295,16384,1170277,1643282,1797545472,0.26019208400975913,1.4080667140660807,0.17509296303614974,0.33829608154296875,2.1817079860484228,0.0027567114320161752
1296,16384,1176452,1650144,1807030272,0.2562015210278332,1.4151095409179106,0.1759571370203048,0.35565078735351563,2.2029786920174956,0.0027102258477487667
1297,16384,1175812,1654563,1806047232,0.265471433987841,1.4137254059314728,0.17600347800180316,0.3361670532226563,2.1914252439746633,0.002640876345169703
1298,16384,1182663,1661702,1816570368,0.25240658794064075,1.4245643180329353,0.1773383030667901,0.3579388427734375,2.2123066280037165,0.0026477428206071515
1299,6172,537502,676451,825603072,0.09463676693849266,0.6491032079793513,0.08058170101139694,0.15226022338867187,0.9766400859225541,0.005957834977298098
1300,16384,1186528,1665948,1822507008,0.24988877994474024,1.4232285240432248,0.17754024406895041,0.35450320434570315,2.20522170397453,0.0027639657183485796
1301,16384,1168176,1641830,1794318336,0.24490901606623083,1.404779696953483,0.17491702700499445,0.3410214538574219,2.165685847052373,0.0027082954031733366
1302,16384,1177431,1650544,1808534016,0.26329960103612393,1.415071374969557,0.17590477503836155,0.3568612060546875,2.2111952379345894,0.002635716415254596
1303,16384,1175870,1653050,1806136320,0.25121572602074593,1.4143761199666187,0.17591451504267752,0.3549810485839844,2.196547359926626,0.00272929751906352
1304,16384,1183705,1661768,1818170880,0.23809764999896288,1.4215378450462595,0.1771127040265128,0.3344605102539063,2.171267269994132,0.002697073239215609
1305,6172,537731,676312,825954816,0.0928673839662224,0.6487680480349809,0.08064851094968617,0.15454042053222655,0.9768806409556419,0.00576093640988185
1306,16384,1184412,1663003,1819256832,0.2476154430769384,1.4234745849389583,0.17730699107050896,0.34440036010742187,2.1928558830404654,0.002667929392456972
1307,16384,1168811,1641726,1795293696,0.23551907704677433,1.4059207709506154,0.1748234200058505,0.33113897705078127,2.147460439009592,0.0027098965137268742
1308,16384,1177911,1652808,1809271296,0.22703872004058212,1.416165614966303,0.17644378903787583,0.35262762451171875,2.1723341890610754,0.0026902170434853576
1309,16384,1176438,1653952,1807008768,0.2439071050612256,1.4092792989686131,0.1754074749769643,0.3339239501953125,2.1625776540022343,0.002766365406946807
1310,16384,1184028,1661411,1818667008,0.23722102295141667,1.4218934860546142,0.17650643992237747,0.3571718444824219,2.1928503749659285,0.0026258770664719234
1311,6172,537786,676572,826039296,0.09400691895280033,0.6494930820772424,0.08026714390143752,0.15037852478027344,0.9742051309440285,0.006103563857964748
1312,16384,1185401,1664232,1820775936,0.23996348993387073,1.418734712060541,0.17682795494329184,0.35673065185546876,2.1923144549364224,0.0026294650897451424
1313,16384,1169190,1642256,1795875840,0.24939934397116303,1.4024615780217573,0.1744686079910025,0.3498690490722656,2.176256995066069,0.0026842422569059647
1314,16384,1179764,1654206,1812117504,0.24357432196848094,1.4157713720342144,0.17624003195669502,0.35704779052734376,2.192690917989239,0.0026178565357325135
1315,16384,1178659,1655904,1810420224,0.23100679297931492,1.412838303949684,0.17498187406454235,0.3545577087402344,2.173443770967424,0.002718783639023837
1316,16384,1183740,1660982,1818224640,0.23329862405080348,1.4173839119030163,0.1754922131076455,0.35473391723632813,2.1809671339578927,0.0026808134422961383
1317,6172,537494,676012,825590784,0.08694235188886523,0.646651451010257,0.07978633907623589,0.15173417663574218,0.9651741019915789,0.006194051451988723
1318,16384,1186402,1664907,1822313472,0.23753344791475683,1.4035635940963402,0.17603412992320955,0.35303952026367186,2.1702270709211007,0.002597826000672902
1319,16384,1169160,1642578,1795829760,0.2333147800527513,1.397415462997742,0.17387356993276626,0.35043310546875,2.155094887013547,0.0026898380153434582
1320,16384,1179408,1653898,1811570688,0.2431154230143875,1.4131434969604015,0.1752539980225265,0.3522461242675781,2.1838174319127575,0.0026737421824096115
1321,16384,1178130,1655380,1809607680,0.2303595970151946,1.4140387669904158,0.1752495280234143,0.3514055480957031,2.1711162900319323,0.0028948199363136953
1322,16384,1181510,1659198,1814799360,0.232296557049267,1.4152602039976045,0.17653286596760154,0.3525762329101563,2.176724083023146,0.002674803801306777
1323,6172,538006,677305,826377216,0.0856879010098055,0.647412364021875,0.07989699591416866,0.1543636474609375,0.9674212399404496,0.006236325105558978
1324,16384,1184696,1663103,1819693056,0.2318676090799272,1.4137138819787651,0.17611949995625764,0.35291790771484377,2.174677498987876,0.0026946642943283913
1325,16384,1169234,1642503,1795943424,0.22802290203981102,1.397290669963695,0.17381329101044685,0.3540653076171875,2.153250231058337,0.0026964087294077373
1326,16384,1176617,1651452,1807283712,0.23014458804391325,1.4139479339355603,0.17586845497135073,0.352783203125,2.1728138260077685,0.003205333614441114
1327,16384,1177106,1655859,1808034816,0.24863545096013695,1.4129955210955814,0.17657889588735998,0.3394217224121094,2.1777021259767935,0.003238993100312619
1328,16384,1183165,1661974,1817341440,0.28971707297023386,1.419367538066581,0.1769354569260031,0.35191702270507813,2.238006100989878,0.003083562728078853
1329,6172,537501,676776,825601536,0.12551432906184345,0.6479988780338317,0.0799636549782008,0.14988624572753906,1.0034349031047896,0.00715495376454178
1330,16384,1186914,1664991,1823099904,0.3206533220363781,1.4244043939979747,0.1785409739241004,0.35557830810546875,2.2792465329403058,0.0030507834663346073
1331,16384,1168358,1641278,1794597888,0.3376152530545369,1.394360993988812,0.17365219700150192,0.3479830017089844,2.2537102149799466,0.004382516680943686
1332,16384,1178121,1651437,1809593856,0.34402798395603895,1.4047398030525073,0.175038686953485,0.35277255249023437,2.27663484797813,0.0024519314511037365
1333,16384,1177536,1656397,1808695296,0.31968740501906723,1.405459230998531,0.17518526501953602,0.35542233276367186,2.255813498981297,0.002627219870699247
1334,16384,1182595,1660246,1816465920,0.29028570698574185,1.4025751880835742,0.17556224891450256,0.35516934204101563,2.223650646978058,0.0026155616352232414
1335,6172,538184,676731,826650624,0.10946061392314732,0.6464031049981713,0.07976713904645294,0.14967222595214844,0.9853631579317153,0.0060966366878677306
1336,16384,1185803,1664261,1821393408,0.277104414999485,1.4154900860739872,0.1762009549420327,0.35857467651367186,2.2274255550000817,0.002488185105924329
1337,16384,1168988,1641561,1795565568,0.2580599259817973,1.3996378399897367,0.17481366405263543,0.35079931640625,2.183371107908897,0.0027646000379466787
1338,16384,1176984,1650996,1807847424,0.25487725296989083,1.4086156269768253,0.17451426899060607,0.35230584716796876,2.190372259938158,0.002705651178607941
1339,16384,1177688,1655755,1808928768,0.23880250297952443,1.606704921927303,0.1751292390981689,0.34916574096679687,2.3698603129014373,0.0024435165789577057
1340,16384,1182621,1660112,1816505856,0.2523335369769484,1.4172599419252947,0.17582201503682882,0.3444200439453125,2.189894245006144,0.002680819947965928
1341,6172,538233,677197,826725888,0.10052921797614545,0.6466924899723381,0.08008286904077977,0.15035635375976564,0.9777176579227671,0.005801999511667836
1342,16384,1185055,1663735,1820244480,0.24772619607392699,1.4130566959502175,0.17615926906000823,0.35606842041015624,2.193067935993895,0.002615263241268958
1343,16384,1168961,1643057,1795524096,0.2437784920912236,1.399432400939986,0.17380368197336793,0.35425714111328127,2.1713267270242795,0.0025335158332520555
1344,16384,1178301,1652127,1809870336,0.2589009719667956,1.4095496160443872,0.175116044934839,0.3563401184082031,2.1999634619569406,0.002577797481471308
1345,16384,1177268,1655796,1808283648,0.2503285889979452,1.4096181630156934,0.17477445502299815,0.33178378295898436,2.1665628500049934,0.0026705899333592615
1346,16384,1183399,1661053,1817700864,0.23753788997419178,1.4161016470752656,0.17675306799355894,0.354418212890625,2.1848734699888155,0.0028675370008682754
1347,6172,538156,676889,826607616,0.09230001806281507,0.6479770860169083,0.08004033390898257,0.15493612670898438,0.9753111799946055,0.005907375830090315
1348,16384,1186225,1665446,1822041600,0.24744448310229927,1.4158855829155073,0.1762398820137605,0.3431450500488281,2.1827712840167806,0.002578645632626035
1349,16384,1167877,1641067,1793859072,0.23856659897137433,1.3960082640405744,0.17369372700341046,0.34852243041992187,2.156849954975769,0.0027324358076840924
1350,16384,1177642,1651579,1808858112,0.24756705795880407,1.3986215500626713,0.17482541198842227,0.33647955322265627,2.1575510390102863,0.0026634724599014833
1351,16384,1176935,1655016,1807772160,0.23430209304206073,1.4070311699761078,0.1750235720537603,0.35605615234375,2.1724705080268905,0.0026477050436065127
1352,16384,1182373,1661256,1816124928,0.23733415105380118,1.4177030459977686,0.17569866694975644,0.33407168579101565,2.164864456979558,0.0026286720645433102
1353,6172,537993,676869,826357248,0.08694539603311568,0.6508205470163375,0.08041271998081356,0.15121401977539062,0.9694514879956841,0.006065820802270923
1354,16384,1183802,1662074,1818319872,0.23433991498313844,1.4131667230976745,0.1759091909043491,0.3560082702636719,2.179484977037646,0.002793219015189241
1355,16384,1168740,1640582,1795184640,0.23175517690833658,1.3971561000216752,0.17377073504030704,0.34899884033203127,2.1517364520113915,0.0025839460492133523
1356,16384,1177039,1649371,1807931904,0.23305723501835018,1.410107997013256,0.17469475197140127,0.3559803771972656,2.1739049770403653,0.0029723396732956346
1357,16384,1176493,1654991,1807093248,0.21976567595265806,1.4086161779705435,0.17489977797959,0.3543082580566406,2.157647023908794,0.002647974795168049
1358,16384,1181615,1659819,1814960640,0.23662437195889652,1.413482106057927,0.17583375598769635,0.36316876220703126,2.189167189062573,0.0026582186738716342
1359,6172,537732,676286,825956352,0.09490540495608002,0.6462873440468684,0.07996147300582379,0.14514070129394532,0.9663557789754122,0.006297439723419707
1360,16384,1185249,1662101,1820542464,0.23365355108398944,1.420607894891873,0.1762391320662573,0.35447491455078123,2.1850351620232686,0.0027308224327422274
1361,16384,1168457,1641579,1794749952,0.2339473789324984,1.3984646960161626,0.1731016910634935,0.3512179565429687,2.156790877925232,0.0027427494577470404
1362,16384,1177645,1652777,1808862720,0.24971131002530456,1.4107226469786838,0.1749814699869603,0.35034857177734374,2.1858287940267473,0.0029643336491961166
1363,16384,1177291,1654999,1808318976,0.24208320898469537,1.4095817930065095,0.1749883849406615,0.3501451110839844,2.1768566539976746,0.0026715577122276278
1364,16384,1182437,1660592,1816223232,0.22895186499226838,1.4136099570896477,0.1758016519015655,0.352531982421875,2.170952012995258,0.002605151544714543
1365,6172,537133,676135,825036288,0.0898515690350905,0.6454042759723961,0.07983057200908661,0.1547428436279297,0.9698884609388188,0.006103824996384337
1366,16384,1186881,1664278,1823049216,0.23877097794320434,1.4171744160121307,0.17739081208128482,0.3573988647460937,2.190794694935903,0.0027215764821418107
1367,16384,1169137,1641312,1795794432,0.25561089802067727,1.401856718934141,0.17477977205999196,0.3520423278808594,2.1843588850460947,0.0031665195173985576
1368,16384,1178786,1654217,1810615296,0.2556883189827204,1.4126763599924743,0.17590722802560776,0.35497357177734373,2.1993168169865385,0.003243653112690671
1369,16384,1176449,1654490,1807025664,0.2713304019998759,1.4097982050152496,0.1770166390342638,0.35619158935546874,2.2144038500264287,0.0030263053223042566
1370,16384,1183123,1660375,1817276928,0.29478604497853667,1.4183274620445445,0.1779892269987613,0.35387435913085935,2.2450481520500034,0.0031651391190218843
1371,6172,538180,676246,826644480,0.11994849902112037,0.6463956440566108,0.08099613199010491,0.15481808471679687,1.00223242607899,0.007390131513406758
1372,16384,1186341,1665044,1822219776,0.3271343520609662,1.418345914920792,0.17736290011089295,0.3557784423828125,2.2787022630218416,0.003539450839489135
1373,16384,1168233,1641667,1794405888,0.330738214077428,1.3908024380216375,0.17363290791399777,0.3541238708496094,2.2493994400138035,0.0045349504990711935
1374,16384,1176256,1651077,1806729216,0.3140408149920404,1.4032077010488138,0.17515404801815748,0.3538917236328125,2.2463521680328995,0.0025766369983853364
1375,16384,1176983,1655952,1807845888,0.2854578490369022,1.4023016219725832,0.17469617899041623,0.35598565673828125,2.2185003199847415,0.0026600512980397466
1376,16384,1181541,1659571,1814846976,0.28881721501238644,1.4083773009479046,0.1753352580126375,0.3373922119140625,2.209977933904156,0.0025316097643595247
1377,6172,537796,677053,826054656,0.11047422199044377,0.6455494600813836,0.07984485698398203,0.15463807678222657,0.9905769960023463,0.007104966559318516
1378,16384,1186567,1666101,1822566912,0.2649708909448236,1.4163827570155263,0.17610203800722957,0.3599224853515625,2.21743753796909,0.0026772636852879414
1379,16384,1168170,1641667,1794309120,0.25722397200297564,1.4000324829248711,0.17353381705470383,0.34722265625,2.178070169989951,0.0026280951912838924
1380,16384,1177703,1652284,1808951808,0.26940008299425244,1.4058596270624548,0.17481587396468967,0.3511349792480469,2.201268607052043,0.002636833252129554
1381,16384,1177313,1654295,1808352768,0.26052595500368625,1.4063274569343776,0.17481312004383653,0.3556290893554688,2.197355279000476,0.0027149757564025015
1382,16384,1183456,1660987,1817788416,0.24646736902650446,1.4130681729875505,0.17764674604404718,0.35507913208007813,2.1923197930445895,0.0026626091044824767
1383,6172,536859,675939,824615424,0.0952156389830634,0.6458335079951212,0.07958800904452801,0.15206329345703126,0.9727598349563777,0.0061048446389163945
1384,16384,1185082,1665115,1820285952,0.25269728107377887,1.4128343889024109,0.17590277106501162,0.35515643310546874,2.1966479209950194,0.0025969955314155725
1385,16384,1168320,1640019,1794539520,0.2429195939330384,1.3958587960805744,0.17433471197728068,0.35305319213867187,2.166225460008718,0.0027312890668661593
1386,16384,1178111,1652485,1809578496,0.25226756592746824,1.4104191469959915,0.17479052511043847,0.3542301940917969,2.1917647569207475,0.002615462944695634
1387,16384,1177342,1655945,1808397312,0.23867740598507226,1.4063779270509258,0.17489173694048077,0.356081298828125,2.1760868040146306,0.00268533451510256
1388,16384,1182501,1660483,1816321536,0.24145199998747557,1.4146539139328524,0.1757297720760107,0.35312298583984375,2.185016170027666,0.002631476703553357
1389,6172,537655,676721,825838080,0.08887581306044012,0.6473608689848334,0.08038003800902516,0.1506525115966797,0.9673291560029611,0.006194825371580323
1390,16384,1186189,1663871,1821986304,0.23698715504724532,1.416023544035852,0.17604952200781554,0.34862164306640625,2.1777406400069594,0.002698937080037897
1391,16384,1168456,1641942,1794748416,0.23725301097147167,1.3960990119958296,0.1729388909880072,0.35053643798828127,2.1568858349928632,0.0027114578029474976
1392,16384,1178102,1652582,1809564672,0.25215793505776674,1.409551593940705,0.17485665704589337,0.3398081665039063,2.1764322660164908,0.00266093593278969
1393,16384,1176550,1654551,1807180800,0.24544658209197223,1.406740361941047,0.174583166022785,0.35254296875,2.1793712900253013,0.002671009743201746
1394,16384,1183891,1660615,1818456576,0.2326688199536875,1.4147805440006778,0.17572509904857725,0.33461077880859375,2.1578453899128363,0.0027874147787062334
1395,6172,538605,677159,827297280,0.09206217306200415,0.6467682539951056,0.0802007649326697,0.15165213012695314,0.9707421470666304,0.0060597914776437806
1396,16384,1185057,1661847,1820247552,0.24157900700811297,1.413381023099646,0.17598512291442603,0.3532001647949219,2.1842039650073275,0.002685060148237715
1397,16384,1168986,1640820,1795562496,0.23399676091503352,1.4034801530651748,0.1738631030311808,0.34659307861328126,2.1579918359639123,0.0027219908001082553
1398,16384,1178385,1653925,1809999360,0.2509734989143908,1.4126066770404577,0.1753955549793318,0.35467510986328127,2.193708632956259,0.002634450078236571
1399,16384,1176762,1653691,1807506432,0.24124304205179214,1.3999347919598222,0.17544843500945717,0.3312290344238281,2.1479139189468697,0.0027289502364549645
1400,16384,1182432,1661038,1816215552,0.2306104190647602,1.4181545799365267,0.17645081598311663,0.35370510864257815,2.178978548035957,0.0026445606372355393
1401,6172,538910,677406,827765760,0.09157913899980485,0.6495391019852832,0.0804369580000639,0.15012095642089843,0.9717339479830116,0.005947366260200664
1402,16384,1183859,1662855,1818407424,0.24017477803863585,1.4163614779245108,0.17659971106331795,0.3366407775878906,2.16983537201304,0.002701928424656625
1403,16384,1168135,1641739,1794255360,0.23152298596687615,1.4023801300209016,0.174089316977188,0.3504852600097656,2.1585389910032973,0.0028397925087942587
1404,16384,1177520,1652490,1808670720,0.24845131603069603,1.415968848974444,0.1765279209939763,0.3398982849121094,2.180903824046254,0.0026343727034230744
1405,16384,1176109,1654012,1806503424,0.24063709995243698,1.4154241000069305,0.17602049896959215,0.35351229858398436,2.1856557469582185,0.0028252136851976617
1406,16384,1181532,1659198,1814833152,0.25931392691563815,1.4213860110612586,0.1765113390283659,0.35909710693359376,2.216365856002085,0.0025930765479373454
1407,6172,538784,676730,827572224,0.09061715903226286,0.6513490229845047,0.08067507797386497,0.15348783874511718,0.9761892890091985,0.006165840388386754
1408,16384,1183563,1662044,1817952768,0.23817011702340096,1.4213105549570173,0.17695982195436954,0.357336181640625,2.1938353979494423,0.0026766991764506755
1409,16384,1168878,1641163,1795396608,0.23148587404284626,1.4117511159274727,0.1761425050208345,0.352364501953125,2.1718125300249085,0.003155570735622099
1410,16384,1179089,1652854,1811080704,0.27183858398348093,1.4211380570195615,0.17905224999412894,0.3546227111816406,2.226719612022862,0.003054261689821424
1411,16384,1176032,1654137,1806385152,0.29300176398828626,1.4169878179673105,0.1772139329696074,0.35153033447265625,2.2388031169539317,0.0030939547808759124
1412,16384,1182743,1659360,1816693248,0.2997140430379659,1.4256325989263132,0.17890951107256114,0.34824920654296876,2.2525826130295172,0.0034295501200081488
1413,6172,538297,676574,826824192,0.12802140205167234,0.6508770970394835,0.08052745799068362,0.15264480590820312,1.012141814106144,0.00701987756174796
1414,16384,1186129,1663772,1821894144,0.34050152893178165,1.4242808930575848,0.1776192500256002,0.354629638671875,2.2971416959771886,0.004805332232675254
1415,16384,1167888,1640648,1793875968,0.32947832997888327,1.3907467150129378,0.1747824049089104,0.3529851989746094,2.248069957946427,0.0034389085985910713
1416,16384,1176539,1650874,1807163904,0.32622333406470716,1.4135172750102356,0.17607873096130788,0.3505811767578125,2.2664568580221385,0.002485872514007362
1417,16384,1175992,1653618,1806323712,0.30491097597405314,1.4081330050248653,0.17609730595722795,0.3504889831542969,2.239687687950209,0.0025636538555952625
1418,16384,1183234,1661431,1817447424,0.27897380804643035,1.420462307985872,0.17721122200600803,0.3572349853515625,2.233938497956842,0.002514597739397725
1419,6172,538048,676103,826441728,0.10609168105293065,0.6508839860325679,0.08059101493563503,0.15259024047851563,0.9902133140712976,0.005694891277166159
1420,16384,1185645,1665049,1821150720,0.2687329649925232,1.421117516933009,0.17743801209144294,0.35532171630859377,2.2226683939807117,0.0026177388988988214
1421,16384,1167131,1640389,1792713216,0.25620179099496454,1.4027195590315387,0.17433160089422017,0.35892822265625,2.192238427931443,0.00261168464798259
1422,16384,1177407,1650788,1808497152,0.26816344598773867,1.4153269400121644,0.17625495488755405,0.35637811279296877,2.2162013089982793,0.0035130074843574273
1423,16384,1177380,1655188,1808455680,0.2897969930199906,1.4152994179166853,0.17605072702281177,0.3551566467285156,2.23636112594977,0.002564043038552929
1424,16384,1183206,1660866,1817404416,0.24573352094739676,1.4214644280727953,0.17708039993885905,0.3563379821777344,2.200673006940633,0.0025753850603263432
1425,6172,537229,676380,825183744,0.09583248395938426,0.6490873709553853,0.0805165380006656,0.15064349365234375,0.9761419499991462,0.006358033415870572
1426,16384,1185173,1663493,1820425728,0.25162546592764556,1.4217747440561652,0.1773542440496385,0.3564403381347656,2.207255136920139,0.002733927352344583
1427,16384,1168491,1642627,1794802176,0.24198197096120566,1.4047677740454674,0.17534653400070965,0.3528962707519531,2.175054637948051,0.0028545576571722296
1428,16384,1177896,1652178,1809248256,0.2571688831085339,1.4195259639527649,0.17538568004965782,0.35238720703125,2.2045261400053278,0.0026493613326291315
1429,16384,1174961,1653483,1804740096,0.24934139498509467,1.413158631999977,0.17592119192704558,0.3565691528320313,2.19505343795754,0.002873106062067661
1430,16384,1181813,1660210,1815264768,0.237026504939422,1.421715775039047,0.17696987802628428,0.3625217590332031,2.198291586013511,0.002623354241147826
1431,6172,537520,676360,825630720,0.0935723070288077,0.6393609460210428,0.08042305603157729,0.15416348266601562,0.9675777960801497,0.00599479782827742
1432,16384,1185769,1665174,1821341184,0.246691980981268,1.4247813350521028,0.17754084803164005,0.35810614013671876,2.207178781973198,0.0026494351950955585
1433,16384,1169422,1643731,1796232192,0.23756014404352754,1.406252669985406,0.17488257098011672,0.35090017700195314,2.1696516029769555,0.002582947689615456
1434,16384,1176620,1651029,1807288320,0.2517038449877873,1.4133556709857658,0.1760309929959476,0.3532557373046875,2.194406108930707,0.002727966180703278
1435,16384,1177771,1655906,1809056256,0.24567939096596092,1.4183663940057158,0.17618772201240063,0.3563607177734375,2.196653589955531,0.0027025288961143486
1436,16384,1183064,1661158,1817186304,0.23388163303025067,1.423660113941878,0.17701072804629803,0.35506912231445314,2.189679875038564,0.002661471494015233
1437,6172,538238,677056,826733568,0.09183279296848923,0.6520213490584865,0.08079384197480977,0.15276325988769532,0.9774700469570234,0.006015843424117139
1438,16384,1185632,1664364,1821130752,0.2419779880438,1.4221771890297532,0.17744047101587057,0.3562547607421875,2.1979100520256907,0.0027136321627272263
1439,16384,1168910,1642017,1795445760,0.23454334295820445,1.4059234410524368,0.17448540800251067,0.3535857849121094,2.1685969959944487,0.002721532368456837
1440,16384,1178042,1651775,1809472512,0.24958090099971741,1.4144062019186094,0.17568099300842732,0.331296875,2.1710227499715984,0.002661374453350147
1441,16384,1176699,1655530,1807409664,0.2431660230504349,1.4109178439248353,0.17561081505846232,0.3528500671386719,2.182619545958005,0.003426927324041029
1442,16384,1182827,1661770,1816822272,0.24212128797080368,1.420197069994174,0.17620877199806273,0.3557797546386719,2.1943658399395645,0.0026866685936778444
1443,6172,538543,676787,827202048,0.09036045195534825,0.6486446800408885,0.08030405605677515,0.15079142761230468,0.9701608420582488,0.006207877119062577
1444,16384,1185726,1662851,1821275136,0.24115041096229106,1.416325528989546,0.1767163589829579,0.35455340576171873,2.1888031070120633,0.0026225435885869662
1445,16384,1168271,1640578,1794464256,0.23259128502104431,1.4008808269863948,0.17531655600760132,0.35044265747070313,2.1592900829855353,0.002721148967194536
1446,16384,1177600,1651170,1808793600,0.24210552405565977,1.4104993919609115,0.1753534630406648,0.35234115600585936,2.180357701028697,0.002667725831150403
1447,16384,1177075,1655439,1807987200,0.23351244209334254,1.4023375909309834,0.17541109607554972,0.35554412841796873,2.166863235994242,0.0026756869300546705
1448,16384,1183106,1660191,1817250816,0.23538435599766672,1.4206865029409528,0.17633181507699192,0.35675787353515626,2.1892195439431816,0.002694859571176692
1449,6172,536858,675861,824613888,0.09090363699942827,0.6464735860936344,0.08009124593809247,0.14953913879394531,0.9670671230414882,0.0061541970531091336
1450,16384,1186629,1663388,1822662144,0.24286687606945634,1.418681743904017,0.17615051404573023,0.35326080322265624,2.191029930021614,0.003194514999326796
1451,16384,1167808,1640219,1793753088,0.24864551809150726,1.4037380039226264,0.17618224502075464,0.33255926513671874,2.161193199106492,0.003154134249237313
1452,16384,1176942,1651173,1807782912,0.2673733939882368,1.41604776494205,0.17647461500018835,0.3538298034667969,2.213794445968233,0.003110883717615925
1453,16384,1176657,1654301,1807345152,0.27873207395896316,1.4140727780759335,0.17622996401041746,0.3444028625488281,2.213514780974947,0.003483255746359542
1454,16384,1182450,1659000,1816243200,0.3202102209907025,1.4197165409568697,0.17726577701978385,0.35551516723632814,2.272777172969654,0.0030564705944746665
1455,6172,537142,676194,825050112,0.12486058101058006,0.6485361820086837,0.0800646870629862,0.1499698486328125,1.0034991260617971,0.006759083787237885
1456,16384,1186250,1664684,1822080000,0.33650031907018274,1.4135094349039719,0.17689661006443202,0.35738626098632814,2.2843945920467377,0.004463634355376825
1457,16384,1169541,1641675,1796414976,0.32243929896503687,1.398749683983624,0.17436959501355886,0.35048822021484377,2.2461027710232884,0.002491998449365226
1458,16384,1178892,1652053,1810778112,0.31985777895897627,1.4100894900038838,0.1754770140396431,0.3529603271484375,2.2584412558935583,0.002508178703768046
1459,16384,1178323,1656126,1809904128,0.3002824179129675,1.4078717100201175,0.1756426610518247,0.35379541015625,2.237660264945589,0.0030418292488583404
1460,16384,1182118,1658786,1815733248,0.275684330961667,1.414589783991687,0.17617694300133735,0.3614935302734375,2.228002193965949,0.002585533262773859
1461,6172,537508,676583,825612288,0.10489162907470018,0.6472093890188262,0.08004966902080923,0.14956965637207031,0.981778423069045,0.005915752605102044
1462,16384,1186790,1664227,1822909440,0.2641390049830079,1.4182393040973693,0.1768471699906513,0.355568115234375,2.214850755990483,0.0025808368769279968
1463,16384,1169257,1641865,1795978752,0.2533048109617084,1.4018117950763553,0.17540418088901788,0.35039511108398436,2.180976308998652,0.0027699057223334552
1464,16384,1178246,1649758,1809785856,0.266813080990687,1.4129039900144562,0.17565553390886635,0.3537455139160156,2.2091769779799506,0.002664302159230306
1465,16384,1177589,1655488,1808776704,0.2597665659850463,1.4156408450799063,0.1753944429801777,0.352668701171875,2.2035302510485053,0.0027090997036152884
1466,16384,1183250,1661711,1817472000,0.24730377504602075,1.4217956039356068,0.1761303279781714,0.3386285400390625,2.1839172899490222,0.0027035341692080643
1467,6172,537346,676133,825363456,0.09609313600230962,0.6470895260572433,0.08015023195184767,0.15520352172851562,0.9785947190830484,0.005957864067241426
1468,16384,1184286,1663177,1819063296,0.2505480769323185,1.4165334210265428,0.17647812305949628,0.34353076171875,2.187149744015187,0.002714092998967959
1469,16384,1169105,1642274,1795745280,0.24238887999672443,1.3993909190176055,0.1742434239713475,0.33476254272460937,2.1508425479987636,0.002640002101956495
1470,16384,1176847,1651294,1807636992,0.25819617800880224,1.412752756034024,0.17539293901063502,0.34062060546875,2.1870206660823897,0.002660585749397619
1471,16384,1177060,1654891,1807964160,0.2484794040210545,1.4127756870584562,0.17547132191248238,0.35346878051757813,2.1902533270185813,0.0026541911062550765
1472,16384,1184746,1662391,1819769856,0.23813314398285002,1.4202793500153348,0.1766455430770293,0.3585354309082031,2.1936543190386146,0.002773958260845926
1473,6172,537761,676363,826000896,0.09347218100447208,0.6472555879736319,0.0803622929379344,0.149780517578125,0.9709414769895375,0.007301932923275225
1474,16384,1186422,1665800,1822344192,0.24634924507699907,1.4187154739629477,0.17681011103559285,0.3524530944824219,2.194384857080877,0.0025944638986846063
1475,16384,1167265,1639712,1792919040,0.23577144590672106,1.3981013729935512,0.17420240200590342,0.3550458068847656,2.163178331917152,0.0026490708308650884
1476,16384,1177158,1650656,1808114688,0.25125686498358846,1.413210013997741,0.17540543002542108,0.3423907165527344,2.1823213789612055,0.0026739142219383907
1477,16384,1176907,1655263,1807729152,0.24624516908079386,1.4093259560177103,0.17549749999307096,0.339976318359375,2.171104005072266,0.00272034970125225
1478,16384,1183966,1662330,1818571776,0.23309084307402372,1.42197429202497,0.17728545400314033,0.3569007263183594,2.189312144066207,0.002778436408834604
1479,6172,537321,676220,825325056,0.0919807810569182,0.6471064259530976,0.08005459303967655,0.15399920654296875,0.9732018760405481,0.006254555132447421
1480,16384,1185346,1663448,1820691456,0.24188200803473592,1.4060781029984355,0.17646559001877904,0.35532058715820314,2.179805797059089,0.0027300069123372553
1481,16384,1168679,1641082,1795090944,0.23284188797697425,1.3996440570335835,0.1739102399442345,0.3379154052734375,2.144370394060388,0.002742242306700439
1482,16384,1177972,1652727,1809364992,0.2495679339626804,1.414562975987792,0.17570344300474972,0.3519490356445312,2.191845310968347,0.002825124943066129
1483,16384,1176506,1655691,1807113216,0.24329465092159808,1.4108010530471802,0.17528029694221914,0.3535271911621094,2.182962748920545,0.0027282576153734943
1484,16384,1184380,1661741,1819207680,0.23106961697340012,1.4229581720428541,0.17582902999129146,0.3577661743164062,2.187682121992111,0.002702799806454729
1485,6172,538038,677373,826426368,0.09120500599965453,0.6487625050358474,0.08047181193251163,0.15002438354492187,0.9705234590219334,0.006156730004047539
1486,16384,1185602,1665682,1821084672,0.2406558149959892,1.4173549690749496,0.17677372798789293,0.35025466918945314,2.1850970570230857,0.002648659226126157
1487,16384,1169028,1640320,1795627008,0.23160821094643325,1.4017347830813378,0.1740882119629532,0.35456597900390624,2.162057750974782,0.002801311857827695
1488,16384,1177215,1651881,1808202240,0.2469263660022989,1.4112747990293428,0.17568010394461453,0.333566162109375,2.1675074660452083,0.0027697694479686683
1489,16384,1177362,1656158,1808428032,0.24099874403327703,1.4108553580008447,0.1754403489176184,0.3524765930175781,2.179829910979606,0.0027005322750923767
1490,16384,1182254,1659821,1815942144,0.22894728102255613,1.416504628956318,0.1762895929859951,0.34446630859375,2.166266988031566,0.002731725741753917
1491,6172,538511,677700,827152896,0.0905557801015675,0.6495457699056715,0.08030468202196062,0.15379629516601562,0.9742622580379248,0.006130879259326521
1492,16384,1185584,1663535,1821057024,0.23809007101226598,1.4221037770621479,0.17894558201078326,0.34618707275390626,2.185397152090445,0.003232787746337673
1493,16384,1168223,1641103,1794390528,0.2487723280210048,1.402978463913314,0.1765358780976385,0.33419406127929685,2.1625512989703566,0.003263166942490758
1494,16384,1176339,1650120,1806856704,0.2922388749429956,1.4130599610507488,0.17642843700014055,0.35552377319335937,2.237320728949271,0.003114562929004639
1495,16384,1177261,1654590,1808272896,0.30715725291520357,1.4159584020962939,0.17655934998765588,0.3326521301269531,2.2323986939154565,0.003205466368758183
1496,16384,1183698,1661951,1818160128,0.34365694399457425,1.4228208879940212,0.17771276796702296,0.3551044921875,2.299369115033187,0.0032192695633196954
1497,6172,538745,677916,827512320,0.13368560397066176,0.647887438070029,0.08046973100863397,0.15554742431640625,1.0176674940157682,0.007595472046775086
1498,16384,1185280,1665093,1820590080,0.3416095969732851,1.4155308170011267,0.17674753395840526,0.35443023681640623,2.288411241956055,0.004066454714332501
1499,16384,1169269,1641736,1795997184,0.31391202902887017,1.4006679879967123,0.17448783095460385,0.3486317138671875,2.237757979077287,0.002610524929824739
1500,16384,1178253,1652544,1809796608,0.314236106001772,1.4109080999623984,0.17573253298178315,0.33273321533203126,2.233667539898306,0.0025780748160812096
1501,16384,1177943,1656086,1809320448,0.29294716205913574,1.4128779720049351,0.17576752393506467,0.3516871643066406,2.2333381740609184,0.0026127594925025874
1502,16384,1182505,1659804,1816327680,0.2700317669659853,1.419964518980123,0.1764369240263477,0.3541519470214844,2.2206432059174404,0.0026140589963009843
1503,6172,537956,676600,826300416,0.1014054820407182,0.6487300919834524,0.08032860606908798,0.15039152526855468,0.9809145930921659,0.006003349401391833
1504,16384,1185024,1664113,1820196864,0.2641185940010473,1.420187494950369,0.17682623607106507,0.34726654052734374,2.208456962951459,0.0026306784605093516
1505,16384,1169993,1643111,1797109248,0.25399926397949457,1.4072581559885293,0.17476898210588843,0.35214901733398435,2.1882315350230783,0.00256442767977543
1506,16384,1176537,1650903,1807160832,0.26081942196469754,1.41136713209562,0.17546029097866267,0.3532574462890625,2.2009667239617556,0.002836600527983444
1507,16384,1176892,1655213,1807706112,0.2460769929457456,1.4131983540719375,0.17567171400878578,0.3541365966796875,2.1891400560270995,0.00257627741943231
1508,16384,1181382,1659650,1814602752,0.2723024940351024,1.416651795967482,0.17589809105265886,0.36422076416015625,2.229129855055362,0.002544034831978628
1509,6172,537870,676342,826168320,0.09034245798829943,0.6479877670062706,0.08030397410038859,0.15074237060546875,0.9694330510683358,0.005826226766895859
1510,16384,1186502,1663443,1822467072,0.24207148607820272,1.4202929279999807,0.17668747098650783,0.3347225341796875,2.1738323600729927,0.002665377040028735
1511,16384,1168491,1641510,1794802176,0.239683251013048,1.3996151819592342,0.17368559795431793,0.3537163391113281,2.166757978964597,0.002658761487341858
1512,16384,1178323,1653377,1809904128,0.2572253019316122,1.4048089000862092,0.17570346500724554,0.33134954833984376,2.1691466249758378,0.0027388471688892745
1513,16384,1176457,1655593,1807037952,0.2477874979376793,1.4099154940340668,0.17524281993974,0.3530320739746094,2.186038290965371,0.0027632214643747086
1514,16384,1183099,1662084,1817240064,0.23564700095448643,1.4176346770254895,0.17617491097189486,0.3385610046386719,2.1680763829499483,0.002711590784708349
1515,6172,537827,676414,826102272,0.09141132200602442,0.6481133579509333,0.08024363999720663,0.1503625030517578,0.9701867019757628,0.005759609952076307
1516,16384,1186957,1664456,1823165952,0.24593626498244703,1.420959161943756,0.17685297701973468,0.3575341491699219,2.2013395850080997,0.0025907812056050372
1517,16384,1169342,1642736,1796109312,0.23682109103538096,1.402197071001865,0.17434464895632118,0.33797750854492187,2.1513989069499075,0.002723224002274506
1518,16384,1178851,1652602,1810715136,0.2463226990075782,1.4139822439756244,0.17657322296872735,0.35666375732421873,2.19360165996477,0.0027232240799101816
1519,16384,1177105,1655278,1808033280,0.23295249498914927,1.4110374089796096,0.17479139601346105,0.35713714599609375,2.1759766519535333,0.0026749356509595304
1520,16384,1184074,1662629,1818737664,0.23545459797605872,1.4218396159121767,0.17654253309592605,0.3523846130371094,2.186278418987058,0.0026098673111256414
1521,6172,537970,677063,826321920,0.08665187901351601,0.6488245360087603,0.08014424494467676,0.1496895751953125,0.965368753997609,0.006061811623914793
1522,16384,1186173,1665888,1821961728,0.234391069971025,1.421230630017817,0.1765732920030132,0.35555075073242187,2.187806646921672,0.0027838016435492137
1523,16384,1169333,1641718,1796095488,0.2334415940567851,1.4005998639622703,0.1742495900252834,0.35272772216796877,2.1610783180221915,0.0027554674621153336
1524,16384,1177088,1650241,1808007168,0.24890430900268257,1.4136014849646017,0.17539227905217558,0.35273233032226564,2.190690840012394,0.0027587950597410785
1525,16384,1176686,1654752,1807389696,0.24095909902825952,1.4115276579977944,0.17544065893162042,0.3361169128417969,2.1641060629626736,0.0028526403700290955
1526,16384,1183019,1660464,1817117184,0.23111143708229065,1.4193443509284407,0.17609581002034247,0.35102880859375,2.1776388230500743,0.0026825580363494814
1527,6172,536400,675502,823910400,0.09115758794359863,0.6470702349906787,0.0800285340519622,0.15360202026367187,0.9719159429660067,0.00592291097927686
1528,16384,1187486,1666096,1823978496,0.2397378470050171,1.4223367789527401,0.17911662498954684,0.35570938110351563,2.1969573819078505,0.002583111420290133
1529,16384,1168024,1642297,1794084864,0.23182337603066117,1.403220010921359,0.17418521305080503,0.35043109130859373,2.1597192629706115,0.002758305684151666
1530,16384,1176412,1649441,1806968832,0.24710197502281517,1.4123443859862164,0.17559172899927944,0.3566376037597656,2.1917334720492363,0.00263619102853191
1531,16384,1176530,1655649,1807150080,0.24108864890877157,1.4138620760058984,0.17503395804669708,0.3541361694335938,2.1841782979900017,0.002630078098189317
1532,16384,1182556,1660467,1816406016,0.2291242079809308,1.4203856349922717,0.17590160795953125,0.3528054504394531,2.1782769289566204,0.0027557370523384273
1533,6172,537630,676647,825799680,0.09070153604261577,0.6455604579532519,0.07985220698174089,0.1504468536376953,0.9666182229993865,0.005914267155574532
1534,16384,1186497,1664556,1822459392,0.23929473396856338,1.4225092949345708,0.17841179808601737,0.3358621520996094,2.1761482019210234,0.003226932439640103
1535,16384,1168723,1640888,1795158528,0.26024244993459433,1.4032000930747017,0.1760935909114778,0.346771240234375,2.186376075958833,0.0031422683608585277
1536,16384,1178067,1650022,1809510912,0.30069048807490617,1.4135170069057494,0.17626650200691074,0.3529223937988281,2.2434665280161425,0.003126288218351319
1537,16384,1177426,1654251,1808526336,0.3136411519953981,1.413937728968449,0.1761847260640934,0.3561990661621094,2.26003127603326,0.003035482027957008
1538,16384,1183086,1660401,1817220096,0.3201090421061963,1.4226427279645577,0.17789468099363148,0.35876022338867186,2.2794918620493263,0.003737130967095896
1539,6172,538016,676443,826392576,0.13553205598145723,0.6449818999972194,0.08023733494337648,0.14567852783203125,1.0065284658921883,0.009800730078357345
1540,16384,1185106,1664662,1820322816,0.3358755150111392,1.4096275840420276,0.17609742004424334,0.35403311157226564,2.2756909620948136,0.002519297483398167
1541,16384,1168203,1640550,1794359808,0.30784104694612324,1.3945169610669836,0.173371480894275,0.35088909912109373,2.2266807259293273,0.002790606669751513
1542,16384,1177635,1651517,1808847360,0.3071390390396118,1.4052793679293245,0.17503248702269047,0.35478146362304686,2.2422942919656634,0.0027620973398503825
1543,16384,1175925,1654197,1806220800,0.28868683497421443,1.4054918349720538,0.174714648979716,0.3564606628417969,2.2254118509590626,0.0026003811949078352
1544,16384,1183518,1661489,1817883648,0.26538642100058496,1.405340946977958,0.17571128299459815,0.3449297180175781,2.1914255369920284,0.0026087129288137985
1545,6172,537465,676860,825546240,0.0995680799242109,0.648332808050327,0.08002851693890989,0.15042930603027344,0.9784296929137781,0.007254682740203109
1546,16384,1186253,1664968,1822084608,0.26312282599974424,1.4149644130375236,0.17619698692578822,0.35932696533203123,2.2136688720202073,0.0026056618426026005
1547,16384,1168414,1640799,1794683904,0.2517536870436743,1.3991991619113833,0.17376428504940122,0.35248779296875,2.1772667550249025,0.002839709537236616
1548,16384,1177203,1651937,1808183808,0.26490119693335146,1.4089468599995598,0.17494080506730825,0.33388037109375,2.182728772982955,0.002727773130692683
1549,16384,1175711,1654315,1805892096,0.2562653380446136,1.4058658420108259,0.174833765020594,0.35449688720703126,2.1915208180435,0.0026915446091118965
1550,16384,1184283,1662140,1819058688,0.24159527197480202,1.4166562779573724,0.1760613980004564,0.3553378295898437,2.1897090539569035,0.0026613779727462155
1551,6172,537914,677045,826235904,0.09485323692206293,0.6457926010480151,0.08004367398098111,0.15391824340820312,0.9746703779092059,0.006424997759543725
1552,16384,1186117,1664500,1821875712,0.2507686549797654,1.419926497968845,0.17620167799759656,0.35582986450195314,2.202785845962353,0.0026852594091858533
1553,16384,1168643,1641917,1795035648,0.2412918530171737,1.3967254789313301,0.17354776908177882,0.35223773193359376,2.1638592729577795,0.0026083024255905427
1554,16384,1177358,1652247,1808421888,0.25652341498062015,1.4103523360099643,0.17497904098127037,0.3315382080078125,2.173453573952429,0.002786991794425995
1555,16384,1175274,1652787,1805220864,0.24829165101982653,1.405119320959784,0.17462486505974084,0.35119635009765626,2.1792916329577565,0.0027277588666685722
1556,16384,1182294,1660711,1816003584,0.2366310100769624,1.4136358639225364,0.17542571609374136,0.33424246215820314,2.159992945031263,0.0026802300420932968
1557,6172,537329,676596,825337344,0.0931863069999963,0.6454672240652144,0.07990225497633219,0.15088841247558593,0.9695020919898525,0.0059714644457182905
1558,16384,1185447,1665407,1820846592,0.24491519504226744,1.414205670938827,0.176208368036896,0.35383355712890624,2.189221843960695,0.0026974339745850385
1559,16384,1168081,1641526,1794172416,0.23677631607279181,1.399893531925045,0.17360924906097353,0.3465982666015625,2.1569360910216346,0.0027227214337252194
1560,16384,1177857,1653427,1809188352,0.25202161294873804,1.410050773061812,0.17514385795220733,0.35369869995117187,2.1909758769907057,0.002781093001369446
1561,16384,1176397,1655194,1806945792,0.2441428799647838,1.4078123449580744,0.17479260207619518,0.33541806030273436,2.162222718936391,0.0026283894857805456
1562,16384,1185092,1663363,1820301312,0.2321317520691082,1.417402099003084,0.17617946793325245,0.352257080078125,2.1780296630458906,0.0027209896782702634
1563,6172,538083,676690,826495488,0.091789496014826,0.6467947060009465,0.08014394494239241,0.1518330535888672,0.9706176089821383,0.005811602281292906
1564,16384,1185823,1663190,1821424128,0.24135758401826024,1.4149967420380563,0.17598093999549747,0.33865655517578125,2.171051111072302,0.00273092809304833
1565,16384,1169082,1641664,1795709952,0.2335431360406801,1.3977981079369783,0.1745024920674041,0.3530811462402344,2.1589832339668646,0.0027027389860884965
1566,16384,1177724,1651316,1808984064,0.2492439930792898,1.41111774998717,0.17501726897899061,0.33236279296875,2.1678020930849016,0.0027810689404412746
1567,16384,1176297,1654349,1806792192,0.24369271902833134,1.4086976579856128,0.1748449889710173,0.35116421508789064,2.1784549390431494,0.002541157464650507
1568,16384,1183639,1660891,1818069504,0.23298681003507227,1.4145981189794838,0.17594220000319183,0.334176025390625,2.157758872024715,0.0025821984589854325
1569,6172,538345,676557,826897920,0.09092785301618278,0.6473086839541793,0.0801682110177353,0.15081788635253907,0.9692813790170476,0.006060642212137254
1570,16384,1185836,1664537,1821444096,0.24100463092327118,1.4161522610811517,0.17620880296453834,0.3539484558105469,2.1873697999399155,0.002544113044299763
1571,16384,1167632,1640434,1793482752,0.23115260701160878,1.396126220934093,0.17408166697714478,0.35441961669921873,2.155836212914437,0.00260229845085565
1572,16384,1177083,1652495,1807999488,0.24748769798316061,1.4126897889655083,0.1749116680584848,0.35161642456054687,2.186763778910972,0.002661437135233906
1573,16384,1175953,1653780,1806263808,0.23971982102375478,1.4056949109071866,0.17474674002733082,0.33949969482421877,2.1597201200202107,0.0027296702555806808
1574,16384,1182752,1661088,1816707072,0.22862289403565228,1.413967270986177,0.17579558596480638,0.35467449951171875,2.1731187710538507,0.002692929455842672
1575,6172,537760,676146,825999360,0.0906963279703632,0.6475229550851509,0.08034689794294536,0.14952015686035156,0.9681540500605479,0.00699394912747742
1576,16384,1185883,1665566,1821516288,0.24802654096856713,1.4213577719638124,0.17855268600396812,0.3382116394042969,2.186216468922794,0.003102647112650359
1577,16384,1169101,1642094,1795739136,0.2696203930536285,1.395529726985842,0.17606421699747443,0.35274099731445313,2.194025081000291,0.003178935806012364
1578,16384,1177877,1651746,1809219072,0.3092081999639049,1.4138721849303693,0.17601321206893772,0.35137918090820314,2.2505429768934846,0.0031192038006047965
1579,16384,1176618,1655691,1807285248,0.3216950559290126,1.412661714013666,0.17575626098550856,0.3505097351074219,2.2607035799883306,0.0035747257374699644
1580,16384,1180916,1659328,1813886976,0.325865137972869,1.4156047939322889,0.17554109205957502,0.3424701843261719,2.2595945079810917,0.005014160274640254
1581,6172,539197,678387,828206592,0.13305108691565692,0.6514508040854707,0.0804917779751122,0.1552731475830078,1.0203454128932208,0.007702914422896355
1582,16384,1185036,1663177,1820215296,0.3278967780061066,1.4103411838877946,0.1760960640385747,0.35587387084960936,2.2702668599085882,0.0025971892355193386
1583,16384,1168354,1641006,1794591744,0.30074044701177627,1.3930257629835978,0.1736778609920293,0.3531719055175781,2.2206747649470344,0.0026473233713039833
1584,16384,1177101,1651344,1808027136,0.30418522492982447,1.4046049349708483,0.17499372106976807,0.3573697814941406,2.241213265922852,0.0026594282291886964
1585,16384,1176683,1655528,1807385088,0.28211184893734753,1.4089794150786474,0.17580376099795103,0.35537017822265626,2.222324238042347,0.0026564443088091414
1586,16384,1182997,1660635,1817083392,0.26049294299446046,1.416181834996678,0.17543483595363796,0.33497244262695314,2.187140321941115,0.002663997769175374
1587,6172,537446,676857,825517056,0.09980247903149575,0.645779947983101,0.07995251996908337,0.15143043518066407,0.977022544015199,0.0058506173890090956
1588,16384,1186645,1664749,1822686720,0.26223924790974706,1.4164906850783154,0.17641079693567008,0.35798077392578126,2.213180669932626,0.002673350798523212
1589,16384,1167851,1642137,1793819136,0.25153986795339733,1.3970461359713227,0.17359034600667655,0.353512451171875,2.1757477569626644,0.002709682646068401
1590,16384,1177995,1651753,1809400320,0.2641595610184595,1.4095458100782707,0.1751625589095056,0.33910223388671873,2.1880276660667732,0.002628036871301031
1591,16384,1176871,1654478,1807673856,0.25571035291068256,1.4079770070966333,0.17497458099387586,0.3474385070800781,2.1861586049199104,0.002660229615066805
1592,16384,1183188,1660854,1817376768,0.241619139094837,1.4218027369352058,0.17600901401601732,0.3537816772460938,2.1932693840935826,0.00259050720540991
1593,6172,538325,677609,826867200,0.1196754559641704,0.647238873061724,0.08001863595563918,0.15263516235351562,0.9996296659810469,0.0061561444294750125
1594,16384,1186082,1666333,1821821952,0.25062642502598464,1.415614509023726,0.17608163598924875,0.33408767700195313,2.1764689669944346,0.002697945820166439
1595,16384,1170241,1642629,1797490176,0.24110536905936897,1.3997320069465786,0.17406092502642423,0.3546691589355469,2.169626602088101,0.0027259123816799997
1596,16384,1175400,1648447,1805414400,0.2556122710229829,1.4062565229833126,0.17469309701118618,0.33140289306640625,2.1680231229402125,0.002690877957303766
1597,16384,1175953,1653620,1806263808,0.24757764698006213,1.4062837280798703,0.17489166895393282,0.35123434448242186,2.180046217981726,0.002698543037914844
1598,16384,1183022,1660262,1817121792,0.2356445319019258,1.4155157840577886,0.17582074494566768,0.33339993286132813,2.16044298291672,0.0028692796107166914
1599,6172,537192,676315,825126912,0.09292103792540729,0.6486222100211307,0.08037770795635879,0.1534040985107422,0.9753850949928164,0.006155576857349237
1600,16384,1184539,1662491,1819451904,0.2443887540139258,1.4160814250353724,0.1770328659331426,0.3563740844726562,2.193932463065721,0.0025221200540891733
1601,16384,1167830,1641277,1793786880,0.23605747509282082,1.395493424963206,0.1740133899729699,0.3539691162109375,2.159591311006807,0.002681283564042129
1602,16384,1176987,1650648,1807852032,0.2515837689861655,1.4108541250461712,0.17479002196341753,0.33864028930664064,2.1759278089739382,0.0027392301940079205
1603,16384,1176559,1653687,1807194624,0.2439341740682721,1.4073722889879718,0.17478954698890448,0.3369024353027344,2.163062494015321,0.0029610178908538675
1604,16384,1182010,1660323,1815567360,0.232181278988719,1.416063125943765,0.17562553100287914,0.36602713012695315,2.1899559579323977,0.002689180568592724
1605,6172,538227,676872,826716672,0.09212034195661545,0.6484264639439061,0.08005206601228565,0.15334742736816406,0.9740051159169525,0.006038637274076561
1606,16384,1184544,1663915,1819459584,0.24247212207410485,1.4177325549535453,0.17603524099104106,0.3594785461425781,2.1957757570780814,0.002609233507903943
1607,16384,1167493,1641530,1793269248,0.2322600749321282,1.397811581962742,0.17356332810595632,0.3537314147949219,2.1574216689914465,0.002561817028756953
1608,16384,1177447,1649963,1808558592,0.24881899100728333,1.4104205099865794,0.17520097002852708,0.35242941284179685,2.186926916008815,0.002607866966690913
1609,16384,1176283,1653596,1806770688,0.24233809497673064,1.3966543130809441,0.1746448309859261,0.3523569030761719,2.1660506590269506,0.0026092144679188962
1610,16384,1182019,1659800,1815581184,0.23021597403567284,1.4152173090260476,0.17576686199754477,0.36313619995117186,2.1843928389716893,0.002586254644506823
1611,6172,537954,676729,826297344,0.0909853350603953,0.6466278299922124,0.07999273994937539,0.14479273986816407,0.9624571870081127,0.0060825706073748915
1612,16384,1185960,1664704,1821634560,0.23970638297032565,1.4162148790201172,0.17619306908454746,0.35274075317382814,2.184914520010352,0.0027202785733464506
1613,16384,1169717,1642991,1796685312,0.23246985208243132,1.4009681990137324,0.17398071894422174,0.35000616455078126,2.1574850840261206,0.002787942099764027
1614,16384,1176964,1651163,1807816704,0.24791314697358757,1.407442510011606,0.17505575506947935,0.3496270751953125,2.180096874013543,0.0026781728946865006
1615,16384,1176832,1655413,1807613952,0.24106592999305576,1.4074345750268549,0.1748679509619251,0.352385498046875,2.175811061053537,0.0026246316074272046
1616,16384,1184178,1661343,1818897408,0.22924752195831388,1.4173364200396463,0.175782346050255,0.35263021850585935,2.1750545130344108,0.0026668977714704024
1617,6172,537816,677050,826085376,0.09127370803616941,0.6499195189680904,0.07976796000730246,0.15077159118652345,0.9718037099810317,0.007298982522644527
1618,16384,1187375,1666243,1823808000,0.26605466997716576,1.422933010966517,0.17731804901268333,0.3581842956542969,2.224565387936309,0.0033877325456217844
1619,16384,1168362,1642702,1794604032,0.2808003630489111,1.4041954970452935,0.17601638892665505,0.35067355346679685,2.211758457007818,0.0032849210966628605
1620,16384,1179257,1652792,1811338752,0.32042248896323144,1.4162980789551511,0.1764832449844107,0.3555949401855469,2.2688674529781565,0.0030279375609327435
1621,16384,1177851,1656234,1809179136,0.33293910906650126,1.4140065329847857,0.17623957595787942,0.33363714599609373,2.256892475998029,0.003106572134671434
1622,16384,1182794,1661466,1816771584,0.33583068603184074,1.4126850320026278,0.17566690198145807,0.357801513671875,2.2820806979434565,0.004231412839246292
1623,6172,537231,676076,825186816,0.12907799996901304,0.6462377880234271,0.08030084194615483,0.1539979248046875,1.0096729339566082,0.005781992500974792
1624,16384,1185286,1662570,1820599296,0.3176366670522839,1.4107088960008696,0.17572822398506105,0.3425026550292969,2.2466360910329968,0.002655034596979749
1625,16384,1167342,1640562,1793037312,0.2930571750039235,1.392903423984535,0.17552635294850916,0.35760183715820315,2.2191465699579567,0.002603742518325672
1626,16384,1178839,1653791,1810696704,0.29501289199106395,1.4109638310037553,0.175137736951001,0.3546430969238281,2.2358148539206013,0.002562692114341457
1627,16384,1176579,1654147,1807225344,0.2756500500254333,1.4080338280182332,0.17492637899704278,0.3531424865722656,2.2118102330714464,0.0025992039286151375
1628,16384,1182543,1661346,1816386048,0.25532226997893304,1.4143210590118542,0.17551953706424683,0.355568359375,2.2007892950205132,0.002638580195326207
1629,6172,538405,676383,826990080,0.10014452005270869,0.6475260029546916,0.08011546800844371,0.15372586059570312,0.9815720020560548,0.006127970681884162
1630,16384,1184696,1663939,1819693056,0.2611766009358689,1.4150341690983623,0.176128619001247,0.35781924438476564,2.210213550948538,0.0024847159348116744
1631,16384,1169162,1641558,1795832832,0.25052255706395954,1.403588057961315,0.17374301399104297,0.35335726928710937,2.1812704160111025,0.002728579970588401
1632,16384,1175975,1649896,1806297600,0.26313973194919527,1.4082011400023475,0.17459064500872046,0.3540676574707031,2.200057504931465,0.002651317084550972
1633,16384,1176524,1654486,1807140864,0.2550030089914799,1.4087494370760396,0.17445997695904225,0.35666522216796875,2.1949331409996375,0.002528359705827401
1634,16384,1182580,1659890,1816442880,0.24070041603408754,1.4131279269931838,0.17565915500745177,0.3559582214355469,2.1855065680574626,0.0027841868828858032
1635,6172,538342,676720,826893312,0.09556440799497068,0.6473866389133036,0.08001331705600023,0.14546470642089843,0.9684898789273575,0.006278696712022975
1636,16384,1186226,1664837,1822043136,0.2499654060229659,1.415921495994553,0.1761439429828897,0.3524613952636719,2.194550420041196,0.00265110232074039
1637,16384,1168760,1640301,1795215360,0.24055379000492394,1.3979415749199688,0.17368325404822826,0.35198971557617187,2.164230047026649,0.0028514749363681116
1638,16384,1178365,1653033,1809968640,0.25701692199800164,1.4093767380109057,0.17545926698949188,0.33090380859375,2.1728147770045325,0.0026712544942938225
1639,16384,1177771,1655994,1809056256,0.2504067480331287,1.4129239940084517,0.1746744359843433,0.35359356689453125,2.1916592800989747,0.0027620706863220987
1640,16384,1182920,1660038,1816965120,0.2381651810137555,1.4157391819171607,0.17570244299713522,0.3404743347167969,2.1701415369752795,0.002783059510269052
1641,6172,538230,677299,826721280,0.09297850506845862,0.6472389079863206,0.07997626694850624,0.15395951843261718,0.97421006008517,0.005836692885552282
1642,16384,1185916,1665292,1821566976,0.24429235700517893,1.403667656937614,0.17604900908190757,0.34891854858398436,2.172984087956138,0.002600863382586056
1643,16384,1168806,1641654,1795286016,0.23623406398110092,1.3974724020808935,0.1737306599970907,0.3510296936035156,2.1585237389663234,0.0026369551881794623
1644,16384,1178108,1651151,1809573888,0.25135827099438757,1.4102866889443249,0.17510282900184393,0.3389434814453125,2.1757504999404773,0.0027222585774464765
1645,16384,1175342,1654201,1805325312,0.24400107003748417,1.4043504979927093,0.17468243604525924,0.3313076171875,2.1544057900318876,0.0029784903675895502
1646,16384,1183851,1661021,1818395136,0.23200475296471268,1.4161530950805172,0.1758351899916306,0.3519646301269531,2.176016886951402,0.002721430515700886
1647,6172,537083,676083,824959488,0.09216134995222092,0.6460217999992892,0.07958041504025459,0.1495325164794922,0.9673562269890681,0.006217514927091481
1648,16384,1187016,1665856,1823256576,0.2413160849828273,1.4190899110399187,0.17629389103967696,0.33783242797851565,2.1745929169701412,0.002786817189090793
1649,16384,1167323,1641119,1793008128,0.23272079194430262,1.3952357390662655,0.1734901419840753,0.35723629760742187,2.1587393219815567,0.0026103837048668337
1650,16384,1177213,1650179,1808199168,0.2490349169820547,1.4099948559887707,0.17493797605857253,0.35546609497070314,2.189491622033529,0.0026388789455251507
1651,16384,1177598,1656072,1808790528,0.24185635906178504,1.4083361729281023,0.1749137620208785,0.35348422241210936,2.178649152047001,0.0026913752528879933
1652,16384,1182822,1662291,1816814592,0.2300741580547765,1.4169903020374477,0.1758037469116971,0.3362894287109375,2.1592145250178874,0.0026347221347963697
1653,6172,538132,676413,826570752,0.09113062103278935,0.6470984700135887,0.08009639498777688,0.1519318084716797,0.9703164310194552,0.006094559643654584
1654,16384,1185575,1664271,1821043200,0.24334347492549568,1.4167026680661365,0.17583221301902086,0.35470941162109376,2.190645633963868,0.0026415195239231624
1655,16384,1168967,1642300,1795533312,0.23211559106130153,1.3972541990224272,0.1744637539377436,0.35347799682617187,2.1573682150337845,0.0026270057074906285
1656,16384,1178726,1653298,1810523136,0.24787716602440923,1.4121111269341782,0.17518982500769198,0.3407857666015625,2.176021463004872,0.0026460417789601082
1657,16384,1176347,1654149,1806868992,0.24079248902853578,1.4080377450445667,0.17478133190888911,0.3349414672851562,2.1586116410326213,0.0027150676091777614
1658,16384,1182296,1659638,1816006656,0.26064783590845764,1.40515875199344,0.17574729199986905,0.35488311767578123,2.1965061819646508,0.0031497469786728595
1659,6172,537864,677016,826159104,0.09435463498812169,0.6479028089670464,0.07983467099256814,0.15388255310058593,0.9760469439206645,0.007404958623397859
1660,16384,1186008,1665975,1821708288,0.2679989200551063,1.4179433869430795,0.17705415899399668,0.35415948486328125,2.217228446039371,0.0032696307877974422
1661,16384,1167774,1641188,1793700864,0.28550709993578494,1.3996428460814059,0.17431985994335264,0.35315823364257815,2.2127003020141274,0.00326580201303747
1662,16384,1177886,1652054,1809232896,0.32260332501027733,1.4137877760222182,0.17562676197849214,0.3504916076660156,2.262581708957441,0.003192736870094452
1663,16384,1176316,1655074,1806821376,0.3314465160947293,1.411488275974989,0.1764463660074398,0.3562864074707031,2.2757396770175546,0.0031687046818918447
1664,16384,1182111,1660617,1815722496,0.3362036000471562,1.4074090059148148,0.17583175899926573,0.36342300415039064,2.282961628981866,0.004128841634561986
1665,6172,537906,677188,826223616,0.12690182693768293,0.6442147940397263,0.07995995495002717,0.1546163787841797,1.0057515109656379,0.005822139304133455
1666,16384,1184201,1662626,1818932736,0.31401306099724025,1.4107784170191735,0.1756983440136537,0.3547315979003906,2.2552806860767305,0.002627883377810693
1667,16384,1168873,1642131,1795388928,0.2887279880233109,1.3937772009521723,0.17371313704643399,0.3304154357910156,2.186692201066762,0.0026724956443761948
1668,16384,1177711,1651371,1808964096,0.2913927639601752,1.408439395017922,0.17492561996914446,0.35153311157226563,2.2263549169292673,0.0028758402028967564
1669,16384,1177438,1655578,1808544768,0.2765559849794954,1.4094638540409505,0.1745010350132361,0.3427835693359375,2.203363695065491,0.00268914732525573
1670,16384,1183436,1662247,1817757696,0.25290896696969867,1.4156757569871843,0.17581041902303696,0.35596728515625,2.200419507920742,0.0025940410165783676
1671,6172,538019,677336,826397184,0.09947735210880637,0.6487703709863126,0.08010262390598655,0.1449383087158203,0.9733453860972077,0.005828391554752873
1672,16384,1186032,1665064,1821745152,0.25981906394008547,1.4170549450209364,0.1761144270421937,0.3354251708984375,2.1884727909928188,0.0027043558142126442
1673,16384,1168266,1642193,1794456576,0.250224806019105,1.396459948970005,0.17372180800884962,0.35073370361328127,2.1711971630575135,0.0026205103451996258
1674,16384,1176948,1650597,1807792128,0.263780549983494,1.3965213410556316,0.17470772995147854,0.3305091857910156,2.165580432047136,0.0028456696691743747
1675,16384,1176380,1655889,1806919680,0.2536123530007899,1.405711369938217,0.17479404108598828,0.35263876342773437,2.186814571963623,0.0026542950480538787
1676,16384,1183405,1661436,1817710080,0.23989491490647197,1.4145682820817456,0.17613736691419035,0.3384237365722656,2.169085063971579,0.002801342276286272
1677,6172,537149,675921,825060864,0.09506744891405106,0.6458221510984004,0.07967940298840404,0.15014671325683593,0.9707742019090801,0.006024640052625838
1678,16384,1185488,1664732,1820909568,0.24895855400245637,1.4136722040129825,0.17611554404720664,0.35576443481445313,2.194568264996633,0.0026213866504803634
1679,16384,1168666,1640345,1795070976,0.23969809897243977,1.401242260937579,0.1737301170360297,0.3327157287597656,2.1474516269518062,0.003046459588239107
1680,16384,1178194,1652968,1809705984,0.2563465340062976,1.4079214410157874,0.17507796303834766,0.35413858032226564,2.1935424780240282,0.002642284884409475
1681,16384,1176893,1656119,1807707648,0.2469844010192901,1.4072023710468784,0.17483170691411942,0.3568414611816406,2.185917536029592,0.002634860039974047
1682,16384,1183585,1661498,1817986560,0.23444041493348777,1.4143071310827509,0.17587670299690217,0.35895199584960935,2.1836352889658883,0.002703936112254602
1683,6172,537981,677007,826338816,0.09310657402966172,0.6475054789334536,0.08001342602074146,0.15017478942871093,0.9708578989375383,0.005936041209915623
1684,16384,1185874,1664806,1821502464,0.24471100501250476,1.414966244949028,0.1766217879485339,0.35422674560546874,2.190584124997258,0.002663284238083536
1685,16384,1169076,1640740,1795700736,0.239793483982794,1.399573331931606,0.1732584600104019,0.34886669921875,2.161549534997903,0.0026628977693499167
1686,16384,1177957,1652609,1809341952,0.2516568679129705,1.409524569986388,0.17494783003348857,0.354925048828125,2.1911131140077487,0.002683441872572425
1687,16384,1176721,1655509,1807443456,0.2442469960078597,1.4092643790645525,0.17479920096229762,0.3541041259765625,2.1824739440344274,0.0027144435477470855
1688,16384,1182499,1661639,1816318464,0.2320277380058542,1.4138852159958333,0.17576114903204143,0.35680087280273437,2.178533024038188,0.002664554591756776
1689,6172,538603,677129,827294208,0.09186320600565523,0.6480444220360368,0.08009106398094445,0.15004666137695313,0.9701080560917035,0.006463475044877789
1690,16384,1186720,1664206,1822801920,0.24226478196214885,1.4175118210259825,0.17818923701997846,0.3560704956054688,2.1940924410009757,0.002557111375476657
1691,16384,1169305,1643088,1796052480,0.23397541302256286,1.3995194919407368,0.17381679196842015,0.3497073974609375,2.15707736404147,0.0027013240129483466
1692,16384,1178806,1652214,1810646016,0.24923259706702083,1.411924821906723,0.17470564402174205,0.35598809814453125,2.1919095689663664,0.00266470055043341
1693,16384,1177247,1655391,1808251392,0.24155576794873923,1.4095560550922528,0.17493833496700972,0.356623779296875,2.182733832974918,0.0027440665983476794
1694,16384,1182964,1660414,1817032704,0.22935624606907368,1.417586806928739,0.1765657200012356,0.3552204895019531,2.178787177079357,0.002658110850153012
1695,6172,537948,676235,826288128,0.0910202149534598,0.6465212519979104,0.08002892602235079,0.15096397399902345,0.9685932650463656,0.006080784963781391
1696,16384,1185882,1664511,1821514752,0.2390350679634139,1.4168477420462295,0.1761144909542054,0.3380287780761719,2.1700844659935683,0.002690538292978737
1697,16384,1168451,1641117,1794740736,0.23158939101267606,1.399095523986034,0.17362612101715058,0.35298751831054687,2.1573607759783044,0.002884156075768337
1698,16384,1176196,1650258,1806637056,0.24775442003738135,1.4070677818963304,0.17473951599095017,0.35346701049804685,2.183087438927032,0.002689333614227602
1699,16384,1175359,1652920,1805351424,0.23927116498816758,1.4055157660041004,0.17450616392306983,0.35402694702148435,2.173380054999143,0.0027612778622159197
1700,16384,1182278,1659923,1815979008,0.22875125100836158,1.4183638170361519,0.17644346202723682,0.33730477905273437,2.1609311720822006,0.003140449755769002
1701,6172,538164,676695,826619904,0.09889368806034327,0.6485872389748693,0.08178276498802006,0.15112684631347656,0.9804589240811765,0.006974870929093029
1702,16384,1186111,1664693,1821866496,0.2805487340083346,1.4201528310077265,0.17827431205660105,0.358093994140625,2.237137016025372,0.003001372361353111
1703,16384,1170134,1642882,1797325824,0.2964639440178871,1.4057357889832929,0.17507827805820853,0.34809854125976564,2.2254439749522135,0.0030296261697939663
1704,16384,1177327,1651307,1808374272,0.3289226359920576,1.4118928060634062,0.17577207693830132,0.3346310729980469,2.251286023063585,0.0029952245553064765
1705,16384,1176505,1654821,1807111680,0.3430152430664748,1.4100186809664592,0.1747446230147034,0.35631948852539064,2.284212226048112,0.0049991184611253335
1706,16384,1182579,1659509,1816441344,0.32892210502177477,1.3980551189742982,0.17549076699651778,0.3560758056640625,2.2586359130218625,0.0040784070012508285
1707,6172,538382,677057,826954752,0.12384390807710588,0.6447735109832138,0.07993762800469995,0.15213491821289063,1.0007492940640077,0.005928436467495063
1708,16384,1184741,1663783,1819762176,0.3052403199253604,1.4093048759968951,0.17597230907995254,0.34261029052734376,2.2331881430000067,0.0027023012209779693
1709,16384,1169067,1642041,1795686912,0.2828263780102134,1.3943767920136452,0.1737453689565882,0.3530230407714844,2.20403110596817,0.0027007883907649464
1710,16384,1177901,1651780,1809255936,0.28769800090231,1.411664986051619,0.17503089201636612,0.35343801879882814,2.2278899449156597,0.0026054763911941637
1711,16384,1177070,1655693,1807979520,0.2707068749004975,1.4099958030274138,0.17485915799625218,0.35674066162109375,2.2123600819613785,0.0026028500781028483
1712,16384,1181498,1659840,1814780928,0.2517532560741529,1.4150362809887156,0.17546697601210326,0.3652286376953125,2.207542850053869,0.0026137333453518665
1713,6172,538868,677814,827701248,0.09920026594772935,0.647242681006901,0.08018726296722889,0.15264604187011718,0.9793345229700208,0.005950079025871271
1714,16384,1186256,1665132,1822089216,0.2593875910388306,1.4170172220328823,0.1764374499907717,0.35709130859375,2.2099933120189235,0.002703192012566198
1715,16384,1169027,1641691,1795625472,0.2488981509814039,1.398832053062506,0.1738029159605503,0.3318390197753906,2.1534296390600502,0.00267012579173369
1716,16384,1177755,1651042,1809031680,0.26290946605149657,1.4110625879839063,0.17534665204584599,0.3542613830566406,2.2036362501094118,0.0025485590700089177
1717,16384,1176286,1654847,1806775296,0.2530656630406156,1.409442228032276,0.17503117094747722,0.3505707702636719,2.188168818014674,0.002695666355704207
1718,16384,1182265,1659739,1815959040,0.24057757190894336,1.4152789521031082,0.17568748793564737,0.362923095703125,2.194522842997685,0.0025397478563123545
1719,6172,537511,676331,825616896,0.09500813705381006,0.6459557079942897,0.07990835094824433,0.15004598999023439,0.9709775680676103,0.006115700607781574
1720,16384,1185654,1665092,1821164544,0.2494562929496169,1.4139534290879965,0.17608562693931162,0.34274755859375,2.1823011270025745,0.0026678001114995736
1721,16384,1168529,1641251,1794860544,0.24003882391843945,1.39577491406817,0.17376874200999737,0.3541978759765625,2.1638385789701715,0.002690727375330399
1722,16384,1177566,1649855,1808741376,0.254839961999096,1.4104136009700596,0.17429972998797894,0.35635977172851563,2.195978709962219,0.002989340300569483
1723,16384,1176009,1654798,1806349824,0.24671369697898626,1.4076129940804094,0.1747241070261225,0.35511203002929687,2.1842254190705717,0.002865590483934213
1724,16384,1183322,1660055,1817582592,0.2375858339946717,1.4144396579358727,0.17575308703817427,0.35610809326171877,2.1839485689997673,0.0028341679015977286
1725,6172,537731,676250,825954816,0.09231661702506244,0.6473831209586933,0.07998613105155528,0.15158326721191406,0.9713275519898161,0.0060140106672929025
1726,16384,1184220,1662763,1818961920,0.2436563849914819,1.4162516399519518,0.17587193904910237,0.35319549560546876,2.189032680937089,0.002614001133133945
1727,16384,1167978,1641342,1794014208,0.23603844596073031,1.3953460931079462,0.17355037794914097,0.34651956176757814,2.1515143980504945,0.002784980902440417
1728,16384,1179068,1653544,1811048448,0.252015761914663,1.4107036630157381,0.17549096106085926,0.35251364135742186,2.1907817599130794,0.002635249455400237
1729,16384,1175140,1653466,1805015040,0.24385889898985624,1.405289804097265,0.1746191669953987,0.33125555419921876,2.1550835070665926,0.0027879562280077987
1730,16384,1183486,1660447,1817834496,0.23201868496835232,1.4135212029796094,0.17586517403833568,0.35315689086914065,2.1746210058918223,0.0027155553185787733
1731,6172,537782,676929,826033152,0.0913653940660879,0.6471117329783738,0.08002124691847712,0.1491199951171875,0.9676771230297163,0.006071648093325901
1732,16384,1185849,1664784,1821464064,0.24116296391002834,1.4167231630999595,0.1758389959577471,0.3461829833984375,2.179966972908005,0.0027003409943453876
1733,16384,1169124,1641517,1795774464,0.23483697895426303,1.3992993000429124,0.17448077199514955,0.3524539794921875,2.161135056987405,0.00296263311658279
1734,16384,1177904,1651885,1809260544,0.25090828095562756,1.4086783659877256,0.17490994499530643,0.34028021240234374,2.1748377279145643,0.002801292840342286
1735,16384,1176106,1653773,1806498816,0.241046981071122,1.4078894599806517,0.17476524703670293,0.3494151611328125,2.1731746160658076,0.0026581777686646804
1736,16384,1182505,1659960,1816327680,0.22995830699801445,1.413981270045042,0.17551952099893242,0.35819171142578127,2.177710840012878,0.002756589350853143
1737,6172,538120,677274,826552320,0.09123946004547179,0.6467059770366177,0.07977785891853273,0.15001171875,0.9677932140184566,0.006013605695043438
1738,16384,1184936,1663111,1820061696,0.23928909201640636,1.4141551449429244,0.17584225803148001,0.35681307983398436,2.1861602480057627,0.0027753309037025064
1739,16384,1169300,1643201,1796044800,0.23223286506254226,1.3881655998993665,0.17359662509988993,0.3517339782714844,2.1457877589855343,0.002735156448035945
1740,16384,1178324,1652343,1809905664,0.2475980370072648,1.4096352530177683,0.17505387403070927,0.3512353210449219,2.183580974000506,0.0026785770959938692
1741,16384,1177859,1656028,1809191424,0.24002591101452708,1.40962083498016,0.17489134997595102,0.33207159423828125,2.1566678220406175,0.0026954467027338652
1742,16384,1182936,1659969,1816989696,0.22861305007245392,1.4212838689563796,0.17684339603874832,0.35274563598632813,2.1795569059904665,0.0032554752923171135
1743,6172,537304,676623,825298944,0.10405399603769183,0.6476573699619621,0.0797796780243516,0.15208876037597657,0.9836463680258021,0.006767028068584231
1744,16384,1186872,1665295,1823035392,0.28972141596022993,1.4214427539845929,0.17739394900854677,0.35425265502929687,2.242882063961588,0.003178498774721788
1745,16384,1167565,1640734,1793379840,0.30354242608882487,1.4001898569986224,0.17447217600420117,0.3487012023925781,2.2269763300428167,0.003173296349715688
1746,16384,1177490,1651432,1808624640,0.3368876859312877,1.4126521250000224,0.1771987039828673,0.3541754455566406,2.2809833019273356,0.00303998089153092
1747,16384,1176340,1653573,1806858240,0.3439044440165162,1.4035132200224325,0.1750937170581892,0.3500616760253906,2.272672224091366,0.004363452317772833
1748,16384,1183478,1662428,1817822208,0.3262142559979111,1.4121531919809058,0.17642652906943113,0.3560672912597656,2.2709189280867577,0.0025390505152306387
1749,6172,536739,675679,824431104,0.12136323505546898,0.6442095580277964,0.07964964502025396,0.1448290557861328,0.9901098140981048,0.005890276777608628
1750,16384,1186421,1665420,1822342656,0.300544748082757,1.4115233659977093,0.17605866596568376,0.3584892578125,2.246675015077926,0.0026250890262485864
1751,16384,1169176,1642504,1795854336,0.2790520179551095,1.3944663640577346,0.173795121954754,0.33079052734375,2.1781636549858376,0.0027373367631564455
1752,16384,1177696,1651843,1808941056,0.28349781094584614,1.409076284035109,0.1745938709937036,0.35420315551757814,2.22143261495512,0.0027681894318604453
1753,16384,1176983,1656558,1807845888,0.26728258398361504,1.4069916240405291,0.17483292298857123,0.35270779418945314,2.2018741329666227,0.002688971343451276
1754,16384,1182512,1660005,1816338432,0.2523744599893689,1.4149465210502967,0.17572886298876256,0.3541435241699219,2.197256527026184,0.002874440333073021
1755,6172,537519,676096,825629184,0.13360929500777274,0.6456031170673668,0.07977306097745895,0.1507849884033203,1.0098261150997132,0.00551121058983948
1756,16384,1185834,1663397,1821441024,0.2588346640113741,1.4146196119254455,0.17623413307592273,0.3470601501464844,2.1968076759949327,0.0026910337373540942
1757,16384,1168633,1641211,1795020288,0.24803583801258355,1.3971088649705052,0.17335129098501056,0.33608453369140623,2.1546394140459597,0.002733004235894416
1758,16384,1178858,1652970,1810725888,0.2617046949453652,1.407724473043345,0.17525855195708573,0.35377313232421875,2.1985182999633253,0.0026130186549641068
1759,16384,1177381,1653374,1808457216,0.25200591108296067,1.4080615559360012,0.17486073006875813,0.35622796630859377,2.1912245380226523,0.0031203842943578535
1760,16384,1183457,1660762,1817789952,0.24002378899604082,1.4131575609790161,0.17563010996673256,0.3531396179199219,2.1820065059000626,0.0025402324970731655
1761,6172,537914,676821,826235904,0.09437251696363091,0.646011820062995,0.07992984494194388,0.15039138793945311,0.9707637500250712,0.005993231313671959
1762,16384,1185690,1665242,1821219840,0.24825645901728421,1.4134237309917808,0.17592735192738473,0.33336740112304686,2.171033898019232,0.0027155246073859306
1763,16384,1168274,1642289,1794468864,0.24002833804115653,1.3952152150450274,0.1733086509630084,0.3499939575195313,2.1586033190833405,0.002647893390674076
1764,16384,1178094,1652831,1809552384,0.2553230579942465,1.410172417992726,0.17520696204155684,0.3426001892089844,2.183362737065181,0.0027530848011151827
1765,16384,1177018,1655904,1807899648,0.24764968501403928,1.4107229340588674,0.17426200292538851,0.354691650390625,2.1873857030877843,0.002716973910019067
1766,16384,1182680,1660745,1816596480,0.2347208799328655,1.412685775081627,0.1754376939497888,0.33822695922851564,2.1611295759212226,0.00269617005266716
1767,6172,536833,675751,824575488,0.09131857194006443,0.645408199983649,0.07954455399885774,0.15188275146484376,0.9682239519897848,0.007216781017073437
1768,16384,1185061,1663689,1820253696,0.24369872105307877,1.413974156952463,0.17563080205582082,0.3572991943359375,2.1906596430344507,0.0025913946664948735
1769,16384,1168847,1642151,1795348992,0.23596179590094835,1.3982238450553268,0.17321984993759543,0.35218173217773435,2.159645167994313,0.0026830760704022127
1770,16384,1177026,1649110,1807911936,0.2448957080487162,1.4058220739243552,0.17471866705454886,0.35472796630859377,2.1802216810174286,0.0026265990157503635
1771,16384,1177134,1654597,1808077824,0.231475394917652,1.3959291520295665,0.17466733104083687,0.35673583984375,2.1588639370165765,0.0026041096804251323
1772,16384,1183422,1662267,1817736192,0.23359437903854996,1.414825874962844,0.17584494897164404,0.3578439025878906,2.182167174993083,0.002661089985213706
1773,6172,537571,676606,825709056,0.086406703107059,0.6463451809249818,0.07999264798127115,0.15217958068847656,0.9649809460388497,0.0058895812704255765
1774,16384,1186424,1665542,1822347264,0.23469208693131804,1.4123593200929463,0.17604859196580946,0.3334782409667969,2.156637917039916,0.0027671350194429043
1775,16384,1169941,1642562,1797029376,0.23279297293629497,1.3966684970073402,0.17358873004559427,0.3514407653808594,2.154549748986028,0.0027283480442735863
1776,16384,1177728,1652169,1808990208,0.24901393696200103,1.4080011670012027,0.1748265790520236,0.35015631103515626,2.1820570250274613,0.0027052903017902594
1777,16384,1177659,1655237,1808884224,0.241484057973139,1.408578576054424,0.17474962794221938,0.3511594543457031,2.176031850045547,0.0027634581754829215
1778,16384,1183574,1662087,1817969664,0.2293770459946245,1.4148860700661317,0.1755902839358896,0.35757577514648436,2.1774893819820136,0.002764965899787821
1779,6172,538551,676820,827214336,0.08970083796884865,0.6467464599991217,0.08017420209944248,0.15193292236328124,0.9686132710194215,0.00607555053065347
1780,16384,1185238,1663994,1820525568,0.24031514197122306,1.4162149979965761,0.17615632608067244,0.3559246826171875,2.188672753982246,0.0028147340197218515
1781,16384,1167789,1642241,1793723904,0.23407845594920218,1.3949340720428154,0.17302465194370598,0.35293133544921873,2.15502571396064,0.0026541945800246506
1782,16384,1178600,1652090,1810329600,0.24205921206157655,1.408905946998857,0.17451309191528708,0.35479910278320315,2.1803351800190285,0.0026521729610513114
1783,16384,1177814,1656251,1809122304,0.2291499909479171,1.4082424530060962,0.17456886102445424,0.34183673095703127,2.153868813998997,0.003286089804472478
1784,16384,1182195,1659684,1815851520,0.24001029797364026,1.4159471050370485,0.17746591591276228,0.3644337463378906,2.1979325379943475,0.003433805710650668
1785,6172,537826,677170,826100736,0.10078503598924726,0.6457250439561903,0.08092089905403554,0.15241635131835937,0.9799183550057933,0.007248020980309032
1786,16384,1186312,1664129,1822175232,0.28561227093450725,1.4186152750626206,0.17697343591134995,0.3442646484375,2.2255364599404857,0.0031825852230551598
1787,16384,1169418,1642617,1796226048,0.30421850096900016,1.3998652180889621,0.1749041909351945,0.34806472778320313,2.2271306429756805,0.003502497689877369
1788,16384,1178393,1651990,1810011648,0.3390881549566984,1.414286206010729,0.17595885205082595,0.35246316528320315,2.281867397017777,0.003112306894476846
1789,16384,1175649,1653891,1805796864,0.3462277059443295,1.4034211239777505,0.18042132700793445,0.33042837524414065,2.260572594939731,0.0032762834399464144
1790,16384,1183239,1660626,1817455104,0.3422194760059938,1.4088946270057932,0.17550625407602638,0.35431732177734376,2.2809965000487864,0.0025787494030767495
1791,6172,537266,675702,825240576,0.11825729697011411,0.6430798129877076,0.07981969800312072,0.14528997802734375,0.9865177340107039,0.007191763510348019
1792,16384,1186934,1665517,1823130624,0.2990863010054454,1.4109978179913014,0.17612724902573973,0.3587970886230469,2.2450707639800385,0.002775294904055817
1793,16384,1168513,1641134,1794835968,0.2755163630936295,1.393446220899932,0.17330456909257919,0.35026815795898436,2.192593839019537,0.002669348666875366
1794,16384,1178575,1651120,1810291200,0.2753262110054493,1.4108656530734152,0.17481446801684797,0.35407797241210937,2.2151433860417455,0.0026671652181143512
1795,16384,1176535,1655487,1807157760,0.2552235019393265,1.4070432250155136,0.17460010608192533,0.3528770751953125,2.1898012140300125,0.0026169406413398006
1796,16384,1181710,1659734,1815106560,0.25490234908647835,1.412200475926511,0.1750774090178311,0.341803955078125,2.1840431520249695,0.0026997138755821166
1797,6172,537601,676845,825755136,0.09350848488975316,0.6458788980962709,0.07964235299732536,0.15080857849121093,0.9698989269090816,0.0062493557668354405
1798,16384,1184461,1663631,1819332096,0.2509732859907672,1.4150966139277443,0.17553342098835856,0.3576010131835938,2.1992636119248345,0.002695349209137935
1799,16384,1168773,1641968,1795235328,0.24828692502342165,1.3957681020256132,0.17347662395332009,0.349365234375,2.16695384203922,0.0026284206317710897
1800,16384,1177262,1652454,1808274432,0.2613637821050361,1.4082936889026314,0.17456854309421033,0.35340438842773436,2.197689083055593,0.0026701013548025053
1801,16384,1176735,1654803,1807464960,0.2506435780087486,1.4044054769910872,0.17463114100974053,0.3515546875,2.181292479042895,0.0026404314814263046
1802,16384,1183341,1662418,1817611776,0.23983165598474443,1.4162509300513193,0.17564635700546205,0.3333066711425781,2.1650947079760954,0.0027293860067006534
1803,6172,537664,676495,825851904,0.09335479093715549,0.645522756036371,0.07981289899908006,0.15283836364746095,0.9715865779435262,0.005945772077357336
1804,16384,1185838,1663857,1821447168,0.2498737609712407,1.4025703590596095,0.17597225098870695,0.3538708801269531,2.182346988003701,0.0027372758557186604
1805,16384,1168967,1642392,1795533312,0.24115284997969866,1.399331400054507,0.1733582029119134,0.34973956298828124,2.1636429369682446,0.0028156694805482325
1806,16384,1179832,1653993,1812221952,0.2491289700847119,1.4082707819761708,0.1752415660303086,0.3554865417480469,2.188188026077114,0.002749591769941344
1807,16384,1177739,1655695,1809007104,0.2341592099983245,1.405758443986997,0.1748136740643531,0.33227780151367187,2.147067995974794,0.0027417115600413453
1808,16384,1182718,1659850,1816654848,0.23833739606197923,1.4116656119003892,0.17556368210352957,0.35154525756835936,2.177169134025462,0.0026266398099688395
1809,6172,537960,676495,826306560,0.08760384400375187,0.6462342500453815,0.08000806998461485,0.15158851623535155,0.9654961490305141,0.006366546513525943
1810,16384,1184422,1663950,1819272192,0.23670419992413372,1.411394682014361,0.17574575007893145,0.3522368469238281,2.176140842027962,0.002727906464580813
1811,16384,1168109,1641701,1794215424,0.234318413073197,1.3970542789902538,0.17341467598453164,0.3516652526855469,2.1565154270501807,0.002912398207944384
1812,16384,1177804,1652035,1809106944,0.25219192903023213,1.4101414009928703,0.17494388995692134,0.35276409912109374,2.190098621067591,0.0026164103261087338
1813,16384,1174121,1652352,1803449856,0.2427991139702499,1.4035062399925664,0.17421141196973622,0.358737548828125,2.179314048960805,0.002740963385065985
1814,16384,1182564,1660294,1816418304,0.2320679440163076,1.417332328041084,0.17571902694180608,0.33753042602539063,2.162708763964474,0.0027298608517943457
1815,6172,537566,676764,825701376,0.0906541560543701,0.6455578500172123,0.07990374695509672,0.15420994567871094,0.9703862150199711,0.006236312268697353
1816,16384,1186646,1663567,1822688256,0.243233131011948,1.4177640529815108,0.17665249994024634,0.3495206298828125,2.1872355659725145,0.002983316338298385
1817,16384,1169274,1642981,1796004864,0.23521664191503078,1.400196495000273,0.17366551305167377,0.3489230651855469,2.1580620469758287,0.0027956482247062063
1818,16384,1178258,1651565,1809804288,0.24633795802947134,1.4085529909934849,0.17518123798072338,0.34985186767578125,2.179984253947623,0.0027614542652476684
1819,16384,1177333,1652862,1808383488,0.23053396097384393,1.406959688058123,0.17556021199561656,0.3367456359863281,2.1498748960439116,0.003507135700720255
1820,16384,1181268,1660299,1814427648,0.23665821098256856,1.3755825120024383,0.1759378759888932,0.3603515625,2.148596966988407,0.003109262255016305
1821,6172,537277,676594,825257472,0.0862135220086202,0.646812250954099,0.08002721599768847,0.153254150390625,0.9663711349712685,0.0066222611499708855
1822,16384,1185723,1664168,1821270528,0.24910529400222003,1.3887669709511101,0.17734295199625194,0.35862881469726565,2.1739178970456123,0.003397800757104163
1823,16384,1167859,1640683,1793831424,0.24670762906316668,1.288217328954488,0.21397297200746834,0.35360562133789064,2.1025775220477954,0.003518095480723737
1824,16384,1178349,1651342,1809944064,0.2644223530078307,1.3263013469986618,0.24598273797892034,0.35365655517578126,2.190437162993476,0.0033860744117553
1825,16384,1176715,1654396,1807434240,0.26648740901146084,1.301698187016882,0.20474194502457976,0.35317657470703123,2.126183437067084,0.003730689730120074
1826,16384,1181761,1658375,1815184896,0.26175544201396406,1.2971564709441736,0.19709722802508622,0.34455523681640626,2.1006538970395923,0.004261494008522833
1827,6172,537784,676197,826036224,0.10738497599959373,0.5953509309329093,0.08378714101854712,0.1451512908935547,0.9317637459607795,0.009595470585998758
1828,16384,1186696,1665752,1822765056,0.32272039097733796,1.3108067490393296,0.17946702800691128,0.35816851806640626,2.17125082295388,0.0040592668043226855
1829,16384,1168157,1640276,1794289152,0.30915563099551946,1.3549922310048714,0.18344764201901853,0.3494794006347656,2.197166880010627,0.004186088789572923
1830,16384,1178096,1652387,1809555456,0.3546030360739678,1.2797720929374918,0.231335925986059,0.35337530517578125,2.219175440026447,0.00401409692719697
1831,16384,1176925,1655884,1807756800,0.3740007249871269,1.2725579190300778,0.17704811098519713,0.3556343994140625,2.179322549025528,0.003734858298064344
1832,16384,1183746,1662715,1818233856,0.35850514099001884,1.299427828984335,0.180033691925928,0.35641348266601564,2.1944530659820884,0.0033229881705598074
1833,6172,537282,676643,825265152,0.1240446810843423,0.590752310003154,0.10104088298976421,0.15413296508789062,0.9700490890536457,0.008066590585732567
1834,16384,1185894,1664822,1821533184,0.3344404170056805,1.3057461789576337,0.18224523100070655,0.33795068359375,2.1604535169899464,0.003286644753864689
1835,16384,1168252,1642266,1794435072,0.30786703794728965,1.2392710440326482,0.19433592597488314,0.3478582458496094,2.089405349921435,0.003498417241408707
1836,16384,1177305,1650669,1808340480,0.3042704419931397,1.2476280479459092,0.18983971001580358,0.3561732177734375,2.0979864599648863,0.0035768694425951496
1837,16384,1176690,1654609,1807395840,0.2934279179899022,1.2724417799618095,0.19354123203083873,0.3501745300292969,2.1096609589876607,0.003578725552640959
1838,16384,1183444,1661964,1817769984,0.2762209309730679,1.3153235940262675,0.19189993699546903,0.3562745056152344,2.139793516951613,0.003483950249570877
1839,6172,537000,675782,824832000,0.10550550895277411,0.5801002220250666,0.09391060494817793,0.15251478576660157,0.9321087669814005,0.008330067426760067
1840,16384,1185439,1663952,1820834304,0.29351919691544026,1.27579505299218,0.1902681509964168,0.3557450256347656,2.1154027759330347,0.0035619407844827136
1841,16384,1167623,1640397,1793468928,0.27127978508360684,1.2598005809122697,0.1795459430431947,0.35207882690429687,2.062777972081676,0.003530973245497447
1842,16384,1176623,1651162,1807292928,0.28704834496602416,1.270889359060675,0.2128529119072482,0.3520357971191406,2.1229057259624824,0.003736054240391518
1843,16384,1177030,1655509,1807918080,0.2772453920915723,1.2859914059517905,0.20176850201096386,0.33754541015625,2.1026249300921336,0.003529867856833572
1844,16384,1182637,1660704,1816530432,0.27395319007337093,1.2370157529367134,0.18048064108006656,0.35588644409179687,2.04741241002921,0.0037306527443159024
1845,6172,537924,676608,826251264,0.12602602900005877,0.5772194549208507,0.08445803099311888,0.14537628173828124,0.9331577779958025,0.008356715802164842
1846,16384,1186095,1663632,1821841920,0.2605142879765481,1.2714217960601673,0.18227764999028295,0.35425332641601565,2.0685395640321076,0.0035050617524812026
1847,16384,1168108,1640638,1794213888,0.26136362401302904,1.2713915429776534,0.20587306306697428,0.34776303100585937,2.086464649066329,0.0035173374658334132
1848,16384,1178484,1651570,1810151424,0.2812513100216165,1.2902297630207613,0.19312740699388087,0.3368538513183594,2.101541731040925,0.0037781636754522273
1849,16384,1176214,1654983,1806664704,0.270645204000175,1.2496145409531891,0.19077255402226,0.3557265319824219,2.066835550009273,0.0037119088273194147
1850,16384,1181926,1660830,1815438336,0.26752349198795855,1.2856717529939488,0.1861612710636109,0.34399722290039064,2.0834286289755255,0.003594556999710062
1851,6172,538913,677432,827770368,0.09359583701007068,0.5917323670582846,0.10088948393240571,0.14563465881347656,0.931926605058834,0.00796825030998062
1852,16384,1186472,1664068,1822420992,0.27935406705364585,1.2713770440313965,0.18570465489756316,0.34354193115234377,2.0800478300079703,0.003371695208603743
1853,16384,1167620,1641059,1793464320,0.2588249039836228,1.2174693730194122,0.19489476701710373,0.3527200622558594,2.0239861090667546,0.0038045118200996436
1854,16384,1177525,1651840,1808678400,0.27050641004461795,1.1701558999484405,0.1934053139993921,0.3545157165527344,1.9886593009578064,0.0038196795491763436
1855,16384,1177553,1655570,1808721408,0.2853674900252372,1.2879026390146464,0.1979602900100872,0.3549894714355469,2.126294414047152,0.0035048562015609947
1856,16384,1182544,1660335,1816387584,0.26302880502771586,1.2541815279982984,0.20428976498078555,0.35545123291015623,2.0770319669973105,0.003882274400948134
1857,6172,536822,675426,824558592,0.098286172025837,0.5937724920222536,0.08044825994875282,0.15005845642089843,0.922640405013226,0.008131509857631438
1858,16384,1186087,1664643,1821829632,0.26643103500828147,1.2663318280829117,0.19068387290462852,0.35930145263671875,2.082827137084678,0.00379044668334891
1859,16384,1168949,1642895,1795505664,0.2615874180337414,1.2352407240541652,0.20692446792963892,0.354487060546875,2.0583206420997158,0.003933864026782746
1860,16384,1177148,1652254,1808099328,0.2807180460076779,1.2489645018940791,0.1843310510739684,0.352891357421875,2.0669786270009354,0.003564168606908431
1861,16384,1175961,1653753,1806276096,0.2754386269953102,1.296225219964981,0.18472074600867927,0.3561391906738281,2.112598026986234,0.0035143147199291295
1862,16384,1183343,1660989,1817614848,0.2419742459896952,1.3134722490794957,0.19720788800623268,0.3549822387695313,2.107711751013994,0.003564489736471126
1863,6172,537311,676164,825309696,0.1009251510258764,0.5593752289423719,0.08907901006750762,0.1526304626464844,0.902083427994512,0.008156153853227476
1864,16384,1185732,1663364,1821284352,0.26294783398043364,1.3038950950140134,0.1810917779803276,0.35761093139648437,2.105621077003889,0.0035827259450186095
1865,16384,1168951,1642241,1795508736,0.245591897983104,1.320153540931642,0.22801893402356654,0.3515721130371094,2.1454136909451336,0.0035986052497650957
1866,16384,1177621,1650422,1808825856,0.2589149719569832,1.2743005870142952,0.21340302599128336,0.3552200927734375,2.101917685009539,0.003758818630405795
1867,16384,1178097,1655872,1809556992,0.24122813995927572,1.2587758760200813,0.18669620295986533,0.35393783569335935,2.040712457965128,0.003645948857527553
1868,16384,1182415,1660817,1816189440,0.246517030056566,1.2538736369460821,0.21701482101343572,0.3390786437988281,2.05656214710325,0.003793480709923554
1869,6172,537874,676395,826174464,0.08722030196804553,0.6067899969639257,0.09910602506715804,0.15268707275390625,0.9458786299219355,0.00795378672485941
1870,16384,1184636,1663303,1819600896,0.260800302028656,1.2827691190177575,0.20939452096354216,0.3584118347167969,2.1114662510808557,0.004284906474680337
1871,16384,1167935,1641904,1793948160,0.2877929979003966,1.1491787410341203,0.20509964402299374,0.33337643432617187,1.97554156195838,0.004745264615169725
1872,16384,1177216,1650406,1808203776,0.31967061397153884,1.2834734530188143,0.21770463790744543,0.3522554931640625,2.173197828931734,0.004308437484448101
1873,16384,1177116,1655504,1808050176,0.3411914160242304,1.3116421949816868,0.2435800340026617,0.3476156311035156,2.2441341469530016,0.00467310927244064
1874,16384,1181464,1659243,1814728704,0.33459419291466475,1.2957033989951015,0.18667600001208484,0.3358564758300781,2.1529220619704574,0.00427299344241183
1875,6172,539051,677356,827982336,0.1429721610620618,0.5902739280136302,0.08999974594917148,0.15463970947265626,0.977967435028404,0.008373543734805028
1876,16384,1187001,1664791,1823233536,0.3661349080502987,1.289900525007397,0.1928270129719749,0.35621209716796876,2.205150229972787,0.003432272963489727
1877,16384,1167400,1639377,1793126400,0.33561539894435555,1.2958803300280124,0.20154832699336112,0.36048928833007815,2.193608038011007,0.003405062066938939
1878,16384,1176492,1651208,1807091712,0.33412738505285233,1.2651486909016967,0.23047058505471796,0.3512522583007813,2.1810722099617124,0.0033603037684546105
1879,16384,1176308,1655000,1806809088,0.30405936297029257,1.259101886069402,0.21207548095844686,0.33797344970703125,2.113284545019269,0.0035189446812196345
1880,16384,1182297,1661687,1816008192,0.3193295249948278,1.2532300309976563,0.19682336505502462,0.35494491577148435,2.1244081089971587,0.003778566737054884
1881,6172,537858,675829,826149888,0.10615842300467193,0.5691875159973279,0.0811383220134303,0.1521817626953125,0.9087444850010797,0.008634032077463407
1882,16384,1185157,1662974,1820401152,0.28169628395698965,1.2632279719691724,0.19933825999032706,0.35875314331054686,2.1031197810079902,0.0049508250502323745
1883,16384,1168843,1642455,1795342848,0.28214155696332455,1.2573365150019526,0.20081119902897626,0.353989990234375,2.094351941952482,0.0034703204555879205
1884,16384,1176266,1650063,1806744576,0.28598419902846217,1.2285668270196766,0.19799129094462842,0.3508914489746094,2.0635090740397573,0.0036495149611013174
1885,16384,1176628,1654705,1807300608,0.2741486100712791,1.275981692946516,0.1829050510423258,0.35458935546875,2.0876979550812393,0.00350843627500704
1886,16384,1182253,1659937,1815940608,0.26158911909442395,1.2693026149645448,0.18149498896673322,0.34233245849609373,2.054792402079329,0.003563404140438754
1887,6172,536930,676573,824724480,0.10129666200373322,0.582197246956639,0.08461936202365905,0.154345947265625,0.9225328370230272,0.007980070780845094
1888,16384,1187885,1667104,1824591360,0.2687921749893576,1.2032857389422134,0.1862323870882392,0.6030079956054688,2.261396953021176,0.0034782215387665107
1889,16384,1168426,1641648,1794702336,0.27924012090079486,1.3344693810213357,0.16990010801237077,0.32953170776367186,2.1132002469385043,0.002788625470605157
1890,16384,1176406,1649578,1806959616,0.2483127909945324,1.3932571400655434,0.171602270915173,0.3512458801269531,2.1644957120297477,0.003586513344163141
1891,16384,1177873,1655095,1809212928,0.2468044210691005,1.2990582860074937,0.21010659297462553,0.35543194580078125,2.1114773030858487,0.003602086261438534
1892,16384,1183322,1660598,1817582592,0.25324465392623097,1.289223199011758,0.2323656800435856,0.34315536499023436,2.1180623829131946,0.003469441786914348
1893,6172,538326,677380,826868736,0.0973982639843598,0.5935611400054768,0.09582017606589943,0.14543930053710938,0.9322907939786091,0.007713621782838639
1894,16384,1185047,1664208,1820232192,0.24797523394227028,1.2728564550634474,0.2173345999326557,0.3464835205078125,2.084725206019357,0.0036166192529029145
1895,16384,1168583,1642071,1794943488,0.2529794480651617,1.2727615259354934,0.18637977307662368,0.3499429016113281,2.0621391590684652,0.0036617499612543983
1896,16384,1177674,1651797,1808907264,0.2806350219761953,1.2816969390260056,0.1875522140180692,0.35106463623046874,2.101022162940353,0.003491238260507193
1897,16384,1177790,1655639,1809085440,0.2602303490275517,1.2576240230118856,0.22057392890565097,0.35710433959960936,2.0956082460470498,0.0036078070648317873
1898,16384,1183225,1660048,1817433600,0.2568334189709276,1.240639311959967,0.19421822403091937,0.35371041870117187,2.045477930922061,0.0037427565420265064
1899,6172,537787,676138,826040832,0.10029276902787387,0.5854795488994569,0.08717851107940078,0.15094796752929687,0.9239814599277452,0.008946434025123481
1900,16384,1186320,1664701,1822187520,0.259482285939157,1.3013297450961545,0.1813562309835106,0.33466085815429686,2.0769042449537665,0.0036171518658092926
1901,16384,1169194,1642274,1795881984,0.24792278197128326,1.2806100249290466,0.20405112707521766,0.35191592407226563,2.0845750219887123,0.003605720115901425
1902,16384,1178563,1653832,1810272768,0.24065801897086203,1.3167069820920005,0.17663805198390037,0.3548869934082031,2.0889625940471888,0.0034729004927738947
1903,16384,1177478,1656380,1808606208,0.22819127305410802,1.3656631939811632,0.20902315597049892,0.33702191162109374,2.1399750360287726,0.0035281440501669114
1904,16384,1182995,1661406,1817080320,0.24427639599889517,1.1622870930004865,0.1747354359831661,0.35859228515625,1.9399661750067025,0.003864235823831066
1905,6172,538436,676751,827037696,0.08750959194730967,0.6235871131066233,0.12708634289447218,0.15004985046386718,0.9883105310145766,0.00785508196745661
1906,16384,1185966,1662361,1821643776,0.248893914045766,1.29333877901081,0.1843676830176264,0.3585511474609375,2.085222674999386,0.003412175836147068
1907,16384,1168723,1642469,1795158528,0.2450626720674336,1.2631822609109804,0.1823890620144084,0.35107180786132813,2.041780133964494,0.0036405051213298616
1908,16384,1177165,1651816,1808125440,0.26726441306527704,1.282771399943158,0.19822891696821898,0.35227194213867186,2.10061202198267,0.0035870435166171707
1909,16384,1175409,1654387,1805428224,0.2582092200173065,1.2411206499673426,0.17301013402175158,0.34965771484375,2.0220678800251335,0.003469773476735902
1910,16384,1183502,1661411,1817859072,0.2408062219619751,1.2870467670727521,0.19834746094420552,0.3545367431640625,2.0808120149886236,0.00359580034571162
1911,6172,538372,677513,826939392,0.09537228802219033,0.591315270983614,0.08475933992303908,0.14509776306152344,0.9166176399448887,0.007961657221233142
1912,16384,1184293,1662405,1819074048,0.2596004599472508,1.2947621929924935,0.1812384290387854,0.35772329711914064,2.0933939169626683,0.0033217763954641595
1913,16384,1169552,1642358,1796431872,0.2463924060575664,1.2902234540088102,0.18226343393325806,0.329187255859375,2.048158009070903,0.004465437309435388
1914,16384,1177206,1650303,1808188416,0.273685391061008,1.3260198730276898,0.17511651595123112,0.33670510864257813,2.1115934860426933,0.003153891155011748
1915,16384,1177200,1655042,1808179200,0.2688367220107466,1.4130223450483754,0.1751047750003636,0.353765869140625,2.2108193259919062,0.00405346519012781
1916,16384,1182096,1661116,1815699456,0.3119228580035269,1.4442355040227994,0.18240884598344564,0.36223077392578124,2.300892084953375,0.004089849256185175
1917,6172,538057,676350,826455552,0.13413393695373088,0.6610199370188639,0.08103434799704701,0.15258175659179687,1.0288655400509015,0.009288044525055543
1918,16384,1186485,1664827,1822440960,0.3658805809682235,0.8786872170167044,0.18736938096117228,0.3556048583984375,1.7876423299312592,0.005610327359240991
1919,16384,1167476,1640464,1793243136,0.3802847149781883,1.4167132920119911,0.17577063106000423,0.3483653564453125,2.321215874981135,0.003527482580201919
1920,16384,1178707,1651824,1810493952,0.38748295803088695,0.6088828779757023,0.18100401805713773,0.3542330322265625,1.5316801649751142,0.0050453538925282725
1921,16384,1176359,1654791,1806887424,0.38585237599909306,0.5646803930867463,0.17482292500790209,0.3524586486816406,1.4778867861023173,0.004901818435381751
1922,16384,1182531,1659306,1816367616,0.32048700901214033,0.5680437829578295,0.1859810050809756,0.3546089477539062,1.4291982050053775,0.005419836118916787
1923,6172,537730,676219,825953280,0.12859796697739512,0.2731312080286443,0.08493241900578141,0.14797442626953125,0.6347118349513039,0.011944738663583409
1924,16384,1185986,1664411,1821674496,0.3333331469912082,0.5804036239860579,0.1833142830291763,0.35589215087890624,1.4530196000123397,0.005257680418794241
1925,16384,1168016,1640650,1794072576,0.3130697059677914,0.5662398900603876,0.17851258895825595,0.3530325927734375,1.410928915021941,0.00525450015797407
1926,16384,1178025,1652266,1809446400,0.31664098892360926,0.5829958081012592,0.1903702539857477,0.35613308715820313,1.4462141059339046,0.0051145791471607005
1927,16384,1176914,1655163,1807739904,0.3185838930075988,1.0648097300436348,0.18103667604736984,0.35738937377929686,1.9218969020294026,0.0040183816010512085
1928,16384,1183621,1660148,1818041856,0.29465333197731525,1.3254328650655225,0.18476863589603454,0.35740286254882814,2.162337786052376,0.003703887764067159
1929,6172,538289,676621,826811904,0.10702524695079774,0.2674412280321121,0.08561455004382879,0.1507710418701172,0.6109337270027027,0.013366442584124836
1930,16384,1185542,1663881,1820992512,0.3052887530066073,1.1470185660291463,0.18537040892988443,0.35484210205078126,1.9925945079885423,0.003747775667534139
1931,16384,1167960,1640565,1793986560,0.2719543760176748,1.4372009059879929,0.1861999819520861,0.3545706787109375,2.2499990679789335,0.0032500151347999214
1932,16384,1177857,1651502,1809188352,0.3236730230273679,1.4456606399035081,0.1799021849874407,0.3532134704589844,2.30252618691884,0.0033384437482345325
1933,16384,1177187,1655899,1808159232,0.30399254406802356,0.5650591389276087,0.1815187360625714,0.35048794555664065,1.4011329150525853,0.005320725602827781
1934,16384,1182720,1660182,1816657920,0.2884415260050446,0.5713460749248043,0.18323682807385921,0.35775341796875,1.4009610639186576,0.01307794705493197
1935,6172,538493,677086,827125248,0.10206588404253125,0.26434318302199244,0.08666163100861013,0.15139436340332033,0.6045407170895487,0.012514560385404244
1936,16384,1187227,1664885,1823580672,0.29560215899255127,0.5731394320027903,0.18174376199021935,0.35929669189453123,1.409858972998336,0.005456440659463786
1937,16384,1168518,1641881,1794843648,0.2832927410490811,1.4290056379977614,0.17989097291138023,0.3504687805175781,2.2427357729757205,0.0034618656756367585
1938,16384,1178230,1652423,1809761280,0.30069321009796113,0.588419156963937,0.18654042901471257,0.3557431640625,1.431470368988812,0.0051980712499063025
1939,16384,1176796,1654700,1807558656,0.27391413203440607,1.4370037179905921,0.18073436291888356,0.3537801818847656,2.245510953012854,0.0034984547325967365
1940,16384,1181383,1659687,1814604288,0.2724144890671596,1.4531235039466992,0.18472974700853229,0.359881591796875,2.270228871027939,0.003503576652020484
1941,6172,535901,675652,823143936,0.0966037530452013,0.6610563149442896,0.0829636009875685,0.15362147521972655,0.9943197099491954,0.007499172717112626
1942,16384,1186766,1665055,1822872576,0.27603609999641776,1.350372577086091,0.1941167649347335,0.35720526123046875,2.177812073030509,0.0037363087387382427
1943,16384,1167974,1641583,1794008064,0.2749988849973306,1.451391551992856,0.18142177804838866,0.3288919067382812,2.2367783419322222,0.003318172121673376
1944,16384,1177076,1651468,1807988736,0.2802091029006988,1.430993546033278,0.18255182506982237,0.35205731201171875,2.2458889610134065,0.0034362784281847004
1945,16384,1177743,1656198,1809013248,0.27117960108444095,1.4548040699446574,0.18711546598933637,0.3376772766113281,2.2508522050920874,0.0033672340704080975
1946,16384,1182871,1660267,1816889856,0.27485766902100295,1.4525425280444324,0.18389005097560585,0.353670654296875,2.2650419160490856,0.003576698099725283
1947,6172,537477,675861,825564672,0.09851019701454788,0.6650301109766588,0.08351626095827669,0.15318515014648437,1.0003185990499333,0.007685546788660754
1948,16384,1184948,1663047,1820080128,0.2749517949996516,1.4465312759857625,0.180900551029481,0.3533594970703125,2.2558183850487694,0.003336525850685392
1949,16384,1170251,1643019,1797505536,0.2538155351066962,1.4341417539399117,0.1823669490404427,0.35038558959960936,2.2207875710446388,0.003500711143761601
1950,16384,1177250,1651625,1808256000,0.2818196419393644,1.4458124270895496,0.1774167869007215,0.3525179138183594,2.2576407230226323,0.003275688371639017
1951,16384,1176467,1656151,1807053312,0.25547869002912194,1.4340144849848002,0.17775572498794645,0.3529273681640625,2.2202519309939817,0.003407848766811792
1952,16384,1182336,1659855,1816068096,0.2638909020461142,1.458296607946977,0.1882921380456537,0.352999267578125,2.2635557660833,0.003395121409494172
1953,6172,537635,676586,825807360,0.09460108203347772,0.66122180595994,0.08485510002356023,0.15447369384765625,0.9952266700565815,0.00753478521059189
1954,16384,1187751,1665539,1824385536,0.260372839984484,1.4606197139946744,0.185131871025078,0.35498858642578124,2.2611908469116315,0.003442234065297223
1955,16384,1169337,1642370,1796101632,0.2610728939762339,1.433370150043629,0.1771709630265832,0.35319769287109376,2.2248867889866233,0.003374961344333857
1956,16384,1179630,1653151,1811911680,0.27598181006032974,1.440660635009408,0.18519046099390835,0.3540113220214844,2.2559240179834887,0.0035369053976179576
1957,16384,1176443,1655395,1807016448,0.2714427710743621,1.4378157519968227,0.17830745095852762,0.35479605102539064,2.2424379349686205,0.003385151148843426
1958,16384,1182838,1659492,1816839168,0.2583497680025175,1.1651465100003406,0.18074521201197058,0.357192626953125,1.9615088140126318,0.0038081421885278344
1959,6172,538161,676488,826615296,0.09799842501524836,0.6643581630196422,0.08502700494136661,0.1501845703125,0.9976605549454689,0.009260830876165095
1960,16384,1184295,1662953,1819077120,0.28907651803456247,1.4512669009855017,0.18616087606642395,0.35720147705078126,2.283799433032982,0.004101099875837781
1961,16384,1169353,1641501,1796126208,0.33327540603931993,1.434897440019995,0.18988240393809974,0.35090966796875,2.309055497054942,0.003922776602494153
1962,16384,1178056,1652887,1809494016,0.3595912989694625,1.452832754002884,0.18408677901607007,0.3533750305175781,2.349978690035641,0.00395014346471195
1963,16384,1176471,1655039,1807059456,0.3579660599352792,1.4345279450062662,0.18043728999327868,0.34033670043945313,2.3133548219921067,0.0037532771455508177
1964,16384,1183464,1662260,1817800704,0.39096943102777004,1.4609331849496812,0.1903787989867851,0.35393008422851563,2.396294745965861,0.0034739788687854285
1965,6172,537853,676315,826142208,0.14521616196725518,0.6572243670234457,0.08465432794764638,0.15155810546875,1.0387285479810089,0.007276739823753405
1966,16384,1186403,1664968,1822315008,0.3531594789819792,1.4383669460657984,0.18276143597904593,0.3592209777832031,2.333591019967571,0.003521660686951841
1967,16384,1167382,1640192,1793098752,0.3338180669816211,1.4292371610645205,0.18230861600022763,0.35820526123046875,2.303644828964025,0.0032871250912817275
1968,16384,1178236,1652232,1809770496,0.3267320030136034,1.4284721449948847,0.18079922895412892,0.33604296875,2.272125764982775,0.0034953729842610885
1969,16384,1176076,1655004,1806452736,0.31767375604249537,1.444080397952348,0.18360462004784495,0.35515182495117187,2.300589371006936,0.0034239927415213806
1970,16384,1183809,1661843,1818330624,0.2938024930190295,1.4462341289035976,0.18070898205041885,0.3582289733886719,2.279049808974378,0.0033010078307083206
1971,6172,537404,675596,825452544,0.11379415902774781,0.6587211890146136,0.08397639100439847,0.15086367797851563,1.0074293139623478,0.007335198216688153
1972,16384,1185918,1665113,1821570048,0.29341333196498454,1.4576530969934538,0.19006026710849255,0.3554859313964844,2.2966890550451353,0.00332772873856516
1973,16384,1167668,1641872,1793538048,0.29274082998745143,1.4432052680058405,0.1796126349363476,0.35077398681640626,2.2664115849183872,0.0034797374345582025
1974,16384,1177371,1652371,1808441856,0.28256316599436104,1.3438626209972426,0.18582689494360238,0.3551104736328125,2.167439806042239,0.003536452269954315
1975,16384,1178266,1656141,1809816576,0.2870279538910836,1.4407752060797065,0.17657816596329212,0.3540371398925781,2.2584883419331163,0.003093932572434381
1976,16384,1182575,1660377,1816435200,0.2743864059448242,1.4456496810307726,0.18701446801424026,0.35458657836914065,2.261716492008418,0.0035087797131389234
1977,6172,538154,676663,826604544,0.1131458260351792,0.6741207930026576,0.08452986995689571,0.1516724853515625,1.023540828959085,0.007020199952658222
1978,16384,1186093,1664873,1821838848,0.2812887269537896,1.4449560270877555,0.18116624490357935,0.35725711059570314,2.2647428199416026,0.0032988470089133836
1979,16384,1168526,1641747,1794855936,0.2844090500148013,1.42882437503431,0.1788121269783005,0.3531160278320313,2.2452352170366794,0.0032797088107982186
1980,16384,1176923,1650929,1807753728,0.26922262692824006,1.4339570730226114,0.17846297600772232,0.35581536865234376,2.237531010992825,0.0032610221511459392
1981,16384,1176811,1653772,1807581696,0.2825422849273309,1.4361601290293038,0.18861737695988268,0.3552276611328125,2.2626255470095202,0.00345151942147012
1982,16384,1183044,1660855,1817155584,0.26966215507127345,1.446436636033468,0.18989989790134132,0.35595193481445314,2.2620250480249524,0.0032901582801478845
1983,6172,538240,677357,826736640,0.10673415998462588,0.6703319019870833,0.08529334305785596,0.1516685791015625,1.0141025920165703,0.007357035277288576
1984,16384,1186439,1665442,1822370304,0.27916965004988015,1.4654275849461555,0.1930520060705021,0.35591387939453123,2.293636429007165,0.003196171161614775
1985,16384,1168097,1640580,1794196992,0.272757995990105,1.4314972850261256,0.17678300698753446,0.34963165283203124,2.2307464099721983,0.003427961872326326
1986,16384,1178273,1652753,1809827328,0.26494342100340873,1.4314631840679795,0.18048808095045388,0.35611337280273436,2.2330840880749747,0.0034046747636831518
1987,16384,1177475,1654253,1808601600,0.2770600540097803,1.4459757619770244,0.17955352296121418,0.35593829345703126,2.258600741974078,0.003236940804516109
1988,16384,1182578,1662096,1816439808,0.25985943991690874,1.4338896390981972,0.17875402292702347,0.35464743041992186,2.227224794914946,0.003334308825234772
1989,6172,537865,676507,826160640,0.10541267192456871,0.6554860420292243,0.0818413570523262,0.15334384155273437,0.9961593960179016,0.007577447881302436
1990,16384,1186453,1664918,1822391808,0.2687536389566958,1.2466705710394308,0.18348580901511014,0.35623895263671873,2.055225746007636,0.0037355682133665517
1991,16384,1170543,1642856,1797954048,0.26326706004329026,1.444060918991454,0.18462297099176794,0.34109844970703124,2.2331251490395516,0.003392076169163928
1992,16384,1178597,1652691,1810324992,0.26836677792016417,1.4504234320484102,0.18535600800532848,0.34133721923828125,2.245559829985723,0.003401947813587181
1993,16384,1175761,1655028,1805968896,0.2774821229977533,1.4554037200286984,0.18138136400375515,0.3540013122558594,2.2683494590455666,0.003568222664162706
1994,16384,1183242,1660212,1817459712,0.2640902149723843,1.457063629059121,0.19107842701487243,0.35569384765625,2.2680019170511514,0.0033420760341380975
1995,6172,537174,675707,825099264,0.10820838098879904,0.6607857040362433,0.0842526430496946,0.15295001220703125,1.006272830069065,0.007561546433850684
1996,16384,1185085,1662486,1820290560,0.26188411202747375,1.4306264109909534,0.1777102469932288,0.33296124267578125,2.2032584990374744,0.0034715104955007014
1997,16384,1168853,1641544,1795358208,0.2673665499314666,1.4382021620403975,0.17752579099033028,0.35169558715820315,2.2348686499753967,0.0035151889127763482
1998,16384,1177836,1651587,1809156096,0.2621903329854831,1.4423390380106866,0.17960661090910435,0.35510089111328125,2.239313672995195,0.003429621207860507
1999,16384,1176756,1655874,1807497216,0.28037137095816433,1.4476927550276741,0.1812755159335211,0.3335966796875,2.2430308199254796,0.004212974595823952
2000,16384,1182840,1659859,1816842240,0.26798990997485816,1.449765297002159,0.181894303066656,0.3455256042480469,2.2452653660438955,0.004019647456383902
2001,6172,537913,676232,826234368,0.1262911589583382,0.6675325490068644,0.08393056294880807,0.14517887878417968,1.02302040590439,0.00852927328682164
2002,16384,1185805,1663652,1821396480,0.33407581003848463,1.4674902190454304,0.19278832792770118,0.33658880615234377,2.331037159077823,0.00403236445618223
2003,16384,1169776,1641646,1796775936,0.3540243359748274,1.4377354960888624,0.18129543494433165,0.3495516052246094,2.322698794072494,0.003957544564001818
2004,16384,1178508,1651540,1810188288,0.37973806192167103,1.4448801900725812,0.1815874269232154,0.3532364501953125,2.3595476639457047,0.004472672221766351
2005,16384,1177036,1654315,1807927296,0.3934254180639982,1.4413840959314257,0.18134707503486425,0.3547013244628906,2.3709440160309896,0.003631571948917405
2006,16384,1183813,1661340,1818336768,0.35492484795395285,1.467923766002059,0.18650164001155645,0.35401101684570313,2.3634360099676996,0.0031623092020603384
2007,6172,538486,676977,827114496,0.1342453130055219,0.6605323830153793,0.08154814899899065,0.15067990112304688,1.0270812429953367,0.0073506212787765824
2008,16384,1185110,1663525,1820328960,0.31605658400803804,1.4345935090677813,0.18107589392457157,0.354100830078125,2.285908128018491,0.0035570519645231813
2009,16384,1168315,1641927,1794531840,0.3117389159742743,1.4311902489280328,0.18322629504837096,0.33365133666992186,2.2598823939915746,0.0033451904920241433
2010,16384,1176221,1651231,1806675456,0.30869876500219107,1.4240152129204944,0.18293875001836568,0.353868408203125,2.269597520935349,0.0033655655008660804
2011,16384,1177221,1654012,1808211456,0.29575268598273396,1.432479090988636,0.18683816795237362,0.35448178100585936,2.2696259589865804,0.0032707176565141154
2012,16384,1184139,1661625,1818837504,0.2813954409211874,1.457881766022183,0.18732104799710214,0.35507421875,2.281752196024172,0.00349390849007938
2013,6172,537930,677009,826260480,0.11410196905490011,0.6714079149533063,0.08988658105954528,0.1497694091796875,1.0252493070438504,0.00813780568667487
2014,16384,1186266,1665108,1822104576,0.291761222993955,1.4599683900596574,0.18516777793411165,0.35410009765625,2.291070125065744,0.0031704146012429984
2015,16384,1168229,1639786,1794399744,0.2796057590749115,1.434900408028625,0.17742820701096207,0.3486567687988281,2.240667366073467,0.003401806144643541
2016,16384,1178153,1652451,1809643008,0.2933486399706453,1.4343551819911227,0.18386300501879305,0.3393032836914063,2.2509466159390286,0.003398804152853207
2017,16384,1176228,1654822,1806686208,0.2816242630360648,1.4501324909506366,0.18003171496093273,0.35429815673828124,2.266174611984752,0.00388259132247251
2018,16384,1183918,1661749,1818498048,0.2718939910409972,1.4474557109642774,0.1899031549692154,0.35177496337890624,2.2611030640546232,0.00332774310128509
2019,6172,538117,677177,826547712,0.14361604093573987,0.6639341020490974,0.0844577020034194,0.15167926025390624,1.0437613329850137,0.007111562816609285
2020,16384,1185257,1664188,1820554752,0.2774692369857803,1.4458098470931873,0.18458753894083202,0.3544208068847656,2.2623611070448533,0.003256648112401205
2021,16384,1168150,1642124,1794278400,0.2711627270327881,1.3979437550297007,0.18015984701924026,0.35332733154296875,2.2026787500362843,0.003862996888904844
2022,16384,1177640,1651291,1808855040,0.2899807339999825,1.4448044169694185,0.1864155400544405,0.3511827087402344,2.272458537016064,0.0033064300520496293
2023,16384,1176949,1654603,1807793664,0.28408981498796493,1.4462677179835737,0.18350856308825314,0.3557294921875,2.2696721859974787,0.003374837593713006
2024,16384,1184002,1661962,1818627072,0.27562983403913677,1.4502348789246753,0.18322957900818437,0.35237200927734375,2.2615397119661793,0.003246050310360101
2025,6172,537999,676559,826366464,0.10490154603030533,0.6569589109858498,0.0806557679316029,0.15057997131347656,0.9931682279566303,0.007252718458776442
2026,16384,1185572,1664806,1821038592,0.2663919699843973,1.43086875800509,0.18234788300469518,0.3538940734863281,2.2335799109423533,0.003457519539121145
2027,16384,1168784,1641041,1795252224,0.2678175000473857,1.4322193339467049,0.18416739406529814,0.3475193481445312,2.231800144072622,0.003430767262274948
2028,16384,1179110,1653138,1811112960,0.28355852502863854,1.4364685149630532,0.1829003810416907,0.3513590698242188,2.2543620109790936,0.0033499553809269575
2029,16384,1177908,1655508,1809266688,0.27160785999149084,1.4372607889818028,0.18196590605657548,0.33964208984375,2.2305546239949763,0.0034959521061971323
2030,16384,1182537,1661360,1816376832,0.2719925270648673,1.452191142947413,0.1893414770020172,0.3388570861816406,2.252459580078721,0.0034338854942002482
2031,6172,537053,676063,824913408,0.10977931204251945,0.6671886229887605,0.08423800789751112,0.14509878540039062,1.0063789479900151,0.007374921840492075
2032,16384,1186008,1666987,1821708288,0.271050582989119,1.468249131925404,0.19189315708354115,0.35713748168945314,2.2884090199368075,0.0034375956660220165
2033,16384,1169016,1642696,1795608576,0.26908226404339075,1.4413287650095299,0.1960256330203265,0.35425711059570314,2.260772069101222,0.0034632607745612148
2034,16384,1176805,1651371,1807572480,0.2888208950171247,1.4411484999582171,0.18587737204506993,0.35336874389648437,2.2692902319831774,0.003292706469535006
2035,16384,1177004,1654233,1807878144,0.2687612830195576,1.4595375820063055,0.1947518939850852,0.3523947448730469,2.2755212959600613,0.00333075661390009
2036,16384,1183016,1661601,1817112576,0.27217491809278727,1.4391928729601204,0.18279614497441798,0.35776730346679686,2.252001710003242,0.0031292387037812003
2037,6172,537673,676571,825865728,0.1634340099990368,0.6101346199866384,0.08246956404764205,0.15372271728515624,1.009834554977715,0.007292645996162856
2038,16384,1185322,1663899,1820654592,0.26471437502186745,1.4460970279760659,0.1791705529903993,0.3559705200195312,2.2460246130358428,0.003211764802591879
2039,16384,1168564,1640991,1794914304,0.25364928401540965,1.416892338078469,0.17936782399192452,0.353943359375,2.2039277059957385,0.003398502352478749
2040,16384,1178374,1652415,1809982464,0.2860947740264237,1.4467919699382037,0.17973039206117392,0.3508707275390625,2.2635815399698913,0.004138415311025689
2041,16384,1175280,1654276,1805230080,0.302964297006838,1.4497490029316396,0.1848263650899753,0.3515750427246094,2.2892061719903722,0.003995456522410479
2042,16384,1183579,1659532,1817977344,0.33987443905789405,1.434170521912165,0.1790118400240317,0.356466552734375,2.309610347962007,0.0037666194913816417
2043,6172,537195,675930,825131520,0.12439019198063761,0.6442128589842469,0.07933365600183606,0.1547314910888672,1.0027357409708202,0.006735863944270377
2044,16384,1185110,1663662,1820328960,0.3213253580033779,1.4135599209694192,0.17332924297079444,0.3416817626953125,2.249964826973155,0.003046373589014257
2045,16384,1168598,1642613,1794966528,0.33164232806302607,1.3897929230006412,0.17007893393747509,0.341140625,2.2327256310964003,0.0031719569243823763
2046,16384,1176637,1651097,1807314432,0.33765908295754343,1.3962535850005224,0.17124445701483637,0.35429006958007814,2.259507288923487,0.0026596227771011334
2047,16384,1176643,1654882,1807323648,0.30675966502167284,1.3955474799731746,0.1712801760295406,0.3498382568359375,2.2234842219622806,0.002637486759552613
2048,16384,1184253,1661448,1819012608,0.290998243028298,1.408823411911726,0.1728497160365805,0.353875244140625,2.226605003932491,0.0026223248020332103
2049,6172,538143,677076,826587648,0.11109379900153726,0.6430224510841072,0.0786778429755941,0.151931640625,0.9847867779899389,0.006198733072447528
2050,16384,1185620,1664304,1821112320,0.2646499880356714,1.412060366012156,0.17275715398136526,0.3585604553222656,2.208085097023286,0.0025874759946898952
2051,16384,1170627,1643011,1798083072,0.25380035501439124,1.398170816944912,0.17018573405221105,0.35302267456054687,2.175236615934409,0.002622030262378333
2052,16384,1176586,1650578,1807236096,0.2678413629764691,1.4011535319732502,0.17237502604257315,0.35062139892578126,2.192057378939353,0.0030135625971288264
2053,16384,1175899,1653168,1806180864,0.2579058170085773,1.0920481220819056,0.17173589498270303,0.3537881774902344,1.8755445260321721,0.0035464084071978315
2054,16384,1182752,1661503,1816707072,0.2533582040341571,1.410336773027666,0.17334069800563157,0.35597866821289065,2.1930825950112194,0.003112136817343784
2055,6172,537043,675367,824898048,0.09939648804720491,0.6449986259685829,0.07905888999812305,0.1495919952392578,0.9731112390290946,0.006704246473503452
2056,16384,1184967,1663527,1820109312,0.2452263809973374,1.4073288909858093,0.1727146429475397,0.3330362243652344,2.158362820977345,0.002626142410978373
2057,16384,1169951,1642866,1797044736,0.24136372504290193,1.3936233290005475,0.17083328601438552,0.35054220581054685,2.156418648082763,0.002601638342866163
2058,16384,1178394,1651841,1810013184,0.25837452395353466,1.407095042988658,0.1722532530548051,0.35373806762695315,2.191531946999021,0.003242452165354437
2059,16384,1176829,1654567,1807609344,0.25449920899700373,1.402797598973848,0.17254983796738088,0.3458076171875,2.175724894972518,0.003246359268526269
2060,16384,1182254,1661592,1815942144,0.24881690100301057,1.4099129850510508,0.1736373899038881,0.3624640197753906,2.1949057210003957,0.0033908184002343533
2061,6172,537657,676104,825841152,0.09692760300822556,0.6440610010176897,0.07944816898088902,0.15577110290527343,0.976277906098403,0.0071731815180793536
2062,16384,1187229,1665083,1823583744,0.2438103889580816,1.412374273990281,0.1745717820012942,0.35900216674804686,2.18982910097111,0.0032189394768492954
2063,16384,1168106,1641086,1794210816,0.24380629393272102,1.3915629830444232,0.1718385829590261,0.3544569396972656,2.1617382660042495,0.0033984859299968848
2064,16384,1178507,1652624,1810186752,0.26036903099156916,1.4053542430046946,0.17200271098408848,0.3543533935546875,2.192136026918888,0.0025841637176067236
2065,16384,1178668,1656660,1810434048,0.23884549702052027,1.4059777470538393,0.17214603093452752,0.35233978271484373,2.1693677350413054,0.0027048119425205465
2066,16384,1183614,1661849,1818031104,0.23664923198521137,1.4121903670020401,0.17245156096760184,0.3586037902832031,2.1799530789721757,0.0026665130860011503
2067,6172,538585,677931,827266560,0.09455625806003809,0.6446691229939461,0.07885491196066141,0.15056953430175782,0.9687088730279356,0.0060952999581489935
2068,16384,1187070,1665691,1823339520,0.23491922300308943,1.4098107409663498,0.1734222040977329,0.35307138061523435,2.1712824989808723,0.002714999015258447
2069,16384,1168633,1641057,1795020288,0.2332890930119902,1.3956994869513437,0.17080527800135314,0.35409341430664065,2.153954803943634,0.0031352409151100954
2070,16384,1179011,1653069,1810960896,0.2996000100392848,1.3584626199444756,0.1725527159869671,0.35163629150390624,2.1823249920271337,0.0033613028658786293
2071,16384,1175901,1654527,1806183936,0.2451954090502113,1.4042742769233882,0.17162571207154542,0.35591278076171873,2.1770658120512962,0.002647289949315605
2072,16384,1183264,1660081,1817493504,0.2333999880356714,1.4124191759619862,0.17258063203189522,0.3558625183105469,2.1743313199840486,0.0031736489887495513
2073,6172,538200,676712,826675200,0.09608165395911783,0.6444597139488906,0.0794754670932889,0.1526485137939453,0.9727359629468992,0.007259333914491125
2074,16384,1186589,1666279,1822600704,0.24067152698989958,1.4099345810245723,0.17273128603119403,0.33332736206054686,2.1567233150126413,0.0027151793658807787
2075,16384,1169344,1642603,1796112384,0.2295367179904133,1.3965587659040466,0.17080238403286785,0.35341107177734377,2.1503662479808554,0.0026650472326711985
2076,16384,1177216,1651502,1808203776,0.2475931259104982,1.4034723340300843,0.1715558610158041,0.35665130615234375,2.1793297169497237,0.0026196054938024886
2077,16384,1176919,1656498,1807747584,0.23602178890723735,1.402244603028521,0.171812679967843,0.35437774658203125,2.164515567012131,0.0027141651182380285
2078,16384,1181455,1660409,1814714880,0.23161324602551758,1.4084231059532613,0.17259057506453246,0.36132965087890623,2.174015920027159,0.0027296076535068044
2079,6172,538191,677168,826661376,0.0928499570582062,0.644524528994225,0.07871806202456355,0.15266455078125,0.9688155590556562,0.00603419266599078
2080,16384,1186846,1665452,1822995456,0.23034535499755293,1.4101345270173624,0.173112154006958,0.3592498168945312,2.172900606994517,0.0027039468774311456
2081,16384,1168781,1641245,1795247616,0.22868674097117037,1.3942272390704602,0.17048430594149977,0.3372595520019531,2.13072648702655,0.0032218608012110008
2082,16384,1177984,1652771,1809383424,0.2824064140440896,1.408781936042942,0.17322815593797714,0.3515195007324219,2.2160033580148593,0.003039312065341401
2083,16384,1175293,1652770,1805250048,0.2710925959981978,1.4073914620094001,0.17259414796717465,0.33238458251953124,2.183526283944957,0.002907931593046836
2084,16384,1183090,1661425,1817226240,0.2938419720157981,1.413662437000312,0.17412185098510236,0.35252581787109377,2.2342173020588234,0.0029193304723316785
2085,6172,538378,676638,826948608,0.12322506902273744,0.6455255380133167,0.07987859600689262,0.15149868774414063,1.0001912029692903,0.006330007903983274
2086,16384,1186501,1665875,1822465536,0.3240722930058837,1.3231279930332676,0.17572671698872,0.3420997009277344,2.1650929130846635,0.0030580271478345203
2087,16384,1166742,1639892,1792115712,0.3315414759563282,1.3860286220442504,0.1705104709835723,0.3587085266113281,2.2468582609435543,0.0030783138072316566
2088,16384,1178046,1651972,1809478656,0.3373674189206213,1.4016317990608513,0.17206832102965564,0.35262078857421875,2.2637465259758756,0.0025708881211192395
2089,16384,1178762,1657009,1810578432,0.3072057740064338,1.401106593082659,0.1717995199142024,0.3549434814453125,2.2351151840994135,0.002676177551445432
2090,16384,1182615,1659170,1816496640,0.28941280592698604,1.4043069650651887,0.17266956297680736,0.3562635803222656,2.2227100149029866,0.0025689636235074116
2091,6172,538486,677199,827114496,0.11181448702700436,0.6454710379475728,0.07877576001919806,0.15019174194335938,0.9863111519953236,0.0058931766178899215
2092,16384,1185530,1664159,1820974080,0.2772651209961623,1.4076591959455982,0.1736585880862549,0.35451580810546873,2.21317146695219,0.0032873105311501125
2093,16384,1168274,1641672,1794468864,0.29384370299521834,1.38982958602719,0.17106891295406967,0.3524623413085938,2.2072785270866007,0.003351810866675176
2094,16384,1176846,1652327,1807635456,0.2816843510372564,1.402335452963598,0.17167925706598908,0.33642352294921873,2.1921810040948913,0.002664929525417784
2095,16384,1178102,1656862,1809564672,0.2534181659575552,1.4165672430535778,0.17228353302925825,0.34349520874023437,2.185839414014481,0.0034432188098026716
2096,16384,1182479,1660286,1816287744,0.2589616619516164,1.4124555699527264,0.17215601005591452,0.355730712890625,2.199388915905729,0.003862939120595617
2097,6172,537985,676685,826344960,0.10025022097397596,0.6450798090081662,0.08139778499025851,0.14605416870117188,0.9728515279712155,0.007148500633810123
2098,16384,1186611,1665876,1822634496,0.26254209608305246,1.4119919049553573,0.17245661898050457,0.353258544921875,2.2003206140361726,0.0032472129255833736
2099,16384,1168272,1643051,1794465792,0.25418505002744496,1.3944296929985285,0.16997102601453662,0.3540179138183594,2.1726770779350773,0.0033780941011948944
2100,16384,1177906,1652407,1809263616,0.2733076480217278,1.4077893189387396,0.17170019401237369,0.352935302734375,2.20580760599114,0.0034065656369998603
2101,16384,1177638,1655330,1808851968,0.26171306904871017,1.4033140819519758,0.17207298194989562,0.35746881103515626,2.1946422699838877,0.0033411366924203257
2102,16384,1182624,1660888,1816510464,0.2541761699831113,1.3502557360334322,0.1738949290011078,0.3384591674804687,2.116851952043362,0.0031154538312464525
2103,6172,537435,676174,825500160,0.10409549402538687,0.6449718200601637,0.07846344297286123,0.15236972045898436,0.9799593250500038,0.006005099508048501
2104,16384,1186600,1664964,1822617600,0.2642869839910418,1.4168682950548828,0.1737877120031044,0.35590655517578124,2.210922008031048,0.0032774474167035954
2105,16384,1168016,1641169,1794072576,0.25987623794935644,1.3925324369920418,0.17152718198485672,0.3504834289550781,2.1744931139983237,0.003395187435419181
2106,16384,1176365,1650997,1806896640,0.2734051519073546,1.4044019320281222,0.1719025899656117,0.33094384765625,2.180729924933985,0.0035035689551784033
2107,16384,1176075,1653825,1806451200,0.26016851200256497,1.403053126996383,0.17144403897691518,0.35449005126953126,2.189229605952278,0.003374552704872147
2108,16384,1182540,1660426,1816381440,0.25404632498975843,1.4102407509926707,0.1756485350197181,0.35753118896484376,2.1975377689814195,0.0032294787116039936
2109,6172,537276,676595,825255936,0.09507321694400162,0.645807460998185,0.07958159397821873,0.14756947326660155,0.9681052980013192,0.00759760477131655
2110,16384,1185917,1664770,1821568512,0.2492443969240412,1.4133735510986298,0.17393372196238488,0.35783721923828127,2.194457427947782,0.0031232651666833664
2111,16384,1168295,1641050,1794501120,0.25314435095060617,1.3967449630144984,0.17134965502191335,0.35267474365234375,2.173987540998496,0.003395988143552108
2112,16384,1176835,1651178,1807618560,0.2770019130548462,1.4029984920052812,0.17355863295961171,0.34085247802734375,2.194484241073951,0.0033139917574700564
2113,16384,1176297,1653059,1806792192,0.24699377606157213,1.4016642189817503,0.17777632200159132,0.3413583984375,2.167865369003266,0.0033513852793266054
2114,16384,1183769,1660873,1818269184,0.24356840399559587,1.4159066550200805,0.17652389500290155,0.35673593139648435,2.1928157560760155,0.0036879824822997256
2115,6172,538051,676821,826446336,0.0940837940433994,0.6462452969281003,0.07962538697756827,0.15488592529296874,0.9749253269983456,0.008710795991969087
2116,16384,1186588,1665094,1822599168,0.24125315702985972,1.4123235560255125,0.17601988790556788,0.3545074462890625,2.1841768759768456,0.003334378623087827
2117,16384,1167478,1640987,1793246208,0.23622881702613086,1.3933542929589748,0.17257553397212178,0.349895263671875,2.1521250320365652,0.003304845508692535
2118,16384,1179092,1652985,1811085312,0.2603790790308267,1.4090347460005432,0.17502233490813524,0.35195806884765624,2.196466999943368,0.003313100365660741
2119,16384,1176642,1654006,1807322112,0.23544978606514633,1.4080478849355131,0.17413898999802768,0.35370358276367186,2.171417938079685,0.0035780452930526153
2120,16384,1183899,1662489,1818468864,0.24146109609864652,1.4144346819957718,0.17212659493088722,0.3544650573730469,2.1825627660145983,0.0034517044558262625
2121,6172,537255,676271,825223680,0.09886179596651345,0.6421166630461812,0.07800057402346283,0.15162892150878907,0.9706738069653511,0.0067841967025415
2122,16384,1186026,1665505,1821735936,0.25590473506599665,1.4090268389554694,0.1751321409828961,0.3436773986816406,2.1838101550238207,0.0031615082317986154
2123,16384,1168828,1640381,1795319808,0.2282960619777441,1.4006383559899405,0.17492334707640111,0.3513997192382812,2.1553447280311957,0.004047786309735236
2124,16384,1177279,1651978,1808300544,0.27513314795214683,1.4103802980389446,0.17799303599167615,0.35293011474609376,2.216526689939201,0.004064612023330233
2125,16384,1177221,1654457,1808211456,0.29188038606662303,1.410256597911939,0.1722025569761172,0.3570894775390625,2.231519569060765,0.0040577984741285945
2126,16384,1183378,1660373,1817668608,0.31635857396759093,1.4184558539418504,0.18012276699300855,0.35242477416992185,2.267448003985919,0.003794350009171334
2127,6172,537815,676444,826083840,0.13451256603002548,0.6439913630019873,0.08275152300484478,0.15360578918457032,1.0149480339605361,0.008551446596677727
2128,16384,1185235,1664320,1820520960,0.3483470450155437,1.4161429229425266,0.17445689998567104,0.357017333984375,2.2960428619990125,0.0034258973209010486
2129,16384,1168332,1640721,1794557952,0.34575183503329754,1.3904683149885386,0.17229168501216918,0.3525581359863281,2.2611390510573983,0.00305509902332392
2130,16384,1178632,1652467,1810378752,0.3495087979827076,1.4005477060563862,0.1736854090122506,0.34666647338867185,2.2704834489850327,0.003306015952245831
2131,16384,1176689,1655116,1807394304,0.30793162109330297,1.4019570159725845,0.17556276195682585,0.352564453125,2.2380887290928513,0.0032562134016765553
2132,16384,1182569,1660513,1816425984,0.2946073589846492,1.4072145839454606,0.176305943983607,0.35525830078125,2.2334617798915133,0.0033845305627038
2133,6172,538502,676545,827139072,0.11331417295150459,0.645924182026647,0.08308119198773056,0.15323046875,0.9956242520129308,0.007456256403811372
2134,16384,1186800,1664784,1822924800,0.2856230310862884,1.4142402129946277,0.17427180102095008,0.3540226135253906,2.2282157570589334,0.0026073970392071055
2135,16384,1167809,1641075,1793754624,0.2864645420340821,1.398528284044005,0.17321152798831463,0.3520753173828125,2.210351577028632,0.003253128604748602
2136,16384,1177718,1651776,1808974848,0.2753056639339775,1.4066068000392988,0.17348468292038888,0.3523305053710937,2.207801663898863,0.00335227730435402
2137,16384,1175819,1653758,1806057984,0.2532956029754132,1.4036813769489527,0.1733509129844606,0.33570458984375,2.166104989941232,0.0033473533827802
2138,16384,1182612,1660579,1816492032,0.2534313310170546,1.411278070998378,0.17394669901113957,0.35597369384765626,2.194700396968983,0.003216935434650606
2139,6172,538226,676720,826715136,0.0986018719850108,0.6451168759958819,0.07981012493837625,0.15147705078125,0.9750787509838119,0.007468861691383764
2140,16384,1186403,1664452,1822315008,0.24551688402425498,1.4138334169983864,0.17312395002227277,0.3586679382324219,2.1912132520228624,0.003243077571781727
2141,16384,1167817,1639570,1793766912,0.24546157498843968,1.3957762549398467,0.17134251003153622,0.3491163635253906,2.1617678509792313,0.003291171805789143
2142,16384,1177336,1651332,1808388096,0.2715101899811998,1.4080286839744076,0.1725464240880683,0.3510316467285156,2.203188515966758,0.003248527942489988
2143,16384,1178097,1655841,1809556992,0.2704483570996672,1.4054800838930532,0.1730608040234074,0.3528216247558594,2.2018848441075534,0.0033595914774543372
2144,16384,1183544,1660644,1817923584,0.25354578101541847,1.413049135939218,0.17498195602092892,0.35122528076171877,2.1928761469898745,0.0033742558918321403
2145,6172,538267,675872,826778112,0.10160641896072775,0.6444582500262186,0.07820461003575474,0.15273628234863282,0.9770795369986445,0.00757109575110249
2146,16384,1186908,1664520,1823090688,0.2519530840218067,1.4106413619592786,0.17536112002562732,0.3554576110839844,2.1934843850322068,0.0032463391121381334
2147,16384,1166336,1639317,1791492096,0.25126715807709843,1.39012840797659,0.17266178992576897,0.3446760559082031,2.158807636005804,0.0034381997221676034
2148,16384,1179110,1652845,1811112960,0.2539871729677543,1.4070443820673972,0.17177908797748387,0.34642178344726565,2.179303540964611,0.003263175751937304
2149,16384,1178275,1656236,1809830400,0.23811012995429337,1.4060850830283016,0.17338737903628498,0.3336954650878906,2.1513532479293644,0.00349504771781972
2150,16384,1183210,1661193,1817410560,0.25446860410738736,1.4073388969991356,0.1739635729463771,0.3568697509765625,2.1927161150379106,0.003433641406283481
2151,6172,538436,677475,827037696,0.10385494900401682,0.6454368580598384,0.07872602099087089,0.15288899230957032,0.9809621990425512,0.00564534273683856
2152,16384,1186513,1665773,1822483968,0.25318875699304044,1.4127564210211858,0.17328187602106482,0.35892434692382813,2.198209765017964,0.0026550723126298565
2153,16384,1167366,1640485,1793074176,0.25849873200058937,1.3957520159892738,0.17257625691127032,0.35885000610351564,2.1857482019113377,0.00325704976566544
2154,16384,1177424,1652671,1808523264,0.2491031929384917,1.4050197240430862,0.17583486798685044,0.3515509033203125,2.181581929908134,0.003357271087978611
2155,16384,1178048,1655608,1809481728,0.2362341689877212,1.4046284159412608,0.1713351800572127,0.35656048583984373,2.168834919924848,0.003535036166416433
2156,16384,1183480,1661293,1817825280,0.24542190006468445,1.409098785952665,0.17393361404538155,0.34877642822265625,2.1773088889895007,0.003589784826058706
2157,6172,538256,676899,826761216,0.09957216202747077,0.6425211599562317,0.07838492910377681,0.15109292602539062,0.9716417039744556,0.007258525575551152
2158,16384,1185477,1662825,1820892672,0.2508200809825212,1.4080619160085917,0.1748635850381106,0.3431592102050781,2.1769806949887425,0.0034866066849158113
2159,16384,1167833,1640529,1793791488,0.22927349898964167,1.3924917849944904,0.1718314760364592,0.35241143798828123,2.1460820679785684,0.0034420850347725617
2160,16384,1177411,1652449,1808503296,0.2535839721094817,1.4057847209041938,0.17601663898676634,0.33976544189453123,2.1752219670452178,0.00327291427373497
2161,16384,1176822,1655459,1807598592,0.2451138059841469,1.4032782739959657,0.17238024401012808,0.35092471313476564,2.1717691540252417,0.00332065220200312
2162,16384,1183227,1661752,1817436672,0.2542172409594059,1.4106114460155368,0.1760671950178221,0.33761279296875,2.1785754449665546,0.0030648470400185847
2163,6172,537760,676257,825999360,0.0928136520087719,0.647477688966319,0.08024574804585427,0.150008056640625,0.9706155610037968,0.007254709800222419
2164,16384,1186442,1665418,1822374912,0.23520973999984562,1.415322561049834,0.17657058197073638,0.3571422119140625,2.184319218969904,0.0033934616690582224
2165,16384,1168156,1641022,1794287616,0.23145093501079828,1.4002229740144685,0.1750983769306913,0.3548626098632813,2.1617258560145274,0.004207758122279635
2166,16384,1176795,1651817,1807557120,0.27917827502824366,1.4121921620098874,0.1755203849170357,0.3556169738769531,2.2225984489778057,0.0040787010234518105
2167,16384,1177112,1655260,1808044032,0.3064063199562952,1.3540682260645553,0.177284974954091,0.35462063598632815,2.192474663956091,0.004310517078018366
2168,16384,1182230,1659474,1815905280,0.31437231798190624,1.4172252609860152,0.1801998179871589,0.362345458984375,2.274231860996224,0.003913631599981133
2169,6172,537531,676839,825647616,0.16511582396924496,0.6460636700503528,0.08039251598529518,0.14537411499023437,1.0370423150015995,0.009275417702898584
2170,16384,1185420,1662873,1820805120,0.3546543240081519,1.4119498789077625,0.17884321801830083,0.3426158752441406,2.2881504689576104,0.0038097485474520363
2171,16384,1168652,1641978,1795049472,0.36050480499397963,1.3905586189357564,0.17050453601405025,0.3517685241699219,2.27341132494621,0.0032920057923659456
2172,16384,1178006,1652201,1809417216,0.3204654840519652,1.401601305929944,0.17113788705319166,0.3541000061035156,2.247363697970286,0.0026259582159656155
2173,16384,1175732,1654088,1805924352,0.31190365995280445,1.3999446680536494,0.17960091994609684,0.3516279296875,2.2431536020012572,0.0034070052598449384
2174,16384,1183853,1662201,1818398208,0.2979980920208618,1.414734150050208,0.1750315090175718,0.35245632934570315,2.2402956200530753,0.0033718594124030814
2175,6172,538037,676307,826424832,0.11080781708005816,0.6478687609778717,0.08001293102279305,0.1503248291015625,0.9890859730076045,0.007242527674434189
2176,16384,1186040,1663973,1821757440,0.2720401850529015,1.4181605119956657,0.17485868197400123,0.3560616760253906,2.2211920900736004,0.0031980586442145425
2177,16384,1166804,1641540,1792210944,0.2766492640366778,1.3976114969700575,0.1719878789735958,0.35873922729492186,2.2050625879783183,0.0033885978326748055
2178,16384,1176230,1651211,1806689280,0.27157878200523555,1.4080370909068733,0.1734545110957697,0.3523179931640625,2.2054630629718304,0.003386399942187795
2179,16384,1177002,1655852,1807875072,0.2693656199844554,1.4080752700101584,0.1744278840487823,0.33581536865234374,2.1877603459870443,0.0034831644811746327
2180,16384,1183296,1661508,1817542656,0.27077800303231925,1.4102438499685377,0.1771588169503957,0.3551687927246094,2.213424843037501,0.003405598427071695
2181,6172,537683,676705,825881088,0.10005239897873253,0.647285048966296,0.07988511805888265,0.14732342529296874,0.9746183259412646,0.00742184324462197
2182,16384,1184668,1661673,1819650048,0.24780308897607028,1.4141086980234832,0.1732059409841895,0.356913818359375,2.192105482914485,0.0033728564589335162
2183,16384,1167714,1640688,1793608704,0.2647753891069442,1.3615707769058645,0.1739472810877487,0.3516189880371094,2.151987439021468,0.003485330929052957
2184,16384,1178578,1652839,1810295808,0.2809712620219216,1.406954083009623,0.1752428699983284,0.3395906066894531,2.2028335840441287,0.003393916151635471
2185,16384,1179105,1657052,1811105280,0.26445376803167164,1.4051071730209514,0.17559199803508818,0.3574495849609375,2.202672858024016,0.0031931194462745363
2186,16384,1182395,1660753,1816158720,0.2550385710783303,1.4115547859109938,0.17209823604207486,0.3583494567871094,2.197113881004043,0.0033148571024998264
2187,6172,538475,678054,827097600,0.10355220106430352,0.6471317749237642,0.08064715703949332,0.1528736572265625,0.9842796640004963,0.007606958582116856
2188,16384,1185997,1665043,1821691392,0.2504217850510031,1.413678308017552,0.17323367402423173,0.35824725341796876,2.1956505130510777,0.0031650091810655843
2189,16384,1169274,1642018,1796004864,0.25481909490190446,1.3978130720788613,0.17225019191391766,0.354189697265625,2.1791432719910517,0.003268065558541313
2190,16384,1177606,1652455,1808802816,0.2748735269997269,1.4048863200005144,0.174734206055291,0.33336270141601565,2.187935358961113,0.003592633084105107
2191,16384,1176828,1655270,1807607808,0.2626256949733943,1.404886790085584,0.1749801889527589,0.34499972534179685,2.18756904208567,0.0035035571751760785
2192,16384,1183166,1661153,1817342976,0.23807969596236944,1.4128088500583544,0.17351289093494415,0.33430145263671873,2.158776656957343,0.003417091097345228
2193,6172,538019,676954,826397184,0.10260617197491229,0.6466222649905831,0.0813729400979355,0.15057452392578125,0.981248349067755,0.0073832560953440785
2194,16384,1185517,1663845,1820954112,0.2507631399203092,1.412431409000419,0.17478363902773708,0.3429372253417969,2.18099430995062,0.0036174629157812773
2195,16384,1168933,1641516,1795481088,0.2319421770516783,1.3954627480125055,0.1734664529794827,0.3508751220703125,2.151817432953976,0.003296415342257296
2196,16384,1177697,1651820,1808942592,0.2703964600805193,1.404777480987832,0.1760070479940623,0.35625735473632814,2.2075145540293306,0.003452309315460564
2197,16384,1176585,1653714,1807234560,0.2388044639956206,1.4063503890065476,0.17190089891664684,0.35289114379882813,2.1700189829571173,0.003321963542269424
2198,16384,1182009,1660066,1815565824,0.2574832270620391,1.4101851639570668,0.17909569200128317,0.36308731079101564,2.2099243770353496,0.003302521330738307
2199,6172,537720,676496,825937920,0.09875414601992816,0.6483060499886051,0.08162391895893961,0.15249833679199218,0.981248635915108,0.006744891480154222
2200,16384,1184248,1663144,1819004928,0.2498592819320038,1.407433730084449,0.17485617497004569,0.35563909912109376,2.1878553479909897,0.0030651881743067083
2201,16384,1167874,1641570,1793854464,0.26720133202616125,1.3940149969421327,0.1704547250410542,0.3519622497558594,2.183710592915304,0.0035393495066227106
2202,16384,1177770,1650751,1809054720,0.2622587049845606,1.4051965350518003,0.17247928294818848,0.3522415466308594,2.1922465020325035,0.0032127964181623762
2203,16384,1177523,1656341,1808675328,0.23840419703628868,1.4052273830166087,0.17209034389816225,0.3567297668457031,2.1725250700255856,0.003377601015307798
2204,16384,1182954,1660761,1817017344,0.24258983694016933,1.4075470250099897,0.17189340898767114,0.35771469116210936,2.1798187689855695,0.0033859184387243627
2205,6172,537762,676125,826002432,0.09220675798133016,0.6430745669640601,0.07813331903889775,0.1535732421875,0.9670513389864936,0.006561473227694055
2206,16384,1186237,1664217,1822060032,0.22987993992865086,1.4108515731059015,0.17740883596707135,0.35851736450195315,2.1767452399944887,0.004020980007387005
2207,16384,1169659,1642978,1796596224,0.2582944839959964,1.4016418069368228,0.17176711198408157,0.33019696044921876,2.1619902920210734,0.004159530932479956
2208,16384,1177441,1651298,1808549376,0.3353461279766634,1.4095188790233806,0.1747753779636696,0.3437603454589844,2.2634687239769846,0.003003953779709035
2209,16384,1177345,1655910,1808401920,0.2957561709918082,1.4067315759602934,0.17400506208650768,0.33712823486328125,2.2137191110523418,0.004429972617652228
2210,16384,1183450,1661718,1817779200,0.3308198070153594,1.416929098078981,0.17332765692844987,0.342856201171875,2.26402109710034,0.0039016379214692654
2211,6172,537711,675730,825924096,0.14174921798985451,0.6455859850393608,0.07840062992181629,0.14512678527832032,1.0109482810366899,0.008473510361002058
2212,16384,1184798,1663761,1819849728,0.3889492270536721,1.4103711729403585,0.17235064296983182,0.3524165649414063,2.324173302971758,0.0036871203356295323
2213,16384,1168667,1641075,1795072512,0.35652630601543933,1.3925503400387242,0.17393922596238554,0.33846209716796877,2.2615492820041254,0.003153272854815241
2214,16384,1177665,1652261,1808893440,0.31760060298256576,1.4047752850456163,0.1747941729845479,0.3381563720703125,2.2354005209635943,0.0033143000485621123
2215,16384,1178367,1658149,1809971712,0.29299321398139,1.3777003340655938,0.17609625193290412,0.3527632141113281,2.1996260520536453,0.003320471784783564
2216,16384,1183940,1661642,1818531840,0.2787729710107669,1.415221311035566,0.17687721294350922,0.3582291259765625,2.229177688015625,0.003457196330036052
2217,6172,538248,676663,826748928,0.10574337304569781,0.6431483370251954,0.0783717199228704,0.15325289916992188,0.9805906959809363,0.007583879548889859
2218,16384,1186387,1664208,1822290432,0.2802048260346055,1.414287899970077,0.17461530095897615,0.3570194091796875,2.226185529027134,0.0026095257124985885
2219,16384,1168642,1641563,1795034112,0.2528818740975112,1.3970309689175338,0.17065646999981254,0.35379510498046873,2.174420119030401,0.00256165009638778
2220,16384,1179155,1653651,1811182080,0.26503182807937264,1.4094923479715362,0.17452867794781923,0.3548540344238281,2.2039727530209348,0.0029884488493857222
2221,16384,1175988,1653938,1806317568,0.25039802002720535,1.4039693319937214,0.1736794669413939,0.3507362365722656,2.178857570979744,0.0034199319014822137
2222,16384,1182073,1660559,1815664128,0.24848426203243434,1.409079845994711,0.17193972796667367,0.33634027099609376,2.1659158950205892,0.003314442210866203
2223,6172,537833,676562,826111488,0.10341019497718662,0.644377714022994,0.07793959695845842,0.151915771484375,0.9777227470185608,0.008128027683620155
2224,16384,1185688,1664024,1821216768,0.2617414300329983,1.4086941609857604,0.17249657097272575,0.34074490356445314,2.1837492560734972,0.0033058061661164753
2225,16384,1167009,1639311,1792525824,0.26040419191122055,1.3930786720011383,0.16987574205268174,0.3304788208007812,2.1539128680014983,0.0035025203106875736
2226,16384,1178051,1652750,1809486336,0.2753261090256274,1.4041693760082126,0.1717386880191043,0.3560692138671875,2.2073771610157564,0.003342160865274651
2227,16384,1176157,1654820,1806577152,0.2618895620107651,1.4063212979817763,0.17621579999104142,0.35493270874023436,2.1994367520092055,0.0035183228305033644
2228,16384,1180646,1657771,1813472256,0.23969505494460464,1.4108104809420183,0.17182970710564405,0.36222967529296873,2.1846389069687575,0.0033867694695765395
2229,6172,537265,675771,825239040,0.1022149680647999,0.6447402950143442,0.0807448310079053,0.15354722595214843,0.981320659047924,0.0074735009448741695
2230,16384,1184858,1663375,1819941888,0.2530769979348406,1.410621069953777,0.17295220505911857,0.3443490600585937,2.1810576929710805,0.0026757643751764274
2231,16384,1169489,1642831,1796335104,0.2731486849952489,1.395113328937441,0.1710587489651516,0.35420913696289064,2.1936003159498796,0.0032100692471253543
2232,16384,1177568,1651490,1808744448,0.2793552769580856,1.407707536011003,0.17199881398119032,0.3340287170410156,2.193163938005455,0.0033556093498165666
2233,16384,1176963,1654887,1807815168,0.26318700099363923,1.4061847350094467,0.17158251395449042,0.3383246765136719,2.1793525019893423,0.003376026504519086
2234,16384,1182805,1660235,1816788480,0.25839238695334643,1.413455220987089,0.17191123100928962,0.35788116455078123,2.2017154559725896,0.0034269856206215
2235,6172,537814,676965,826082304,0.0988687330391258,0.644747334998101,0.08076915598940104,0.14567424011230468,0.9701381580671296,0.00811162075655543
2236,16384,1185933,1664042,1821593088,0.2460695910267532,1.4132562329759821,0.1724402370164171,0.35685708618164064,2.188698839978315,0.0034583459423129554
2237,16384,1170074,1642385,1797233664,0.25078475195914507,1.3994114210363477,0.17450066201854497,0.34927499389648436,2.1740446579642594,0.003349933657998672
2238,16384,1178029,1651478,1809452544,0.2531678909435868,1.4061884050024673,0.17417836794629693,0.3524929504394531,2.1861028829589486,0.0034430505412661808
2239,16384,1177394,1655392,1808477184,0.24519727798178792,1.4078444739570841,0.17119635303970426,0.3543173522949219,2.178629584959708,0.003402491489213207
2240,16384,1182686,1659696,1816605696,0.253294889931567,1.412633063038811,0.17190977896098047,0.3548280334472656,2.1927415810059756,0.003457572383722426
2241,6172,538442,677491,827046912,0.10163198399823159,0.6460494230268523,0.08174545597285032,0.14606991577148437,0.9755707230651751,0.00757959356592206
2242,16384,1185876,1664749,1821505536,0.2403486219700426,1.4150431690504774,0.17781878297682852,0.35735202026367185,2.1906387329800054,0.0034756401335777672
2243,16384,1168479,1640974,1794783744,0.23551029502414167,1.3974498419556767,0.17454129306133837,0.35480535888671877,2.1623841039836407,0.003575454315572507
2244,16384,1177305,1651181,1808340480,0.25249396602157503,1.4101604199968278,0.1755750230513513,0.3521163635253906,2.1904245039913803,0.0035943442055141567
2245,16384,1178442,1655474,1810086912,0.23952579102478921,1.407398056006059,0.17212262097746134,0.35242889404296873,2.171550436061807,0.0034571617256466546
2246,16384,1183623,1660641,1818044928,0.25741346599534154,1.4116393390577286,0.1731967559317127,0.35740460205078123,2.199727408005856,0.0033297294030827595
2247,6172,537440,676205,825507840,0.13660208589863032,0.6435655400855467,0.0782559699146077,0.15016978454589844,1.0086581989889964,0.0064262149832572035
2248,16384,1184693,1663659,1819688448,0.25432565389201045,1.4047544000204653,0.17392229405231774,0.342482177734375,2.1755750419106334,0.004160564895308664
2249,16384,1168665,1642490,1795069440,0.2834207819541916,1.396802132949233,0.17564172903075814,0.3534319763183594,2.209385345922783,0.0040158531151837104
2250,16384,1177807,1653048,1809111552,0.31475148699246347,1.411607577931136,0.17435286100953817,0.3564627380371094,2.257268031942658,0.004136326350706978
2251,16384,1177879,1655895,1809222144,0.3120132560143247,1.4077216709265485,0.17334637104067951,0.351945556640625,2.245111834956333,0.003785126996002636
2252,16384,1183070,1660705,1817195520,0.35019005299545825,1.4147934629581869,0.17601238400675356,0.35734344482421876,2.298428170965053,0.0038646489613218737
2253,6172,538653,676998,827371008,0.14004657103214413,0.6438073269091547,0.07942137203644961,0.15271238708496093,1.0160748560447246,0.0085819446762709
2254,16384,1185894,1665331,1821533184,0.3294356489786878,1.4124367350013927,0.17511749896220863,0.3554029541015625,2.272464687936008,0.003161804561271473
2255,16384,1167965,1640493,1793994240,0.3151757150189951,1.3915619580075145,0.17212862393353134,0.350941162109375,2.229863881948404,0.0025303283955971302
2256,16384,1176191,1650011,1806629376,0.3200388379627839,1.400379146100022,0.17096188000869006,0.35183685302734374,2.243290501064621,0.0032890954491250598
2257,16384,1178907,1657444,1810801152,0.32088217709679157,1.4077273989096284,0.17317790805827826,0.35282278442382814,2.2546885780757293,0.003473188624107839
2258,16384,1182957,1660867,1817021952,0.2837868840433657,1.412864584941417,0.17609502200502902,0.354750732421875,2.2275700359605253,0.003268698521855149
2259,6172,538051,676810,826446336,0.10225208499468863,0.6454345480306074,0.07952328200917691,0.14730079650878905,0.9745781469391659,0.006919444696735511
2260,16384,1186126,1664323,1821889536,0.26580196199938655,1.412223162013106,0.17621992202475667,0.35658612060546874,2.2109016840113327,0.0031895298250751852
2261,16384,1168294,1641159,1794499584,0.2661197939887643,1.3926604429725558,0.17359591997228563,0.3510048828125,2.1834531389176846,0.003302070939545681
2262,16384,1178241,1651266,1809778176,0.27302254491951317,1.4032998870825395,0.1735070359427482,0.35226589965820315,2.202171455952339,0.0034551510114828586
2263,16384,1178341,1656833,1809931776,0.24971553299110383,1.4044573369901627,0.17228632303886116,0.35323004150390624,2.179769968963228,0.0037038054631438845
2264,16384,1183754,1662023,1818246144,0.24752367101609707,1.4098253319971263,0.17415825196076185,0.3362185668945312,2.1678040319820866,0.003607803676738852
2265,6172,537810,676387,826076160,0.10156386892776936,0.6441972790053114,0.07903345301747322,0.15078346252441407,0.9756389319663867,0.00623883379642714
2266,16384,1187764,1667295,1824405504,0.25831911305431277,1.4105158519232646,0.1745537620736286,0.3419427185058594,2.185417131986469,0.0039208272027221195
2267,16384,1168281,1641502,1794479616,0.2463864010060206,1.3927893009968102,0.17327576398383826,0.3365633544921875,2.14908875094261,0.0034400842552995696
2268,16384,1175415,1649056,1805437440,0.2661208800273016,1.400868410943076,0.1729771699756384,0.34939984130859375,2.189445625990629,0.0036230055260392693
2269,16384,1177450,1655741,1808563200,0.2615282069891691,1.4095534320222214,0.17263176292181015,0.35584756469726564,2.199638894991949,0.003542779756274008
2270,16384,1183723,1662108,1818198528,0.2586694679921493,1.4159998880932108,0.1726936569903046,0.35348971557617187,2.2009274520678446,0.003395087645342897
2271,6172,537819,677400,826089984,0.09885924693662673,0.6450475420570001,0.08071137696970254,0.1505082244873047,0.9752044780179858,0.008007301967114782
2272,16384,1186713,1665334,1822791168,0.25332859193440527,1.4163098339922726,0.1739734800066799,0.35892559814453123,2.202611487940885,0.0033589156962545445
2273,16384,1167756,1640696,1793673216,0.26129142194986343,1.3912570970132947,0.1705354310106486,0.35275265502929687,2.175913373939693,0.0035281246720994318
2274,16384,1177895,1652710,1809246720,0.2970588499447331,1.4075332630891353,0.17406470200512558,0.35323974609375,2.231963707949035,0.0030084188220455125
2275,16384,1175297,1653955,1805256192,0.2557982279686257,1.4059012020006776,0.1751930060563609,0.35677218627929685,2.193745694006793,0.003695583405758063
2276,16384,1182840,1660961,1816842240,0.24265246593859047,1.4147634770488366,0.17358121601864696,0.35352578735351564,2.1845979569479823,0.0034336106629637613
2277,6172,538338,677424,826887168,0.09770733991172165,0.6470469060586765,0.07976922893431038,0.15491098022460936,0.9795097359456122,0.00768556079961673
2278,16384,1186370,1664885,1822264320,0.24672242195811123,1.4134303400060162,0.17538554104976356,0.33814138793945314,2.1737542399205267,0.0034295030143441556
2279,16384,1166922,1640715,1792392192,0.23505885701160878,1.3948481529951096,0.17121686099562794,0.3582337036132813,2.159432672080584,0.003477647899252157
2280,16384,1178334,1651943,1809921024,0.26952429802622646,1.3815539869247004,0.17268833506386727,0.35680767822265624,2.1806490359595045,0.0034273154836837773
2281,16384,1176622,1653456,1807291392,0.254983217921108,1.409244816051796,0.1717414140002802,0.35515386962890627,2.19120592600666,0.003769997314668427
2282,16384,1183103,1662093,1817246208,0.2512489239452407,1.4153114289510995,0.1732615710934624,0.35542327880859376,2.195317991892807,0.003315651522002864
2283,6172,538033,676987,826418688,0.09313379903323948,0.6461854679509997,0.07902244909200817,0.15432167053222656,0.9727199269691482,0.005812604338273759
2284,16384,1185755,1664789,1821319680,0.25556994799990207,1.4118429441004992,0.17358143394812942,0.35918353271484377,2.200249660992995,0.003263367375694104
2285,16384,1170208,1643568,1797439488,0.2566940269898623,1.3968613519100472,0.17043901607394218,0.3425044250488281,2.1665729199303314,0.003420143719602913
2286,16384,1177309,1652101,1808346624,0.26967759896069765,1.4090563650242984,0.17490242701023817,0.3551128234863281,2.208833660930395,0.0038231239557076635
2287,16384,1176059,1654225,1806426624,0.24198115710169077,1.4064366678940132,0.17192704800982028,0.35622833251953123,2.176637023105286,0.002931934886392168
2288,16384,1182052,1659496,1815631872,0.2579495869576931,1.4077621831092983,0.17744297697208822,0.36371005249023436,2.206944114062935,0.0035938623509070384
2289,6172,537700,676446,825907200,0.09732301498297602,0.6488560360157862,0.07946904399432242,0.15344985961914062,0.9791675669839606,0.0071093420659067005
2290,16384,1185292,1664141,1820608512,0.2624777799937874,1.415454569971189,0.1762657470535487,0.3567656555175781,2.2110549949575216,0.004126646403025764
2291,16384,1166278,1639324,1791403008,0.30372289195656776,1.3952793009812012,0.17493047006428242,0.3566446533203125,2.23066696501337,0.0040189186647711225
2292,16384,1176723,1652118,1807446528,0.3172560640377924,1.4117218799656257,0.17430769803468138,0.3496824645996094,2.253053809981793,0.003803874710160192
2293,16384,1176284,1655601,1806772224,0.34761239401996136,1.4080334620084614,0.17256060300860554,0.3520033874511719,2.280301788006909,0.004031989063580097
2294,16384,1183079,1661559,1817209344,0.3436519450042397,1.4071959329303354,0.17514536704402417,0.33690567016601564,2.2629840639419854,0.0037626777283615324
2295,6172,538184,676777,826650624,0.1343084619147703,0.6456695949891582,0.08035965310409665,0.1533989715576172,1.0138101959601045,0.007251297605318157
2296,16384,1185787,1664486,1821368832,0.3219492940697819,1.380452012992464,0.17362072598189116,0.3360306701660156,2.212126703001559,0.003345187746510668
2297,16384,1167869,1641398,1793846784,0.30704149696975946,1.3944020840572193,0.17157026997301728,0.3516293640136719,2.2247183059807867,0.003375302253623848
2298,16384,1177542,1652357,1808704512,0.3231748490361497,1.4063921379856765,0.17250040103681386,0.35581417846679686,2.2579568340443075,0.0033334347997974008
2299,16384,1177696,1656966,1808941056,0.2989513019565493,1.4045685990713537,0.17547281691804528,0.35615341186523436,2.235227904981002,0.0036584712295974807
2300,16384,1183668,1660709,1818114048,0.27237433195114136,1.4129288520198315,0.17576974304392934,0.35636434936523437,2.2175132629927248,0.0034266587648630704
2301,6172,538049,677271,826443264,0.10200612305197865,0.6471742639550939,0.07883521204348654,0.14986650085449219,0.9779398770770058,0.005908049493516384
2302,16384,1185714,1664114,1821256704,0.27923041803296655,1.4087596249300987,0.17294741596560925,0.3423073425292969,2.2033164519816637,0.0032519397578118624
2303,16384,1168962,1640359,1795525632,0.265014537028037,1.3945635589770973,0.17038255301304162,0.3334872436523437,2.1635208560619503,0.003372437627605446
2304,16384,1177803,1652184,1809105408,0.3147342330776155,1.407726328005083,0.17490052396897227,0.332811767578125,2.230249612010084,0.003441739430198211
2305,16384,1176984,1656480,1807847424,0.25404152798000723,1.4059832349885255,0.17469749599695206,0.35107931518554686,2.185872847912833,0.003260654519289073
2306,16384,1182332,1658766,1816061952,0.24524675693828613,1.4114451280329376,0.17502514400985092,0.355736083984375,2.187523372936994,0.0032118500955706166
2307,6172,538009,677364,826381824,0.09699248697143048,0.647738746018149,0.07878908002749085,0.1533507537841797,0.9769284940557554,0.00587834778643871
2308,16384,1186072,1664111,1821806592,0.2929978120373562,1.4108024669112638,0.1746954080881551,0.3381249694824219,2.2167055410100147,0.003829308369888181
2309,16384,1166924,1639820,1792395264,0.27778230095282197,1.3916987939737737,0.17279232305008918,0.3606888427734375,2.203038248931989,0.00344924478291126
2310,16384,1178376,1651872,1809985536,0.2693314329953864,1.407226157025434,0.17147357505746186,0.3507936706542969,2.1989043580833822,0.003616453371910631
2311,16384,1175835,1653518,1806082560,0.2648779290029779,1.4031675120349973,0.17324554699007422,0.33829129028320315,2.179655170068145,0.0033441875528366504
2312,16384,1183851,1661756,1818395136,0.26249842101242393,1.3825115090003237,0.1760300190653652,0.3510292053222656,2.172144301002845,0.0034595584847740587
2313,6172,537165,676323,825085440,0.10101254191249609,0.6444147790316492,0.07989530207123607,0.15029574584960936,0.9756934170145541,0.007691775741709674
2314,16384,1186626,1665474,1822657536,0.2409179829992354,1.4118752839276567,0.17764083400834352,0.3381534729003906,2.168660782976076,0.0033757764711072643
2315,16384,1168169,1641992,1794307584,0.2354259389685467,1.3917331600096077,0.17202821397222579,0.35368682861328127,2.152950617019087,0.0035521230640927384
2316,16384,1176673,1651053,1807369728,0.2615112030180171,1.4051988139981404,0.1718891910277307,0.3312568359375,2.1699281580513343,0.003323339055196567
2317,16384,1176904,1655112,1807724544,0.26496770593803376,1.403194329002872,0.1746894270181656,0.34097085571289065,2.1838961279718205,0.0033797532269476474
2318,16384,1183368,1659568,1817653248,0.24137419497128576,1.4118384210160002,0.172354866983369,0.3360283813476562,2.1616736110299826,0.003596598083751542
2319,6172,537534,676766,825652224,0.09983305900823325,0.6449285210110247,0.07976852299179882,0.15090655517578125,0.975512376986444,0.007761951707871271
2320,16384,1185141,1663935,1820376576,0.23169865098316222,1.4158526529790834,0.17306905798614025,0.3536612243652344,2.174358176998794,0.0035224502560725086
2321,16384,1168681,1641132,1795094016,0.24703720898833126,1.3967075470136479,0.17130701697897166,0.3489512939453125,2.1640771579695866,0.0034236784511300455
2322,16384,1178469,1652049,1810128384,0.27226404391694814,1.4117027790052816,0.1745378210907802,0.35489166259765625,2.213474393938668,0.003527817092250811
2323,16384,1176881,1655163,1807689216,0.26229008205700666,1.4071434730431065,0.17414027289487422,0.35209194946289063,2.195744436001405,0.003582317788781844
2324,16384,1183637,1660885,1818066432,0.24756520404480398,1.4137800369644538,0.17627642198931426,0.3366747131347656,2.1743718980578706,0.003473275413474874
2325,6172,538647,677330,827361792,0.09396901994477957,0.647063601994887,0.08009611896704882,0.15138844299316406,0.9725913800066337,0.007628702894096427
2326,16384,1186921,1664560,1823110656,0.23515584599226713,1.4135924930451438,0.17361550591886044,0.3530103759765625,2.175448206020519,0.003400912394992374
2327,16384,1168163,1640490,1794298368,0.24977853801101446,1.3974740069825202,0.17077820701524615,0.3528171081542969,2.170925968908705,0.003597946072119375
2328,16384,1178830,1653252,1810682880,0.2644582219654694,1.4040573120582849,0.1760546260047704,0.3564840087890625,2.201125734951347,0.0032513423755689197
2329,16384,1177128,1655804,1808068608,0.25794553791638464,1.4039142460096627,0.17551521304994822,0.353721435546875,2.191168430959806,0.0032858467618358074
2330,16384,1183922,1662131,1818504192,0.23198452696669847,1.4176025839988142,0.1754966820590198,0.35319387817382814,2.178366972017102,0.0040994387028732825
2331,6172,537774,676555,826020864,0.10298324306495488,0.6461185269290581,0.08140792301855981,0.15063385009765626,0.9812250910326838,0.00831082727092866
2332,16384,1186035,1663204,1821749760,0.2976683749584481,1.4200987389776856,0.17891652509570122,0.3410802917480469,2.2378543550148606,0.004040666666989018
2333,16384,1167692,1640253,1793574912,0.29723981698043644,1.4024210489587858,0.17176973400637507,0.3536900329589844,2.2251936299726367,0.0032804816206479215
2334,16384,1177923,1652269,1809289728,0.3503776020370424,1.408897107001394,0.17449880903586745,0.3412446899414063,2.2751091270474717,0.003996249264732867
2335,16384,1177368,1656549,1808437248,0.3468799210386351,1.409460447030142,0.17272764490917325,0.3540609130859375,2.283253457979299,0.005454143296097207
2336,16384,1183601,1659758,1818011136,0.340983969043009,1.4082607000600547,0.17523359297774732,0.3435999450683594,2.2681468900991604,0.003028152642577327
2337,6172,538421,676463,827014656,0.13401184603571892,0.6442491849884391,0.07930103898979723,0.14560362243652344,1.0032236160477623,0.0057737473836521076
2338,16384,1186361,1665294,1822250496,0.3355945779476315,1.4156287929508835,0.17820163909345865,0.33535879516601563,2.2648582429392263,0.0032866419551524327
2339,16384,1169013,1641368,1795603968,0.3025888910051435,1.3886744210030884,0.17065570200793445,0.3508763732910156,2.2128685989882797,0.0033084513527574817
2340,16384,1178148,1652251,1809635328,0.30682285700459033,1.4039621989941224,0.1712879240512848,0.354683349609375,2.236831899965182,0.0033784526146417144
2341,16384,1176617,1654662,1807283712,0.2743096660124138,1.4015097569208592,0.17098743002861738,0.349801025390625,2.19666762300767,0.002719785848752065
2342,16384,1183230,1662456,1817441280,0.27949520805850625,1.410198980011046,0.1748805979732424,0.3556037902832031,2.220255907974206,0.00348300607737919
2343,6172,536902,676238,824681472,0.10375066194683313,0.6457628140924498,0.07968238997273147,0.1450364227294922,0.9743036610307172,0.007325466593751482
2344,16384,1185206,1662131,1820476416,0.2506292409962043,1.4079485150286928,0.17240795295219868,0.35349169921875,2.1845545030664653,0.0035290889062848693
2345,16384,1167822,1641764,1793774592,0.2723807890433818,1.3927223200444132,0.1705806739628315,0.34950698852539064,2.1852646050974727,0.00337869937046405
2346,16384,1177544,1650820,1808707584,0.2844387609511614,1.4055818310007453,0.1723629430634901,0.351538330078125,2.2139973719604313,0.0034104316412418975
2347,16384,1177563,1655365,1808736768,0.2735871489858255,1.4015805050730705,0.1712299189530313,0.33605267333984373,2.1825239280005917,0.003375983551666677
2348,16384,1181970,1660811,1815505920,0.2538887900300324,1.412908430909738,0.1717619620030746,0.3576889343261719,2.1963245579972863,0.003480393095413116
2349,6172,537302,676280,825295872,0.134787907009013,0.644049596041441,0.07840362295974046,0.14585206604003906,1.0031508529791608,0.005747981847007083
2350,16384,1186117,1665598,1821875712,0.26363225607201457,1.4106744099408388,0.17350860603619367,0.35307046508789064,2.2009422100381926,0.002565851161257804
2351,16384,1167631,1639875,1793481216,0.2598340280819684,1.3913719339761883,0.17025390092749149,0.3336356201171875,2.1551779550500214,0.003826688510451911
2352,16384,1177939,1652086,1809314304,0.2707289910176769,1.4071768870344386,0.1746004750020802,0.34192556762695314,2.1944932939950377,0.002796696351577838
2353,16384,1176374,1653647,1806910464,0.2479092200519517,1.4055339789483696,0.17274812597315758,0.3432713317871094,2.1695363760227337,0.003397926993071819
2354,16384,1181890,1659036,1815383040,0.2630418000044301,1.4094953639432788,0.17219102405942976,0.36179425048828123,2.2065964029170573,0.003351968739703745
2355,6172,537651,677111,825831936,0.09584534203168005,0.6446811140049249,0.07799831603188068,0.1521744384765625,0.9707763040205464,0.00794142534989119
2356,16384,1184620,1663828,1819576320,0.2629020189633593,1.4081850349903107,0.1731868271017447,0.35305975341796875,2.1973888690117747,0.002513644224288327
2357,16384,1168849,1641681,1795352064,0.23358687898144126,1.3929319909075275,0.169989935006015,0.3538489990234375,2.150431947899051,0.003447864541921842
2358,16384,1177739,1650746,1809007104,0.2599981060484424,1.4012665409827605,0.17141341604292393,0.351470703125,2.1842199170496315,0.00325749481310447
2359,16384,1175936,1653879,1806237696,0.23660917801316828,1.4031574729597196,0.17561554501298815,0.35116650390625,2.1666249909903854,0.003521195341902097
2360,16384,1182651,1660136,1816551936,0.263455409090966,1.4164223229745403,0.17544248094782233,0.3552586669921875,2.2106591740157455,0.003632129781621589
2361,6172,537772,676878,826017792,0.10392328898888081,0.644366552005522,0.07819823501631618,0.15372947692871095,0.9802931590238586,0.007712599413014162
2362,16384,1185948,1665247,1821616128,0.2554646919015795,1.4122486790874973,0.17328368593007326,0.35711590576171875,2.1981984298909083,0.0038880570960865245
2363,16384,1169795,1642284,1796805120,0.28063877997919917,1.3937953850254416,0.17265318892896175,0.3351759338378906,2.1823220779187977,0.002693926249449589
2364,16384,1178503,1652419,1810180608,0.2679635579697788,1.407098711002618,0.17244948400184512,0.3545250244140625,2.2020948090357706,0.002635292868770939
2365,16384,1177207,1654949,1808189952,0.2347092180280015,1.3999231659108773,0.17208517307881266,0.35302325439453125,2.1597984730033204,0.002669767194422442
2366,16384,1182956,1661540,1817020416,0.24740835500415415,1.4108156360452995,0.1744460549671203,0.3586300048828125,2.191373885027133,0.0033693076407865104
2367,6172,537824,676506,826097664,0.09350572596304119,0.6472858210327104,0.07813464000355452,0.14685177612304687,0.9658564169658348,0.008122723223010218
2368,16384,1185347,1664254,1820692992,0.24161948601249605,1.4140086739789695,0.17696923401672393,0.35807745361328125,2.1907494330080226,0.0034045603494415387
2369,16384,1168111,1642435,1794218496,0.22971425205469131,1.3956035489682108,0.17421556799672544,0.3492510986328125,2.148858661064878,0.0034526892709373425
2370,16384,1178640,1651319,1810391040,0.2661401090444997,1.4073068370344117,0.17717244499363005,0.35259100341796873,2.2032879680627957,0.003520809508778508
2371,16384,1176521,1654952,1807136256,0.2537644349504262,1.4031592550454661,0.17120781994890422,0.33403009033203124,2.1622388379182667,0.0035721142403231545
2372,16384,1183061,1661386,1817181696,0.25189902097918093,1.4210297650424764,0.1781552709871903,0.35614117431640624,2.2073066639713943,0.003689231200614098
2373,6172,537183,675798,825113088,0.10769564297515899,0.6466868909774348,0.07999643706716597,0.1519022979736328,0.9863473590230569,0.006700482244890844
2374,16384,1185166,1663666,1820414976,0.30139131797477603,1.4154439480043948,0.17470316006802022,0.35796966552734377,2.2495958000654355,0.0038988555587733988
2375,16384,1167663,1642006,1793530368,0.35050074802711606,1.3998361499980092,0.1708719249581918,0.3319532775878906,2.253252160968259,0.0039969071642812146
2376,16384,1177733,1650907,1808997888,0.35314976901281625,1.4103800379671156,0.17677349492441863,0.35397698974609376,2.2943810909055173,0.0043933091792183855
2377,16384,1175493,1652433,1805557248,0.35996664001140743,1.4003872459288687,0.17172477906569839,0.35645773315429685,2.2886226089904085,0.003766930808000943
2378,16384,1182739,1661541,1816687104,0.3556578990537673,1.4068412448978052,0.17531357205007225,0.3322701721191406,2.2701479559764266,0.002866238540532618
2379,6172,537695,676239,825899520,0.11971446499228477,0.6431182329542935,0.07879751606378704,0.1545846405029297,0.9962710819672793,0.005643790631094177
2380,16384,1186852,1667482,1823004672,0.31843035703059286,1.4104504300048575,0.17625421902630478,0.35424359130859373,2.259453020989895,0.0032938777153079224
2381,16384,1167339,1639560,1793032704,0.28819999494589865,1.3932643290609121,0.17158446100074798,0.35748086547851565,2.2106061020167544,0.0034583967994196007
2382,16384,1177598,1650550,1808790528,0.3080037700710818,1.4093881789594889,0.17491300299298018,0.33591107177734375,2.2282875180244446,0.0032084828807541145
2383,16384,1177370,1656011,1808440320,0.28666878200601786,1.4098314590519294,0.17493338300846517,0.35517694091796875,2.226683960063383,0.0032961605831057653
2384,16384,1182827,1660657,1816822272,0.3005427470197901,1.4144046910805628,0.17824065790046006,0.3561703186035156,2.2494242599932477,0.0029272107574437774
2385,6172,537485,676595,825576960,0.10058043303433806,0.6452759449603036,0.07849212200380862,0.15073590087890626,0.9751607880461961,0.007833289625259355
2386,16384,1184523,1664011,1819427328,0.29935406090226024,1.412993878009729,0.17474910500459373,0.35419766235351563,2.241370258969255,0.0033708263440057314
2387,16384,1169280,1642199,1796014080,0.27117770398035645,1.3985738010378554,0.17015478597022593,0.35167529296875,2.19165447098203,0.003325662224924413
2388,16384,1177566,1652100,1808741376,0.2855410089250654,1.4075620489893481,0.17584365303628147,0.35657443237304687,2.2255937919253483,0.0032642345548442356
2389,16384,1175653,1654820,1805803008,0.24723495705984533,1.4059401879785582,0.1725255799246952,0.34352200317382814,2.169295761967078,0.003366706902376875
2390,16384,1182663,1659932,1816570368,0.29925429495051503,1.4130729989847168,0.17524299607612193,0.3531769714355469,2.240820701001212,0.003277350761636028
2391,6172,538639,676845,827349504,0.1046925300033763,0.6475336439907551,0.08041705994401127,0.1507895965576172,0.9835109679261222,0.007944744177811287
2392,16384,1186240,1665935,1822064640,0.250022872001864,1.4136190260760486,0.17317452293355018,0.3432612915039063,2.180153129971586,0.0034592733501227994
2393,16384,1167242,1640482,1792883712,0.2617274640360847,1.3657440630486235,0.17359611194115132,0.35870025634765623,2.1598426121054217,0.003459360024067719
2394,16384,1177161,1650569,1808119296,0.25859369500540197,1.407394609064795,0.17207599198445678,0.353646240234375,2.191785759991035,0.0034320736715793437
2395,16384,1177270,1654920,1808286720,0.25286153808701783,1.4048378029838204,0.17163098591845483,0.35644854736328124,2.1858535880455747,0.003418055692704774
2396,16384,1183203,1661589,1817399808,0.24750023696105927,1.413454512017779,0.1751128020696342,0.3546253967285156,2.190769891021773,0.003512155480146036
2397,6172,537533,676636,825650688,0.09559046698268503,0.6458705889526755,0.07922564703039825,0.15236320495605468,0.9731092050205916,0.006093570842021914
2398,16384,1186246,1664695,1822073856,0.24830831994768232,1.4161804399918765,0.177462543011643,0.35575177001953123,2.1977786970091984,0.0034409305435566945
2399,16384,1169344,1642382,1796112384,0.23399093397893012,1.3989616959588602,0.17253543401602656,0.35416265869140623,2.1597245179582387,0.0034168854593177077
2400,16384,1178176,1652537,1809678336,0.2638266299618408,1.4105321870883927,0.1735908699920401,0.35408349609375,2.202105278032832,0.0032739078157263462
2401,16384,1178064,1655706,1809506304,0.2677006289595738,1.4117334160255268,0.17612671793904155,0.35275161743164063,2.2083854959346354,0.0033108159326031266
2402,16384,1182960,1661121,1817026560,0.23724605306051672,1.418695018044673,0.1761650169501081,0.338384765625,2.170566071057692,0.0034653346146668444
2403,6172,536997,675881,824827392,0.09375175996683538,0.6473457009997219,0.07902793399989605,0.15028697204589844,0.9704755910206586,0.006514744821179351
2404,16384,1185954,1663459,1821625344,0.24399514601100236,1.4166293899761513,0.17512700404040515,0.3551081848144531,2.1909339249832556,0.003386690050192853
2405,16384,1169124,1642892,1795774464,0.2572003370150924,1.3981564769055694,0.17442285199649632,0.35099432373046874,2.1808439509477466,0.003207992029389426
2406,16384,1178551,1652623,1810254336,0.2744205299532041,1.4097911519929767,0.1780013960087672,0.3377261657714844,2.200013378984295,0.0033697639555537685
2407,16384,1176283,1654135,1806770688,0.24439967796206474,1.410360870999284,0.17161003197543323,0.3512795104980469,2.177725433022715,0.0034596458646153107
2408,16384,1181615,1660562,1814960640,0.2587866820394993,1.4127654309850186,0.17603640002198517,0.3627413635253906,2.210405605030246,0.0034259982955272593
2409,6172,538036,677027,826423296,0.09338168695103377,0.6204247460700572,0.07884581293910742,0.15566383361816405,0.94838053395506,0.00679625681779418
2410,16384,1185377,1664449,1820739072,0.2459023769479245,1.4095783201046288,0.17533595697022974,0.3574954528808594,2.188383857952431,0.0032787231786558096
2411,16384,1169426,1642093,1796238336,0.23486018704716116,1.3969584859441966,0.171250963001512,0.3296280212402344,2.1327552790753543,0.0027017559311864584
2412,16384,1178506,1651885,1810185216,0.276793459081091,1.4091065659886226,0.17583804996684194,0.3529770202636719,2.2147903500590473,0.00339782764621855
2413,16384,1176746,1655176,1807481856,0.23494178394321352,1.4080927160102874,0.1726079280488193,0.35544830322265625,2.1711781579069793,0.004026693142817384
2414,16384,1182680,1660143,1816596480,0.25753681000787765,1.4185282830148935,0.17377735394984484,0.3404610595703125,2.190393644035794,0.004115127575843431
2415,6172,537305,676296,825300480,0.12087899504695088,0.6465089049888775,0.0798892299644649,0.15246028137207032,0.9998306899797171,0.00932944030308002
2416,16384,1185550,1663932,1821004800,0.29967363795731217,1.4171034320024773,0.17816698795650154,0.33936807250976564,2.234402189962566,0.00403058755105814
2417,16384,1169858,1643414,1796901888,0.3097667589318007,1.3999270490603521,0.17332432395778596,0.3529377136230469,2.236043915967457,0.003938670159496676
2418,16384,1177617,1651597,1808819712,0.35813044395763427,1.4107412070734426,0.17596171994227916,0.35507351684570315,2.3000203139381483,0.00493152683921057
2419,16384,1176701,1655131,1807412736,0.33839185803662986,1.4033314150292426,0.1718338179634884,0.33857192993164065,2.2522147269919515,0.0038054111769576984
2420,16384,1182355,1659748,1816097280,0.360420701908879,1.4075600360520184,0.1740774200297892,0.3554478454589844,2.29758066998329,0.0032497894239176986
2421,6172,537435,676715,825500160,0.12308810593094677,0.6433069159975275,0.07878241303842515,0.1511336669921875,0.9963865539757535,0.00757256472054163
2422,16384,1188185,1666473,1825052160,0.3199467019876465,1.4129451230401173,0.17727624694816768,0.3659637451171875,2.27620503900107,0.003216841483808039
2423,16384,1166744,1638862,1792118784,0.2890880429185927,1.3918189640389755,0.17545540595892817,0.33535968017578127,2.1917983239982277,0.0034780073109474093
2424,16384,1179318,1653681,1811432448,0.2863423189846799,1.4059567560907453,0.1715702029177919,0.35652435302734375,2.220466236001812,0.0032698079382598774
2425,16384,1176194,1655730,1806633984,0.2757453320082277,1.3786526379408315,0.17075010703410953,0.35593463134765624,2.181156442966312,0.0033805294308381795
2426,16384,1183295,1660541,1817541120,0.2546823499724269,1.4149199789389968,0.17231767100747675,0.3398089294433594,2.1818052649032325,0.003498733007967838
2427,6172,537365,676345,825392640,0.10849770298227668,0.6429627429461107,0.08023030206095427,0.15149411010742186,0.9832599139772356,0.007633371340084182
2428,16384,1186307,1664895,1822167552,0.2525450639659539,1.4164317600661889,0.17345127102453262,0.3566353454589844,2.1991377599770203,0.0033794818457113093
2429,16384,1167256,1641096,1792905216,0.2709613339975476,1.3945324879605323,0.17391345999203622,0.3598560791015625,2.1993361288914457,0.003308627490416927
2430,16384,1178136,1653018,1809616896,0.27397024002857506,1.408751311013475,0.17406064202077687,0.3554222412109375,2.2122812380548567,0.0034717006034841063
2431,16384,1177784,1656620,1809076224,0.25631454901304096,1.411752904066816,0.17493200895842165,0.3557244567871094,2.1988014570670202,0.00352638667684376
2432,16384,1182751,1661280,1816705536,0.2731754200067371,1.4146690460620448,0.17749453498981893,0.35578436279296877,2.221207929076627,0.003807172842766252
2433,6172,538002,676747,826371072,0.09956103004515171,0.6455231489380822,0.08002926199696958,0.15243241882324218,0.9776207490358502,0.007660356276026697
2434,16384,1185702,1664105,1821238272,0.25100077991373837,1.410651215002872,0.1775239440612495,0.35659390258789064,2.1958452739054337,0.0034352301858149464
2435,16384,1169652,1643263,1796585472,0.24020649201702327,1.3959559169597924,0.17122215998824686,0.3549397583007812,2.1623989390209317,0.0034504158202108524
2436,16384,1178965,1652491,1810890240,0.26550769701134413,1.4043771720025688,0.17335411591921002,0.35760296630859373,2.200919257942587,0.0035124732809530264
2437,16384,1176090,1655271,1806474240,0.25433349201921374,1.4063243059208617,0.17455773008987308,0.35331747436523436,2.1886077439412475,0.003415027031298358
2438,16384,1181864,1658707,1815343104,0.2643597529968247,1.4071728530107066,0.17450547101907432,0.339259765625,2.185370998107828,0.0033475074157153064
2439,6172,536639,675960,824277504,0.09805629693437368,0.6435348680242896,0.07992854795884341,0.15025888061523437,0.97185339697171,0.007696987961560463
2440,16384,1185705,1662595,1821242880,0.2366053940495476,1.410947820986621,0.1728479720186442,0.3547770385742188,2.1752535360865295,0.0034621461934615247
2441,16384,1169259,1641596,1795981824,0.25592314696405083,1.3648292570142075,0.17355672002304345,0.3531398010253906,2.147525100968778,0.0035471502545600226
2442,16384,1176945,1651332,1807787520,0.2509202780202031,1.4046087270835415,0.17266439297236502,0.3570469665527344,2.18531516706571,0.0034229587563981588
2443,16384,1178078,1656290,1809527808,0.2637912950012833,1.4036236939718947,0.17263088200706989,0.33466265869140627,2.1747667669551447,0.002677863409338578
2444,16384,1183106,1662024,1817250816,0.24764771899208426,1.4115199079969898,0.17579503904562443,0.34223538208007814,2.177268747938797,0.0032471794805768815
2445,6172,538488,676795,827117568,0.09367464599199593,0.6452396820532158,0.07855861098505557,0.15506227111816406,0.9725967580452561,0.0063282029593103315
2446,16384,1185801,1665747,1821390336,0.23724623408634216,1.4113207049667835,0.1725767080206424,0.3402715148925781,2.161492708022706,0.003587615913410664
2447,16384,1167628,1641996,1793476608,0.26853888505138457,1.3933197079459205,0.17345458001364022,0.3523350524902344,2.1877162529854104,0.0031095204479920173
2448,16384,1178862,1653247,1810732032,0.27041085402015597,1.4051244880538434,0.17464261502027512,0.35367449951171875,2.203934792079963,0.00373583983815166
2449,16384,1176298,1654050,1806793728,0.24832969391718507,1.4063141799997538,0.174824076006189,0.3533115234375,2.1828510829946026,0.003280555166242855
2450,16384,1182798,1661080,1816777728,0.2318847799906507,1.4105526669882238,0.17325971508398652,0.35800323486328123,2.1737758880481124,0.0034728107154511517
2451,6172,538076,676408,826484736,0.10207328200340271,0.6478232960216701,0.0810664560412988,0.15509510803222656,0.9861336119938642,0.007653110526612566
2452,16384,1186004,1664488,1821702144,0.2582561989547685,1.4136439140420407,0.17892724997363985,0.3578138427734375,2.208719954942353,0.003565377235371445
2453,16384,1166020,1638749,1791006720,0.24725347210187465,1.392295554978773,0.17410076991654932,0.3576448974609375,2.1713724250439554,0.003579790593465829
2454,16384,1178806,1652378,1810646016,0.24089872103650123,1.4093470020452514,0.1730449750320986,0.3528069763183594,2.1761543561005965,0.0026046713197120223
2455,16384,1176124,1653250,1806526464,0.260026799980551,1.4091910970164463,0.17433375399559736,0.33972921752929686,2.1833710310747847,0.004129511274530653
2456,16384,1182529,1658800,1816364544,0.26341213495470583,1.4157315209740773,0.17535757296718657,0.35885440063476565,2.21344110800419,0.0038617911786954905
2457,6172,537575,676066,825715200,0.11635807703714818,0.6477937159361318,0.07895700703375041,0.15109222412109374,0.994277038029395,0.0076451429896886415
2458,16384,1186478,1666153,1822430208,0.30538635805714875,1.417101950966753,0.1737512870458886,0.3534515380859375,2.249755792086944,0.0028739977664980266
2459,16384,1168934,1641902,1795482624,0.3190779300639406,1.400688873953186,0.17307910602539778,0.34962158203125,2.24253247003071,0.0028975258019363777
2460,16384,1178339,1652573,1809928704,0.34895482298452407,1.3981723170727491,0.17283311299979687,0.3430284423828125,2.2630716799758375,0.0036668982555508696
2461,16384,1176471,1654963,1807059456,0.32639388099778444,1.3976813970366493,0.17080230300780386,0.3412451171875,2.236179457977414,0.002538246538045871
2462,16384,1182624,1660267,1816510464,0.35143763408996165,1.4064580369740725,0.17374049802310765,0.35465933227539065,2.286366723012179,0.0031150580057848236
2463,6172,538941,677504,827813376,0.11589321098290384,0.6422646749997512,0.08099680196028203,0.15107688903808594,0.9903050829889253,0.007422561911980859
2464,16384,1185422,1662775,1820808192,0.28641647193580866,1.4056656520115212,0.1772888710256666,0.3567921447753906,2.2262364899506792,0.0032948072957724745
2465,16384,1169331,1642055,1796092416,0.2765533790225163,1.394817958935164,0.17016009404323995,0.33123779296875,2.1728419159771875,0.003345434703867402
2466,16384,1177480,1650815,1808609280,0.27111976605374366,1.4053616629680619,0.17408812197390944,0.3554379577636719,2.2060814910801128,0.003353562460191012
2467,16384,1177555,1654763,1808724480,0.2623710789484903,1.4032239080406725,0.17557587497867644,0.352053955078125,2.1933040620060638,0.003613040319964592
2468,16384,1182810,1660603,1816796160,0.2513891350245103,1.4134805150097236,0.17232674092520028,0.33844024658203126,2.175710596027784,0.003399279594159943
2469,6172,538434,677308,827034624,0.1083494198974222,0.6459833480184898,0.08030999801121652,0.15030735778808593,0.9850203678943217,0.007131241281583105
2470,16384,1186157,1664197,1821937152,0.251048939069733,1.4108620670158416,0.17246770893689245,0.3484604187011719,2.1828957720426843,0.002594641474450891
2471,16384,1167673,1639881,1793545728,0.24201995704788715,1.3913927238900214,0.16959121904801577,0.34826043701171877,2.1513203020440415,0.0026014278926905048
2472,16384,1177020,1651402,1807902720,0.2564409989863634,1.4034131680382416,0.1725634349277243,0.3534117736816406,2.185900904936716,0.003272303084951714
2473,16384,1176122,1654531,1806523392,0.2579592480324209,1.4068032989744097,0.17823501001112163,0.3557041015625,2.198777570039965,0.0034524392347536556
2474,16384,1184825,1663136,1819891200,0.25441318994853646,1.4131752790417522,0.17625564301852137,0.3585495910644531,2.202467094990425,0.003332259416213606
2475,6172,538441,677027,827045376,0.09644898399710655,0.6453560250811279,0.07842896389774978,0.15069183349609375,0.9709882560418919,0.00643154738745305
2476,16384,1186013,1665054,1821715968,0.26309552404563874,1.4083969419589266,0.17566890502348542,0.35742724609375,2.204662704025395,0.0033604643222274427
2477,16384,1167749,1640188,1793662464,0.24595105403568596,1.3929753059055656,0.17605563101824373,0.3519314880371094,2.166990085039288,0.003535135818663656
2478,16384,1176136,1650439,1806544896,0.252319201012142,1.4045785039197654,0.1721971050137654,0.35397048950195314,2.1831407810095698,0.0034574756974224334
2479,16384,1176417,1654926,1806976512,0.26251254393719137,1.4030523609835654,0.17375788709614426,0.354177490234375,2.193575163022615,0.0034136405536212347
2480,16384,1184295,1661712,1819077120,0.2602787100477144,1.4144535750383511,0.17261237790808082,0.35572796630859377,2.2031487450003624,0.0034548596773070774
2481,6172,537945,676477,826283520,0.09409696399234235,0.6436264800140634,0.0807836540043354,0.1502542724609375,0.968837179010734,0.007824693426063394
2482,16384,1185080,1662353,1820282880,0.2602603769628331,1.411131392000243,0.17741795198526233,0.35874453735351564,2.2076298650354147,0.0034247921156537985
2483,16384,1168345,1641480,1794577920,0.23382310604210943,1.3953982399543747,0.17136191204190254,0.3532626342773437,2.15391685499344,0.00329458760422872
2484,16384,1178090,1651588,1809546240,0.2758202989352867,1.405665034078993,0.17570218699984252,0.33060498046875,2.1878688290016726,0.0034887154928479537
2485,16384,1177133,1655846,1808076288,0.2390517529565841,1.4033750819507986,0.17201570398174226,0.3543416748046875,2.1688604679657146,0.0035158680343179505
2486,16384,1181487,1659369,1814764032,0.25411248800810426,1.4118958219187334,0.1722554339794442,0.336349853515625,2.1746889809146523,0.003466403398691013
2487,6172,538656,677332,827375616,0.09762042597867548,0.6479420040268451,0.07874341798014939,0.152896728515625,0.9772763008950278,0.007543863865864464
2488,16384,1185652,1664232,1821161472,0.26122929493431,1.4112445670180023,0.17615820898208767,0.3580955505371094,2.206798175931908,0.0031971415043039546
2489,16384,1169923,1643860,1797001728,0.2798421970801428,1.3960682519245893,0.17375966999679804,0.35428872680664064,2.204036638024263,0.0035295337087554715
2490,16384,1179158,1652207,1811186688,0.2468945060390979,1.3879022820619866,0.17398969596251845,0.35038906860351565,2.15923918702174,0.002947072978467563
2491,16384,1176880,1654948,1807687680,0.2657099919160828,1.406951133045368,0.17433702305424958,0.3457459716796875,2.1928180169779807,0.0033699687808542416
2492,16384,1182857,1661571,1816868352,0.23939275206066668,1.4119549579918385,0.1727615810232237,0.33424676513671875,2.158430509036407,0.0034493963853664197
2493,6172,538076,676499,826484736,0.10159202199429274,0.6466876659542322,0.0803923161001876,0.1502170867919922,0.9789594310568646,0.007185202361641941
2494,16384,1186979,1664864,1823199744,0.24739782593678683,1.4156036459608003,0.17544260108843446,0.3413325500488281,2.1798498269636184,0.003358209719909755
2495,16384,1169028,1642354,1795627008,0.23929049691651016,1.3956407849909738,0.17071965208742768,0.34905648803710937,2.154780843993649,0.003407398104197518
2496,16384,1179082,1653331,1811069952,0.27221173304133117,1.4129660540493205,0.17591667198576033,0.3538355407714844,2.2150189670501277,0.004016543585156902
2497,16384,1176206,1654503,1806652416,0.28340123197995126,1.4104974999791011,0.17340593202970922,0.33906130981445315,2.206458264030516,0.004182731611369712
2498,16384,1183097,1662261,1817236992,0.30397563602309674,1.4184538429835811,0.17530649702530354,0.3436844177246094,2.2415067590773106,0.0038530029128923528
2499,6172,537673,676870,825865728,0.13000954408198595,0.6465682529378682,0.0801095369970426,0.15465776062011719,1.0114344680914655,0.008836306975007006
2500,16384,1186496,1666488,1822457856,0.31210009998176247,1.4178803680697456,0.17661370593123138,0.3522780456542969,2.2589606990804896,0.0039168208410737
2501,16384,1167636,1640994,1793488896,0.35855566000100225,1.402201320976019,0.1724916739622131,0.3512445983886719,2.2845959389815107,0.004494696495450487
2502,16384,1177294,1651931,1808323584,0.3787609660066664,1.4104395940667018,0.1733889760216698,0.35188311767578123,2.314604883082211,0.00571282435107519
2503,16384,1176203,1655429,1806647808,0.35812935698777437,1.4069407200440764,0.1735510400030762,0.3382476501464844,2.27695594006218,0.0038284834254017864
2504,16384,1184078,1662371,1818743808,0.39618136698845774,1.4185177609324455,0.1781256280373782,0.3572508239746094,2.350165579933673,0.003829517441265845
2505,6172,538537,677549,827192832,0.14417034306097776,0.6471406529890373,0.08058235899079591,0.15178729248046874,1.0237665619933978,0.008391998264783592
2506,16384,1186748,1664597,1822844928,0.3579514939337969,1.3924030379857868,0.17454042402096093,0.3575843200683594,2.2825645889388397,0.0037375910565270965
2507,16384,1168323,1640966,1794544128,0.36786867992486805,1.3911749250255525,0.17353908496443182,0.3512607116699219,2.283918004948646,0.0032664641948526017
2508,16384,1178683,1652345,1810457088,0.34694912703707814,1.4044531710678712,0.17200039292220026,0.334376708984375,2.257854373077862,0.0033205448159711005
2509,16384,1175858,1653592,1806117888,0.32791410898789763,1.3974480329779908,0.17505787510890514,0.34236663818359375,2.2428555809892714,0.003073123899209191
2510,16384,1183637,1662951,1818066432,0.3155271930154413,1.4123960279393941,0.17632331606000662,0.3342812805175781,2.2385980379767716,0.0031368045160595696
2511,6172,537626,677231,825793536,0.1098597930977121,0.647436503903009,0.07786243211012334,0.15111640930175782,0.9863503790693358,0.007628187541679679
2512,16384,1185943,1665150,1821608448,0.2899688659235835,1.411767004057765,0.17599802103359252,0.3529696960449219,2.230780117912218,0.003430676638204621
2513,16384,1167494,1642122,1793270784,0.26826099306344986,1.3941328258952126,0.17323570000007749,0.35050857543945313,2.1862164300400764,0.0035831604230503493
2514,16384,1178175,1652154,1809676800,0.28471037291456014,1.4112579930806533,0.17654166102875024,0.3536068420410156,2.2261950249085203,0.0035107366006352073
2515,16384,1176738,1653932,1807469568,0.2576846060110256,1.4059322759276256,0.17604677809868008,0.33568975830078124,2.175430412986316,0.00353928343300244
2516,16384,1183616,1661160,1818034176,0.2577567850239575,1.4159006029367447,0.17335691396147013,0.35707376098632815,2.204161013942212,0.003309696217753036
2517,6172,537483,676119,825573888,0.10701982595492154,0.644937857054174,0.08010288001969457,0.15370013427734375,0.9858343349769711,0.007469578632505791
2518,16384,1185729,1664585,1821279744,0.24880977999418974,1.413671351969242,0.17614234297070652,0.35437869262695315,2.193070690962486,0.0031245413874156263
2519,16384,1168349,1641986,1794584064,0.26659378700423986,1.3966523560229689,0.17075075395405293,0.3278824462890625,2.161953789065592,0.0034434498852131813
2520,16384,1176661,1652169,1807351296,0.2756977869430557,1.4047192600555718,0.17188896797597408,0.35383636474609376,2.206214249948971,0.003257626872706443
2521,16384,1176873,1655033,1807676928,0.27057253499515355,1.4062780609820038,0.17122431797906756,0.35647711181640623,2.204622479970567,0.0031957488674732894
2522,16384,1183214,1661924,1817416704,0.26117808499839157,1.4159624190069735,0.17325603205244988,0.3571177978515625,2.207590323057957,0.0034421761948339163
2523,6172,536417,675857,823936512,0.10432555596344173,0.6407801769673824,0.07795432000420988,0.15227241516113282,0.9754151169909164,0.00847320215874775
2524,16384,1186412,1664688,1822328832,0.28291573899332434,1.4159755089785904,0.17585309699643403,0.3342841796875,2.2090981039218605,0.0031496684501424086
2525,16384,1168532,1641114,1794865152,0.25924030994065106,1.3930936950491741,0.1734849939821288,0.3492071533203125,2.175114728976041,0.004072276399694823
2526,16384,1177409,1651323,1808500224,0.25066561298444867,1.4061806600075215,0.17335433303378522,0.33252108764648436,2.1628012669971213,0.0036791787620768907
2527,16384,1176321,1654842,1806829056,0.24761147110257298,1.4038364959415048,0.17235249001532793,0.350516357421875,2.1743938070721924,0.003540876112746151
2528,16384,1181715,1659062,1815114240,0.25974892207887024,1.4100867050001398,0.1749760319944471,0.36085000610351564,2.2057312061078846,0.003152738226642125
2529,6172,537768,677024,826011648,0.0944057940505445,0.6448557239491493,0.07863143598660827,0.15402391052246095,0.9719761640299112,0.006100923391194647
2530,16384,1183792,1662859,1818304512,0.25341918191406876,1.406832028995268,0.17265732400119305,0.3559871215820313,2.188969592913054,0.003377681477717523
2531,16384,1168286,1641629,1794487296,0.2539396829670295,1.3950467170216143,0.17286592593882233,0.3503374328613281,2.172250334988348,0.0027886380578747484
2532,16384,1176803,1650844,1807569408,0.27036805800162256,1.4046126179164276,0.17188585200347006,0.3310572509765625,2.178000240935944,0.003510653324281144
2533,16384,1177869,1656952,1809206784,0.26272629701998085,1.4041618929477409,0.1720452910521999,0.35205908203125,2.1910710179945454,0.0035806663832235446
2534,16384,1182256,1660691,1815945216,0.2575203579617664,1.409807735006325,0.17640326404944062,0.36628570556640627,2.2100940679665655,0.0034842581473551347
2535,6172,537469,676529,825552384,0.10042729694396257,0.6451825599651784,0.08037347509525716,0.15325395202636719,0.9793139318935573,0.007826689715711736
2536,16384,1186155,1664809,1821934080,0.2516632089391351,1.412156801088713,0.17589269892778248,0.3397652893066406,2.179552468005568,0.0034167446936725957
2537,16384,1169321,1642610,1796077056,0.2301469260128215,1.3999014890287071,0.17318725702352822,0.35135659790039064,2.154666807036847,0.0034593316774572847
2538,16384,1177303,1650290,1808337408,0.26851590094156563,1.3873763090232387,0.17211838602088392,0.3517929992675781,2.1798776879440993,0.00339893798824994
2539,16384,1177258,1654635,1808268288,0.26115805795416236,1.4057880700565875,0.17125674395356327,0.35349676513671874,2.1917769219726324,0.00352612854099578
2540,16384,1181903,1660792,1815403008,0.2568143929820508,1.4091724490281194,0.17745644692331553,0.3649578552246094,2.2084762039594352,0.003398714516623699
2541,6172,537176,676195,825102336,0.1007294039009139,0.6467756620841101,0.08016453101299703,0.15388764953613282,0.9816311139147729,0.007524963254731384
2542,16384,1185920,1663929,1821573120,0.24941452697385103,1.4169214270077646,0.17681281792465597,0.3339850463867188,2.177207280998118,0.00337417138777443
2543,16384,1168489,1640899,1794799104,0.2619225250091404,1.403062097961083,0.17765176494140178,0.3425930480957031,2.185317641007714,0.0040362553585000975
2544,16384,1177558,1650868,1808729088,0.28821936692111194,1.413878877996467,0.17321946506854147,0.3540190734863281,2.2294268138939515,0.004038276607319856
2545,16384,1176896,1655156,1807712256,0.32513144495896995,1.409405829035677,0.17599502799566835,0.3395390014648437,2.250158690032549,0.0038835739797980764
2546,16384,1183222,1659927,1817428992,0.33863722591195256,1.4198240221012384,0.17828300991095603,0.3553677673339844,2.292201407952234,0.0038994258441925724
2547,6172,538085,676587,826498560,0.1364129229914397,0.6476245010271668,0.08006656798534095,0.15426307678222656,1.0184313690988347,0.006313661834422653
2548,16384,1186233,1665151,1822053888,0.3717478570761159,1.408879105001688,0.17557620396837592,0.3587972412109375,2.3150858910521492,0.003692467539209797
2549,16384,1169684,1641849,1796634624,0.3748899910133332,1.3950353680411354,0.17300139903090894,0.3350621337890625,2.2780636390671134,0.003281172281201348
2550,16384,1176579,1649460,1807225344,0.3369942450663075,1.400411466951482,0.1742376449983567,0.353381591796875,2.265098554082215,0.0032495393659922097
2551,16384,1177130,1656058,1808071680,0.28690620802808553,1.3972737189615145,0.17088163003791124,0.357134521484375,2.2122737490572035,0.003510892146609569
2552,16384,1183785,1661707,1818293760,0.28066691500134766,1.4117790180025622,0.17262998304795474,0.35722836303710936,2.2223799410276115,0.003404545606298093
2553,6172,538201,677283,826676736,0.11408179299905896,0.6452953440602869,0.07987781893461943,0.1498582763671875,0.9891884990502149,0.007608932891392485
2554,16384,1184254,1662690,1819014144,0.25757510494440794,1.3921756451018155,0.17205043090507388,0.3540377197265625,2.1759158320492133,0.0035355858080635214
2555,16384,1167345,1640200,1793041920,0.2698516449891031,1.3907839730381966,0.16957453091163188,0.33316949462890627,2.1634519629878923,0.0033427790998798957
2556,16384,1177248,1651421,1808252928,0.286949299974367,1.4042443439830095,0.17273414600640535,0.35325051879882813,2.2172549129463732,0.0034549109944978975
2557,16384,1176970,1655289,1807825920,0.2694184751017019,1.4076507509453222,0.17235067405272275,0.3527669372558594,2.2022609061095864,0.0033633051276753005
2558,16384,1183243,1660782,1817461248,0.258457635063678,1.4125268509378657,0.1754132390487939,0.35777508544921877,2.2042464549886063,0.003341027900189964
2559,6172,537636,676647,825808896,0.09777932707220316,0.6433613928966224,0.07978626899421215,0.14659791564941407,0.9675988090457395,0.007637921067780426
2560,16384,1185367,1665008,1820723712,0.25379260804038495,1.412390716955997,0.17330267501529306,0.3569670715332031,2.19651109399274,0.0026415731757782287
2561,16384,1169003,1642167,1795588608,0.2394630709895864,1.413902373984456,0.17303962109144777,0.35004925537109377,2.1765300050610676,0.003477260791605307
2562,16384,1177796,1653788,1809094656,0.2893132959725335,1.401845075073652,0.17434519797097892,0.35514120483398437,2.2207213300280273,0.003447356309122004
2563,16384,1175281,1654680,1805231616,0.26291709300130606,1.402936585014686,0.17529695597477257,0.3563082275390625,2.1975342199439183,0.0034292259664126306
2564,16384,1183267,1661035,1817498112,0.24853242305107415,1.4161552879959345,0.17426390096079558,0.3587826232910156,2.197815818944946,0.0037120328929580258
2565,6172,537665,676337,825853440,0.09704464604146779,0.6456171170575544,0.07852446299511939,0.149661376953125,0.9709065000060946,0.006066182359230498
2566,16384,1186356,1665516,1822242816,0.26235529803670943,1.4113403769442812,0.17415161710232496,0.3563460693359375,2.2042657419806346,0.0032836585899473107
2567,16384,1167182,1641339,1792791552,0.2605494660092518,1.3936958479462191,0.17071749502792954,0.3571055603027344,2.182140277000144,0.003295283752715412
2568,16384,1178827,1653755,1810678272,0.27717309503350407,1.4061850539874285,0.1747255469672382,0.3543804626464844,2.212536972016096,0.0032909452977126353
2569,16384,1177563,1655341,1808736768,0.23783973196987063,1.4034903600113466,0.17162808997090906,0.35690667724609376,2.169940463034436,0.0034841433442022135
2570,16384,1181903,1659481,1815403008,0.2572529350873083,1.3925245949067175,0.1749712360324338,0.3619908142089844,2.1868113360833377,0.003281300344010441
2571,6172,537216,675997,825163776,0.10237837000750005,0.6439217389561236,0.07764943107031286,0.15411228942871094,0.9781392790609971,0.007918054208395104
2572,16384,1185807,1663336,1821399552,0.25850634602829814,1.40840031998232,0.17585162806790322,0.3436890563964844,2.186519993003458,0.003322289697076493
2573,16384,1170736,1644244,1798250496,0.23227906308602542,1.398389033973217,0.172836372978054,0.34969012451171877,2.1532756300875917,0.0037633611528406774
2574,16384,1176122,1650739,1806523392,0.27416545199230313,1.4076475279871374,0.1744714620290324,0.35505258178710936,2.2114122450584546,0.0034015034076247215
2575,16384,1177292,1655390,1808320512,0.2398902060231194,1.4074241030029953,0.1742131559876725,0.3571444091796875,2.178744388045743,0.003328240461178086
2576,16384,1182031,1658832,1815599616,0.244163105962798,1.4122297570575029,0.17272635095287114,0.3609657897949219,2.1901623649755493,0.003532213350585349
2577,6172,537662,676475,825848832,0.10114078398328274,0.6428898710291833,0.08089137694332749,0.15156332397460937,0.9765648409957066,0.008139251175857365
2578,16384,1186107,1664535,1821860352,0.2566012790193781,1.4108243350638077,0.1775454089511186,0.3426280212402344,2.187672281055711,0.003347703484047186
2579,16384,1168233,1640783,1794405888,0.2460930550005287,1.3952593960566446,0.17310027300845832,0.33232135009765623,2.1468436700524762,0.003241777226696382
2580,16384,1177978,1651598,1809374208,0.2757062310120091,1.4038135620066896,0.1710837649879977,0.3386694030761719,2.18934709392488,0.0033860707704799525
2581,16384,1176808,1655192,1807577088,0.2598238360369578,1.4062184679787606,0.1741859179455787,0.35460568237304685,2.1949087700340897,0.0034108797945453383
2582,16384,1181737,1660594,1815148032,0.2817275020061061,1.405930164968595,0.17573899903800339,0.33473468017578123,2.1982069549849257,0.003439566791868095
2583,6172,537837,675921,826117632,0.09541980305220932,0.6444358630105853,0.07953541399911046,0.15332896423339842,0.9727886799955741,0.007055561159584537
2584,16384,1185132,1663856,1820362752,0.230580196948722,1.418056437978521,0.17377937701530755,0.35532919311523437,2.1778352989349514,0.004136854481635499
2585,16384,1167852,1640540,1793820672,0.2819806260522455,1.3977567959809676,0.17426313902251422,0.35035980224609375,2.20445809897501,0.004433546422801739
2586,16384,1177281,1650989,1808303616,0.3352400469593704,1.387524864054285,0.17674925201572478,0.3548953857421875,2.254501839983277,0.0040936410018666885
2587,16384,1178263,1654351,1809811968,0.3085829869378358,1.412217603996396,0.17307541402988136,0.3520265808105469,2.2459931059274822,0.004030295221450065
2588,16384,1184057,1661189,1818711552,0.35921082692220807,1.4156902270624414,0.17648895899765193,0.3574140625,2.308891684981063,0.003794439528337082
2589,6172,537131,676256,825033216,0.14557305502239615,0.6391732960473746,0.07769203500356525,0.1496228485107422,1.0121537630911916,0.00914174411907521
2590,16384,1185274,1664438,1820580864,0.35724273696541786,1.406153955962509,0.17428512498736382,0.3552672729492187,2.2930224390001968,0.00319875350715539
2591,16384,1169808,1642216,1796825088,0.33949300192762166,1.3935315130511299,0.173596955020912,0.3401695556640625,2.2468625449109823,0.003183071764581257
2592,16384,1176759,1649078,1807501824,0.3287787839071825,1.3991011190228164,0.17482267902232707,0.3400963134765625,2.242873027920723,0.0033052469271186223
2593,16384,1177390,1655762,1808471040,0.3011210869299248,1.4041169550037012,0.17320474807638675,0.3508783874511719,2.2293958469526842,0.0033493150891873097
2594,16384,1182599,1658603,1816472064,0.29455969703849405,1.4137664749287069,0.17586721410043538,0.3532436828613281,2.237510576029308,0.00328521800660848
2595,6172,537338,676139,825351168,0.10227704502176493,0.6439669709652662,0.07852060406003147,0.1532361297607422,0.9780606459826231,0.006123973504536533
2596,16384,1185731,1663705,1821282816,0.28420433797873557,1.409829986980185,0.17525860201567411,0.3564483337402344,2.225816361955367,0.0033740986822481736
2597,16384,1167613,1640078,1793453568,0.2780085449339822,1.3935293890535831,0.17418509896378964,0.32847039794921873,2.174267572001554,0.0034099345423300896
2598,16384,1177323,1651883,1808368128,0.279934554011561,1.4080216749571264,0.17131534300278872,0.35544729614257814,2.2147958730347455,0.0034768405354466056
2599,16384,1177528,1655719,1808683008,0.27426568698138,1.4044497639406472,0.17145002400502563,0.35227972412109376,2.202521526021883,0.003465435993895178
2600,16384,1183692,1662273,1818150912,0.26398366899229586,1.4141301630297676,0.1745758600300178,0.356332763671875,2.209099440020509,0.0034848723945156024
2601,6172,538074,676559,826481664,0.09700899396557361,0.6459439609898254,0.08019498398061842,0.1499622344970703,0.9731868229573593,0.007876136674201785
2602,16384,1184386,1663378,1819216896,0.24378795293159783,1.4090909999795258,0.17924521502573043,0.3576930847167969,2.189891245914623,0.0033788555075584784
2603,16384,1170122,1642695,1797307392,0.26650920300744474,1.3999513720627874,0.17148122598882765,0.34837033081054686,2.186383783002384,0.0032771525902369866
2604,16384,1176551,1650282,1807182336,0.2820078070508316,1.4023877219296992,0.17475615709554404,0.3568827514648438,2.2161174460779876,0.0037456740939335455
2605,16384,1175809,1652982,1806042624,0.2578431029105559,1.4003351980354637,0.17464720597490668,0.3493285827636719,2.1822290580021217,0.0034354009378035786
2606,16384,1182588,1659751,1816455168,0.24881324404850602,1.4089313870063052,0.17649806395638734,0.3552950439453125,2.1896140730241314,0.003486188208261355
2607,6172,538603,677457,827294208,0.09676492994185537,0.6462883410276845,0.07920200901571661,0.15158291625976564,0.9738962979754433,0.005965905255208766
2608,16384,1186251,1665054,1822081536,0.2514729410177097,1.4134797889273614,0.1764056800166145,0.35584292602539064,2.197274080943316,0.0033106910453733784
2609,16384,1168341,1641970,1794571776,0.2382728640222922,1.3933837770018727,0.170383146032691,0.3439220581054688,2.146035965066403,0.0034538053082469144
2610,16384,1177759,1651959,1809037824,0.27543180203065276,1.4046323649818078,0.174187247059308,0.35486138916015625,2.2091901000821963,0.0034988772703944265
2611,16384,1176835,1656033,1807618560,0.26508741604629904,1.4048556559719145,0.17507262993603945,0.3404974365234375,2.1855889389989898,0.003468196601233408
2612,16384,1184045,1662247,1818693120,0.23761459800880402,1.4155481029301882,0.17453742306679487,0.35496160888671874,2.18273739493452,0.0034663831842509894
2613,6172,538656,677824,827375616,0.12735145003534853,0.6448504599975422,0.07851258898153901,0.15353475952148438,1.0043080020695925,0.005849155195143553
2614,16384,1185824,1664749,1821425664,0.26044873998034745,1.4096680770162493,0.17515434592496604,0.3578426513671875,2.203188878018409,0.0034070492279455605
2615,16384,1168995,1640515,1795576320,0.25790717802010477,1.3970888160401955,0.17163096996955574,0.33941998291015624,2.1661250629695132,0.0036062566670933766
2616,16384,1177874,1651127,1809214464,0.2733292269986123,1.4053614489967003,0.17167776508722454,0.35484268188476564,2.2052870850311592,0.0034445430879277944
2617,16384,1175914,1652741,1806203904,0.2590157190570608,1.4012998869875446,0.1736337849870324,0.3533562316894531,2.18737693305593,0.003260084430864143
2618,16384,1184197,1661032,1818926592,0.2557611489901319,1.3897909560473636,0.17691895994357765,0.35502737426757813,2.1775749099906534,0.003511738753573387
2619,6172,537234,676433,825191424,0.09638101095333695,0.646313706994988,0.07966015907004476,0.1461294708251953,0.9685578079661354,0.007584485093835141
2620,16384,1185860,1663025,1821480960,0.23329078406095505,1.4130879419390112,0.17682020005304366,0.3550533142089844,2.1783286230638623,0.003506486627371813
2621,16384,1168710,1641879,1795138560,0.23079920606687665,1.3946002259617671,0.16989896504674107,0.35409844970703125,2.1494693470885977,0.0033729397574274
2622,16384,1177605,1651936,1808801280,0.26511954504530877,1.404417861951515,0.1718894540099427,0.35566729736328123,2.1971671880455688,0.003323810582939883
2623,16384,1177020,1656249,1807902720,0.25701838498935103,1.405136930057779,0.1739242549519986,0.33144125366210936,2.1676023099571466,0.0037592825738528295
2624,16384,1182969,1660936,1817040384,0.24007728695869446,1.4098673979751766,0.17532534606289119,0.35312384033203126,2.178464661934413,0.003249564101572012
2625,6172,537407,676654,825457152,0.09266527101863176,0.6462530189892277,0.07921520294621587,0.1500830078125,0.9683042620308697,0.009063397501770095
2626,16384,1186151,1663458,1821927936,0.2731631170026958,1.4175396229838952,0.17732490808703005,0.3590247192382813,2.2271283000009134,0.003409443856968235
2627,16384,1168736,1641100,1795178496,0.3018444119952619,1.3988748459378257,0.17390156106557697,0.35190701293945315,2.2266082080313936,0.0036097995590690986
2628,16384,1178914,1653147,1810811904,0.3428144659847021,1.408644411014393,0.17445355805102736,0.35135150146484373,2.2773571310099214,0.00409222135985518
2629,16384,1176771,1655237,1807520256,0.34818609501235187,1.4047876589465886,0.17298705410212278,0.35299264526367186,2.2790369200520217,0.0036623683693876538
2630,16384,1182862,1660341,1816876032,0.35413239791523665,1.4099137199809775,0.17236920399591327,0.339232177734375,2.275737649993971,0.0039613690738509785
2631,6172,538820,677572,827627520,0.14345273189246655,0.6428676981013268,0.08005075296387076,0.14566560363769532,1.0121170548954979,0.007930732888074528
2632,16384,1185357,1663606,1820708352,0.32857000397052616,1.4062881319550797,0.1771946680964902,0.3539781799316406,2.266103342990391,0.0031931040072757095
2633,16384,1169285,1643644,1796021760,0.30147906101774424,1.3908762600040063,0.17032150004524738,0.35330447387695313,2.2160563110373914,0.0033851167529703446
2634,16384,1178406,1651774,1810031616,0.32365228794515133,1.4034329249989241,0.17763002903666347,0.3566407470703125,2.2614408020162955,0.0037503951095508897
2635,16384,1176463,1653979,1807047168,0.291570091038011,1.4038193440064788,0.17497013800311834,0.3535269775390625,2.223958665970713,0.003242658469585079
2636,16384,1184024,1661096,1818660864,0.28624144196510315,1.41574689198751,0.17642885306850076,0.35727874755859373,2.235769322956912,0.0032824664177585547
2637,6172,537312,676229,825311232,0.1013746380340308,0.6440196189796552,0.07861778303049505,0.14516549682617189,0.9692378930049017,0.006227174461955848
2638,16384,1187781,1666310,1824431616,0.2770110779674724,1.4159143719589338,0.17619029700290412,0.3406934509277344,2.209883661940694,0.0033695929306986026
2639,16384,1169011,1641683,1795600896,0.2572973599890247,1.391745085013099,0.17028060101438314,0.351005615234375,2.170407105004415,0.0036142414642837835
2640,16384,1178170,1651613,1809669120,0.281458806945011,1.4071934589883313,0.174809382064268,0.3539681396484375,2.217507130932063,0.0034878483562199676
2641,16384,1176566,1654882,1807205376,0.24867381202057004,1.403582278988324,0.17466188198886812,0.3561046142578125,2.183097440050915,0.0034287427563703477
2642,16384,1183903,1661308,1818475008,0.2521457519615069,1.4142689909785986,0.17193991504609585,0.35635467529296877,2.19478291796986,0.003352709285624512
2643,6172,537746,676472,825977856,0.10579996195156127,0.6451288979733363,0.07983598904684186,0.15285302734375,0.9836890599690378,0.007236397805475421
2644,16384,1186462,1664659,1822405632,0.2551098800031468,1.413678644108586,0.17348707595374435,0.3586808471679688,2.2010301200207323,0.0033471957796571347
2645,16384,1169149,1641116,1795812864,0.29149622400291264,1.3950628601014614,0.17023282498121262,0.35129925537109374,2.208167652017437,0.0034638475338021023
2646,16384,1177650,1652267,1808870400,0.26833115704357624,1.4057509260019287,0.17541802302002907,0.35135885620117185,2.200934753054753,0.0034435726884532755
2647,16384,1177916,1655244,1809278976,0.24493421893566847,1.4103542889934033,0.17254324699752033,0.3522557983398438,2.180165943922475,0.0035956279501495243
2648,16384,1182964,1661259,1817032704,0.2517663270700723,1.4127664018888026,0.1720024790847674,0.3410370483398438,2.177646712982096,0.0034191312193039844
2649,6172,537696,676775,825901056,0.10447096196003258,0.6432989779859781,0.08055977604817599,0.1517574462890625,0.9801591229625046,0.007341734374507733
2650,16384,1186607,1665687,1822628352,0.2439918660093099,1.4123093029484153,0.1757457940839231,0.3577613830566406,2.189870864036493,0.0028548687153576303
2651,16384,1169088,1641102,1795719168,0.28019557998050004,1.376329069957137,0.17088741809129715,0.35370425415039064,2.1811954689910635,0.0036285978429671153
2652,16384,1177040,1651410,1807933440,0.2723900619894266,1.399580886005424,0.17247437394689769,0.3565384521484375,2.20106292294804,0.003595937991105579
2653,16384,1177173,1655323,1808137728,0.24807710899040103,1.403486541006714,0.17489310598466545,0.3548345947265625,2.181361827068031,0.003230842257033412
2654,16384,1184279,1661084,1819052544,0.27603006397839636,1.4118460479658097,0.17620630003511906,0.3549564208984375,2.2191115039167926,0.0032747808707090068
2655,6172,537653,676801,825835008,0.0947084448998794,0.6454999700654298,0.07915118604432791,0.1507368621826172,0.9701647189212963,0.007035478379166628
2656,16384,1187124,1666155,1823422464,0.24287025700323284,1.4142360599944368,0.1727739239577204,0.3586865234375,2.188640068983659,0.003349321426025138
2657,16384,1168687,1641309,1795103232,0.25806570693384856,1.394421478966251,0.1738455690210685,0.35114898681640627,2.177554437890649,0.0033384310311438637
2658,16384,1177360,1651041,1808424960,0.24760110897477716,1.4095812271116301,0.1727180558955297,0.3532589416503906,2.183285271981731,0.00576829565148436
2659,16384,1176274,1655340,1806756864,0.2638243269175291,1.397154828067869,0.1703575529390946,0.3540911865234375,2.1855042059905827,0.00349171337412006
2660,16384,1183885,1660685,1818447360,0.2845639300066978,1.410948556032963,0.17728553689084947,0.3560880126953125,2.2289589759893715,0.0032723959630652603
2661,6172,538419,676445,827011584,0.0994693860411644,0.645713509991765,0.07999419700354338,0.1537407684326172,0.9789881410542876,0.007178798419547587
2662,16384,1186451,1664092,1822388736,0.23048341798130423,1.41246030095499,0.1766942930407822,0.35946060180664063,2.1791735868901014,0.003440437550983932
2663,16384,1168589,1641357,1794952704,0.23835295403841883,1.39843533502426,0.17240369389764965,0.3510000305175781,2.1602681749500334,0.0035255563642466394
2664,16384,1177990,1653005,1809392640,0.27553483203519136,1.4063053739955649,0.17549329600296915,0.35382785034179687,2.211235249065794,0.0033418737469485386
2665,16384,1177027,1656454,1807913472,0.23635760799515992,1.408346195006743,0.17352759803179651,0.3319239501953125,2.1502314240206033,0.0035378885612759614
2666,16384,1183186,1662006,1817373696,0.25825364503543824,1.414165187976323,0.17406730097718537,0.34181317138671874,2.1883878740482032,0.0040472108984032605
2667,6172,537610,676671,825768960,0.10769656905904412,0.6453230539336801,0.08009965601377189,0.15231855773925781,0.9855234890710562,0.008691048590132255
2668,16384,1186142,1664672,1821914112,0.2843987310770899,1.416560961981304,0.17424693296197802,0.354779541015625,2.230081144021824,0.004258902689786477
2669,16384,1169292,1643592,1796032512,0.3170389080187306,1.3977561770007014,0.17205692001152784,0.34954367065429687,2.2364743220387027,0.00351653281556256
2670,16384,1178285,1651672,1809845760,0.3537287910003215,1.4089319889899343,0.17390026000794023,0.3562032470703125,2.2928529439959675,0.0038666643532948345
2671,16384,1177510,1655046,1808655360,0.36043861391954124,1.4054037340683863,0.17313851101789623,0.35611334228515623,2.2951909080147743,0.004213450108073808
2672,16384,1180740,1660095,1813616640,0.34670400293543935,1.4029253770131618,0.1741676350357011,0.36292208862304687,2.286797372973524,0.00342266293900669
2673,6172,537572,676178,825710592,0.12566543696448207,0.6416817209683359,0.07785934105049819,0.15399407958984376,0.9992734160041437,0.0072890391976002415
2674,16384,1185705,1664339,1821242880,0.3277032299665734,1.4064085009740666,0.1749695740872994,0.35106710815429687,2.2602184310089797,0.003097834518250291
2675,16384,1168672,1640380,1795080192,0.2975491649704054,1.3892616459634155,0.17425009002909064,0.3522961730957031,2.213444883003831,0.003967071684981491
2676,16384,1177019,1650538,1807901184,0.29614126798696816,1.4013278830097988,0.1733799569774419,0.34071588134765624,2.2116397180361673,0.003378882812283684
2677,16384,1176397,1655470,1806945792,0.26434703601989895,1.4019164680503309,0.17467149894218892,0.35309768676757813,2.194103779969737,0.0032400559348772216
2678,16384,1182723,1661068,1816662528,0.25436361494939774,1.414173403987661,0.17163153504952788,0.3559678955078125,2.196210074936971,0.003352386158872262
2679,6172,537706,677159,825916416,0.1092983860289678,0.6448947399621829,0.08048572100233287,0.1502991943359375,0.9850594670278952,0.00826606932875849
2680,16384,1185814,1664582,1821410304,0.25884225801564753,1.414951445069164,0.17404257296584547,0.3562752685546875,2.204186400049366,0.0033960577934720065
2681,16384,1169383,1642987,1796172288,0.27331074699759483,1.3928837811108679,0.17390599695499986,0.34857705688476565,2.188750975066796,0.003353196384786105
2682,16384,1177086,1650957,1808004096,0.25912890501786023,1.4044008259661496,0.17400464904494584,0.3564144592285156,2.194030564976856,0.0037249125280836063
2683,16384,1176197,1653628,1806638592,0.3088293499313295,1.4028321229852736,0.17578837205655873,0.35401852416992186,2.241547191981226,0.0035164478546216567
2684,16384,1182902,1657995,1816937472,0.2664081569528207,1.4154819219838828,0.17704678105656058,0.358052734375,2.2170764870243147,0.003919244850549368
2685,6172,538027,676497,826409472,0.10044359404128045,0.6464824510039762,0.08037296100519598,0.15212042236328124,0.979490589001216,0.007265060867475543
2686,16384,1185650,1664131,1821158400,0.24030708498321474,1.4174909120192751,0.17317279102280736,0.3531236267089844,2.184167932951823,0.0033659599352306104
2687,16384,1169701,1641844,1796660736,0.25615440192632377,1.4024304719641805,0.17298759310506284,0.3287530517578125,2.160397805972025,0.003346014259287662
2688,16384,1176623,1650646,1807292928,0.2836457269731909,1.4050497129792348,0.1757656109984964,0.35241305541992185,2.216946915956214,0.003284227729861723
2689,16384,1176036,1655034,1806391296,0.2405741949332878,1.4080131020164117,0.17489545000717044,0.3558023681640625,2.179359300993383,0.0034040221094628425
2690,16384,1182312,1659738,1816031232,0.2513122030068189,1.4147218100260943,0.17472151096444577,0.35301068115234374,2.1938381990185007,0.0032816398597804853
2691,6172,536698,675519,824368128,0.1396340390201658,0.6428123010555282,0.08007105998694897,0.14531219482421875,1.007905153091997,0.007496559066443887
2692,16384,1186724,1665283,1822808064,0.25962861406151205,1.4163706440012902,0.17466243996750563,0.3576822814941406,2.208420326001942,0.0034570627970983685
2693,16384,1169016,1641437,1795608576,0.25702446792274714,1.3969774760771543,0.17146446998231113,0.35102066040039065,2.176559498999268,0.003327481591846644
2694,16384,1176643,1650969,1807323648,0.26569446397479624,1.4034650539979339,0.17656285199336708,0.3551985778808594,2.200992838013917,0.0032662608309808293
2695,16384,1177081,1655971,1807996416,0.2521377040538937,1.4067187189357355,0.17614825605414808,0.3546529541015625,2.189734550076537,0.0035126144031690475
2696,16384,1182604,1660143,1816479744,0.24113136902451515,1.416909986990504,0.17322475602850318,0.353425537109375,2.1847759690135717,0.0038594282375165917
2697,6172,537584,675943,825729024,0.10301624389830977,0.6469188510673121,0.08044034894555807,0.1495681610107422,0.980019680922851,0.007762701342610837
2698,16384,1185517,1665113,1820954112,0.24154713202733546,1.4159985709702596,0.17564524605404586,0.3414463500976562,2.1747097680345178,0.003332347437157969
2699,16384,1167620,1641467,1793464320,0.2570919339777902,1.375688519096002,0.17482501594349742,0.3476522827148438,2.155330503010191,0.003375411703969772
2700,16384,1177836,1652600,1809156096,0.26138894096948206,1.408086677081883,0.1761663609649986,0.34362265014648435,2.1893377270316705,0.0033388119119235338
2701,16384,1176652,1653616,1807337472,0.2556578710209578,1.4063050639815629,0.17616975400596857,0.3523363342285156,2.190540548064746,0.003265167942413376
2702,16384,1183667,1661370,1818112512,0.24982996098697186,1.412767784902826,0.1732261551078409,0.3568410339355469,2.1927414459642023,0.0034892864891754596
2703,6172,537901,677463,826215936,0.10268890089355409,0.6423080450622365,0.07859025103971362,0.1498284454345703,0.9734872049884871,0.007351155520673716
2704,16384,1185950,1665522,1821619200,0.2591666450025514,1.4152065909001976,0.17486712208483368,0.3380637817382813,2.187379762995988,0.003457253806748514
2705,16384,1168151,1641464,1794279936,0.23872877401299775,1.3958656140603125,0.17307142890058458,0.35279226684570314,2.160529336077161,0.0032979074328314457
2706,16384,1176172,1649986,1806600192,0.27543766191229224,1.402483081095852,0.17525496892631054,0.3508599853515625,2.204107749974355,0.0032690184197585247
2707,16384,1176750,1654562,1807488000,0.23535559908486903,1.4063539779745042,0.17525123700033873,0.3558839111328125,2.172920197015628,0.0034732901469471077
2708,16384,1183827,1661157,1818358272,0.2608229829929769,1.4215200199978426,0.17588137602433562,0.3544961547851562,2.212808736017905,0.003985984697094639
2709,6172,537646,676493,825824256,0.11694430792704225,0.644618590013124,0.08210806804709136,0.1518822784423828,0.9956483899150044,0.009556133101571801
2710,16384,1185465,1663855,1820874240,0.31161528802476823,1.4196338810725138,0.17878174991346896,0.3569785461425781,2.2670897390926257,0.003540836426209961
2711,16384,1168694,1642571,1795113984,0.337714875000529,1.398664372973144,0.1758535490371287,0.3375735778808594,2.2498980859527364,0.00407623179235512
2712,16384,1177976,1651578,1809371136,0.3523727060528472,1.4135112239746377,0.1761639720061794,0.3537083435058594,2.295849275076762,0.004052075118694329
2713,16384,1177191,1655543,1808165376,0.3578606160590425,1.4041745719732717,0.17446721403393894,0.3561310119628906,2.292706430074759,0.003184709767341114
2714,16384,1183118,1659620,1817269248,0.35664469306357205,1.4120491439243779,0.1770464190049097,0.3387589416503906,2.2845741420751438,0.003280455228545769
2715,6172,537247,675677,825211392,0.12566629494540393,0.6279095580102876,0.08020123501773924,0.15130079650878905,0.9851470979629084,0.007025700104257313
2716,16384,1185890,1664887,1821527040,0.2979886248940602,1.4095539810368791,0.17319027602206916,0.3386274108886719,2.2194365519098938,0.0034359652294583543
2717,16384,1167759,1640296,1793677824,0.29836664302274585,1.397221348946914,0.17358587100170553,0.35076190185546874,2.219999833032489,0.0028859554267175493
2718,16384,1178976,1653321,1810907136,0.3089526159456,1.4058500330429524,0.17214367096312344,0.351245361328125,2.238265641964972,0.0033043747705491077
2719,16384,1174078,1653272,1803383808,0.2824008980533108,1.4041782889980823,0.17469224892556667,0.3496249694824219,2.21097119001206,0.003382429993495327
2720,16384,1184798,1661800,1819849728,0.26002646202687174,1.4186627509770915,0.17389043502043933,0.3565370178222656,2.2091942480765283,0.0035117885141848944
2721,6172,537365,676228,825392640,0.10860678006429225,0.64426409592852,0.08130948198959231,0.15021609497070312,0.9844701170222834,0.007482610990627169
2722,16384,1185021,1663826,1820192256,0.27680571703240275,1.408625180949457,0.1727645960636437,0.35443096923828127,2.2127000560285524,0.003325925019388687
2723,16384,1168894,1641920,1795421184,0.26494521205313504,1.3969382329378277,0.17357700900174677,0.3519830932617187,2.1875144930090755,0.003243213010646858
2724,16384,1176846,1651202,1807635456,0.2871544749941677,1.403416596003808,0.17708647705148906,0.35697247314453123,2.2247019740752876,0.00323427057330981
2725,16384,1176834,1655516,1807617024,0.24811395502183586,1.4080433199414983,0.17351291701197624,0.3540577392578125,2.1838052170351148,0.0035390428317084023
2726,16384,1183706,1662301,1818172416,0.2699521139729768,1.4107071480248123,0.17681454902049154,0.34271200561523435,2.2002626640023664,0.0034926452240800847
2727,6172,537565,676340,825699840,0.09987123205792159,0.6457247009966522,0.08047951094340533,0.1541439971923828,0.980290818028152,0.007281190079245047
2728,16384,1186114,1664692,1821871104,0.24073223990853876,1.4128479780629277,0.17421247297897935,0.35635626220703126,2.184224183904007,0.0034442777021032648
2729,16384,1167925,1640998,1793932800,0.2609275400172919,1.3924884609878063,0.17597303807269782,0.35374102783203126,2.1832034660037607,0.003361990537134833
2730,16384,1176642,1651716,1807322112,0.2550612990744412,1.4069028130033985,0.1732058369088918,0.35328314208984374,2.1885286360047758,0.0034518592518176937
2731,16384,1177627,1656500,1808835072,0.29283424699679017,1.385405268985778,0.17643670400138944,0.356487548828125,2.2112434930168092,0.003605401439421858
2732,16384,1182961,1662033,1817028096,0.24082832201384008,1.4135198909789324,0.17521397303789854,0.3572815856933594,2.1869144930969924,0.003233842620964665
2733,6172,537172,675958,825096192,0.1054410960059613,0.6446622679941356,0.07840564893558621,0.15323075866699218,0.9818155409302562,0.0077172670855382665
2734,16384,1186569,1664439,1822569984,0.2634604489430785,1.4135745570529252,0.17690034594852477,0.33981124877929686,2.1938168039778247,0.003200050882650324
2735,16384,1170229,1642793,1797471744,0.23346289503388107,1.3997909440658987,0.1727282169740647,0.35263412475585937,2.158697701059282,0.003776361532133749
2736,16384,1177782,1652887,1809073152,0.27719853597227484,1.4095449190353975,0.17678584798704833,0.3558642883300781,2.2194685029098764,0.0033752037922394748
2737,16384,1177156,1655363,1808111616,0.23896128591150045,1.4086391070159152,0.17279229906853288,0.3573023986816406,2.1777713319752365,0.0035008862743387704
2738,16384,1182957,1660469,1817021952,0.26014380308333784,1.4110023219836876,0.17605133599136025,0.34702578735351564,2.194295668043196,0.0033003588508870836
2739,6172,537459,676724,825537024,0.09413970494642854,0.6472645110916346,0.08023868501186371,0.1514588165283203,0.9731670629698783,0.006714714679281018
2740,16384,1184989,1662722,1820143104,0.2331342149991542,1.4145198119804263,0.17769160796888173,0.3332545471191406,2.1586745139211416,0.0034434025629912868
2741,16384,1169679,1640997,1796626944,0.24801308696623892,1.3989030690863729,0.17410035897046328,0.34911959838867185,2.170217267004773,0.0037394225112805115
2742,16384,1178061,1651553,1809501696,0.2517430790467188,1.410462855012156,0.17380853602662683,0.32989016723632814,2.1659833340672776,0.0036333033689611672
2743,16384,1177802,1657547,1809103872,0.26651013700757176,1.404005324933678,0.17184032802470028,0.34580560302734376,2.1882179609965533,0.00258511739998742
2744,16384,1183525,1661471,1817894400,0.24543019698467106,1.414422741974704,0.17637126299086958,0.35464495849609373,2.1909451079554856,0.0034664268343209724
2745,6172,538628,677950,827332608,0.0935065089724958,0.6472771239932626,0.07896472502034158,0.15190771484375,0.9717143779853359,0.006000235954804668
2746,16384,1186432,1663900,1822359552,0.24787988304160535,1.4113873419119045,0.17351832904387265,0.3567877502441406,2.1896494779502973,0.0034788083454024743
2747,16384,1168911,1641166,1795447296,0.24723077495582402,1.3971466260263696,0.17233662598300725,0.3542663269042969,2.171083486988209,0.004750306440514678
2748,16384,1177932,1652129,1809303552,0.2710692210821435,1.4062723310198635,0.17487938690464944,0.33105868530273436,2.183358174050227,0.003597657121483451
2749,16384,1176000,1654390,1806336000,0.25761529395822436,1.4071403349516913,0.17463374510407448,0.3547432861328125,2.194221518933773,0.004049672569680677
2750,16384,1183369,1661461,1817654784,0.2699342869454995,1.417990806978196,0.17578121705446392,0.35753472900390626,2.2213334339903668,0.0041593939427230706
2751,6172,538468,677262,827086848,0.12099057901650667,0.6466346780071035,0.0802824079291895,0.15447897338867186,1.0024546569911763,0.006785209608283281
2752,16384,1185097,1664597,1820308992,0.3274259309982881,1.421117495978251,0.1771656839409843,0.3536705322265625,2.2794657489284873,0.0037774546268898777
2753,16384,1169877,1641606,1796931072,0.33729822002351284,1.4011378180002794,0.176130736945197,0.33574139404296877,2.25039438996464,0.003831370761804908
2754,16384,1176576,1650088,1807220736,0.36932085605803877,1.4069935939041898,0.1743246860569343,0.35599948120117186,2.306727283052169,0.003843793433468186
2755,16384,1177549,1655771,1808715264,0.3583972769556567,1.4037074371008202,0.17183560493867844,0.3535899963378906,2.2875891469884664,0.002571775421196127
2756,16384,1182116,1659921,1815730176,0.3275460770819336,1.4110622080042958,0.17475014796946198,0.3644925537109375,2.2779269580496475,0.0033351061916302134
2757,6172,537188,676058,825120768,0.11804321908857673,0.6424917340045795,0.07864277495536953,0.15410794067382813,0.9933617850765586,0.007662500747279527
2758,16384,1184191,1663143,1818917376,0.2850329600041732,1.4265604739775881,0.1747581969248131,0.35664111328125,2.2430665669962764,0.0032911554894639585
2759,16384,1169091,1641297,1795723776,0.282735179993324,1.3952023909660056,0.17182186199352145,0.3514931640625,2.2013290940085426,0.0034750366676050536
2760,16384,1176011,1650701,1806352896,0.30887678591534495,1.404698761063628,0.17551627394277602,0.3550543212890625,2.2442195779876783,0.0032722188856793284
2761,16384,1176331,1654382,1806844416,0.27473554806783795,1.4071295489557087,0.1759764199377969,0.3510525512695313,2.2089676670730114,0.003331820706721126
2762,16384,1181648,1660118,1815011328,0.287875387002714,1.409547328017652,0.1770443229470402,0.3633453063964844,2.2378864960046485,0.0033134674564703186
2763,6172,537812,676771,826079232,0.1338428040035069,0.6341427729930729,0.08198464894667268,0.15394374084472656,1.0039797599893063,0.0065532398111262345
2764,16384,1184917,1663137,1820032512,0.2616198869654909,1.4121842890745029,0.17537998198531568,0.3581797485351563,2.2074401680147275,0.003454746151980525
2765,16384,1168855,1640167,1795361280,0.26115925796329975,1.3995689820731059,0.17346030194312334,0.35087738037109373,2.185139370034449,0.003361235664562768
2766,16384,1177695,1652230,1808939520,0.29306720301974565,1.4078402079176158,0.17708403302822262,0.35640911865234376,2.2344778570113704,0.0034591702576099426
2767,16384,1175911,1655103,1806199296,0.26815784396603703,1.4088802270125598,0.175450703012757,0.33645986938476563,2.1890221589710563,0.00335837600527136
2768,16384,1183451,1660142,1817780736,0.24348087690304965,1.4151010550558567,0.1763686470221728,0.3562403869628906,2.19126602797769,0.003425509854204345
2769,6172,538094,676673,826512384,0.10080730996560305,0.6480550119886175,0.07963331206701696,0.15224505615234374,0.9807979239849374,0.005835433574696043
2770,16384,1185698,1664576,1821232128,0.23837063205428421,1.414389012963511,0.17663683707360178,0.34387026977539065,2.1733480570837855,0.003741012247562846
2771,16384,1169223,1642066,1795926528,0.25524720700923353,1.3983918089652434,0.17265543004032224,0.3530557861328125,2.1794214660767466,0.003268478825397399
2772,16384,1176927,1650370,1807759872,0.3098110120045021,1.404653065954335,0.17220100900158286,0.3550363464355469,2.241776071023196,0.0033293970880355467
2773,16384,1176720,1654503,1807441920,0.26659676304552704,1.4028890539193526,0.17653923109173775,0.3533458557128906,2.199444178957492,0.003331532060917181
2774,16384,1181985,1660205,1815528960,0.2705545399803668,1.4140659580007195,0.1754484949633479,0.3626730651855469,2.2228181229438633,0.003421998997447763
2775,6172,538058,677653,826457088,0.09460759593639523,0.6481944640399888,0.0797666700091213,0.14541078186035156,0.9680446760030463,0.006731523741077216
2776,16384,1184213,1663242,1818951168,0.23519002099055797,1.415969340945594,0.17508731607813388,0.35600588989257814,2.1823270260356367,0.0034118685185365676
2777,16384,1168478,1641740,1794782208,0.26045056991279125,1.3970841490663588,0.1758971259696409,0.3519363708496094,2.18544429296162,0.003481084531156737
2778,16384,1177966,1652090,1809355776,0.2541137249208987,1.4078607420669869,0.17316705093253404,0.3301786193847656,2.1653951569460332,0.003464478093397432
2779,16384,1177619,1656526,1808822784,0.26731947204098105,1.3857297799549997,0.17183160700369626,0.3525550537109375,2.1775079640792683,0.0033088911655986095
2780,16384,1183284,1661502,1817524224,0.25939351599663496,1.4110035090707242,0.17702099797315896,0.355783203125,2.203276167041622,0.0034013382990679907
2781,6172,538194,677645,826665984,0.09404209395870566,0.6471115140011534,0.07938454498071223,0.150972412109375,0.9715693560428917,0.0060511370166025915
2782,16384,1185798,1664439,1821385728,0.2396711870096624,1.412392737925984,0.17383857409004122,0.3585949401855469,2.1845752589870244,0.0035622382643895234
2783,16384,1169939,1642382,1797026304,0.2544370220275596,1.396629027905874,0.17566336109302938,0.351610107421875,2.1784259559353814,0.003967887309091325
2784,16384,1177298,1650131,1808329728,0.2649496690137312,1.405946001992561,0.17425561195705086,0.33908624267578125,2.184310463955626,0.003339191827593713
2785,16384,1176950,1654150,1807795200,0.2646883489796892,1.4076503550168127,0.1755473039811477,0.35396820068359375,2.201925841975026,0.0032532119119056285
2786,16384,1182926,1660437,1816974336,0.2594094780506566,1.4125563779380172,0.17534468800295144,0.3576212158203125,2.2050096680177376,0.003533236471910688
2787,6172,538230,676890,826721280,0.10287775506731123,0.644999231910333,0.08132102806121111,0.15135548400878907,0.9806261609774083,0.00740974824610302
2788,16384,1185515,1663780,1820951040,0.2524948390200734,1.4143834999995306,0.1755656040040776,0.33846136474609373,2.1809806739911437,0.0034556116093522617
2789,16384,1169796,1642677,1796806656,0.2572258240543306,1.3941000580089167,0.17671947495546192,0.3451231384277344,2.173242730088532,0.003415846792480987
2790,16384,1178997,1653335,1810939392,0.2577265329891816,1.4115245679859072,0.17777616600506008,0.3566087951660156,2.20372371096164,0.003977305096792137
2791,16384,1176795,1654316,1807557120,0.2473881059559062,1.4154053130187094,0.1744669849285856,0.35097756958007814,2.1883281039772555,0.00411869197367634
2792,16384,1183599,1661770,1818008064,0.30067445896565914,1.4200710670556873,0.1788695459254086,0.34362469482421876,2.243324904004112,0.0037951360940234654
2793,6172,537328,676048,825335808,0.11903693503700197,0.648456636001356,0.07975163892842829,0.15038275146484376,0.9977147940080613,0.008703146124811514
2794,16384,1185992,1665218,1821683712,0.3396774510620162,1.4192990260198712,0.1794108540052548,0.35476150512695315,2.293234901037067,0.0037529876652840338
2795,16384,1169555,1642706,1796436480,0.3304203290026635,1.4047220930224285,0.17309853003825992,0.3398992919921875,2.2482321390416473,0.0040874331663501755
2796,16384,1177490,1652755,1808624640,0.3722743960097432,1.4047260069055483,0.17257289309054613,0.3563140869140625,2.305980361998081,0.00403208456209976
2797,16384,1177358,1653873,1808421888,0.368908260948956,1.403502413071692,0.17287090991158038,0.35639739990234376,2.3017508779885247,0.0031234550463445144
2798,16384,1183675,1661601,1818124800,0.32711966894567013,1.4162119610700756,0.17367653199471533,0.35741619873046876,2.274497704929672,0.0032246323477672454
2799,6172,538274,676713,826788864,0.12510546296834946,0.6433926291065291,0.08138311898801476,0.15218360900878905,1.0021391799673438,0.007420116601351256
2800,16384,1185494,1664477,1820918784,0.28705436491873115,1.4130874400725588,0.17570294998586178,0.356729248046875,2.2326469079125673,0.0032654016307735708
2801,16384,1168645,1640513,1795038720,0.2900675650453195,1.3950953669846058,0.17360935697797686,0.33926995849609376,2.198115954059176,0.003353169565236982
2802,16384,1177210,1650190,1808194560,0.32281090796459466,1.406660791952163,0.1768820860888809,0.3547931518554687,2.261223590001464,0.003389852321359451
2803,16384,1175436,1654391,1805469696,0.26826331799384207,1.4033985789865255,0.17235347803216428,0.354404296875,2.198499985039234,0.0036530885717060246
2804,16384,1182828,1661863,1816823808,0.27932895300909877,1.41322870797012,0.17650230997242033,0.3586099548339844,2.227748678997159,0.003535103051707825
2805,6172,536997,675821,824827392,0.10871276701800525,0.6456366330385208,0.07871644501574337,0.1531192932128906,0.9862603259971365,0.0076235158197646745
2806,16384,1185206,1664703,1820476416,0.276362439035438,1.4156650679651648,0.17565128509886563,0.3567646484375,2.2245142561150715,0.0031834175891737697
2807,16384,1167554,1640126,1793362944,0.24442230991553515,1.395344068063423,0.1715708050178364,0.35312603759765626,2.1645382319111377,0.003465465085397837
2808,16384,1177780,1651805,1809070080,0.30887084803543985,1.406163526000455,0.1731090450193733,0.3539508972167969,2.2421691020717844,0.003335421920233343
2809,16384,1177318,1655106,1808360448,0.27299436600878835,1.4083261120831594,0.17328076192643493,0.35072381591796875,2.205397575045936,0.0032882556145456343
2810,16384,1183367,1661765,1817651712,0.26690576400142163,1.4162055630004033,0.17371070303488523,0.35727151489257813,2.214164884062484,0.003221943122165651
2811,6172,537849,676587,826136064,0.10568416502792388,0.6446619810303673,0.08083840203471482,0.14500015258789062,0.9762543590040877,0.007135263730062056
2812,16384,1185026,1664722,1820199936,0.24762908602133393,1.4146440819604322,0.17380869993939996,0.35373046875,2.1898900439264253,0.0035484546575489297
2813,16384,1168633,1640259,1795020288,0.25384279002901167,1.3996534190373495,0.17155003501102328,0.34776303100585937,2.1728819030104205,0.0033424700659593683
2814,16384,1176111,1649998,1806506496,0.28074426006060094,1.408411256968975,0.17519393796101213,0.35503396606445314,2.219458722975105,0.0033928056099618064
2815,16384,1176612,1654642,1807276032,0.2698653469560668,1.403910206980072,0.17487834603525698,0.33179718017578125,2.1805286299204454,0.003556466638604863
2816,16384,1183216,1660241,1817419776,0.2582343709655106,1.4174213230144233,0.1762206929270178,0.3570247192382813,2.208967612008564,0.0030107215230127807
2817,6172,537107,675615,824996352,0.09442736394703388,0.6463650190271437,0.07916393503546715,0.15328218078613282,0.9732948589371517,0.00579065437946092
2818,16384,1186850,1666780,1823001600,0.2646768930135295,1.4151808249298483,0.17742664006073028,0.35887127685546877,2.2162280350457877,0.0032668202489005245
2819,16384,1170209,1644208,1797441024,0.2535181560087949,1.396282194997184,0.17560973903164268,0.33480670166015625,2.1602916539413854,0.0034653766990753354
2820,16384,1178651,1651445,1810407936,0.2556187560549006,1.407011994975619,0.17639274499379098,0.35291107177734377,2.192013730062172,0.003611394373663967
2821,16384,1177496,1655120,1808633856,0.238938044058159,1.4083985890028998,0.17396084195934236,0.33595159912109374,2.1573242470622063,0.003484544375455913
2822,16384,1182822,1661410,1816814592,0.25152380496729165,1.4156392350560054,0.17617774498648942,0.35858401489257813,2.2019972240086645,0.0032890189646951917
2823,6172,538322,677738,826862592,0.10297290189191699,0.6452904160832986,0.08111927902791649,0.1545364532470703,0.9839929479639977,0.007509984085576378
2824,16384,1186340,1663707,1822218240,0.2483240090077743,1.414862568024546,0.17395057796966285,0.35683163452148436,2.194043515017256,0.0034058346280402794
2825,16384,1169895,1642559,1796958720,0.25401553697884083,1.4000756490277126,0.17419330799020827,0.34280841064453127,2.171161751030013,0.00317094701429192
2826,16384,1176188,1650130,1806624768,0.2704263919731602,1.4045051980065182,0.17386211699340492,0.3556733703613281,2.2045456420164555,0.003563758470075219
2827,16384,1176116,1654744,1806514176,0.24141336092725396,1.4063657490769401,0.17484962998423725,0.3544728088378906,2.1771727529121563,0.0032704839677477537
2828,16384,1182770,1660150,1816734720,0.2551367270061746,1.4092497630044818,0.17488425900228322,0.35179067993164065,2.1911400490207598,0.003588089963244129
2829,6172,536632,676226,824266752,0.09747888403944671,0.6452406269963831,0.0802344810217619,0.15305850219726563,0.9760883030248806,0.007766589332982717
2830,16384,1185575,1663307,1821043200,0.23572103900369257,1.4157653319416568,0.1757057550130412,0.3542049865722656,2.1814521939959377,0.00252499071182618
2831,16384,1168131,1640928,1794249216,0.2515595159493387,1.3988012690097094,0.1706434739753604,0.3486378784179687,2.169717979966663,0.0034955056364925057
2832,16384,1176830,1651631,1807610880,0.2652338820043951,1.4157653889851645,0.17493274703156203,0.3524381103515625,2.208460266003385,0.004081469433195836
2833,16384,1177051,1654749,1807950336,0.294123349012807,1.4088646800955757,0.17395751795265824,0.35650283813476563,2.233537087100558,0.0039713647587857025
2834,16384,1183309,1662705,1817562624,0.3075522299623117,1.4206821050029248,0.1747969740536064,0.35835000610351564,2.2614740079734474,0.004098780298252945
2835,6172,538184,677251,826650624,0.1338166119530797,0.648633303004317,0.08171731804031879,0.1509361572265625,1.0151712719816715,0.006686729546715117
2836,16384,1186256,1664196,1822089216,0.3589825590606779,1.4204372760141268,0.1780569039983675,0.34352789306640624,2.301092080073431,0.0038002796415715825
2837,16384,1168640,1642243,1795031040,0.35996890801470727,1.3986160000786185,0.17428429296705872,0.3483137512207031,2.2812695470638573,0.003795903157572346
2838,16384,1178558,1652718,1810265088,0.35175768297631294,1.405557363992557,0.17656766495201737,0.35369384765625,2.2876513890223578,0.0032710160988565417
2839,16384,1176094,1653533,1806480384,0.31830091297160834,1.40259402198717,0.1755886480677873,0.35607308959960937,2.2526346140075475,0.0034600099318305953
2840,16384,1184349,1662462,1819160064,0.3252204980235547,1.410296928952448,0.17282044503372163,0.3532236328125,2.2616348119918257,0.0032413353921068337
2841,6172,537688,676394,825888768,0.12271596794016659,0.6447617419762537,0.08043935208115727,0.15453117370605468,1.0025236899964511,0.007526434893447076
2842,16384,1186904,1664694,1823084544,0.2852364539867267,1.4157141220057383,0.1759400269947946,0.35243331909179687,2.229389514075592,0.002942150580749893
2843,16384,1168504,1640816,1794822144,0.28144405398052186,1.3960154020460322,0.17065188300330192,0.35444580078125,2.202642953954637,0.003895962501642748
2844,16384,1178504,1652317,1810182144,0.2978907619835809,1.4097397919977084,0.17712136602494866,0.35558767700195315,2.2404189739609137,0.003542951280332208
2845,16384,1176697,1654494,1807406592,0.2764710810733959,1.4055642989696935,0.17270474100951105,0.33383956909179685,2.188653724035248,0.003382622387346075
2846,16384,1182467,1659910,1816269312,0.2708368820603937,1.4122022358933464,0.17573686502873898,0.354873779296875,2.2137111589545384,0.0027734727241172604
2847,6172,537793,676380,826050048,0.10760844999458641,0.6443482569884509,0.08113290602341294,0.15050390625,0.9836648320779204,0.007249707333703501
2848,16384,1184715,1661898,1819722240,0.2673273629043251,1.4138735570013523,0.17320049600675702,0.3545698547363281,2.2090466659283265,0.0034130233972369567
2849,16384,1169513,1643311,1796371968,0.2670973628992215,1.3967721500666812,0.17633640300482512,0.3536582641601563,2.193941153003834,0.0035084292413576222
2850,16384,1177438,1652682,1808544768,0.27818488504271954,1.4103842090116814,0.1754593380028382,0.333943115234375,2.1980929410783574,0.00552268671058545
2851,16384,1176414,1654714,1806971904,0.2466848719632253,1.4098795880563557,0.17427919898182154,0.3540086975097656,2.1849247799254954,0.003314686848371726
2852,16384,1183398,1662298,1817699328,0.2723689830163494,1.4154996569268405,0.17285704507958144,0.35614215087890627,2.216938263969496,0.003176816827185441
2853,6172,537044,675333,824899584,0.10534136602655053,0.6431513749994338,0.08108253800310194,0.15056271362304688,0.980209689005278,0.007314389354559995
2854,16384,1186378,1663734,1822276608,0.2661253709811717,1.4124143909430131,0.17754948500078171,0.3564759216308594,2.2126419310225174,0.003469267467784672
2855,16384,1167546,1640319,1793350656,0.2508479990065098,1.3994484239956364,0.1742467109579593,0.35112164306640625,2.175738624064252,0.003394113471313606
2856,16384,1177571,1652218,1808749056,0.282305093947798,1.4111704110400751,0.1761695829918608,0.34120108032226565,2.210918623022735,0.003277131956875142
2857,16384,1176873,1655486,1807676928,0.26174218696542084,1.406301071983762,0.17738638899754733,0.35646835327148435,2.2019717840012163,0.0033507596935437585
2858,16384,1181926,1659918,1815438336,0.2585033329669386,1.4136895290575922,0.17411177593749017,0.34726666259765626,2.1936448930064216,0.00335480218239343
2859,6172,537724,676439,825944064,0.1036650079768151,0.6458788251038641,0.08088519796729088,0.15123004150390626,0.9817326940828934,0.0074991422268831
2860,16384,1186617,1665378,1822643712,0.25247214699629694,1.3929598620161414,0.17879551893565804,0.3571243591308594,2.1814270250033587,0.0034444390548759828
2861,16384,1168121,1642167,1794233856,0.25184633606113493,1.3972418089397252,0.173722745035775,0.33466390991210937,2.157549830037169,0.0034775599330476373
2862,16384,1177578,1652402,1808759808,0.2538157230010256,1.4123433529166505,0.17476143699605018,0.35418212890625,2.1951706749387085,0.00309921772867523
2863,16384,1176859,1654874,1807655424,0.26314584992360324,1.407684303005226,0.17500609101261944,0.3515290222167969,2.1974361569155008,0.003226066752018411
2864,16384,1181533,1659602,1814834688,0.2556570959277451,1.4120174300624058,0.17397886095568538,0.3355744018554688,2.1773052950156853,0.0035597311299303985
2865,6172,537287,676319,825272832,0.10286885604728013,0.6442273289430887,0.08160416898317635,0.15042784118652344,0.9792053740238771,0.007881785155179698
2866,16384,1185884,1663323,1821517824,0.2599185570143163,1.416537148063071,0.17719966394361109,0.3587865600585938,2.2125178130809218,0.003429757757478662
2867,16384,1167988,1640907,1794029568,0.23730498494114727,1.3984128130832687,0.17369924997910857,0.35026116943359376,2.1597450389526784,0.0030939538859793567
2868,16384,1176539,1649561,1807163904,0.271052862983197,1.4078032170655206,0.17246366490144283,0.34947705078125,2.20087441499345,0.003526746529049953
2869,16384,1176954,1654320,1807801344,0.25412208400666714,1.4062007260508835,0.17171019793022424,0.35255523681640627,2.1846648569917306,0.0035068164942700583
2870,16384,1183021,1660789,1817120256,0.25948135601356626,1.4131621529813856,0.17586870305240154,0.3585459594726563,2.2071319830138236,0.00334422655201273
2871,6172,537690,676173,825891840,0.10344623902346939,0.643979485030286,0.08042863698210567,0.14538508605957032,0.9733136590803042,0.007624673113383503
2872,16384,1184622,1662678,1819579392,0.2826060219667852,1.4129421890247613,0.17605733196251094,0.3403969421386719,2.2120754559291527,0.0032987498788757436
2873,16384,1168081,1640336,1794172416,0.24058374704327434,1.396852417034097,0.1725091669941321,0.34808642578125,2.1581217620987445,0.004170536045351284
2874,16384,1176666,1649580,1807358976,0.29163030290510505,1.4086941860150546,0.1774859360884875,0.35324884033203124,2.231154977926053,0.004289822370996023
2875,16384,1177722,1655376,1808980992,0.29503956891130656,1.4137361000757664,0.17379599099513143,0.3553265380859375,2.2379895099438727,0.00408008506407832
2876,16384,1182339,1660663,1816072704,0.3418879139935598,1.4192705039167777,0.17507747001945972,0.3545824890136719,2.2909054670017213,0.003801556175345745
2877,6172,537904,676973,826220544,0.1329052799846977,0.6488647270016372,0.08069314307067543,0.15365104675292968,1.016184502048418,0.006918550552199968
2878,16384,1184928,1663351,1820049408,0.34383116697426885,1.4139125569490716,0.1732734820106998,0.35536676025390623,2.2864779999945313,0.004112604913982477
2879,16384,1168456,1640314,1794748416,0.34764710592571646,1.3901711930520833,0.1745315910084173,0.35084774780273437,2.2632797160185874,0.0036265172640880853
2880,16384,1178522,1651347,1810209792,0.3563136149896309,1.4025422299746424,0.17417063808534294,0.35359371948242185,2.2866886080009863,0.002991464107051004
2881,16384,1176838,1655078,1807623168,0.3312532319687307,1.3980125620728359,0.17230789898894727,0.3565645751953125,2.2582131499657407,0.0033159730699328003
2882,16384,1183072,1659781,1817198592,0.3024182029766962,1.4129660309990868,0.17647617997135967,0.3327765808105469,2.2247084339614958,0.0032111715277294436
2883,6172,538049,677185,826443264,0.10922312794718891,0.6477368710329756,0.07830822002142668,0.14995765686035156,0.9852968730265275,0.007205662225093129
2884,16384,1187603,1666191,1824158208,0.2944481169106439,1.4130853400565684,0.17792640102561563,0.35340118408203125,2.2389300980139524,0.003084327606051139
2885,16384,1167257,1639456,1792906752,0.2535306590143591,1.3942321439972147,0.17232027498539537,0.3548304443359375,2.174989885999821,0.0035109895179683405
2886,16384,1177986,1651745,1809386496,0.29890829895157367,1.405140749993734,0.17212657805066556,0.35314215087890627,2.2293930309824646,0.0033754975699271487
2887,16384,1177116,1655226,1808050176,0.27228336594998837,1.4094495669705793,0.17265650804620236,0.3420902099609375,2.196554119931534,0.003390264922263459
2888,16384,1183859,1661497,1818407424,0.2562576829222962,1.4130542679922655,0.17454015207476914,0.35585498046875,2.1997839929535985,0.003496229437248755
2889,6172,538387,676965,826962432,0.10589378594886512,0.6472679160069674,0.07851856399793178,0.1517665252685547,0.9835237360093743,0.007823378759258396
2890,16384,1186176,1664727,1821966336,0.2997412559343502,1.4110015030018985,0.17812183499336243,0.35324960327148436,2.242189630982466,0.003364290884602632
2891,16384,1166848,1639667,1792278528,0.2399175080936402,1.3915016469545662,0.17088054795749485,0.36157373046875,2.1639490170637146,0.0034928544372993687
2892,16384,1178193,1651895,1809704448,0.2730092169949785,1.3756074169650674,0.17371332203038037,0.35212222290039064,2.174529150943272,0.003539711225372567
2893,16384,1177495,1654830,1808632320,0.2469924659235403,1.4111094679683447,0.17580857907887548,0.35223983764648437,2.186221546959132,0.0032565931840682835
2894,16384,1182746,1660595,1816697856,0.2949411009903997,1.4192895300220698,0.17464207101147622,0.35426605224609375,2.243212684057653,0.0032957101276651834
2895,6172,538146,676889,826592256,0.10650585999246687,0.6466367989778519,0.08092381607275456,0.1528152618408203,0.9869558759965003,0.007511897381614832
2896,16384,1185672,1663324,1821192192,0.23936747491825372,1.4177870000712574,0.17366553598549217,0.3542560729980469,2.1851529139094055,0.003515998164984524
2897,16384,1168676,1642126,1795086336,0.2384548638947308,1.3958806610899046,0.17534420092124492,0.33739987182617187,2.1471529759000987,0.003417463444395919
2898,16384,1177266,1651787,1808280576,0.26092546293511987,1.4113952571060508,0.17739499092567712,0.3564341125488281,2.2062242550309747,0.0033737057839430306
2899,16384,1177065,1655381,1807971840,0.24773024104069918,1.4067289129598066,0.1765079089673236,0.3507396240234375,2.1817838669521734,0.0035374705109787906
2900,16384,1183813,1661560,1818336768,0.2443596269004047,1.4168988320743665,0.1776815209304914,0.3571069030761719,2.1961200549267232,0.0033318736434518443
2901,6172,538122,676784,826555392,0.10016297199763358,0.6470162059413269,0.0805161070311442,0.15144009399414063,0.9792100579943508,0.0076264566009928
2902,16384,1184131,1662475,1818825216,0.23664678598288447,1.4160742330132052,0.17385241598822176,0.34035397338867185,2.1669995420379564,0.0033287346662438013
2903,16384,1166156,1638311,1791215616,0.25828394293785095,1.3938013010192662,0.1756602240493521,0.35686080932617187,2.1846827280241996,0.003499395613723823
2904,16384,1177459,1651577,1808577024,0.25295402598567307,1.4068621470360085,0.17560348904225975,0.35367987060546874,2.1891736750258133,0.0033867736145861194
2905,16384,1175898,1655224,1806179328,0.2565870189573616,1.404739635065198,0.1756461039185524,0.35609051513671874,2.1931384269846603,0.0034267744299707205
2906,16384,1184252,1660792,1819011072,0.23361599794588983,1.417978191981092,0.17344915808644146,0.3558965148925781,2.1810096559347585,0.003200033001563715
2907,6172,538152,677453,826601472,0.10390230303164572,0.6462107989937067,0.08077041292563081,0.15428659057617186,0.9852417019428685,0.007266888477439511
2908,16384,1186073,1663278,1821808128,0.24355204706080258,1.386060412041843,0.17385270888917148,0.33958233642578123,2.143124510999769,0.00359319217225459
2909,16384,1169481,1642466,1796322816,0.2535019339993596,1.3979237329913303,0.1738930600695312,0.3489595947265625,2.1743535570567474,0.0034601212723482048
2910,16384,1177404,1650483,1808492544,0.24723059602547437,1.4100824260385707,0.17595108994282782,0.3328070068359375,2.1661394250113517,0.0031533597400364727
2911,16384,1176235,1654484,1806696960,0.2543074800632894,1.4065823949640617,0.1770665879594162,0.3445259094238281,2.1825577520066872,0.003453727445352251
2912,16384,1183658,1661936,1818098688,0.23865385993849486,1.4152947310358286,0.17768078402150422,0.3416912841796875,2.173394543933682,0.003399509692013592
2913,6172,538210,676721,826690560,0.09546592889819294,0.6467713370220736,0.0798430370632559,0.15398649597167968,0.9761297029908746,0.006444229233042693
2914,16384,1187395,1666056,1823838720,0.2471003159880638,1.4162314070854336,0.17309883795678616,0.35808554077148436,2.1945824060821906,0.0030212709369571225
2915,16384,1168250,1641685,1794432000,0.23574987798929214,1.4012636619154364,0.175453799078241,0.33741741943359377,2.1499730249634013,0.004105472292579267
2916,16384,1178354,1653089,1809951744,0.3065454410389066,1.4110528980381787,0.17794975300785154,0.33665692138671877,2.2322948609944433,0.004024894934709948
2917,16384,1175942,1653340,1806246912,0.3038771409774199,1.4067058169748634,0.1754886161070317,0.33800473022460936,2.224167132982984,0.0040837173480720015
2918,16384,1183374,1662192,1817662464,0.3418941970448941,1.4161505280062556,0.1748727320227772,0.35893002319335937,2.291936462977901,0.003882424842587312
2919,6172,536570,675945,824171520,0.14153746503870934,0.6447557349456474,0.08114077604841441,0.15245872497558594,1.0199767559533939,0.00824086868118359
2920,16384,1185063,1663506,1820256768,0.35777117602992803,1.4089922729181126,0.17612140206620097,0.3538721923828125,2.2968437200179324,0.003773727403525338
2921,16384,1169025,1641504,1795622400,0.33466437505558133,1.3943582369247451,0.1721251120325178,0.331474365234375,2.2326808579964563,0.002632205540095124
2922,16384,1177613,1652606,1808813568,0.3224345230264589,1.4071441820124164,0.17270052200183272,0.33072714233398437,2.233081041020341,0.0033438842691927485
2923,16384,1175541,1653538,1805630976,0.3045313360635191,1.404365621972829,0.17525318101979792,0.35000311279296875,2.2342257680138573,0.0032456954789675295
2924,16384,1181931,1660465,1815446016,0.28353503602556884,1.394807755947113,0.17614929599221796,0.3452858276367187,2.1998541119974107,0.0034637022235467366
2925,6172,538102,676304,826524672,0.10504661791492254,0.6493736460106447,0.08038844098336995,0.15178358459472657,0.9866684589069337,0.007719857930211372
2926,16384,1186644,1665410,1822685184,0.27297157095745206,1.4137614980572835,0.17678517196327448,0.353113525390625,2.216704737045802,0.0032918537118584016
2927,16384,1169733,1643288,1796709888,0.2522032660199329,1.3971620639786124,0.17224292003083974,0.34102703857421873,2.16271126200445,0.0035128776633622655
2928,16384,1176605,1650933,1807265280,0.29567191505338997,1.4026700500398874,0.17248900095000863,0.3557898559570313,2.22669363708701,0.003270099014964383
2929,16384,1178749,1657714,1810558464,0.27521016099490225,1.4128063659882173,0.175670474069193,0.357357666015625,2.2211130700306967,0.0030796704446005635
2930,16384,1183126,1660977,1817281536,0.2517449180595577,1.4145573929417878,0.17343979002907872,0.3566719055175781,2.196486567030661,0.0033034794634072594
2931,6172,537162,675731,825080832,0.10563039605040103,0.6452887739287689,0.07978416210971773,0.151531005859375,0.9823061890201643,0.007314529085195147
2932,16384,1186587,1665207,1822597632,0.24334451602771878,1.414587193983607,0.17423998599406332,0.3365574645996094,2.168803645996377,0.003434399952057997
2933,16384,1169788,1642701,1796794368,0.2650310390163213,1.3951588469790295,0.1733929959591478,0.351066650390625,2.1847245240351185,0.0034325467201782225
2934,16384,1176993,1650978,1807861248,0.28360543004237115,1.4048644850263372,0.17270694393664598,0.35354705810546877,2.214796868036501,0.0032937975816592136
2935,16384,1177636,1655529,1808848896,0.2723563539329916,1.4038450740044937,0.17444918805267662,0.3381780090332031,2.1889034749474376,0.0034195168918712392
2936,16384,1183422,1661457,1817736192,0.26586044498253614,1.412193421041593,0.17331873695366085,0.35616790771484375,2.207615058985539,0.0033768701024916316
2937,6172,538039,677140,826427904,0.1035349820740521,0.6458848849870265,0.07887754798866808,0.15244639587402345,0.980825622100383,0.008341052147250717
2938,16384,1186423,1665283,1822345728,0.2592220880324021,1.4099147700471804,0.17722349800169468,0.35400872802734373,2.2004503620555624,0.0036936959971119827
2939,16384,1168291,1641382,1794494976,0.23694568395148963,1.3923739340389147,0.17583930294495076,0.34728271484375,2.1525161139434204,0.0034600514176379004
2940,16384,1176695,1650601,1807403520,0.25539865891914815,1.3890700470656157,0.17507877200841904,0.35301348876953126,2.1726334359264,0.0033355448962366094
2941,16384,1177231,1654564,1808226816,0.25422209000680596,1.406139177037403,0.17631464696023613,0.3318190002441406,2.1685665471013635,0.003303235165812217
2942,16384,1182801,1660641,1816782336,0.23798885405994952,1.4146616669604555,0.17511329194530845,0.35223046875,2.180062721017748,0.0031393272025923083
2943,6172,537793,676845,826050048,0.10382390301674604,0.6456728290067986,0.07839096698444337,0.15368077087402343,0.981640842044726,0.0073725704570174475
2944,16384,1186692,1665208,1822758912,0.2616110990056768,1.4169396840734407,0.1764067909680307,0.3593809814453125,2.214427193044685,0.004002730480487949
2945,16384,1167485,1638942,1793256960,0.24427393509540707,1.399964050971903,0.1734533510170877,0.3522043762207031,2.1699759099865332,0.003695740633040095
2946,16384,1177577,1651220,1808758272,0.27741566905751824,1.4088533628964797,0.17615679104346782,0.3539864501953125,2.216485479963012,0.0033028310311798274
2947,16384,1176361,1654457,1806890496,0.2442354669328779,1.404282476985827,0.17562599305529147,0.35313681030273436,2.177357616950758,0.0035304110555174255
2948,16384,1183982,1662451,1818596352,0.23867725301533937,1.41507794696372,0.17498982301913202,0.35767684936523436,2.186495856032707,0.0033836638234188135
2949,6172,538591,677152,827275776,0.09732008096762002,0.6470634270226583,0.08059302403125912,0.15010585021972656,0.975155464024283,0.007494372509324677
2950,16384,1184693,1663904,1819688448,0.24363914097193629,1.4133166440296918,0.17330824898090214,0.3588944702148438,2.1892344739753753,0.003470152644880106
2951,16384,1169553,1642117,1796433408,0.2458330880617723,1.3967739229556173,0.17155435704626143,0.34851388549804685,2.1627505810465664,0.0034829483126033994
2952,16384,1177659,1652420,1808884224,0.2656184840016067,1.4058026080019772,0.17231653595808893,0.3430276184082031,2.1868439599638805,0.0035994152050005373
2953,16384,1175748,1654467,1805948928,0.2599721460137516,1.4054277939721942,0.17533236905001104,0.35306448364257814,2.193863202002831,0.0030270494639348627
2954,16384,1182929,1660629,1816978944,0.2352328929118812,1.4128357940353453,0.1740986630320549,0.35465426635742187,2.176898425910622,0.0035283949404485647
2955,6172,538422,676961,827016192,0.0998191999970004,0.6471809450304136,0.0807884979294613,0.15415927124023437,0.9820213459897786,0.007477616751286738
2956,16384,1186098,1664250,1821846528,0.2439528899267316,1.4219564009690657,0.1776790521107614,0.35339654541015625,2.1970762899145484,0.004160142196839352
2957,16384,1169556,1642097,1796438016,0.27578446397092193,1.3985098800621927,0.17634493089281023,0.35108807373046874,2.201816785032861,0.004061935446916683
2958,16384,1178486,1652243,1810154496,0.2981231879675761,1.414759007981047,0.1731272890465334,0.35334771728515624,2.23944028490223,0.003709972642605663
2959,16384,1177930,1656305,1809300480,0.3299995200941339,1.413322412990965,0.1746662869118154,0.35409136962890625,2.2721686620498076,0.003920150184049367
2960,16384,1184509,1662671,1819405824,0.33605710696429014,1.4222902880283073,0.1799997609341517,0.35841278076171873,2.296838794951327,0.0034333390324382974
2961,6172,537568,676764,825704448,0.15072595898527652,0.6429289089282975,0.07952110702171922,0.154431396484375,1.0276811559451744,0.0071797098817330636
2962,16384,1184441,1663186,1819301376,0.3549899950157851,1.4092691580299288,0.1757190340431407,0.34613186645507815,2.286185662029311,0.003307189203139357
2963,16384,1167886,1640465,1793872896,0.3286105900770053,1.3940291159087792,0.1712650340050459,0.34542269897460937,2.239403993007727,0.0034185007495813892
2964,16384,1178196,1651256,1809709056,0.3205317308893427,1.4039187690941617,0.1763219489948824,0.35164434814453127,2.252492129919119,0.003344419951593507
2965,16384,1178012,1655807,1809426432,0.33296310901641846,1.4498167709680274,0.18643832299858332,0.355448974609375,2.3247457769466564,0.0033809870753043945
2966,16384,1183562,1659744,1817951232,0.3216960810823366,1.4163132519461215,0.17377198301255703,0.35480340576171876,2.2666619030060247,0.0034050602424800266
2967,6172,538106,677282,826530816,0.10827690700534731,0.6486630259314552,0.07949094206560403,0.1520982666015625,0.9886036089155823,0.007532575335730141
2968,16384,1187141,1665557,1823448576,0.2676399260526523,1.4129108130000532,0.181358037982136,0.35460586547851564,2.216589969000779,0.00339830498537212
2969,16384,1168656,1641755,1795055616,0.27188455197028816,1.3939443359849975,0.17163605999667197,0.35055242919921875,2.188089831965044,0.003311327204636818
2970,16384,1176866,1652496,1807666176,0.2753155380487442,1.4051815719576553,0.1736987540498376,0.353151611328125,2.2074245020048693,0.0034894339732696703
2971,16384,1175254,1653784,1805190144,0.26880688208620995,1.4034808109281585,0.1726683140732348,0.35121932983398435,2.1962505960837007,0.003426711061439375
2972,16384,1182621,1659898,1816505856,0.24908124597277492,1.3875386689323932,0.17448661208618432,0.35254837036132813,2.163726368919015,0.0033031702788872855
2973,6172,537859,676216,826151424,0.0988549399189651,0.6445854119956493,0.08002728701103479,0.15380511474609376,0.9773419488919899,0.007079939659338282
2974,16384,1183694,1663695,1818153984,0.24429376795887947,1.4042582849506289,0.174536518054083,0.3565447998046875,2.1797066929284483,0.003363854430851582
2975,16384,1169110,1641634,1795752960,0.24301839398685843,1.3949048899812624,0.17771779897157103,0.349025390625,2.1647446119459346,0.0036095889007650285
2976,16384,1178123,1652976,1809596928,0.28699571709148586,1.4186812459956855,0.17463763896375895,0.3524500732421875,2.2328400230035186,0.003374523460009785
2977,16384,1177009,1655209,1807885824,0.24477035808376968,1.405203451984562,0.17321319796610624,0.3547818603515625,2.1780333910137415,0.0029624260127213567
2978,16384,1182619,1659843,1816502784,0.23891557299066335,1.410474136006087,0.17424249008763582,0.3476388854980469,2.171343758003786,0.00334693302639512
2979,6172,538318,676906,826856448,0.10428566299378872,0.6443616630276665,0.07944679504726082,0.15014895629882813,0.9783171900780872,0.007575529827612745
2980,16384,1186269,1664850,1822109184,0.2596965109696612,1.4109713740181178,0.17596231598872691,0.3578554382324219,2.204560720943846,0.003405745834302502
2981,16384,1168748,1640685,1795196928,0.2512040709843859,1.4071060420246795,0.17101008002646267,0.3523053894042969,2.1817027250071988,0.0035358881157265183
2982,16384,1177028,1652761,1807915008,0.2633722600294277,1.4025814790511504,0.1734691949095577,0.352307373046875,2.1917902980931103,0.002737080100767625
2983,16384,1178126,1655634,1809601536,0.24037498293910176,1.4027518620714545,0.17684413597453386,0.3513060607910156,2.17135098495055,0.0034053994474779518
2984,16384,1183522,1661034,1817889792,0.24298133503179997,1.419472603010945,0.17794556100852787,0.33850421142578124,2.178969543077983,0.0030212721943720187
2985,6172,538182,677925,826647552,0.10178962000645697,0.6443577239988372,0.07905109506100416,0.15376937866210938,0.9790403860388324,0.007412187633882012
2986,16384,1184916,1664137,1820030976,0.24666305107530206,1.4063736599637195,0.17373806005343795,0.3553519287109375,2.182203486096114,0.0035187503459655632
2987,16384,1168495,1640533,1794808320,0.2337570459349081,1.3926733550615609,0.18369044992141426,0.32844403076171874,2.1386427039979026,0.003638864881692977
2988,16384,1177300,1651464,1808332800,0.2631725179962814,1.410703685018234,0.17361388797871768,0.3374826965332031,2.185048765037209,0.0034771540108534797
2989,16384,1177016,1654902,1807896576,0.2584457650082186,1.4004538860172033,0.17433003906626254,0.3385813293457031,2.171883161063306,0.0033216163379193604
2990,16384,1183716,1660988,1818187776,0.233430594089441,1.4148733859183267,0.17638298799283803,0.34404791259765627,2.1688100690953434,0.0034668087423942603
2991,6172,537823,677029,826096128,0.09899623307865113,0.6448992720106617,0.07953569397795945,0.15210986328125,0.9756210530176759,0.008198948649809624
2992,16384,1185305,1665565,1820628480,0.24722101306542754,1.4120084040332586,0.17368999391328543,0.3380079345703125,2.1709996520075947,0.0033305590465612885
2993,16384,1168763,1641174,1795219968,0.2305109859444201,1.4005812320392579,0.1752484190510586,0.3526776428222656,2.159091301029548,0.0033820326408201817
2994,16384,1177125,1651435,1808064000,0.25049546104855835,1.404510798980482,0.1739703359780833,0.3356198425292969,2.1646798530127853,0.003853432471722998
2995,16384,1176475,1653997,1807065600,0.27273012592922896,1.4035986420931295,0.17725207190960646,0.35577194213867186,2.209426017012447,0.0033146591579231847
2996,16384,1183490,1661057,1817840640,0.24884652497712523,1.4177177749807015,0.17443436803296208,0.3579261474609375,2.1989874579012394,0.0028486951704906863
2997,6172,538141,676949,826584576,0.09814220992848277,0.6419379230355844,0.07871094101574272,0.14484690856933594,0.9637040959205478,0.006860339359552252
2998,16384,1183775,1661757,1818278400,0.2579274899326265,1.4170923019992188,0.17699043406173587,0.33319500732421875,2.1852960539981723,0.004155989766516366
2999,16384,1168356,1639646,1794594816,0.2694892550352961,1.3953467769315466,0.17309831408783793,0.35189459228515624,2.189915394061245,0.003947902354705232
3000,16384,1177487,1650853,1808620032,0.3058604949619621,1.4085905310930684,0.1733104089507833,0.3525350952148438,2.2403856300516054,0.003976986361312545
3001,16384,1176623,1655417,1807292928,0.32605609600432217,1.4079142180271447,0.17294585704803467,0.35432858276367185,2.261333081056364,0.003905979792652642
3002,16384,1183239,1660368,1817455104,0.33895528805442154,1.4131060260115191,0.17555349599570036,0.33910293579101564,2.2668148410739377,0.004283332697560497
3003,6172,538094,676952,826512384,0.1358420429751277,0.642636577016674,0.08245840005110949,0.15352156066894532,1.0145393890561536,0.00796502779180528
3004,16384,1184288,1662312,1819066368,0.32452578202355653,1.4028462549904361,0.1734078360022977,0.3579916076660156,2.2588430229807273,0.0031672098367875223
3005,16384,1169504,1643094,1796358144,0.2989675860153511,1.3732310989871621,0.1728507560910657,0.3408709716796875,2.1859986670315266,0.003579794418003445
3006,16384,1177104,1650566,1808031744,0.3091519740410149,1.3980797729454935,0.17230521305464208,0.3524803466796875,2.2320751709630713,0.0025923966623552794
3007,16384,1176349,1653683,1806872064,0.2945763999596238,1.4013645210070536,0.17185689299367368,0.353602783203125,2.2214714270085096,0.0031884202593131894
3008,16384,1183921,1661872,1818502656,0.26706886501051486,1.4079459389904514,0.17443763394840062,0.3535133056640625,2.2030392149463296,0.0033349988689168404
3009,6172,538001,676440,826369536,0.10389171598944813,0.6422010459937155,0.0801585610024631,0.15247906494140626,0.9788086669286713,0.007997375205502132
3010,16384,1186186,1664859,1821981696,0.2690118779428303,1.4099822000134736,0.17357774497941136,0.3591457824707031,2.211776096955873,0.0026445511159601683
3011,16384,1168239,1640248,1794415104,0.24971470306627452,1.3953922759974375,0.17073140491265804,0.3515899658203125,2.1674847250105813,0.002600950920132587
3012,16384,1176252,1650207,1806723072,0.29091621399857104,1.403381754993461,0.17203798599075526,0.3387792663574219,2.2051779880421236,0.002846332688542433
3013,16384,1176579,1653595,1807225344,0.27021733799483627,1.4121300370898098,0.17430160997901112,0.35357513427734377,2.2102833380922675,0.0026792380074583655
3014,16384,1184039,1661634,1818683904,0.2469682430382818,1.4153222210006788,0.17539077100809664,0.355662353515625,2.1934023030335084,0.0026768673829223257
3015,6172,537279,676168,825260544,0.09805104602128267,0.6451252039987594,0.07973828399553895,0.14997471618652344,0.9729463640833274,0.005870198330683981
3016,16384,1186884,1666051,1823053824,0.24496787891257554,1.416263057035394,0.17584987601730973,0.34390304565429686,2.1810414959909394,0.002642699438284296
3017,16384,1168570,1642086,1794923520,0.24185567605309188,1.3977456300053746,0.17324910301249474,0.3517552185058594,2.1646631920011714,0.002659278568762929
3018,16384,1176998,1651684,1807868928,0.25620072497986257,1.4065570579841733,0.1744052020367235,0.3522169189453125,2.18944373796694,0.00291553602227397
3019,16384,1177176,1653520,1808142336,0.24420629406813532,1.4083227600203827,0.1743223569355905,0.3537386474609375,2.18064983910881,0.002741413256338868
3020,16384,1183624,1662750,1818046464,0.24035411805380136,1.4125086410203949,0.17533963092137128,0.3575328979492188,2.185793437063694,0.00266032086662649
3021,6172,538026,676479,826407936,0.09695072891190648,0.6311637400649488,0.07947396894451231,0.15049063110351563,0.9581437739543617,0.006753154509512232
3022,16384,1185338,1663782,1820679168,0.23874652292579412,1.4143921700306237,0.17612647404894233,0.35768130493164063,2.187004962004721,0.002674436900530896
3023,16384,1168819,1642312,1795305984,0.236785231041722,1.4007647329708561,0.17340913601219654,0.3511993408203125,2.1622207490727305,0.002881677445279993
3024,16384,1176321,1649711,1806829056,0.25374570791609585,1.4073871570872143,0.17443858995102346,0.356470458984375,2.192101707914844,0.00272770081423981
3025,16384,1179332,1655941,1811453952,0.2415614950004965,1.4124417799757794,0.1749080689623952,0.3380954895019531,2.167065861984156,0.0027238924560301723
3026,16384,1182323,1661088,1816048128,0.2379533580970019,1.4141166439512745,0.17527646804228425,0.3534564514160156,2.180861280998215,0.0026759836651362337
3027,6172,537409,676670,825460224,0.09451516100671142,0.6454932950437069,0.07962286798283458,0.15315750122070312,0.9728476459858939,0.006046242922060946
3028,16384,1185543,1664232,1820994048,0.2357509359717369,1.4181892980122939,0.17596888402476907,0.3334814453125,2.1634508959250525,0.0027887207362148883
3029,16384,1169881,1642019,1796937216,0.23465491097886115,1.4015851049916819,0.17354324297048151,0.3501736755371094,2.16001452493947,0.002666207132929215
3030,16384,1177000,1651339,1807872000,0.2507627330487594,1.4081847029738128,0.17460239003412426,0.3518765258789063,2.1854827780043706,0.002581858312293857
3031,16384,1176152,1653182,1806569472,0.23792555497493595,1.4070195510284975,0.17413296399172395,0.3497313537597656,2.1688696700148284,0.002777772253364289
3032,16384,1182023,1660369,1815587328,0.23597342194989324,1.4135874450439587,0.17543784400913864,0.3445262756347656,2.1695823449408635,0.0026437486109208387
3033,6172,537974,676468,826328064,0.09436327498406172,0.6478364960057661,0.07990463392343372,0.15117529296875,0.9733395469374955,0.006148836310233141
3034,16384,1186848,1665610,1822998528,0.2346934819361195,1.4166281470097601,0.1758977989666164,0.35146188354492186,2.1787416079314426,0.0027674908215518847
3035,16384,1167502,1640862,1793283072,0.23231579805724323,1.3959472749847919,0.17333018395584077,0.3515,2.1531563251046464,0.002929100225331042
3036,16384,1178626,1653405,1810369536,0.27226798504125327,1.412857134011574,0.17496160801965743,0.3569375610351562,2.21708267100621,0.0026333207747489275
3037,16384,1177528,1654607,1808683008,0.23801494797226042,1.3886648039333522,0.17485257005319,0.33586114501953124,2.1374515389325097,0.0027168781662795863
3038,16384,1183101,1661003,1817243136,0.23525332601275295,1.414991536992602,0.17545958701521158,0.35538330078125,2.181150109041482,0.00285896139872372
3039,6172,537465,676617,825546240,0.09387548000086099,0.6497703760396689,0.08064776298124343,0.14996400451660155,0.9743224510457367,0.006653598846278215
3040,16384,1186360,1664642,1822248960,0.2786198619287461,1.4210045170038939,0.17851545999292284,0.35343869018554686,2.2316456309054047,0.003006830177962912
3041,16384,1168017,1642119,1794074112,0.2783595980145037,1.4032295240322128,0.17568719200789928,0.3532658996582031,2.2106137870578095,0.003237713679783448
3042,16384,1176838,1650796,1807623168,0.31594609399326146,1.4133942539338022,0.17612093104980886,0.3555341491699219,2.2610611929558218,0.0029085815648116904
3043,16384,1177680,1654900,1808916480,0.3256722619989887,1.4134603519923985,0.17569746205117553,0.33933731079101564,2.2542349830036983,0.0029986301618789963
3044,16384,1181143,1659727,1814235648,0.34070621989667416,1.4117489700438455,0.1758964949985966,0.36488809204101563,2.293310767970979,0.00309556785057896
3045,6172,537817,677028,826086912,0.13337287795729935,0.6440081370528787,0.07948921003844589,0.15061996459960938,1.007549092057161,0.005846108084662452
3046,16384,1186589,1664718,1822600704,0.31627833703532815,1.414899765048176,0.17597538488917053,0.3586358337402344,2.265847929054871,0.0025865964441267033
3047,16384,1168382,1641513,1794634752,0.29630514699965715,1.394656775984913,0.17333464801777154,0.3340286865234375,2.1983882939675823,0.0028673934434515504
3048,16384,1176626,1650670,1807297536,0.3001159329432994,1.4062873859656975,0.17427589499857277,0.35517727661132814,2.2359197839396074,0.0028307554306959528
3049,16384,1175575,1653753,1805683200,0.27625931706279516,1.4077423989074305,0.17405823606532067,0.35299755859375,2.2111145929666236,0.0025816091806696306
3050,16384,1182214,1660474,1815880704,0.2635838689748198,1.4148800340481102,0.1759110629791394,0.36180023193359373,2.2162436610087752,0.0030891491904311845
3051,6172,537586,675677,825732096,0.10093018400948495,0.6465372419916093,0.07949402800295502,0.15368086242675782,0.9807023030007258,0.00611669512094898
3052,16384,1186369,1665748,1822262784,0.25974618399050087,1.4170673090266064,0.1761242769425735,0.3577318420410156,2.2107277809409425,0.002631212252697528
3053,16384,1169937,1643014,1797023232,0.25049950391985476,1.4001998490421101,0.1750911589479074,0.35065780639648436,2.1765115259913728,0.0029040822555455896
3054,16384,1178198,1652491,1809712128,0.2650213229935616,1.4096232450101525,0.17497968196403235,0.354362548828125,2.2040461249416694,0.0026916925706036896
3055,16384,1177181,1656248,1808150016,0.2523985339794308,1.408710336079821,0.17467057099565864,0.35341384887695315,2.1892511780606583,0.0026441976770231112
3056,16384,1182601,1659665,1816475136,0.24671843298710883,1.4159560840344056,0.17572751198895276,0.3364371643066406,2.1748972589848563,0.0026698119880746982
3057,6172,537765,676425,826007040,0.0987481470219791,0.6459680359112099,0.07990034599788487,0.15511112976074218,0.9797876400407404,0.00612187238061934
3058,16384,1186555,1664285,1822548480,0.27034070098306984,1.4178700830088928,0.17597328906413168,0.353509521484375,2.217754401965067,0.002741846641966947
3059,16384,1167760,1641712,1793679360,0.24303164100274444,1.3967197430320084,0.1733133599627763,0.35184234619140625,2.164969392004423,0.002877722692874469
3060,16384,1177434,1651084,1808538624,0.25827321398537606,1.4086824930272996,0.17464932496659458,0.34936630249023437,2.1910356750013307,0.002936535108031668
3061,16384,1177109,1654609,1808039424,0.24519933492410928,1.407550586038269,0.1744774580001831,0.35139215087890624,2.178683641948737,0.002942699253571488
3062,16384,1181651,1659630,1815015936,0.24097974109463394,1.4146900749765337,0.17541719297878444,0.33628692626953127,2.1674326300853863,0.002708031847837974
3063,6172,538077,676974,826486272,0.09682325692847371,0.6468445550417528,0.07975123496726155,0.15369952392578126,0.9771779730217531,0.0060789498048331985
3064,16384,1184747,1664417,1819771392,0.2388332060072571,1.4152231640182436,0.1755641350755468,0.3549414367675781,2.1846205150941387,0.002681162476880972
3065,16384,1167683,1640333,1793561088,0.23865696194116026,1.3972329640528187,0.17321226093918085,0.35368435668945314,2.162842510966584,0.002587675417304145
3066,16384,1177313,1651327,1808352768,0.25422570295631886,1.4105709890136495,0.17440227000042796,0.3412724609375,2.18053124693688,0.0027435529331470126
3067,16384,1176148,1654608,1806563328,0.24109910998959094,1.4098749900003895,0.17443962302058935,0.3355025939941406,2.1609767889603972,0.0027983621108682395
3068,16384,1182391,1660112,1816152576,0.23797374893911183,1.4168058109935373,0.17521566606592387,0.3441658020019531,2.174224667949602,0.0029270180774783124
3069,6172,537123,676046,825020928,0.09529572690371424,0.6456099980277941,0.07950542401522398,0.15148570251464843,0.9719591239700094,0.006406906123203442
3070,16384,1185013,1664443,1820179968,0.23589550307951868,1.3935492329765111,0.17531224293634295,0.3518232421875,2.156643916037865,0.002953424880145307
3071,16384,1167102,1640715,1792668672,0.23499779496341944,1.3956602630205452,0.17328405496664345,0.3546639404296875,2.1586695349542424,0.002940773143778675
3072,16384,1177944,1651012,1809321984,0.2510056489845738,1.4101668969960883,0.17477303801570088,0.35352288818359373,2.1895297210430726,0.002797352441820379
3073,16384,1176215,1656041,1806666240,0.2391858259215951,1.4074256260646507,0.174371951026842,0.34986367797851564,2.1709063060116023,0.002728124186423133
3074,16384,1183638,1662068,1818067968,0.26508944609668106,1.4175967349437997,0.17535839695483446,0.3569815368652344,2.21508574008476,0.0026917795158644306
3075,6172,538890,677759,827735040,0.09460550593212247,0.6475225840695202,0.07987972896080464,0.14587171936035156,0.9679403980262578,0.006287546586847225
3076,16384,1186143,1663931,1821915648,0.2341071639675647,1.4184018529485911,0.176164883072488,0.357723876953125,2.186454707989469,0.0026038064036759427
3077,16384,1168429,1641441,1794706944,0.2327343119541183,1.3990301509620622,0.1733540310524404,0.35389913940429685,2.1590784719446674,0.0028178027126067938
3078,16384,1178881,1652058,1810761216,0.24950310599524528,1.413814207073301,0.17492076696362346,0.35143331909179687,2.1897300250129774,0.002677311282271308
3079,16384,1177396,1656485,1808480256,0.23913101595826447,1.4107597910333425,0.17449228093028069,0.35237673950195314,2.17682352301199,0.002926079559315541
3080,16384,1183392,1661096,1817690112,0.236439845059067,1.4182954858988523,0.17664361302740872,0.3345325927734375,2.165979488985613,0.0031372516310860265
3081,6172,538102,676589,826524672,0.09959123400039971,0.6480757830431685,0.08090021298266947,0.14952931213378906,0.97816264803987,0.006758168488206504
3082,16384,1185535,1664173,1820981760,0.2662951910169795,1.4201396340504289,0.17689970799256116,0.35531585693359374,2.2187227280810475,0.0032603482430923307
3083,16384,1168560,1641350,1794908160,0.31327588902786374,1.405489320983179,0.174632110982202,0.35366278076171875,2.247126269969158,0.002944570364324975
3084,16384,1178836,1652537,1810692096,0.32764617598149925,1.4166297880001366,0.17620872508268803,0.33185162353515624,2.252403420046903,0.002979370694686692
3085,16384,1176681,1655245,1807382016,0.33414429193362594,1.411754852044396,0.17566491500474513,0.35339004516601563,2.2750195539556444,0.0028768898600427307
3086,16384,1182638,1660492,1816531968,0.3497361239278689,1.4139658600324765,0.17527479398995638,0.3496627197265625,2.288719375967048,0.0034900866844073375
3087,6172,538825,677373,827635200,0.12898102193139493,0.6459635170176625,0.07986083999276161,0.15405325317382812,1.0089195009786636,0.006033074289606731
3088,16384,1185043,1663274,1820226048,0.33656567602884024,1.4118357199477032,0.17587621102575213,0.33702850341796875,2.2613699299981818,0.002822164435409643
3089,16384,1167283,1640248,1792946688,0.308548363042064,1.3954280719626695,0.17313128896057606,0.36133279418945313,2.238500604988076,0.002684244676058664
3090,16384,1177641,1650908,1808856576,0.29340106796007603,1.4096510040108114,0.17496416193898767,0.35652886962890623,2.234605702920817,0.002711860170959932
3091,16384,1177845,1655866,1809169920,0.27032013901043683,1.4110796890454367,0.17466566094662994,0.34102459716796873,2.1971474509919062,0.0026108771811390093
3092,16384,1182237,1660157,1815916032,0.2589505260111764,1.414982781978324,0.17539293505251408,0.362141357421875,2.2115274890093133,0.0027080172288765944
3093,6172,537624,676187,825790464,0.1025024299742654,0.646620744955726,0.0796336909988895,0.1498645782470703,0.9786801879527047,0.006002346576199562
3094,16384,1185450,1663282,1820851200,0.2564006269676611,1.4168316409923136,0.1758119009900838,0.33684466552734377,2.1859495899407193,0.002779362506654761
3095,16384,1168899,1641474,1795428864,0.2505228490335867,1.3984368529636413,0.17332398693542928,0.35067660522460936,2.173018340021372,0.002671209121249338
3096,16384,1176649,1649675,1807332864,0.26451014797203243,1.408236899995245,0.1747237560339272,0.35466485595703123,2.2021920739207417,0.0025617185337265948
3097,16384,1178437,1655941,1810079232,0.25114034302532673,1.4123531070072204,0.17492618702817708,0.3504490966796875,2.1889279281022027,0.002704262713767676
3098,16384,1182820,1660563,1816811520,0.24644661298952997,1.4148408640176058,0.1754288279917091,0.3557278747558594,2.192506327992305,0.0028345750617741285
3099,6172,537180,676142,825108480,0.12677270593121648,0.6463410389842466,0.07948397903237492,0.15409910583496095,1.0067559109302238,0.0058684678960783145
3100,16384,1186907,1665202,1823089152,0.24384199804626405,1.41760757798329,0.17610656400211155,0.3580898132324219,2.195703907054849,0.00263941739026145
3101,16384,1168007,1641086,1794058752,0.24008338700514287,1.3967754730256274,0.17323212197516114,0.3511805419921875,2.1613296450814232,0.002689135525284293
3102,16384,1177913,1651708,1809274368,0.25963201303966343,1.3888411229709163,0.17503047408536077,0.3546363525390625,2.178200288093649,0.0027695092584234665
3103,16384,1177799,1656225,1809099264,0.24455247400328517,1.4103603860130534,0.1750658869277686,0.33232821655273437,2.162365554017015,0.002709556673453064
3104,16384,1183042,1660175,1817152512,0.24126793502364308,1.416997886961326,0.17563629697542638,0.3565892333984375,2.1905509639764205,0.002721307039544312
3105,6172,537524,675957,825636864,0.09636592608876526,0.6474176549818367,0.07965486298780888,0.15016864013671874,0.9736675500171259,0.006210109600068922
3106,16384,1185788,1663805,1821370368,0.23939774907194078,1.415764027973637,0.17596331203822047,0.33734530639648436,2.1685285000130534,0.0026794451984674165
3107,16384,1169242,1641750,1795955712,0.23923144198488444,1.3995404129382223,0.1735032560536638,0.34809881591796876,2.1604336659656838,0.0027651425676868
3108,16384,1176993,1650605,1807861248,0.2536653591087088,1.4081141399219632,0.1746035129763186,0.33072381591796873,2.1671621550340205,0.0025529750477043056
3109,16384,1176616,1655943,1807282176,0.24023364705499262,1.4083845069399104,0.1741796169662848,0.3515368957519531,2.1743923680623993,0.002653676958499481
3110,16384,1182462,1659556,1816261632,0.23758696299046278,1.414697689935565,0.17572085105348378,0.33328369140625,2.16135648090858,0.003113115463027715
3111,6172,538050,676185,826444800,0.09526716498658061,0.6465645369607955,0.07992298703175038,0.15113023376464843,0.972943642991595,0.006035318514390215
3112,16384,1186531,1664246,1822511616,0.23723624693229795,1.4150403690291569,0.1758711370639503,0.3551745300292969,2.1833802009932697,0.0026526730681834193
3113,16384,1168848,1642039,1795350528,0.2331761959940195,1.3994627619395033,0.1735791329992935,0.34984429931640626,2.1561219149734825,0.0027607309144475653
3114,16384,1177282,1650330,1808305152,0.24993054289370775,1.4085057930788025,0.17463565000798553,0.3505379638671875,2.183670219965279,0.0027600375296940984
3115,16384,1176926,1654322,1807758336,0.23810701409820467,1.408626084914431,0.1747474370058626,0.3444764404296875,2.1660182559862733,0.0028291330379175477
3116,16384,1182244,1659925,1815926784,0.23536835191771388,1.4143140000524,0.17529585398733616,0.36229605102539064,2.187333946931176,0.002728890502472515
3117,6172,538079,677763,826489344,0.09436415100935847,0.6470939320279285,0.0797990330029279,0.14957225036621094,0.9708861949620768,0.005853266422564974
3118,16384,1186393,1664876,1822299648,0.2339492649771273,1.4157173009589314,0.17933829710818827,0.33892169189453125,2.1679846469778568,0.002679541073303904
3119,16384,1169413,1642706,1796218368,0.23225065600126982,1.4008270420599729,0.17401631001848727,0.353382080078125,2.1605355760548264,0.002753386596861676
3120,16384,1177345,1650724,1808401920,0.24975923099555075,1.4092435200000182,0.17473838105797768,0.33084466552734376,2.1646444310899824,0.0027086900855324844
3121,16384,1177567,1655552,1808742912,0.23802421195432544,1.4077490880154073,0.17475220595952123,0.3524672546386719,2.173053085920401,0.0027760643707229753
3122,16384,1184469,1661814,1819344384,0.23509563808329403,1.4200148429954425,0.1771379039855674,0.3328865966796875,2.1652062340872362,0.0032907878299506966
3123,6172,538159,676887,826612224,0.10268502507824451,0.6482910149497911,0.08079641999211162,0.15150924682617187,0.9833477480569854,0.006715956872512945
3124,16384,1186068,1663330,1821800448,0.2764374320395291,1.4202056139474735,0.17666240397375077,0.3599363708496094,2.2333112920168787,0.0031106817381093537
3125,16384,1169110,1641828,1795752960,0.2973892940208316,1.404507617931813,0.17455935606267303,0.35247344970703126,2.2290023219538853,0.003257252395886595
3126,16384,1178245,1652439,1809784320,0.3314599529840052,1.4136389250634238,0.1769830429693684,0.33141580200195314,2.25356255506631,0.002876869222627475
3127,16384,1175513,1653877,1805587968,0.3363290160195902,1.4083505399757996,0.17428808298427612,0.3386312255859375,2.2576708999695256,0.0031906955049685356
3128,16384,1183679,1660754,1818130944,0.33807869197335094,1.4118286130251363,0.17555503593757749,0.35622552490234377,2.281762901926413,0.0032885138040198475
3129,6172,537933,676456,826265088,0.12442259909585118,0.6444735149852931,0.0796236019814387,0.15097456359863282,0.9995547060389072,0.006045329717948715
3130,16384,1186728,1666390,1822814208,0.3031377410516143,1.4142965859500691,0.17580584506504238,0.35732827758789065,2.250625924090855,0.0025537089759368366
3131,16384,1168587,1640619,1794949632,0.2821880850242451,1.3941603020066395,0.17326295794919133,0.35225668334960936,2.201929547940381,0.002793895506465779
3132,16384,1177107,1651538,1808036352,0.288010720978491,1.4091129680164158,0.17480664292816073,0.35329925537109375,2.2252929200185463,0.0028460398995170983
3133,16384,1176933,1656682,1807769088,0.2674023250583559,1.4080169890075922,0.1746422229334712,0.3564251708984375,2.206547599984333,0.002759609014399984
3134,16384,1182164,1659837,1815803904,0.2587277260608971,1.3991784629179165,0.17545162606984377,0.36158123779296875,2.1950001569930464,0.0027837880205062483
3135,6172,537819,677556,826089984,0.10289921390358359,0.6477101310156286,0.07980936102103442,0.14966339111328125,0.9801411179360002,0.006021671919726874
3136,16384,1185511,1663681,1820944896,0.2546386410249397,1.4163893710356206,0.17568834801204503,0.3581759033203125,2.2049519550055265,0.002707161599293
3137,16384,1168651,1642560,1795047936,0.2491593980230391,1.3985142280580476,0.17347035196144134,0.35118252563476565,2.172386503079906,0.002761911958457294
3138,16384,1176830,1651177,1807610880,0.26527209591586143,1.4083393800538033,0.17478149093221873,0.3562530517578125,2.2047053968999535,0.002693250551347243
3139,16384,1177667,1655041,1808896512,0.25085310090798885,1.4111841480480507,0.17470412398688495,0.35191079711914064,2.1887151839910075,0.0028790374098591268
3140,16384,1183180,1662341,1817364480,0.27556705300230533,1.4181896230438724,0.17570753989275545,0.3567846984863281,2.226309680030681,0.0027294318470133788
3141,6172,538410,676879,826997760,0.0980941680027172,0.6487855979939923,0.07979366707149893,0.14607321166992188,0.9728083109948784,0.006338993617870898
3142,16384,1186934,1664377,1823130624,0.2437692009843886,1.4189180760877207,0.17604684794787318,0.3580194091796875,2.1968161650002003,0.002850980502060146
3143,16384,1166854,1638595,1792287744,0.24112968402914703,1.3969377550529316,0.1731567089445889,0.35563528442382814,2.166917557013221,0.0026823615202830925
3144,16384,1178205,1651457,1809722880,0.25783328397665173,1.4128704509930685,0.1751422049710527,0.3323249816894531,2.1782312489813194,0.002769556773253766
3145,16384,1175785,1653533,1806005760,0.24376939295325428,1.4086941150017083,0.1747047919780016,0.35099282836914064,2.178221492911689,0.002771279678429779
3146,16384,1183251,1660892,1817473536,0.24218844005372375,1.4164556979667395,0.17561252205632627,0.337723876953125,2.172038273070939,0.0026581502609950504
3147,6172,537251,676350,825217536,0.09607710700947791,0.6470694920280948,0.07970983593259007,0.15070809936523438,0.9736222139326856,0.005924227740802754
3148,16384,1184813,1662329,1819872768,0.25925840297713876,1.4157241390785202,0.17593553196638823,0.35599130249023436,2.206973665044643,0.002912972337634226
3149,16384,1168155,1640456,1794286080,0.23685078299604356,1.3986751079792157,0.17341172497253865,0.35052935791015627,2.159533167956397,0.00306520406469107
3150,16384,1176926,1650553,1807758336,0.25310997397173196,1.4097470080014318,0.1747942860238254,0.356032958984375,2.1937516399193555,0.003072952141194701
3151,16384,1177467,1655349,1808589312,0.2422573739895597,1.4116148930042982,0.17497470101807266,0.3555645751953125,2.1844707059208304,0.0027083317449369372
3152,16384,1182940,1660912,1816995840,0.2436126279644668,1.4163017910905182,0.1754614319652319,0.33627517700195314,2.1717108050361276,0.002752531037687358
3153,6172,538325,677254,826867200,0.09535454004071653,0.6471943500218913,0.07978164101950824,0.15077976989746095,0.9731697660172358,0.00611044852967654
3154,16384,1185290,1664922,1820605440,0.23687127698212862,1.4166117339627817,0.1757799640763551,0.35388180541992187,2.183203040040098,0.0026685378245834513
3155,16384,1167993,1641416,1794037248,0.2344827310880646,1.3999011749401689,0.17311917105689645,0.3488208312988281,2.1563872010447085,0.00293512504247871
3156,16384,1177673,1650775,1808905728,0.2516617450164631,1.4097897040192038,0.1749980360036716,0.34800445556640625,2.18451697495766,0.0028855052461304966
3157,16384,1176364,1655751,1806895104,0.23950140096712857,1.4068992220563814,0.17466384801082313,0.3327275695800781,2.153863277984783,0.003307423043054471
3158,16384,1182028,1660414,1815595008,0.23503084294497967,1.415581125067547,0.17576753301545978,0.36279165649414064,2.189229723997414,0.0026752092137821396
3159,6172,538152,676800,826601472,0.09432525793090463,0.6472673470852897,0.07984344696160406,0.14992803955078124,0.9714242819463834,0.006196099780747422
3160,16384,1184617,1664621,1819571712,0.23506957106292248,1.4158582460368052,0.17573079490102828,0.33793585205078125,2.1646528280107304,0.002696227239670334
3161,16384,1168022,1641416,1794081792,0.23390235798433423,1.3972014361061156,0.1732779738958925,0.3530076904296875,2.157447770005092,0.0027028042056417142
3162,16384,1178130,1652809,1809607680,0.2514692529803142,1.4102313660550863,0.17480899998918176,0.3323911437988281,2.1689581539249048,0.002646021611363103
3163,16384,1176499,1654772,1807102464,0.2397133259801194,1.4074498930713162,0.17461470398120582,0.3531549072265625,2.174995582085103,0.0028851472810322034
3164,16384,1183991,1662380,1818610176,0.23567313991952688,1.4242313640424982,0.17800806800369173,0.3373328857421875,2.175315864966251,0.0032366452835900575
3165,6172,538452,677536,827062272,0.14313263003714383,0.6504512189421803,0.07992843410465866,0.1555182647705078,1.0290967440232635,0.006432453426497917
3166,16384,1186517,1665640,1822490112,0.2868413260439411,1.422966159065254,0.17702796694356948,0.357258544921875,2.244164086994715,0.0031232128025571373
3167,16384,1167996,1640923,1794041856,0.30347615596838295,1.3877428399864584,0.175770033034496,0.35052679443359375,2.217584186932072,0.0030827920555892463
3168,16384,1177116,1651267,1808050176,0.3393664410104975,1.4130913219414651,0.1760087370639667,0.351519775390625,2.2800551769323647,0.0030219236142734435
3169,16384,1176274,1655382,1806756864,0.36584061896428466,1.4050546979997307,0.17448106803931296,0.35041021728515626,2.295859785983339,0.0031876378209692432
3170,16384,1182345,1659538,1816081920,0.32784857403021306,1.411094474955462,0.17525628698058426,0.3382281494140625,2.252489647944458,0.002759726962247587
3171,6172,537544,676266,825667584,0.14973045396618545,0.6450700450222939,0.0782782199094072,0.1536342010498047,1.0267775759566575,0.006296982957198241
3172,16384,1185888,1664243,1821523968,0.291676321066916,1.4100412579718977,0.17340412503108382,0.3597501220703125,2.234929857077077,0.002596543989208439
3173,16384,1167964,1641639,1793992704,0.27608173503540456,1.3892093639587983,0.1708043060498312,0.35168603515625,2.1878413590602577,0.0027387205075706414
3174,16384,1179259,1651960,1811341824,0.2816106079844758,1.4079495270270854,0.17223263694904745,0.35361074829101563,2.2154636569321156,0.0027144060929707695
3175,16384,1175715,1653534,1805898240,0.25992870493792,1.405348799075,0.1718717699404806,0.35642401123046874,2.1936311880126595,0.0026395881452992032
3176,16384,1182622,1661190,1816507392,0.2571615430060774,1.4146885019727051,0.17284869402647018,0.35583187866210936,2.200588971027173,0.0026517155442990817
3177,6172,537904,676959,826220544,0.1323924990138039,0.6444626710144803,0.07850397704169154,0.15023020935058592,1.0056481349747628,0.005844842958188064
3178,16384,1186156,1665473,1821935616,0.2524832079652697,1.4130630979780108,0.17327617411501706,0.33966259765625,2.1785456800134853,0.0027817777471349143
3179,16384,1168005,1640806,1794055680,0.2451551229460165,1.3939607890788466,0.17069772200193256,0.3507725830078125,2.16064598003868,0.0027659785371737583
3180,16384,1177450,1650834,1808563200,0.2603271510452032,1.4049647849751636,0.17224557197187096,0.3421168212890625,2.1797153890365735,0.00280127192661841
3181,16384,1177602,1656229,1808796672,0.24665163992904127,1.4072732710046694,0.17241945501882583,0.3509234008789063,2.1773229379905388,0.002533898767761173
3182,16384,1182281,1660165,1815983616,0.24327026400715113,1.4095977939432487,0.1727191280806437,0.33217147827148436,2.1578277689404786,0.003202509437746023
3183,6172,538005,676092,826375680,0.09692421392537653,0.6447833119891584,0.07851028407458216,0.15296681213378907,0.9732454849872738,0.0062535984298431385
3184,16384,1185429,1662999,1820818944,0.24263945396523923,1.4105700800428167,0.1734982079360634,0.35505926513671876,2.1818235649261624,0.002592228181674637
3185,16384,1168940,1642069,1795491840,0.23786831297911704,1.3957758699543774,0.17115024500526488,0.3500008544921875,2.154854184947908,0.002733480407756817
3186,16384,1178019,1651347,1809437184,0.25309619994368404,1.406315193977207,0.1724273080471903,0.3509443054199219,2.1828435600036755,0.00277402452387291
3187,16384,1176883,1655453,1807692288,0.24027932900935411,1.4020411360543221,0.1722907079383731,0.351324462890625,2.1659928649896756,0.002642164613114557
3188,16384,1182430,1659736,1816212480,0.23860814003273845,1.4121192990569398,0.1731023689499125,0.3515909423828125,2.1754791710991412,0.002685416505665091
3189,6172,537286,675846,825271296,0.09489427204243839,0.6452898279530928,0.07864313304889947,0.15061045837402343,0.9694963650545105,0.0060519707109160095
3190,16384,1184953,1663188,1820087808,0.23663887300062925,1.4111999000888318,0.17366724694147706,0.35389285278320315,2.1754658260615543,0.003077651076418692
3191,16384,1167633,1640924,1793484288,0.23466606601141393,1.3939266549423337,0.17069606704171747,0.35055899047851563,2.1499059279449284,0.0027047449003183613
3192,16384,1176316,1651192,1806821376,0.2505182030145079,1.4054464510409161,0.1714367369422689,0.3519503173828125,2.1794092659838498,0.002640972682034419
3193,16384,1176440,1654378,1807011840,0.23864532995503396,1.4048454000148922,0.17208362300880253,0.3530714416503906,2.1687106939498335,0.002992530119163224
3194,16384,1184431,1662389,1819286016,0.23747411801014096,1.4113154689548537,0.17342201306018978,0.3532247619628906,2.1754946190631017,0.002677877229216134
3195,6172,538513,676763,827155968,0.09402208705432713,0.6462288940092549,0.07869480096269399,0.15160826110839845,0.9706139080226421,0.006167734407358547
3196,16384,1185660,1665017,1821173760,0.23410163400694728,1.410065007978119,0.17322917003184557,0.3576612243652344,2.175113952020183,0.002616673852161321
3197,16384,1168844,1641479,1795344384,0.23232334200292826,1.3937086689984426,0.17077346402220428,0.3508138732910156,2.1476793070323765,0.00279179100853317
3198,16384,1175574,1650032,1805681664,0.24738649593200535,1.4030080520315096,0.17189193598460406,0.35593362426757813,2.178280140971765,0.002755970407038808
3199,16384,1177674,1656659,1808907264,0.23712674691341817,1.3779650640208274,0.17190220800694078,0.3427109680175781,2.129762866999954,0.0027176753847344727
3200,16384,1182877,1661782,1816899072,0.2333701190073043,1.4133689400041476,0.1726292090024799,0.3325583801269531,2.1519859650870785,0.00275638164727267
3201,6172,538484,677477,827111424,0.09355819795746356,0.6452041720040143,0.07870666205417365,0.15035990905761717,0.9678897670237347,0.0062843882163483725
3202,16384,1186783,1663961,1822898688,0.23237616592086852,1.41210294701159,0.17368267301935703,0.3554206848144531,2.1736543069127947,0.0033048560802650135
3203,16384,1169864,1643126,1796911104,0.2405304949497804,1.394933428033255,0.1716137519106269,0.351246826171875,2.1583961439318955,0.0033192640081152695
3204,16384,1178697,1653768,1810478592,0.24881614500191063,1.4069226969731972,0.1727420890238136,0.35431680297851564,2.182872170000337,0.0034100037520807184
3205,16384,1176816,1655456,1807589376,0.2368457680568099,1.4027955130441114,0.17227266798727214,0.35616455078125,2.1681577530689538,0.003655324406077338
3206,16384,1183501,1660584,1817857536,0.24323232006281614,1.4176764719886705,0.17487084993626922,0.354166015625,2.1900307789910585,0.003886766301139655
3207,6172,537422,675753,825480192,0.10930332995485514,0.6460665289778262,0.07876535505056381,0.1500780792236328,0.9842821049969643,0.006991063815647027
3208,16384,1186204,1664909,1822009344,0.2919901590794325,1.415454063913785,0.176193529041484,0.35674740600585936,2.240469104028307,0.0037468040775495413
3209,16384,1168224,1641580,1794392064,0.3092684020521119,1.3981936689233407,0.1725121820345521,0.3484281311035156,2.2284898940706626,0.003926872514650188
3210,16384,1176611,1650587,1807274496,0.3545739279361442,1.407017880002968,0.174208679003641,0.35507870483398435,2.2909654380055144,0.0037646237409866275
3211,16384,1177933,1655771,1809305088,0.34151667391415685,1.402563164010644,0.17911693104542792,0.3357262268066406,2.259008151013404,0.00376958518261333
3212,16384,1183295,1661210,1817541120,0.3609668960561976,1.40916896390263,0.17338988208211958,0.3578460083007812,2.3014453359646723,0.0031973656638280184
3213,6172,537973,676564,826326528,0.1293595270253718,0.6456991800805554,0.07879252592101693,0.1536372833251953,1.007563129067421,0.007405264556533551
3214,16384,1185593,1664957,1821070848,0.3004219610011205,1.4089918510289863,0.17594267695676535,0.3414761047363281,2.2269090940244496,0.0034352682583478076
3215,16384,1168325,1641454,1794547200,0.2782478550216183,1.387415310018696,0.17398735403548926,0.350413818359375,2.190138731035404,0.0033967528710046936
3216,16384,1177289,1651768,1808315904,0.291375931003131,1.4055864539695904,0.17397841706406325,0.3305372619628906,2.201553741004318,0.003437436172160626
3217,16384,1176674,1654243,1807371264,0.278794300975278,1.4054612499894574,0.17222325899638236,0.35643960571289063,2.2129939449951053,0.003412992668498603
3218,16384,1182505,1659718,1816327680,0.2723430129699409,1.412400964065455,0.17351882497314364,0.35497958374023436,2.2133154090261087,0.0032992711764857525
3219,6172,538270,676906,826782720,0.10497855499852449,0.645161370979622,0.07963617099449039,0.15126109313964844,0.981107376050204,0.007153746840768996
3220,16384,1185718,1663935,1821262848,0.2529971480835229,1.412408308009617,0.17368390993215144,0.35699908447265627,2.1961504780920222,0.002824378142259806
3221,16384,1168841,1641287,1795339776,0.26084118604194373,1.3953120319638401,0.17257412802428007,0.35396435546875,2.1827661760617048,0.003411934989081775
3222,16384,1177532,1652065,1808689152,0.2749659039545804,1.4120227319654077,0.17256727907806635,0.34151181030273436,2.2011376899899915,0.0031785694062117244
3223,16384,1177215,1655447,1808202240,0.25825020601041615,1.40620890900027,0.17329798499122262,0.355146728515625,2.1929796560434625,0.0034577395973340898
3224,16384,1181972,1660111,1815508992,0.2585456700762734,1.413702290970832,0.17477378400508314,0.3639830627441406,2.211064747069031,0.0027108782219563174
3225,6172,536903,675981,824683008,0.09547938406467438,0.6422731899656355,0.07882844295818359,0.14923660278320314,0.9658791570691392,0.006371117648841709
3226,16384,1184171,1663238,1818886656,0.24944939208216965,1.4186555970227346,0.17874654091428965,0.3446590576171875,2.191588534042239,0.0035566167940302307
3227,16384,1168138,1640796,1794259968,0.24340449809096754,1.3939961289288476,0.17111760203260928,0.33207528686523435,2.1406528510851786,0.0027718257768741096
3228,16384,1175470,1649069,1805521920,0.2634550930233672,1.4038776269881055,0.1722994620213285,0.35391571044921877,2.1936124209314585,0.002941652263761995
3229,16384,1177383,1655966,1808460288,0.24354603607207537,1.4103417649166659,0.17567193508148193,0.354572021484375,2.1841973960399628,0.0030051535398672342
3230,16384,1181861,1660220,1815338496,0.23815279197879136,1.4148711960297078,0.1726171059999615,0.36100100708007815,2.1867024110397324,0.002758031952087748
3231,6172,538013,676856,826387968,0.09475514793302864,0.6514908489771187,0.08203557098750025,0.14998851013183595,0.9783471439732239,0.00787715732754877
3232,16384,1186572,1665680,1822574592,0.2519348149653524,1.2665494580287486,0.17318733199499547,0.3593368835449219,2.0510661259759218,0.0028101210962084857
3233,16384,1168935,1641763,1795484160,0.24162950203754008,1.4030163940042257,0.17110440600663424,0.34825579833984377,2.164078911067918,0.0033645113078606156
3234,16384,1178796,1653081,1810630656,0.24973613396286964,1.4062875490635633,0.17237436992581934,0.35153521728515624,2.1800035380292684,0.0032232879733459082
3235,16384,1177191,1655120,1808165376,0.24449393502436578,1.4072834230028093,0.17234028794337064,0.33278692626953127,2.1569612129824236,0.002625950898220039
3236,16384,1182527,1660857,1816361472,0.23854884400498122,1.4124055240536109,0.17415009497199208,0.35287301635742185,2.178054915042594,0.003555266400918577
3237,6172,538095,676431,826513920,0.09698909800499678,0.6563768070191145,0.07962699607014656,0.1509904022216797,0.9840445379959419,0.006222754930291556
3238,16384,1184651,1662372,1819623936,0.2323385369963944,1.4166406888980418,0.17424805101472884,0.33357394409179686,2.1568592789117247,0.0026917801884513847
3239,16384,1168597,1641922,1794964992,0.2307228189893067,1.398762367083691,0.17126763495616615,0.35269454956054686,2.1535148380789906,0.0031329010641948677
3240,16384,1178190,1651237,1809699840,0.2483236900297925,1.4099117600126192,0.17235547490417957,0.35109844970703125,2.181748577975668,0.0027135721614910957
3241,16384,1175849,1654672,1806104064,0.2360102980164811,1.4072081689955667,0.17250992299523205,0.3555268249511719,2.1713134499732405,0.0026820178721478492
3242,16384,1181430,1659662,1814676480,0.270968156051822,1.4130069400416687,0.17314195993822068,0.3582230224609375,2.2154164999956265,0.003449532084713011
3243,6172,537984,676852,826343424,0.09603324893396348,0.6543963400181383,0.08215691102668643,0.14557907104492188,0.9782341119134799,0.007006593711575795
3244,16384,1186156,1664761,1821935616,0.23771710903383791,1.4104712730040774,0.18153810093645006,0.35771578979492186,2.1875149509869516,0.0033224100997232115
3245,16384,1168594,1642735,1794960384,0.2774626819882542,1.394431035965681,0.17170174303464592,0.3513570556640625,2.1950133360223845,0.0027707972768450675
3246,16384,1178558,1652703,1810265088,0.2537382410373539,1.4097140720114112,0.17602954094763845,0.3522430725097656,2.1917844500858337,0.0027157588266488192
3247,16384,1177596,1655986,1808787456,0.23394329904112965,1.4056562680052593,0.17360702494625002,0.3562205505371094,2.169485933962278,0.0027099245774999336
3248,16384,1183779,1661268,1818284544,0.23995658906642348,1.3340537239564583,0.17506294103804976,0.3569421997070312,2.1060818870319054,0.0031543533208020008
3249,6172,538378,676829,826948608,0.10672330704983324,0.6554778589634225,0.0841558100655675,0.15422642517089843,1.0006754139903933,0.009195063592568005
3250,16384,1186629,1665166,1822662144,0.291276671923697,1.4176655650371686,0.17583960795309395,0.3541738586425781,2.239047240000218,0.004088187245232932
3251,16384,1168769,1642426,1795229184,0.3081284880172461,1.4003350719576702,0.17341416305862367,0.35453857421875,2.2364833330502734,0.0029973752539374163
3252,16384,1177271,1652557,1808288256,0.3352822109591216,1.408694454934448,0.1732707660412416,0.33203018188476563,2.249343018978834,0.0029077450040124087
3253,16384,1177137,1655308,1808082432,0.33758910989854485,1.4049986370373517,0.17248486203607172,0.34051129150390624,2.2556465009693056,0.002775279433382297
3254,16384,1182772,1660648,1816737792,0.3246456360211596,1.4125328329391778,0.17934903397690505,0.35818630981445315,2.274799000006169,0.0037448255636372448
3255,6172,537682,676022,825879552,0.12659978703595698,0.6485159579897299,0.08004651602823287,0.1506980743408203,1.0059173890622333,0.005671804475542294
3256,16384,1184943,1664467,1820072448,0.2998179120477289,1.408173191943206,0.17360857303719968,0.3542545166015625,2.2359125149669126,0.0026083908393204577
3257,16384,1168862,1641773,1795372032,0.2785425919573754,1.3969738009618595,0.1751834279857576,0.3505732727050781,2.2013386519392952,0.0029781119396182316
3258,16384,1177318,1650328,1808360448,0.2810364270117134,1.4066320339916274,0.17623517999891192,0.33222833251953127,2.196190965012647,0.002686082030346709
3259,16384,1175111,1652755,1804970496,0.25941973901353776,1.403603169019334,0.1723542349645868,0.35397222900390624,2.1894076900789514,0.0026636463300493143
3260,16384,1181780,1659273,1815214080,0.26677737396676093,1.409567466005683,0.17297495692037046,0.36054879760742187,2.209933314938098,0.002928614968804561
3261,6172,537546,676135,825670656,0.0982743160566315,0.6439526659669355,0.07878048403654248,0.14557804870605467,0.9666429890785366,0.005945764157173588
3262,16384,1185843,1665044,1821454848,0.25182033993769437,1.4118145980173722,0.17480609705671668,0.3529661865234375,2.1914656879380345,0.0026679132206185053
3263,16384,1169352,1642804,1796124672,0.25721984705887735,1.419256321969442,0.1811902360059321,0.3538360595703125,2.211579909082502,0.003501771634842002
3264,16384,1176992,1650716,1807859712,0.2786565460264683,1.348915735958144,0.1746658249758184,0.33422113037109374,2.1365194469690323,0.0028181179250749526
3265,16384,1177893,1655281,1809243648,0.25060574791859835,1.4122060160152614,0.1825448820600286,0.3564503173828125,2.201882126973942,0.0034136067648730278
3266,16384,1182090,1659245,1815690240,0.24533242802135646,1.4139021669980139,0.1755161079345271,0.35987860107421876,2.1946878579910845,0.0026679859167605255
3267,6172,537486,676426,825578496,0.09800646803341806,0.6461394639918581,0.07936748501379043,0.15105413818359376,0.9746254700003192,0.005942259815856292
3268,16384,1186334,1665126,1822209024,0.24342688196338713,1.4152001219335943,0.17613074707332999,0.3551500244140625,2.1899658949114382,0.002653901012769429
3269,16384,1168242,1640887,1794419712,0.24130294402129948,1.3981276539852843,0.17356473591644317,0.34922198486328127,2.162276615970768,0.0027423496153076215
3270,16384,1178790,1654185,1810621440,0.257740638917312,1.4181459490209818,0.18279085005633533,0.35680706787109373,2.21556266292464,0.0035276392866296466
3271,16384,1178215,1656362,1809738240,0.2571342500159517,1.4135708309477195,0.17842611006926745,0.3411499328613281,2.190342684974894,0.0028105684580421236
3272,16384,1182398,1660010,1816163328,0.239579283981584,1.4149315300164744,0.17548272397834808,0.35557916259765626,2.1856316520133987,0.0026972266475720572
3273,6172,536979,676451,824799744,0.09617298597004265,0.6450473330914974,0.0796259909402579,0.15184104919433594,0.9727482419693843,0.006258841766403641
3274,16384,1184518,1663309,1819419648,0.23834996903315187,1.4150601989822462,0.17968168493825942,0.339349365234375,2.172498745028861,0.002647957379027443
3275,16384,1168516,1640054,1794840576,0.23626160598360002,1.4007028850028291,0.17298654606565833,0.3491193237304687,2.1591290540527552,0.002718377120115642
3276,16384,1178209,1652177,1809729024,0.25283863593358546,1.4128700830042362,0.18320362304802984,0.33986630249023436,2.188855713000521,0.0035209504206868466
3277,16384,1177803,1655792,1809105408,0.25298987003043294,1.4266542749246582,0.17557513806968927,0.35300714111328124,2.208282778970897,0.002551975379786048
3278,16384,1184482,1662398,1819364352,0.2388530729804188,1.418985364958644,0.17603531607892364,0.3541259765625,2.188064918969758,0.002979271259565344
3279,6172,537594,676041,825744384,0.09476107102818787,0.6473305530380458,0.08189944794867188,0.15435392761230468,0.9784172750078142,0.0073869689804250994
3280,16384,1184724,1663879,1819736064,0.2558035230031237,1.4168668249621987,0.1754501760005951,0.35623544311523436,2.2044259110698476,0.003172889065799
3281,16384,1168936,1642052,1795485696,0.2347324410220608,1.3996260249987245,0.17354224796872586,0.3521101379394531,2.16006903804373,0.0026937155128239263
3282,16384,1176870,1651404,1807672320,0.25102085596881807,1.4062452430371195,0.17458503798115999,0.3547928771972656,2.186701711965725,0.002638575762109186
3283,16384,1176091,1655045,1806475776,0.23775410105008632,1.4197818640386686,0.18385848589241505,0.3561239318847656,2.1976002730662003,0.003726346472945072
3284,16384,1182287,1660235,1815992832,0.2511721890186891,1.416325084050186,0.17541868600528687,0.35854550170898436,2.2015176999848336,0.0025545650479016305
3285,6172,537683,676694,825881088,0.09434345702175051,0.645374799030833,0.08013818797189742,0.14987501525878907,0.9697891870746389,0.005952612396417582
3286,16384,1186840,1665648,1822986240,0.24303583893924952,1.4348106880206615,0.18139154301024973,0.3528082275390625,2.2121259489795193,0.003600675193589945
3287,16384,1167442,1639951,1793190912,0.2458103010430932,1.396626565954648,0.17407151404768229,0.34840850830078124,2.1649780140724033,0.0028233416598911977
3288,16384,1179122,1652826,1811131392,0.25576049892697483,1.410181432031095,0.17554809292778373,0.34061837768554687,2.182182654971257,0.003402712402977874
3289,16384,1177727,1655802,1808988672,0.23595440096687526,1.4098116379464045,0.17579530202783644,0.3320730590820313,2.153700800961815,0.003083108788270185
3290,16384,1182715,1660528,1816650240,0.24611589906271547,1.4198840679600835,0.18022114096675068,0.341843505859375,2.188129496993497,0.0029652333036665765
3291,6172,538580,678073,827258880,0.11078197590541095,0.6497064790455624,0.08297847502399236,0.1500592041015625,0.9935897929826751,0.006406960558220199
3292,16384,1185129,1664228,1820358144,0.29467655799817294,1.4197250310098752,0.17692747304681689,0.35899407958984375,2.250391346984543,0.003030821280289639
3293,16384,1167652,1640240,1793513472,0.30885473208036274,1.4143067859113216,0.18424952903296798,0.3497350769042969,2.257236309000291,0.003995375715954649
3294,16384,1179092,1653138,1811085312,0.35719919903203845,1.4139265859266743,0.17641267902217805,0.3563312683105469,2.303939762059599,0.003039565934600692
3295,16384,1177604,1655592,1808799744,0.34194033592939377,1.4144533070502803,0.18434054299723357,0.3556389465332031,2.2964796549640596,0.004638510675174122
3296,16384,1183138,1661250,1817299968,0.3307700250297785,1.3699039350030944,0.17878165689762682,0.3568116760253906,2.2363320739241317,0.0028967508446801973
3297,6172,537492,677000,825587712,0.12099373003002256,0.6446198490448296,0.07957801898010075,0.15037887573242187,0.9956309460103512,0.006073758878103415
3298,16384,1185591,1664032,1821067776,0.2989780289353803,1.414139301981777,0.17827955505345017,0.3542412109375,2.2457027859054506,0.002880568067566467
3299,16384,1169433,1642582,1796249088,0.2766760940430686,1.3992433699313551,0.17446406302042305,0.338291015625,2.1887380310799927,0.002900687941841336
3300,16384,1177856,1652655,1809186816,0.2840417609550059,1.4137206979794428,0.17681882006581873,0.35646868896484374,2.2311090199509636,0.00264675483467046
3301,16384,1175837,1655222,1806085632,0.2633826630190015,1.4084375989623368,0.17485967406537384,0.3542332763671875,2.200998393003829,0.0038700886924716354
3302,16384,1183082,1661339,1817213952,0.25963306706398726,1.4142495449632406,0.17602193204220384,0.35606912231445315,2.2060316130518913,0.00262673787917573
3303,6172,537214,676687,825160704,0.10153968702070415,0.6453525699907914,0.08006754296366125,0.15102735900878905,0.9780491340206936,0.006336597476753364
3304,16384,1186293,1665516,1822146048,0.25349400902632624,1.4399738480569795,0.18699591793119907,0.357119873046875,2.237661018036306,0.003457627151866501
3305,16384,1169451,1641485,1796276736,0.29103692003991455,1.403579885023646,0.17455809202510864,0.35114044189453125,2.220388740999624,0.0033058182591328656
3306,16384,1178832,1652121,1810685952,0.26542570895981044,1.411178317037411,0.17695423995610327,0.35499945068359373,2.2086341528920457,0.0034607929532834334
3307,16384,1176205,1653555,1806650880,0.2650978279998526,1.4224639079766348,0.18066558195278049,0.3528230895996094,2.2211255829315633,0.003384563361192659
3308,16384,1182356,1659429,1816098816,0.253596561960876,1.4137843770440668,0.17560908198356628,0.3397061767578125,2.1827546859858558,0.0026795608278734435
3309,6172,537823,676541,826096128,0.09779608098324388,0.6473951190710068,0.07979794591665268,0.15312156677246094,0.9781700649764389,0.006067680375810446
3310,16384,1186473,1665361,1822422528,0.24381402099970728,1.420285444939509,0.17959933902602643,0.3585757141113281,2.2023328440263867,0.002648325841130616
3311,16384,1168279,1641404,1794476544,0.23916061397176236,1.4034997069975361,0.17692464997526258,0.3544383544921875,2.1740885219769552,0.002998798786134561
3312,16384,1176733,1651545,1807461888,0.25665892008692026,1.4096819310216233,0.17858886893372983,0.35538323974609376,2.2003917840775102,0.003582284287432517
3313,16384,1176694,1655648,1807401984,0.24600200704298913,1.4075363809242845,0.17475624498911202,0.3427709045410156,2.171134522999637,0.0031773941920578024
3314,16384,1182994,1660688,1817078784,0.24513620301149786,1.4147971929050982,0.17610604700166732,0.35583770751953125,2.191933584981598,0.002574646612931687
3315,6172,538293,676765,826818048,0.09557537001091987,0.6482133420649916,0.07967174495570362,0.1539752960205078,0.9774947450496256,0.0060350194005088864
3316,16384,1185869,1665598,1821494784,0.2381384529871866,1.4332850349601358,0.18739941203966737,0.35864566040039064,2.21754321095068,0.003366363412048317
3317,16384,1168477,1640897,1794780672,0.24927186395507306,1.4207326109753922,0.1835382580757141,0.3514971618652344,2.205120160942897,0.00363998628760761
3318,16384,1178128,1652265,1809604608,0.26638132601510733,1.4312147260643542,0.1857259910320863,0.3539646301269531,2.2373628920177,0.003406634635384816
3319,16384,1177799,1655277,1809099264,0.25173458096105605,1.4326033970573917,0.18517894600518048,0.34134014892578124,2.2109331199899316,0.00343959027229442
3320,16384,1182336,1658872,1816068096,0.25093960005324334,1.436815185006708,0.17670081497635692,0.35872000122070313,2.2232507379958406,0.0033795890650260207
3321,6172,538204,677117,826681344,0.09675068396609277,0.6480892320396379,0.08076031098607928,0.1520203857421875,0.9776956989662722,0.007679918440276551
3322,16384,1185764,1665192,1821333504,0.24165260000154376,1.4184579689754173,0.17659853806253523,0.3362913818359375,2.1730821130331606,0.0037561469599821954
3323,16384,1169634,1642901,1796557824,0.24427152203861624,1.406404732959345,0.1756738310214132,0.35054586791992187,2.176982411998324,0.003971463368335847
3324,16384,1176903,1651185,1807723008,0.2600596849806607,1.4238696490647271,0.17559522890951484,0.353944580078125,2.213530234992504,0.0027599333639449363
3325,16384,1178002,1655636,1809411072,0.23759669694118202,1.409752383013256,0.17491995403543115,0.35514791870117185,2.17747644695919,0.0027322577120139284
3326,16384,1182273,1660602,1815971328,0.23422649805434048,1.417424452956766,0.18700563302263618,0.35642095947265623,2.1951506279874593,0.003329360642889641
3327,6172,537771,676882,826016256,0.09420161100570112,0.6461712860036641,0.0794221720425412,0.14994160461425782,0.9697962820064276,0.006146480592808793
3328,16384,1185202,1663808,1820470272,0.23254431993700564,1.4153498630039394,0.18004614196252078,0.3358559875488281,2.1638598169665784,0.002934779498494506
3329,16384,1168426,1640850,1794702336,0.23100456304382533,1.365524664055556,0.1735454669687897,0.33432037353515626,2.104458220070228,0.0030008895543052927
3330,16384,1177485,1651488,1808616960,0.25886721501592547,1.411131509928964,0.17467329010833055,0.35722235107421874,2.2019538310123608,0.0027005509418234837
3331,16384,1176750,1654999,1807488000,0.2410706109367311,1.417101261089556,0.18182075396180153,0.3569110107421875,2.196986236027442,0.003759663843656361
3332,16384,1183974,1662152,1818584064,0.2655924179125577,1.4255827839951962,0.17676554608624429,0.35613543701171874,2.2241553869098425,0.003560987896416671
3333,6172,537449,676172,825521664,0.11992424202617258,0.6479661409975961,0.08101929305121303,0.15398013305664063,1.0029567399760708,0.006673353075041758
3334,16384,1185799,1662516,1821387264,0.30393972306046635,1.4197077109711245,0.1783171029528603,0.3546672668457031,2.256698235985823,0.0029437766472089665
3335,16384,1169591,1641322,1796491776,0.3220201729563996,1.410897807101719,0.1797540009720251,0.3522556457519531,2.2650200789794326,0.004081738532632096
3336,16384,1178635,1651407,1810383360,0.3702861439669505,1.427845016005449,0.1867412580177188,0.35127203369140625,2.3362540650414303,0.004691842447526158
3337,16384,1175862,1655484,1806124032,0.3475507990224287,1.4241383610060439,0.1839691299246624,0.3570710754394531,2.3128050400409847,0.003271985622929449
3338,16384,1184128,1661216,1818820608,0.3225238099694252,1.4361554289935157,0.18087126198224723,0.35904693603515625,2.2986765059176832,0.0034397592325555422
3339,6172,537891,677303,826200576,0.12509143899660558,0.655097595998086,0.08075289602857083,0.15035618591308594,1.011374166002497,0.007519379939202127
3340,16384,1185417,1662606,1820800512,0.2892480599693954,1.4349578010151163,0.1875234009930864,0.35733203125,2.2691359859891236,0.003291682913091207
3341,16384,1169465,1641438,1796298240,0.2868729369947687,1.420870847068727,0.18520336493384093,0.3492992248535156,2.242319131968543,0.003244770855913891
3342,16384,1176661,1650832,1807351296,0.2752468119142577,1.409353835042566,0.17422387201804668,0.35566159057617186,2.21455013693776,0.002891214140942336
3343,16384,1176235,1652463,1806696960,0.2595836379332468,1.4088215860538185,0.18015681393444538,0.35227166748046873,2.2009092199150473,0.0034310598721963882
3344,16384,1181141,1658732,1814232576,0.26426067401189357,1.443161917035468,0.18667341698892415,0.362502197265625,2.256677170051262,0.0034991601988654934
3345,6172,538335,677834,826882560,0.10342791001312435,0.6503852220484987,0.08005322690587491,0.153330078125,0.9872550499858335,0.005936955535083986
3346,16384,1185336,1664193,1820676096,0.2508359760977328,1.4160939399152994,0.17650429403875023,0.3560703125,2.199564612004906,0.002731879427208664
3347,16384,1167396,1640876,1793120256,0.24625082092825323,1.4075361699797213,0.18389936001040041,0.3544377136230469,2.1922007219400257,0.0034968238919346703
3348,16384,1178481,1651723,1810146816,0.26205825491342694,1.4113447200506926,0.17896307399496436,0.35305914306640623,2.2054859179770574,0.002753404638509455
3349,16384,1175990,1653683,1806320640,0.24813038494903594,1.409689930966124,0.17442016606219113,0.35536587524414065,2.1876673399237916,0.0027875674325353325
3350,16384,1184595,1662546,1819537920,0.24693208700045943,1.4199008180294186,0.1756074179429561,0.3361028137207031,2.1786107160151005,0.0031019457063359264
3351,6172,536961,675586,824772096,0.0995887250173837,0.6464644350344315,0.08003540500067174,0.14958432006835937,0.9757343560922891,0.006299969972258393
3352,16384,1185350,1662396,1820697600,0.2525171060115099,1.4201504630036652,0.1786426119506359,0.3578116455078125,2.2091858200728893,0.0028967051428832593
3353,16384,1167883,1641440,1793868288,0.23737828398589045,1.4008427689550444,0.17788754403591156,0.3522289733886719,2.1683979999506846,0.002786830884709798
3354,16384,1177435,1651698,1808540160,0.2546815020032227,1.4126981749432161,0.17922998208086938,0.3509183349609375,2.1975889659952372,0.0027744955009873827
3355,16384,1175821,1653214,1806061056,0.24307090393267572,1.4099346980219707,0.1776090720668435,0.35193585205078126,2.182610734947957,0.0027585714081748694
3356,16384,1183724,1661491,1818200064,0.23939682298805565,1.4134195849765092,0.1759318810654804,0.3371595458984375,2.165965077932924,0.002642840599076572
3357,6172,538204,677072,826681344,0.09644335799384862,0.6459645240101963,0.0800855359993875,0.15011302185058595,0.9726666240021586,0.006187541204262337
3358,16384,1185858,1663625,1821477888,0.23732056992594153,1.4267422111006454,0.18609558197204024,0.3588341064453125,2.2090692459605634,0.003475514258516189
3359,16384,1168638,1641565,1795027968,0.25029200897552073,1.4203906760085374,0.18441733508370817,0.34816217041015624,2.2033484530402347,0.003915066733695242
3360,16384,1176717,1649238,1807437312,0.2709728319896385,1.4284231779165566,0.18641954904887825,0.35035330200195314,2.236246176995337,0.0034574028166333916
3361,16384,1176922,1654656,1807752192,0.2819852690445259,1.4181871629552916,0.18620113900396973,0.35247314453125,2.238922848016955,0.0034004066725781593
3362,16384,1182611,1659672,1816490496,0.27646174596156925,1.4349461119854823,0.18557322502601892,0.35517813110351565,2.2522363539319485,0.0034250337549092628
3363,6172,537734,676623,825959424,0.09521753597073257,0.6564579730620608,0.08366783196106553,0.15501811218261718,0.9904364900430664,0.007576141160461541
3364,16384,1185826,1664289,1821428736,0.2528341739671305,1.4367248660419136,0.18163969297893345,0.353822021484375,2.225100722978823,0.003593927485809145
3365,16384,1169046,1641797,1795654656,0.24165031709708273,1.4124556710012257,0.1749237369513139,0.33086865234375,2.1599582619965076,0.002772488903562774
3366,16384,1178561,1652682,1810269696,0.25138470402453095,1.4071050410857424,0.17476801795419306,0.3482196044921875,2.1815371850971133,0.002741990412458667
3367,16384,1177337,1657657,1808389632,0.2388520169770345,1.4142152020940557,0.1798681819345802,0.3410019836425781,2.174015652970411,0.00360017288999605
3368,16384,1182394,1659456,1816157184,0.24299894704017788,1.435110513935797,0.18663252505939454,0.3523036804199219,2.2171242460608482,0.003544212991073434
3369,6172,536853,676609,824606208,0.09620093193370849,0.6455182250356302,0.0797192039899528,0.15187846374511718,0.9733766089193523,0.0061419407859054555
3370,16384,1186331,1665601,1822204416,0.23354817496147007,1.4146976440679282,0.17591474601067603,0.3576760559082031,2.181894768960774,0.002665023690592126
3371,16384,1169223,1642048,1795926528,0.23222997901029885,1.4049847340211272,0.17879394791088998,0.3496393737792969,2.1657237169565633,0.0034945470817713807
3372,16384,1177958,1651819,1809343488,0.2608951049624011,1.4343402129597962,0.17911721300333738,0.35622479248046873,2.230642651906237,0.002928685156164019
3373,16384,1175901,1655138,1806183936,0.25819171604234725,1.4134505440015346,0.17583220591768622,0.34251754760742187,2.1900598050560802,0.0030954171632036234
3374,16384,1182792,1660561,1816768512,0.2827999870060012,1.4199082530103624,0.17655104503501207,0.352627197265625,2.2319534750422463,0.0030015287502439853
3375,6172,538194,677079,826665984,0.1231286390684545,0.6493903049267828,0.07991360605228692,0.15113760375976562,1.0036400930257514,0.0069685556553140795
3376,16384,1186467,1665163,1822413312,0.31841017899569124,1.42107380006928,0.17857787990942597,0.3576161804199219,2.2757440509740263,0.002900659223037909
3377,16384,1168154,1641060,1794284544,0.331955450004898,1.3820412890054286,0.17438376205973327,0.34714776611328124,2.235644023050554,0.005177741448075349
3378,16384,1177697,1651046,1808942592,0.3526427340693772,1.4059874499216676,0.17492075799964368,0.35353521728515624,2.287168564973399,0.0036029568968623743
3379,16384,1178675,1656678,1810444800,0.322338585043326,1.4054788229987025,0.17464015702717006,0.3529120788574219,2.2554282509954646,0.002598489613594641
3380,16384,1183401,1660843,1817703936,0.2997121389489621,1.4098395350156352,0.17546158493496478,0.35373983764648437,2.238811355899088,0.0026022448424836793
3381,6172,537973,676944,826326528,0.11457108799368143,0.6445190119557083,0.08000028901733458,0.15100790405273437,0.9901581769809127,0.00604791869079522
3382,16384,1186887,1664985,1823058432,0.2752080450300127,1.4164950080448762,0.17646344692911953,0.3568875427246094,2.2251119390130043,0.0026019492939471493
3383,16384,1168889,1641174,1795413504,0.27129085396882147,1.4213677330408245,0.1778674180386588,0.34412054443359374,2.2147258289624006,0.0035796521386748455
3384,16384,1178702,1652334,1810486272,0.2874320960836485,1.4327784639317542,0.18036063807085156,0.3562838134765625,2.256930437986739,0.003341991523208098
3385,16384,1177652,1656316,1808873472,0.26807181909680367,1.4276980159338564,0.1858850159915164,0.35542572021484375,2.237155494047329,0.0033490211345656587
3386,16384,1182628,1659900,1816516608,0.26396684802602977,1.4205186530016363,0.17559924500528723,0.3329695434570312,2.1931116350460798,0.002614803331434721
3387,6172,538120,676887,826552320,0.09986772702541202,0.6457334720762447,0.07993334997445345,0.15321658325195311,0.9788114160764962,0.0061588726329608705
3388,16384,1186054,1665476,1821778944,0.24925428593996912,1.413017768994905,0.17633499996736646,0.3515552673339844,2.190221317927353,0.0026935949643532822
3389,16384,1169430,1643579,1796244480,0.24535856291186064,1.4159265190828592,0.17810174298938364,0.35190109252929686,2.1913630969356745,0.0034307149910174474
3390,16384,1176900,1650427,1807718400,0.2746452159481123,1.4223051640437916,0.17553901195060462,0.3358938903808594,2.2084424279164523,0.00267815870302353
3391,16384,1175868,1654694,1806133248,0.24810604995582253,1.4033098770305514,0.17448105197399855,0.35163616943359377,2.177594479988329,0.002816483735899818
3392,16384,1182835,1659926,1816834560,0.24397091299761087,1.4156593430088833,0.175230850931257,0.3541200866699219,2.1890398879768327,0.002681283675185308
3393,6172,538448,677699,827056128,0.10045055695809424,0.6466292730765417,0.08001875097397715,0.15391328430175782,0.98107247101143,0.006177494818150842
3394,16384,1187317,1666477,1823718912,0.24105141393374652,1.4136364531004801,0.17638325493317097,0.3589437866210938,2.1900782759767026,0.002893384629509329
3395,16384,1167759,1639985,1793677824,0.23792961507569999,1.3948610589141026,0.17332820303272456,0.35411801147460936,2.160296106012538,0.0027411758618036347
3396,16384,1177601,1651634,1808795136,0.2545422379625961,1.4061994870426133,0.1748119000112638,0.3505502624511719,2.1861652790103108,0.002808183958226715
3397,16384,1176619,1655435,1807286784,0.24223259498830885,1.4073664440074936,0.17458935792092234,0.35137826538085937,2.1756286720046774,0.002850197181672484
3398,16384,1182449,1661423,1816241664,0.24258610093966126,1.4161749409977347,0.17570073099341244,0.33628341674804685,2.1708054539049044,0.002776122841456315
3399,6172,537684,676399,825882624,0.09596256108488888,0.6451443779515103,0.079833889962174,0.15198970031738282,0.972991485032253,0.006264773868502077
3400,16384,1185894,1664773,1821533184,0.23824747803155333,1.4137269329512492,0.17691892094444484,0.354447265625,2.183397563989274,0.0026090730321509186
3401,16384,1167083,1640279,1792639488,0.23581858107354492,1.3959742999868467,0.18198300094809383,0.35953436279296874,2.173382594017312,0.00332887619773044
3402,16384,1177667,1651619,1808896512,0.2607344170100987,1.4335932689718902,0.1785471939947456,0.3509285888671875,2.2238792839925736,0.0034091395696353726
3403,16384,1177120,1654649,1808056320,0.25440912193153054,1.4125748100923374,0.17482715100049973,0.3388201904296875,2.180690416949801,0.0027121454419436306
3404,16384,1182551,1660701,1816398336,0.23696270503569394,1.4135286619421095,0.17545253108255565,0.3370831298828125,2.1630863649770617,0.002743165268418133
3405,6172,537302,676588,825295872,0.09455860103480518,0.6463671720121056,0.07991326600313187,0.1518527374267578,0.9727497790008783,0.005962738345468879
3406,16384,1185590,1663619,1821066240,0.23516146698966622,1.4163686669198796,0.176878345082514,0.3549097595214844,2.1833778659347445,0.002730971222638518
3407,16384,1168593,1641120,1794958848,0.235777753056027,1.4218604560010135,0.1757282669423148,0.3345928649902344,2.168034009053372,0.003444044856787279
3408,16384,1178434,1651931,1810074624,0.2518893899396062,1.4106334650423378,0.17516165599226952,0.35589114379882814,2.193636756041087,0.0027853867727793092
3409,16384,1177009,1654929,1807885824,0.2460809350013733,1.383027128991671,0.1745271619874984,0.3357913208007812,2.139484778046608,0.0027217424438764188
3410,16384,1180878,1659723,1813828608,0.23651716904714704,1.412055991939269,0.17522736405953765,0.36336358642578126,2.1872237540083006,0.0027268603157879884
3411,6172,538080,677048,826490880,0.09440699894912541,0.6480633890023455,0.08030263497494161,0.15277833557128906,0.9756130359601229,0.0063219186447896316
3412,16384,1185213,1664130,1820487168,0.23423947300761938,1.4144446999998763,0.17607880500145257,0.3446907348632812,2.169518454000354,0.002984124334360591
3413,16384,1168663,1641751,1795066368,0.231599970953539,1.3974103590007871,0.17354941403027624,0.3472609558105469,2.1498785639414564,0.0026915076636163577
3414,16384,1176708,1652499,1807423488,0.250163120101206,1.4147182909073308,0.17610776203218848,0.33503652954101565,2.1760935760103166,0.0031190491679207438
3415,16384,1177707,1655253,1808957952,0.2716029599541798,1.4112810629885644,0.17596672498621047,0.35507684326171873,2.21399439801462,0.003017479357968201
3416,16384,1181678,1659250,1815057408,0.29084392299409956,1.4157513569807634,0.17682463699020445,0.36086114501953126,2.244351511937566,0.003138989262271316
3417,6172,537952,676367,826294272,0.12568225292488933,0.6471941430354491,0.08075148204807192,0.15520480346679688,1.0089002629974857,0.006698533517830877
3418,16384,1185134,1663102,1820365824,0.3215665699681267,1.417743724072352,0.17738161992747337,0.35911474609375,2.2758747519692406,0.002991900476057831
3419,16384,1169109,1642341,1795751424,0.3362067169509828,1.4212237279862165,0.18140192504506558,0.35425027465820313,2.2931866529397666,0.004535535699422003
3420,16384,1177896,1652213,1809248256,0.3577969470061362,1.4325290760025382,0.17615689593367279,0.3558670654296875,2.3224073679884896,0.0024708678264624123
3421,16384,1177349,1655808,1808408064,0.31058100692462176,1.4036203270079568,0.1749387860763818,0.35433349609375,2.243531364016235,0.002573973979175527
3422,16384,1180716,1659495,1813579776,0.2936878399923444,1.4079404149670154,0.17514257098082453,0.3652073059082031,2.2420407900353894,0.002794694337431264
3423,6172,538002,676422,826371072,0.11252663307823241,0.645959390909411,0.08018691907636821,0.15230152893066407,0.9910343450028449,0.006041466521431128
3424,16384,1186241,1663712,1822066176,0.27114753203932196,1.4420649779494852,0.18066666508093476,0.35449130249023436,2.2484462020220235,0.0033678574109964315
3425,16384,1168000,1641796,1794048000,0.2719201189465821,1.3861460769549012,0.17372992308810353,0.33253814697265627,2.164393746992573,0.00274816125359321
3426,16384,1177220,1652328,1808209920,0.2728304179618135,1.4060470850672573,0.1746530799428001,0.3540790100097656,2.2076658729929477,0.002549299330111295
3427,16384,1176454,1653294,1807033344,0.2583990910788998,1.4045610529137775,0.174564786022529,0.351125732421875,2.1887088069925085,0.0026565688062997078
3428,16384,1183771,1660163,1818272256,0.25267176190391183,1.4167188321007416,0.17592608591075987,0.33411502075195315,2.1794903099071234,0.0026891259617243656
3429,6172,537849,676338,826136064,0.10012130497489125,0.6450913819717243,0.07988398999441415,0.15143904113769532,0.9765960059594363,0.0061732671793993076
3430,16384,1185690,1664569,1821219840,0.24888893496245146,1.4153552600182593,0.1761132029350847,0.3441741333007812,2.1845887940144166,0.0026212163129648337
3431,16384,1167432,1640868,1793175552,0.24542635097168386,1.3965039120521396,0.17731456900946796,0.32907012939453123,2.148373179952614,0.0027098888281852818
3432,16384,1177723,1651717,1808982528,0.2617581168888137,1.4083125060424209,0.17442299099639058,0.34499520874023437,2.1895476619247347,0.0026872791078453857
3433,16384,1177903,1656538,1809259008,0.2480273840483278,1.4060615879716352,0.17486714501865208,0.335158935546875,2.164174444042146,0.0027443008034649893
3434,16384,1181471,1658063,1814739456,0.24377728602848947,1.412780039012432,0.17507895093876868,0.3472035522460937,2.1788987590698525,0.002704615981963398
3435,6172,537849,676584,826136064,0.09726501209661365,0.646146435989067,0.07985096494667232,0.15008352661132812,0.9734076301101595,0.0063375778625799515
3436,16384,1185893,1665515,1821531648,0.24136405100580305,1.4149053350556642,0.17602192994672805,0.34027099609375,2.1726207070751116,0.002687766574999698
3437,16384,1169067,1641861,1795686912,0.23856406298000365,1.395661846967414,0.17365148896351457,0.3489432067871094,2.1568778340006247,0.0026532936488519675
3438,16384,1177323,1652220,1808368128,0.2561857110122219,1.4075890610693023,0.17478244798257947,0.33687921142578126,2.175494514987804,0.002669898614717514
3439,16384,1177021,1655011,1807904256,0.2433816980337724,1.4095597339328378,0.18150611605960876,0.3393664245605469,2.1738886759849265,0.0034363948341048296
3440,16384,1184274,1662007,1819044864,0.2537155409809202,1.444151247967966,0.18848523299675435,0.35694964599609375,2.243377825943753,0.0033947916012297425
3441,6172,537709,676184,825921024,0.0957186269806698,0.6591583780245855,0.08177732897456735,0.15244979858398439,0.9891641109716147,0.006063544678018929
3442,16384,1186150,1665375,1821926400,0.24219615408219397,1.4168767399387434,0.1761142930481583,0.3590393981933594,2.1942880511051044,0.0028011747417790974
3443,16384,1168729,1642771,1795167744,0.2350549609400332,1.397716312087141,0.1746505389455706,0.352802734375,2.160283648991026,0.002735874213038802
3444,16384,1178599,1653029,1810328064,0.2547649110201746,1.4106512259459123,0.17490304098464549,0.3570037841796875,2.197399817989208,0.003497581921988805
3445,16384,1177006,1654435,1807881216,0.25248738704249263,1.4379709128988907,0.18399622500874102,0.3535061950683594,2.2280383410397917,0.0034838278982035832
3446,16384,1182544,1659672,1816387584,0.2367154259700328,1.4123900280101225,0.17586096096783876,0.35347024536132815,2.1784938930068165,0.0026271681402394043
3447,6172,537820,676520,826091520,0.09527355805039406,0.6459498460171744,0.07941883394960314,0.15424630737304687,0.97495034604799,0.006338851821738075
3448,16384,1185392,1663689,1820762112,0.2347601179499179,1.4128232130315155,0.1753973619779572,0.35510806274414064,2.17814894602634,0.002763370380102986
3449,16384,1168546,1641203,1794886656,0.23309907491784543,1.395508491084911,0.17348125099670142,0.3533832702636719,2.155527764931321,0.002583017908528417
3450,16384,1178204,1652337,1809721344,0.25219839497003704,1.4066022289916873,0.17453369800932705,0.350725341796875,2.184117997996509,0.0026708368612049127
3451,16384,1176326,1653954,1806836736,0.23933579993899912,1.4044329329626635,0.17451070703100413,0.3561603088378906,2.174499398912303,0.002743166623815272
3452,16384,1183500,1661699,1817856000,0.23536466399673373,1.4152320430148393,0.17568301095161587,0.3480676574707031,2.1744050449924543,0.0026521994462418838
3453,6172,538189,676609,826658304,0.09434804203920066,0.6467260689241812,0.08017498801928014,0.15129132080078125,0.9725996840279549,0.006093385129050083
3454,16384,1187463,1665319,1823943168,0.23352774698287249,1.416520155966282,0.17648839601315558,0.3342416687011719,2.1608363329432905,0.002701050464531788
3455,16384,1167682,1640272,1793559552,0.2340102510061115,1.394309918046929,0.17408398597035557,0.3503160705566406,2.1527920770458877,0.0033375943091292787
3456,16384,1176881,1650464,1807689216,0.26234606094658375,1.4114873700309545,0.17597794893663377,0.3313768005371094,2.1812591640045866,0.003254246651514913
3457,16384,1176796,1654773,1807558656,0.27982469799462706,1.4130099429748952,0.1768832110101357,0.3530428466796875,2.222846564021893,0.0038628560305092913
3458,16384,1182328,1660240,1816055808,0.3048928229836747,1.4187677880981937,0.1766606339951977,0.353974853515625,2.254363620071672,0.0029951458753037646
3459,6172,537533,675909,825650688,0.12808685505297035,0.645080407964997,0.08108517900109291,0.15109053039550782,1.0054173190146685,0.007394601096902431
3460,16384,1187634,1665816,1824205824,0.32923300995025784,1.4210516420425847,0.1777153150178492,0.3573216247558594,2.285391296958551,0.0030500331427946556
3461,16384,1169127,1642455,1795779072,0.3364677970530465,1.5214050759095699,0.1925887350225821,0.34929522705078125,2.399869497050531,0.004694505875830048
3462,16384,1178038,1652563,1809466368,0.42891026206780225,1.7557468749582767,0.2815700200153515,0.3571037902832031,2.82342483906541,0.0033254556479545656
3463,16384,1176642,1655282,1807322112,0.3942404000554234,1.7273554119747132,0.3177941970061511,0.3411508483886719,2.780629806104116,0.003198868075180964
3464,16384,1183514,1659849,1817877504,0.3392165390541777,1.80176462396048,0.31531009706668556,0.3426249084472656,2.7989929580362514,0.0027434691259892786
3465,6172,537603,676062,825758208,0.11906132602598518,0.8513627320062369,0.14339207706507295,0.15209309387207032,1.265984402038157,0.0059379142958273
3466,16384,1186519,1664685,1822493184,0.300983295077458,1.8304494589101523,0.31459921901114285,0.344171630859375,2.7903031010646373,0.0035658207336314814
3467,16384,1168497,1640596,1794811392,0.33541780209634453,1.800338999950327,0.23244752804748714,0.33742413330078125,2.7057141920085996,0.003168428280884988
3468,16384,1177446,1650434,1808557056,0.35758183302823454,1.7930885560344905,0.19204118999186903,0.3410281982421875,2.68382479401771,0.003167744821405332
3469,16384,1177896,1655654,1809248256,0.33777214598376304,1.7630136630032212,0.23286261304747313,0.3560745849609375,2.6898182849399745,0.003542170306195189
3470,16384,1181809,1659155,1815258624,0.33176445309072733,1.7419000240042806,0.3125311459880322,0.36137741088867187,2.74766273109708,0.003264488190362663
3471,6172,538156,676492,826607616,0.12862009194213897,0.7842383140232414,0.1463002699892968,0.15528559875488282,1.214565705973655,0.009997916415528343
3472,16384,1185989,1665428,1821679104,0.32751205295789987,1.7411263539688662,0.3145049139857292,0.3569555053710938,2.7401835329364985,0.0030912766203999827
3473,16384,1169462,1643492,1796293632,0.2849738160148263,1.7724271370097995,0.30886441096663475,0.3373316650390625,2.7036752339918166,0.0028925427325949436
3474,16384,1177150,1652339,1808102400,0.30114646104630083,1.765813458012417,0.2958541560219601,0.350525146484375,2.7134219990111887,0.003050666139140692
3475,16384,1177196,1655255,1808173056,0.3009293369250372,1.6985393770737574,0.2784903619904071,0.3565506591796875,2.634586856001988,0.0029272458003443613
3476,16384,1183794,1662007,1818307584,0.3317069230834022,1.718694765935652,0.18890570104122162,0.3586885070800781,2.598078825045377,0.003191893341477332
3477,6172,538321,676810,826861056,0.12888387695420533,0.75918170704972,0.11264089297037572,0.14984471130371094,1.1506581070134416,0.009291963857725119
3478,16384,1186701,1664200,1822772736,0.3313325870549306,1.6960820669773966,0.207419479964301,0.3435026550292969,2.578419359982945,0.0032023866366077446
3479,16384,1168538,1639305,1794874368,0.3258833399740979,1.6435187329770997,0.25301065703388304,0.35084429931640626,2.573344012023881,0.0033801435792390473
3480,16384,1176103,1649096,1806494208,0.35090934694744647,1.6534620960010216,0.2858951590023935,0.35391943359375,2.6442884060088545,0.003871380444366773
3481,16384,1176300,1654090,1806796800,0.2969529739348218,1.6813395000062883,0.2881495599867776,0.3507603759765625,2.6173006399767473,0.0037531061887494097
3482,16384,1182020,1660763,1815582720,0.25912807998247445,1.72590704401955,0.28761853103060275,0.3649109802246094,2.637650017044507,0.0032370400439177276
3483,6172,537706,676213,825916416,0.1057792289648205,0.8262022209819406,0.10450505104381591,0.1454141082763672,1.1819843470584601,0.007084509344335244
3484,16384,1185694,1662984,1821225984,0.29169341502711177,1.7293181420536712,0.2607684329850599,0.33430148315429686,2.6161752271000296,0.0035836238688671633
3485,16384,1168941,1642066,1795493376,0.3228208840591833,1.6843889689771459,0.19251810002606362,0.33597967529296874,2.535790784051642,0.003279280641106496
3486,16384,1176306,1650274,1806806016,0.34465084597468376,1.4904572860104963,0.17489472404122353,0.35074456787109376,2.360812042024918,0.0027371144449517258
3487,16384,1177675,1655927,1808908800,0.24069894303102046,1.405135781969875,0.1744580080267042,0.35646017456054685,2.176811699056998,0.002700806361750481
3488,16384,1182606,1660278,1816482816,0.23623655398841947,1.4133914021076635,0.17587409494444728,0.34076571655273435,2.166326391045004,0.0027061227699581316
3489,6172,536922,675526,824712192,0.09518507600296289,0.6518977549858391,0.12041431793477386,0.14845616149902344,1.0160376919666305,0.008304961981076046
3490,16384,1186089,1664526,1821832704,0.2654825618956238,1.7517926070140675,0.29375473607797176,0.35704913330078125,2.6681569049833342,0.002918370158244847
3491,16384,1169128,1641215,1795780608,0.27259389497339725,1.7685030680149794,0.3016423460794613,0.35024041748046875,2.693096022005193,0.004318281113486076
3492,16384,1178720,1652356,1810513920,0.35956424090545624,1.7899875880684704,0.1968382039340213,0.35146939086914064,2.697963953949511,0.0038744095253650107
3493,16384,1177142,1657011,1808090112,0.3836669829906896,1.730112563003786,0.19738238002173603,0.35519204711914065,2.6665035800542682,0.005610602589662486
3494,16384,1183190,1661191,1817379840,0.4322350500151515,1.626557397074066,0.24608396692201495,0.3560920715332031,2.6610713991103694,0.0038673733432338904
3495,6172,537361,675924,825386496,0.1870878409827128,0.7381238719681278,0.12132298806682229,0.15030995178222656,1.1969569409266114,0.009381133345949772
3496,16384,1184676,1663025,1819662336,0.4364968159934506,1.658341733040288,0.2653506320202723,0.35592510986328124,2.7162506460445,0.005019975877651937
3497,16384,1169005,1642558,1795591680,0.39712530199903995,1.6794621290173382,0.2230712710879743,0.3510342712402344,2.650777906063013,0.003204067690150043
3498,16384,1177828,1652454,1809143808,0.460063862032257,1.6483856309205294,0.2239615380531177,0.34975933837890627,2.682273488957435,0.0038444839069901844
3499,16384,1176857,1654175,1807652352,0.41614441806450486,1.637001242954284,0.25902334903366864,0.3519908447265625,2.6642565570073202,0.0036296139741555673
3500,16384,1182435,1660801,1816220160,0.31601625098846853,1.6852630600333214,0.2629785609897226,0.35620989990234375,2.6205559910740703,0.0033664291285808003
3501,6172,538465,677355,827082240,0.1306456900201738,0.8059349739924073,0.08220198098570108,0.15514688110351563,1.174005302018486,0.006454478234278517
3502,16384,1185133,1664498,1820364288,0.35554539901204407,1.6993967050220817,0.1911806589923799,0.3425255126953125,2.5888099019648507,0.006243264247008906
3503,16384,1168075,1640070,1794163200,0.3678172630025074,1.6433934679953381,0.20439613703638315,0.3478462829589844,2.5635397229343653,0.003377046993956937
3504,16384,1178385,1652870,1809999360,0.3896505020093173,1.6296152010327205,0.26110855501610786,0.3564788818359375,2.636942157987505,0.0033758075865348357
3505,16384,1175733,1652203,1805925888,0.317838798975572,1.662430999102071,0.2593892109580338,0.355115478515625,2.594872710062191,0.0037852535312549837
3506,16384,1183455,1661861,1817786880,0.3060556569835171,1.7181624040240422,0.2382918130606413,0.3528979187011719,2.615501201013103,0.0035713324732680684
3507,6172,536372,675549,823867392,0.13615216000471264,0.7706774710677564,0.0868024769006297,0.15062042236328124,1.1443323760759085,0.006977495454806202
3508,16384,1186698,1665211,1822768128,0.3591753270011395,1.679988417075947,0.18463583197444677,0.3561748657226563,2.580050608026795,0.0029521224261440603
3509,16384,1167698,1639209,1793584128,0.3555116009665653,1.6178076749201864,0.23551318200770766,0.3532815246582031,2.56221464893315,0.003928881623144324
3510,16384,1177940,1650782,1809315840,0.3662915240274742,1.631334534031339,0.26164533593691885,0.3539067077636719,2.613267765031196,0.00343107862852667
3511,16384,1176317,1655472,1806822912,0.2949434310430661,1.666471604956314,0.26301985105965286,0.35646868896484374,2.580990754067898,0.003377696874102663
3512,16384,1183270,1660088,1817502720,0.3047166019678116,1.6768871010281146,0.2440538490191102,0.3579184875488281,2.5836741679813713,0.003798018292045313
3513,6172,538173,677131,826633728,0.1355580110102892,0.7756858089705929,0.08340650901664048,0.15224607849121094,1.1469564449507743,0.00523450234793602
3514,16384,1187146,1665641,1823456256,0.240226669004187,1.414175158017315,0.17613152193371207,0.3579739074707031,2.188564282958396,0.002605659469198892
3515,16384,1169259,1641995,1795981824,0.2369904409861192,1.4006677359575406,0.1735785979544744,0.3515935363769531,2.1628919380018488,0.002849274421847468
3516,16384,1177806,1650980,1809110016,0.2610392529750243,1.4092136590043083,0.17472041200380772,0.3545813903808594,2.1996130229672417,0.0026508573386935124
3517,16384,1177560,1655179,1808732160,0.24237130803521723,1.4082527429563925,0.17466827109456062,0.34023974609375,2.1655902289785445,0.0026856788438568147
3518,16384,1185347,1663326,1820692992,0.24332957400474697,1.4180746730417013,0.17619089304935187,0.3506129150390625,2.188266471028328,0.002669505484753065
3519,6172,537703,676926,825911808,0.09518741199281067,0.6468733500223607,0.0799100489821285,0.15043948364257811,0.972471134038642,0.006256165004245209
3520,16384,1186952,1664865,1823158272,0.2431555240182206,1.4173718489473686,0.17730667907744646,0.34394512939453126,2.1818391859997064,0.0027501826222820474
3521,16384,1167477,1640158,1793244672,0.24617605900857598,1.401224315050058,0.1744334070244804,0.3369913635253906,2.1588991450844333,0.0034276949016727298
3522,16384,1176357,1649864,1806884352,0.2607637000037357,1.4074035459198058,0.1743741410318762,0.3538837585449219,2.196491935988888,0.003040780048148474
3523,16384,1175602,1653658,1805724672,0.24592298094648868,1.4069589650025591,0.17468207306228578,0.3539750061035156,2.181596977985464,0.0026564425601810844
3524,16384,1182412,1661347,1816184832,0.24521847406867892,1.4148927769856527,0.17557443503756076,0.3547485656738281,2.190493024070747,0.0026830628712749844
3525,6172,537535,676635,825653760,0.09257784194778651,0.6446800250560045,0.08001246000640094,0.14935200500488283,0.9666827450273558,0.006249518013201045
3526,16384,1186067,1665542,1821798912,0.24384080595336854,1.4139408690389246,0.17625740193761885,0.35229141235351563,2.186388529953547,0.002654636599315631
3527,16384,1169920,1641110,1796997120,0.23180812899954617,1.3984378359746188,0.17339469399303198,0.35295513916015625,2.156655343947932,0.00276102626902648
3528,16384,1178825,1653400,1810675200,0.25129919894970953,1.4097991270245984,0.17733507603406906,0.3316730651855469,2.1701748489867896,0.003150980802188717
3529,16384,1176550,1654906,1807180800,0.24399532901588827,1.4431137149222195,0.2164424970978871,0.33714822387695315,2.240795794990845,0.004285534545888874
3530,16384,1182035,1659404,1815605760,0.3124775920296088,1.7398059960687533,0.1927971940021962,0.36122955322265626,2.6064059630734846,0.0036689507169934367
3531,6172,537685,676290,825884160,0.15102108905557543,0.8091352499322966,0.1522911210777238,0.15183676147460937,1.2643902340205386,0.008384474783253569
3532,16384,1186467,1663062,1822413312,0.3453537169843912,1.911587010952644,0.3286135729867965,0.3522558898925781,2.9379006709204987,0.0030797536820835205
3533,16384,1168904,1640943,1795436544,0.4281940549844876,1.875277998042293,0.22942041896749288,0.3508782043457031,2.8838768099667504,0.0036802413475848657
3534,16384,1177386,1652046,1808464896,0.44846280897036195,1.8553611160023138,0.19122726994100958,0.35268353271484376,2.847823461983353,0.0031158657131832397
3535,16384,1178176,1655678,1809678336,0.4124926889780909,1.8203404849627987,0.22137828299310058,0.34936651611328123,2.803695417009294,0.004188898740930308
3536,16384,1183316,1661328,1817573376,0.3886375790461898,1.8129525260301307,0.2655013590119779,0.358286865234375,2.82546382304281,0.0030258295802419555
3537,6172,538023,677049,826403328,0.14409253001213074,0.8028664810117334,0.14764728001318872,0.15103593444824218,1.2457666179398075,0.009985213339411117
3538,16384,1186503,1665155,1822468608,0.3588229529559612,1.8079248269787058,0.2509779550600797,0.35875668334960936,2.7765967960003763,0.00411934697126136
3539,16384,1168922,1642423,1795464192,0.3396492910105735,1.7754332000622526,0.2685913119930774,0.3350310974121094,2.718807552009821,0.0037756086020955676
3540,16384,1176862,1651065,1807660032,0.3543048439314589,1.7720843110000715,0.31972302799113095,0.3497530212402344,2.7959612489212304,0.003435124802676335
3541,16384,1175973,1655363,1806294528,0.34247755992691964,1.7284600139828399,0.3235746640712023,0.35232684326171876,2.746917593991384,0.0028582127427133467
3542,16384,1182096,1660530,1815699456,0.32939156610518694,1.7743959679501131,0.32265841495245695,0.36293984985351563,2.7894659920129925,0.0028748567628946414
3543,6172,538015,676899,826391040,0.13007397495675832,0.8000595410121605,0.14580335398204625,0.14768617248535157,1.2237087660469115,0.007005229755100383
3544,16384,1185201,1664035,1820468736,0.3282688360195607,1.7652697239536792,0.32483697996940464,0.351991455078125,2.7704566350439563,0.003235568535996108
3545,16384,1167797,1640413,1793736192,0.31626690994016826,1.761255739023909,0.315452664042823,0.33978976440429687,2.7328429520130157,0.002849582035486735
3546,16384,1176355,1651400,1806881280,0.32569541002158076,1.8012368700001389,0.31708089797757566,0.3514528198242188,2.7955815530149266,0.004133493844522782
3547,16384,1176278,1655945,1806763008,0.294808067032136,1.8218504020478576,0.3147764189634472,0.3545549011230469,2.786097669042647,0.003872078045146714
3548,16384,1184369,1661648,1819190784,0.27819417405407876,1.843973857932724,0.31907061708625406,0.3556621398925781,2.7969881100580096,0.0031219686655309374
3549,6172,537016,675402,824856576,0.10530210298020393,0.8484425130300224,0.14451922092121094,0.14495948791503907,1.2433067969977856,0.006713721143548524
3550,16384,1185471,1663826,1820883456,0.2762099748943001,1.8422268111025915,0.3194593799998984,0.3564269409179687,2.7944966049399227,0.006208560957178408
3551,16384,1169317,1643278,1796070912,0.2611920100171119,1.8531870499718934,0.31157014810014516,0.32861492919921875,2.75465192401316,0.0031868536284222625
3552,16384,1177136,1652874,1808080896,0.3036294149933383,1.8719245860120282,0.3125563219655305,0.3532025451660156,2.8413887469796464,0.0026704843824916762
3553,16384,1177013,1654076,1807891968,0.2977611190872267,1.8700985260074958,0.2967047869460657,0.34971334838867185,2.814359115087427,0.0028899886134241617
3554,16384,1183043,1660495,1817154048,0.3102968919556588,1.5831546010449529,0.17520740895997733,0.34129937744140626,2.4100322829326615,0.0030706447872166968
3555,6172,538617,677296,827315712,0.09324370103422552,0.6432394169969484,0.07824911794159561,0.153890625,0.9686818619957194,0.0060908565819741654
3556,16384,1186324,1665034,1822193664,0.23374316294211894,1.4087722740368918,0.17246689193416387,0.35966851806640626,2.174706063931808,0.0025390535825865965
3557,16384,1167123,1640948,1792700928,0.23218138003721833,1.3918552059913054,0.1719650289742276,0.356027587890625,2.1520971570862457,0.003157580160609752
3558,16384,1177599,1651886,1808792064,0.31265345495194197,1.7860163390869275,0.19684195693116635,0.353817626953125,2.649406624957919,0.0029156352985006497
3559,16384,1177813,1654669,1809120768,0.30739213107153773,1.8807350229471922,0.20855090604163706,0.3562492980957031,2.7530052340589464,0.0028287597100312956
3560,16384,1183756,1661500,1818249216,0.30409217602573335,1.904487531981431,0.19037438405212015,0.35627642822265626,2.7553067919798195,0.0027681744225666453
3561,6172,537780,676795,826030080,0.1195418150164187,0.8607794480631128,0.09154099191073328,0.15084754943847656,1.2227894300594926,0.00651180234255636
3562,16384,1185164,1664815,1820411904,0.3043581589590758,1.8967333050677553,0.24354113591834903,0.3588812255859375,2.803632876020856,0.004246293826720157
3563,16384,1169920,1642804,1796997120,0.3028670829953626,1.8774487460032105,0.21761835005600005,0.33124786376953125,2.729284528992139,0.0037550562041315343
3564,16384,1175689,1650337,1805858304,0.3703841300448403,1.8741600449429825,0.19282147800549865,0.3509488525390625,2.788407829008065,0.003346837385500784
3565,16384,1177103,1654760,1808030208,0.3936661269981414,1.8598305450286716,0.19139085500501096,0.35203436279296874,2.7970177360111848,0.0034267278736926894
3566,16384,1182491,1659613,1816306176,0.41835726192221045,1.8343642060644925,0.18944445997476578,0.3544805908203125,2.7967496699420735,0.0036882514513573174
3567,6172,537099,676020,824984064,0.17309479101095349,0.7997434299904853,0.122379633015953,0.1540050506591797,1.2493487499887124,0.010072872938162303
3568,16384,1186002,1665023,1821699072,0.421050091041252,1.8176689059473574,0.18956629605963826,0.3431321411132813,2.7715028550010175,0.003082112628328867
3569,16384,1167559,1640826,1793370624,0.4009983390569687,1.804567395010963,0.18546028097625822,0.3350384521484375,2.726147165056318,0.0030335069489397133
3570,16384,1179288,1653498,1811386368,0.403854590957053,1.8127880070824176,0.20830238796770573,0.35057888793945313,2.775610756012611,0.0031301963286247134
3571,16384,1177281,1656706,1808303616,0.36993726098444313,1.8016433620359749,0.22470922500360757,0.3531890869140625,2.749556121067144,0.0028072214443788605
3572,16384,1180962,1658368,1813957632,0.34976989193819463,1.8001830630237237,0.2470052030403167,0.3598592224121094,2.756908411043696,0.003301909812713834
3573,6172,538258,676590,826764288,0.12923373701050878,0.7916614199057221,0.146388863096945,0.15123922729492187,1.2186297859298065,0.008742492834067825
3574,16384,1186989,1666757,1823215104,0.33479265810456127,1.8197629489004612,0.21380502404645085,0.3578552551269531,2.72630541108083,0.0032837444418171236
3575,16384,1167615,1641631,1793456640,0.329249459085986,1.7920017290161923,0.22091528598684818,0.33864520263671877,2.6809263590257615,0.00427771168090228
3576,16384,1176860,1651113,1807656960,0.3495971099473536,1.7986336050089449,0.22143133403733373,0.338385009765625,2.7081379749579355,0.003357147956237926
3577,16384,1175734,1654558,1805927424,0.3279325030744076,1.8014229089021683,0.20951841806527227,0.3375591430664063,2.676532304030843,0.0037111796647820144
3578,16384,1183421,1662680,1817734656,0.32403948600403965,1.8210465050069615,0.19136551499832422,0.3579810791015625,2.6945254410384223,0.0034460957807406134
3579,6172,538083,676790,826495488,0.12111408798955381,0.8112462250282988,0.1034141929121688,0.1517802276611328,1.1876310009974986,0.00642180999656529
3580,16384,1185562,1664102,1821023232,0.3186158259632066,1.8645438409876078,0.19045542099047452,0.35848245239257814,2.7321797750191763,0.0030098563081833248
3581,16384,1168978,1641886,1795550208,0.3162076650187373,1.8210869790054858,0.18239936500322074,0.35334576416015623,2.6731178030604497,0.0029190585151329883
3582,16384,1177608,1651458,1808805888,0.3347876659827307,1.8441162640228868,0.18990369501989335,0.356003173828125,2.7248923369916156,0.002992343472540719
3583,16384,1176395,1652315,1806942720,0.3218168639577925,1.7806849300395697,0.17819408304058015,0.35569769287109376,2.6364797049900517,0.003267048892971387
3584,16384,1181786,1658987,1815223296,0.32353379507549107,1.5246374600101262,0.17418699292466044,0.3646388549804688,2.3870668309973553,0.0029210747559805733
3585,6172,538130,676923,826567680,0.09407914604526013,0.6434195169713348,0.07837467594072223,0.15301683044433595,0.9689489440061152,0.006065810260240989
3586,16384,1185421,1662542,1820806656,0.2352870689937845,1.4089423599652946,0.17266820499207824,0.3558096008300781,2.172763832961209,0.002604893321364618
3587,16384,1169491,1642928,1796338176,0.234177230973728,1.3949352710042149,0.17032051703426987,0.3414080505371094,2.1408994989469647,0.0027291985294585243
3588,16384,1178214,1652026,1809736704,0.2512812210479751,1.400498988921754,0.17143834207672626,0.3302384033203125,2.1535164599772543,0.002763137017616416
3589,16384,1176414,1653757,1806971904,0.2375963779632002,1.4023593190358952,0.1711621310096234,0.35250445556640625,2.163679801975377,0.0026583600863454813
3590,16384,1181947,1660539,1815470592,0.2340205069631338,1.4075814459938556,0.17616907495539635,0.36264193725585936,2.1804736849153414,0.002784704420702585
3591,6172,538118,677361,826549248,0.09392691508401185,0.6432199769187719,0.07844529498834163,0.15109210205078125,0.9667466629762203,0.0064519420342871335
3592,16384,1185711,1664247,1821252096,0.23223624494858086,1.4094232911011204,0.1724190569948405,0.3545276184082031,2.1686635620426387,0.002644513003204643
3593,16384,1168846,1642398,1795347456,0.23141683195717633,1.3918342830147594,0.1704622709657997,0.35400360107421874,2.1477873789845034,0.003277418111209027
3594,16384,1177212,1651797,1808197632,0.24828011100180447,1.404998560086824,0.17130628891754895,0.35567330932617186,2.180319846025668,0.002824204596917681
3595,16384,1177842,1655215,1809165312,0.24295096099376678,1.4026780440472066,0.17124097095802426,0.3528693542480469,2.169796161004342,0.0026191749399699002
3596,16384,1184160,1661643,1818869760,0.23266385099850595,1.3886639369884506,0.17234519904013723,0.3368553466796875,2.130586644052528,0.0027368211431025367
3597,6172,537874,676384,826174464,0.09284495003521442,0.6437619379721582,0.07786075701005757,0.15407125854492187,0.9685960760107264,0.005902609951694534
3598,16384,1186747,1665249,1822843392,0.23109272599685937,1.412194826058112,0.17239695403259248,0.35878121948242186,2.174525101087056,0.0027305050210942603
3599,16384,1169257,1641403,1795978752,0.23556655296124518,1.392557699000463,0.17025220207870007,0.3532166748046875,2.151660416042432,0.0031272219740129995
3600,16384,1178147,1651986,1809633792,0.262692564050667,1.4117730139987543,0.17475132492836565,0.3557333679199219,2.2050161220831797,0.002986426485106281
3601,16384,1176451,1654131,1807028736,0.2733732829801738,1.4046597019769251,0.1724715130403638,0.3523912048339844,2.202960088965483,0.002922709964580284
3602,16384,1181670,1659666,1815045120,0.29041147895623,1.4112532769795507,0.17408891499508172,0.36420477294921877,2.240025545936078,0.0029955933367956625
3603,6172,538340,677203,826890240,0.12557945493608713,0.6447697019902989,0.07960119401104748,0.15219497680664062,1.0022121840156615,0.006670869966820067
3604,16384,1186882,1664665,1823050752,0.3216409010346979,1.5663559710374102,0.32032680697739124,0.35821051025390627,2.566664649057202,0.005082851546042501
3605,16384,1170529,1643195,1797932544,0.36514191806782037,1.8573096649488434,0.32678571599535644,0.3537701110839844,2.9031379820080474,0.00449761302603544
3606,16384,1177941,1652512,1809317376,0.3839496959699318,1.890477141016163,0.32537177798803896,0.35630447387695313,2.956197671010159,0.0031994531353514337
3607,16384,1175890,1654393,1806167040,0.3625737139955163,1.8682813310297206,0.32092059298884124,0.3507728271484375,2.902632159064524,0.0028833795473183904
3608,16384,1183834,1661862,1818369024,0.33914560603443533,1.894194592954591,0.3230194140924141,0.35700048828125,2.913438401068561,0.0026875360001388784
3609,6172,537642,676659,825818112,0.11830247100442648,0.9177273289533332,0.14604923105798662,0.14794761657714844,1.3301077879732475,0.0061002860885666305
3610,16384,1185959,1664916,1821633024,0.28445284301415086,1.8849054779857397,0.3224781510652974,0.33782000732421874,2.82973913801834,0.002921068865413904
3611,16384,1167910,1641576,1793909760,0.2804308539489284,1.82872441096697,0.3170790490694344,0.3526628112792969,2.7789908989798278,0.003374380075612254
3612,16384,1177656,1651323,1808879616,0.31116410705726594,1.8131986799417064,0.32059258909430355,0.3565543212890625,2.801597750047222,0.0031429445887421583
3613,16384,1176635,1653564,1807311360,0.3187551310984418,1.7722321499604732,0.3233613829361275,0.339265869140625,2.753717726096511,0.003747405184836051
3614,16384,1182983,1661023,1817061888,0.32598951703403145,1.7770723359426484,0.27496036898810416,0.33330191040039064,2.7114156329771504,0.0033746435206337675
3615,6172,537943,677479,826280448,0.1261064000427723,0.7963582139927894,0.14922441192902625,0.15109913635253908,1.2228669850155711,0.0064457295364021205
3616,16384,1185815,1664336,1821411840,0.31965688499622047,1.8739769699750468,0.19342204101849347,0.35636749267578127,2.743510741973296,0.0031839972928649984
3617,16384,1165668,1638294,1790466048,0.31441280397120863,1.8759681889787316,0.24078600609209388,0.3364440612792969,2.767690986976959,0.0028878460783307133
3618,16384,1177870,1652303,1809208320,0.3302560088923201,1.8772581910016015,0.27932016807608306,0.35253372192382815,2.839452024898492,0.0029560282731695914
3619,16384,1177345,1655835,1808401920,0.30892137403134257,1.9000054999487475,0.2869988919701427,0.3417657470703125,2.837770965998061,0.00279983756504244
3620,16384,1181487,1659379,1814764032,0.3127347979461774,1.9248700700700283,0.2809433590155095,0.34036285400390626,2.85899207694456,0.0028330232039351956
3621,6172,538083,677101,826495488,0.12182606407441199,0.919518906972371,0.08040311699733138,0.1505630340576172,1.2723830310860649,0.005651520224370784
3622,16384,1185983,1664313,1821669888,0.2842738339677453,1.8908286590594798,0.31372262293007225,0.3595094604492188,2.848432447994128,0.00343598064544499
3623,16384,1168730,1639919,1795169280,0.27872676588594913,1.8489034650847316,0.3160711219534278,0.35231661987304685,2.796101586893201,0.0029903811949311423
3624,16384,1177478,1651888,1808606208,0.2901370079489425,1.9188715950585902,0.31421911891084164,0.3556963806152344,2.8790061339968815,0.002849297967938275
3625,16384,1175963,1652852,1806279168,0.2709632470505312,1.9055728379171342,0.3162220760714263,0.3522264709472656,2.845077843987383,0.0032762548561802232
3626,16384,1183291,1662067,1817534976,0.25831945007666945,1.9245996959507465,0.31839749903883785,0.35463949584960935,2.8560409450437874,0.0029692896410033237
3627,6172,538729,677654,827487744,0.10004653397481889,0.8778272949857637,0.1446113750571385,0.1521072998046875,1.2746902470244095,0.007667996380219597
3628,16384,1186706,1665012,1822780416,0.26461634295992553,1.8348243900109082,0.31861010706052184,0.35766452026367185,2.7757934579858556,0.0028135267270492314
3629,16384,1168906,1640204,1795439616,0.28327388095203787,1.7694321139715612,0.31732402299530804,0.35204971313476563,2.7221692159073427,0.0032872627148669326
3630,16384,1177928,1652207,1809297408,0.3279146170243621,1.7771355360746384,0.3177604629890993,0.35667135620117185,2.7795803190674633,0.003538188032084715
3631,16384,1177032,1654856,1807921152,0.3182416239287704,1.4568127259844914,0.17813629808370024,0.3499916076660156,2.3032403929391876,0.0025241514688737693
3632,16384,1184354,1661943,1819167744,0.2391175109660253,1.4215933319646865,0.17887041403446347,0.338129638671875,2.1777719570090994,0.0028038460065933357
3633,6172,537895,676526,826206720,0.09610171604435891,0.6510176339652389,0.08139220997691154,0.15417103576660157,0.9827430280856788,0.0061493524594761215
3634,16384,1187080,1665883,1823354880,0.23598474403843284,1.4309554259525612,0.18045782600529492,0.3556372680664063,2.2031051160302013,0.003170614375044571
3635,16384,1167351,1641239,1793051136,0.2617526170797646,1.779720157966949,0.34375726396683604,0.3535359497070312,2.7388864409876987,0.004397855468386595
3636,16384,1176969,1652158,1807824384,0.3862508429447189,1.9409354930976406,0.34424187196418643,0.35584872436523435,3.027375553967431,0.0032576597747060983
3637,16384,1174718,1652939,1804366848,0.42413559497799724,1.927343838964589,0.30029948707669973,0.35645269775390626,3.008337831008248,0.003530595332782703
3638,16384,1183612,1661998,1818028032,0.4510608799755573,1.9361245260806754,0.25528064591344446,0.3523682556152344,2.9949466000543907,0.0037493980519362254
3639,6172,537939,677144,826274304,0.16391294193454087,0.9348810910014436,0.08753625501412898,0.15272023010253907,1.3391256229951978,0.005608506121881362
3640,16384,1185486,1664455,1820906496,0.40791381406597793,1.940657441969961,0.30135385505855083,0.35186846923828125,3.001878014067188,0.0028126970523570474
3641,16384,1168535,1641167,1794869760,0.4170573449227959,1.934609308023937,0.25810620898846537,0.3277640075683594,2.937619633972645,0.00281739909857338
3642,16384,1177411,1651417,1808503296,0.39493146096356213,1.9617448770441115,0.24359991902019829,0.35677261352539064,2.95712470903527,0.0025646020871384944
3643,16384,1175556,1653360,1805654016,0.3611820380901918,1.9336340338923037,0.25553754006978124,0.35136123657226564,2.9017938299803063,0.002721811417062092
3644,16384,1183658,1660046,1818098688,0.34268205193802714,1.961865124059841,0.26741420291364193,0.35637301635742186,2.928410702967085,0.0026057717271634278
3645,6172,537409,675775,825460224,0.12841110199224204,0.9441003419924527,0.0863393940962851,0.15293359375,1.311859306995757,0.005707560588068595
3646,16384,1186084,1664254,1821825024,0.32391634897794574,1.9485452349763364,0.3311044389847666,0.3564723815917969,2.960122024989687,0.0028248990458945885
3647,16384,1170649,1641472,1798116864,0.3251534040318802,1.921654075034894,0.3278899509459734,0.33398675537109374,2.9087729090824723,0.0030502105665958196
3648,16384,1177315,1652399,1808355840,0.34706118900794536,1.9428824110655114,0.31632158998399973,0.34025634765625,2.946605109027587,0.002836189811258391
3649,16384,1176747,1655292,1807483392,0.33179884997662157,1.9402393290074542,0.2995214780094102,0.3531510314941406,2.9247956559993327,0.0029050751471054958
3650,16384,1184054,1661706,1818706944,0.3242163739632815,1.958274275995791,0.28154541307594627,0.3552565612792969,2.9193816729821265,0.0030502578211951837
3651,6172,537249,676286,825214464,0.1257503639208153,0.9456702040042728,0.08623432309832424,0.15196617126464843,1.3097005529562011,0.0060693773061985595
3652,16384,1185485,1664388,1820904960,0.29952088790014386,1.9155947110848501,0.32978144695516676,0.3579343566894531,2.9029181419173256,0.002988003225410754
3653,16384,1169444,1641612,1796265984,0.2944721670355648,1.9282010359456763,0.32650912704411894,0.3489046020507813,2.898187055019662,0.003454674995771969
3654,16384,1178119,1652579,1809590784,0.3087305120425299,1.939143317984417,0.3280939239775762,0.35359100341796873,2.929636101005599,0.0026400406207586972
3655,16384,1177376,1655180,1808449536,0.30048585205804557,1.949811176978983,0.32974586402997375,0.35132186889648437,2.9314421709859744,0.002640646411302189
3656,16384,1183099,1660387,1817240064,0.3074160109972581,1.9631009129807353,0.32250586804002523,0.3548719482421875,2.9479746610159054,0.002711039438569645
3657,6172,537417,676568,825472512,0.12350008590146899,0.9564275169977918,0.0872466720174998,0.15048159790039062,1.317735323915258,0.006029366949862385
3658,16384,1187277,1666288,1823657472,0.28454798401799053,1.95409135799855,0.33207656699232757,0.3567809143066406,2.9275747530627996,0.0026619216882263243
3659,16384,1167746,1640893,1793657856,0.28838966495823115,1.9241358580766246,0.32642852899152786,0.35013858032226564,2.8891776569653302,0.0029428656446947236
3660,16384,1177103,1651462,1808030208,0.302351739956066,1.9391213950002566,0.32986895099747926,0.35636703491210936,2.927788355969824,0.0027063125567516003
3661,16384,1176415,1654273,1806973440,0.3101679040119052,1.6860167239792645,0.1712701009819284,0.35067745971679687,2.5181869990192354,0.002176578997582891
3662,16384,1181882,1659469,1815370752,0.23420517100021243,1.404323256923817,0.17188001109752804,0.3612959289550781,2.1717607110040262,0.002594347853556967
3663,6172,538067,676877,826470912,0.09406185895204544,0.6431934790452942,0.0784061390440911,0.1521604766845703,0.9678883670130745,0.006861668074212462
3664,16384,1185276,1664210,1820583936,0.23212733503896743,1.4079146559815854,0.17252465698402375,0.35455453491210936,2.1671805049991235,0.0027372931004398518
3665,16384,1167755,1641596,1793671680,0.23039507493376732,1.5659666020656005,0.25544213596731424,0.35074520874023435,2.4026323469588533,0.0034680816664465416
3666,16384,1178157,1652591,1809649152,0.32405132602434605,1.9378821880090982,0.213705939007923,0.35288238525390625,2.828636239049956,0.00404437845713039
3667,16384,1177498,1655787,1808636928,0.32212280097883195,1.9151119929738343,0.26236178900580853,0.3347514343261719,2.834453886956908,0.0037350994753702236
3668,16384,1182904,1661324,1816940544,0.36245486803818494,1.9006950280163437,0.29329097201116383,0.35489349365234374,2.911443479009904,0.003747876015955433
3669,6172,537958,677034,826303488,0.15889411501120776,0.9208156670210883,0.08449336898047477,0.15301449584960938,1.3173036189982668,0.006526372101820105
3670,16384,1185666,1664923,1821182976,0.39863650093320757,1.9206831160699949,0.32123821799177676,0.34458883666992185,2.985239161993377,0.003098255230387132
3671,16384,1168470,1641076,1794769920,0.4319859849056229,1.870811470085755,0.2860964889405295,0.3516723327636719,2.9407087839208543,0.004846016241192508
3672,16384,1177834,1652579,1809153024,0.4322532480582595,1.9098972219508141,0.2481310840230435,0.3474732360839844,2.9378392279613763,0.0028741479271992515
3673,16384,1177944,1655800,1809321984,0.4043074569199234,1.8481149959843606,0.23472677799873054,0.3564341125488281,2.843659844947979,0.0026902477900811747
3674,16384,1183835,1662224,1818370560,0.4098395290784538,1.733066163957119,0.1981090820627287,0.3364319152832031,2.6775329230586067,0.003220601933945782
3675,6172,537602,676276,825756672,0.15224967594258487,0.8013762650080025,0.08638569409959018,0.15076803588867188,1.190856387023814,0.0064420937571113696
3676,16384,1185593,1665176,1821070848,0.37407017801888287,1.7603874870110303,0.203252580948174,0.3571915283203125,2.694984402973205,0.0030660168093685335
3677,16384,1167306,1641137,1792982016,0.3585908949607983,1.729324396001175,0.17492298607248813,0.35925473022460935,2.6221712559927255,0.0029841198768378093
3678,16384,1177942,1653520,1809318912,0.3807234700070694,1.7236183350905776,0.18441127601545304,0.3542699584960938,2.6431147441035137,0.003469561604339628
3679,16384,1178432,1656686,1810071552,0.3626895109191537,1.7175843809964135,0.1826636630576104,0.3309625244140625,2.5940034949453548,0.0039867162213268635
3680,16384,1184080,1660455,1818746880,0.35641715803649276,1.7177532539935783,0.19108181493356824,0.3417125549316406,2.6070570159936324,0.003537862723632469
3681,6172,538716,677094,827467776,0.1363081430317834,0.7601037529530004,0.11031930195167661,0.15048367309570312,1.1573058919748291,0.007864899271388538
3682,16384,1184933,1662199,1820057088,0.3498722909716889,1.742780662025325,0.18446698493789881,0.34210006713867186,2.6192951989360154,0.0028707670086734363
3683,16384,1168789,1641787,1795259904,0.3434247550321743,1.7183325309306383,0.18260022404138,0.3298999328613281,2.574352329946123,0.0036858622457693643
3684,16384,1176517,1649413,1807130112,0.36562396900262684,1.730901226052083,0.1825465289875865,0.3522901306152344,2.6314536520512775,0.003488467056043904
3685,16384,1174452,1652087,1803958272,0.34969932201784104,1.7153888350585476,0.1820862719323486,0.35737603759765624,2.6046521010575816,0.003902035559647845
3686,16384,1182659,1660908,1816564224,0.34563830797560513,1.727458533947356,0.1844141340116039,0.3524985961914063,2.610126686980948,0.004486941402527337
3687,6172,538305,677148,826836480,0.130224057007581,0.7689704080112278,0.10392266896087676,0.14583952331542968,1.1490464250091463,0.007812366156598487
3688,16384,1186388,1664611,1822291968,0.33964407292660326,1.7421986700501293,0.18046372395474464,0.3543976745605469,2.6168558889767155,0.00579884759151203
3689,16384,1168829,1642360,1795321344,0.33577989507466555,1.7231371499365196,0.18240869708824903,0.35324343872070313,2.5946522840531543,0.00320286589180419
3690,16384,1178019,1652535,1809437184,0.35910395602695644,1.7181008809711784,0.18258037406485528,0.3352431640625,2.595105318003334,0.002964923130881259
3691,16384,1177126,1655007,1808065536,0.3434333929326385,1.4806909780018032,0.17354691307991743,0.35257470703125,2.350317884935066,0.0030589006669120133
3692,16384,1183132,1660710,1817290752,0.23454906209371984,1.408418589970097,0.1719816999975592,0.35814556884765625,2.1731535920407623,0.002699815233711234
3693,6172,537906,676984,826223616,0.09421782603021711,0.6442820589290932,0.07804080797359347,0.14864463806152345,0.965242865961045,0.00596067255680593
3694,16384,1185883,1664766,1821516288,0.2333948800805956,1.4098910589236766,0.17270743404515088,0.35894003295898436,2.174991674022749,0.002678999420431389
3695,16384,1169105,1641883,1795745280,0.2314417070010677,1.4048235430382192,0.184023592970334,0.3529828186035156,2.1733293950092047,0.0026564494181540764
3696,16384,1177691,1652903,1808933376,0.25264917907770723,1.6243568499339744,0.29730516904965043,0.3539047546386719,2.5283013860462233,0.0033790807809050364
3697,16384,1176819,1655467,1807593984,0.2823106510331854,1.7851783579681069,0.2867529890500009,0.3553140563964844,2.7096359309507534,0.0029478684595052023
3698,16384,1184778,1661725,1819819008,0.2737435899907723,1.8387632730882615,0.2973804660141468,0.35463082885742186,2.764601744012907,0.003023439541899132
3699,6172,538056,676936,826454016,0.09591485501732677,0.8888047100044787,0.12635658797807992,0.15364256286621095,1.2647963529452682,0.0061383066918998
3700,16384,1185642,1663787,1821146112,0.27178445900790393,1.8360829750308767,0.29444611992221326,0.34177102661132813,2.744164924020879,0.0029277922712845758
3701,16384,1168695,1641830,1795115520,0.2807292069774121,1.8081938460236415,0.289580438984558,0.34012240600585936,2.7187191980192438,0.0034317640395133066
3702,16384,1177083,1650169,1807999488,0.32177059911191463,1.8114098019432276,0.2923120120540261,0.3523189392089844,2.777923002024181,0.0040191792914040245
3703,16384,1177383,1655986,1808460288,0.377510268939659,1.824194320011884,0.22968984697945416,0.357162841796875,2.7886591500137,0.003653092054201721
3704,16384,1183258,1662011,1817484288,0.40625265100970864,1.8266484909690917,0.1803176860557869,0.3365755615234375,2.7499805559637025,0.006769735345008038
3705,6172,538024,676403,826404864,0.16983642801642418,0.8194423979148269,0.09039579099044204,0.1540348205566406,1.2338094109436497,0.008102828883394647
3706,16384,1184352,1662296,1819164672,0.4458370479987934,1.8134301389800385,0.17952402809169143,0.3567592468261719,2.795676412060857,0.004505176765750236
3707,16384,1169066,1640547,1795685376,0.42904635902959853,1.7727466380456463,0.18473052396439016,0.3518421325683594,2.738444517017342,0.0028798615001232306
3708,16384,1178145,1652411,1809630720,0.4326385479653254,1.7621067450381815,0.1843572249636054,0.35519390869140627,2.7343758940696716,0.002906235800468511
3709,16384,1176067,1654037,1806438912,0.39820378099102527,1.7549184729577973,0.19483353197574615,0.33560025024414064,2.683650777908042,0.0035303304033744293
3710,16384,1183277,1662784,1817513472,0.3780719980131835,1.7609590770443901,0.19685292500071228,0.3573935241699219,2.6933725310955197,0.003527431360316312
3711,6172,537801,676595,826062336,0.14101500599645078,0.7787458400707692,0.1186244529671967,0.1517485809326172,1.1902401400730014,0.008927619090469881
3712,16384,1183924,1663009,1818507264,0.3487513579893857,1.7963076119776815,0.18606983707286417,0.35377349853515627,2.684979664045386,0.002881156655834211
3713,16384,1168707,1641359,1795133952,0.34183787810616195,1.7773320889100432,0.1838661109795794,0.3466294250488281,2.6498465720796958,0.00683318940012669
3714,16384,1178278,1652458,1809835008,0.3619845249922946,1.781505106948316,0.186238644993864,0.3315143737792969,2.6613193199736997,0.0028808741346035833
3715,16384,1174733,1651298,1804389888,0.3686101500643417,1.7761015619616956,0.1854795269900933,0.332406982421875,2.6626838099909946,0.003214371630148293
3716,16384,1183101,1660346,1817243136,0.3356653699884191,1.791039810050279,0.18337236903607845,0.3514060363769531,2.661656665033661,0.0065027012764352545
3717,6172,537851,676861,826139136,0.12572594999801368,0.8109393779886886,0.08950908109545708,0.15191673278808593,1.1781709620263427,0.006774921354379492
3718,16384,1185472,1664163,1820884992,0.3326525849988684,1.8086039569461718,0.21137179108336568,0.35943927001953124,2.712199948960915,0.004879651775996969
3719,16384,1167456,1639619,1793212416,0.32687436894048005,1.7791134780272841,0.19391633896157146,0.3543935546875,2.6543785779504105,0.0030454334677994617
3720,16384,1177563,1650970,1808736768,0.3493369419593364,1.7952700790483505,0.17851328197866678,0.3555263366699219,2.678733916953206,0.003258154771480483
3721,16384,1177491,1655090,1808626176,0.3608017150545493,1.5107434180099517,0.17359364603180438,0.35641558837890625,2.401628226041794,0.0030753538695700686
3722,16384,1182326,1660862,1816052736,0.23690889403223991,1.4052699720486999,0.1718662310158834,0.35179486083984374,2.165898564038798,0.0027058562715873645
3723,6172,538101,677451,826523136,0.09554288000799716,0.6434587200637907,0.07836074894294143,0.15047920227050782,0.967900546034798,0.0060951251451021255
3724,16384,1185862,1665544,1821484032,0.23618948098737746,1.406043647089973,0.17286277399398386,0.3518398742675781,2.1669936100952327,0.002668847570686497
3725,16384,1167503,1640759,1793284608,0.2334626029478386,1.5162222450599074,0.18540735100395977,0.35125399780273436,2.286424345918931,0.003417961527144604
3726,16384,1177243,1651579,1808245248,0.3467612420208752,1.7654079999774694,0.18604191404301673,0.33903970336914063,2.637354773003608,0.003940068820830408
3727,16384,1177313,1655476,1808352768,0.3328868610551581,1.7557524678995833,0.1876539420336485,0.35625946044921875,2.632631468004547,0.002990793352403144
3728,16384,1182590,1660352,1816458240,0.3231833550380543,1.8184165769489482,0.18903184600640088,0.33299560546875,2.663718783063814,0.0034312781905364363
3729,6172,538130,677142,826567680,0.14675058098509908,0.8582907679956406,0.08530169806908816,0.15215037536621093,1.2425676410784945,0.0059730078268565405
3730,16384,1186277,1666259,1822121472,0.31101344898343086,1.8569089099764824,0.2640281090280041,0.35918841552734376,2.791228336049244,0.0032047730680948
3731,16384,1169055,1641447,1795668480,0.3125183809315786,1.8357761029619724,0.2393418550491333,0.351068603515625,2.738839990925044,0.004930863693456849
3732,16384,1177154,1651905,1808108544,0.3346772229997441,1.8392693189671263,0.2166691169841215,0.35012030029296876,2.7408820448908955,0.005329877190708226
3733,16384,1177478,1654604,1808606208,0.3181420329492539,1.8345229149563238,0.21597621904220432,0.3508038635253906,2.7195233749225736,0.0028808154444722443
3734,16384,1182503,1660310,1816324608,0.313253139029257,1.843432797002606,0.21879708301275969,0.35558544921875,2.731151242973283,0.0030307625812859506
3735,6172,537322,676315,825326592,0.12179009197279811,0.8559016800718382,0.08235957392025739,0.1522950439453125,1.2124257009709254,0.00654151925809635
3736,16384,1185079,1663141,1820281344,0.3095296510728076,1.8383127239067107,0.2745487130014226,0.35397259521484375,2.7764598350040615,0.003463108202196321
3737,16384,1169633,1641818,1796556288,0.32434546505101025,1.8364195940084755,0.23910468292888254,0.34791131591796876,2.747889606980607,0.003950270563775595
3738,16384,1177798,1651352,1809097728,0.39282819209620357,1.8423278059344739,0.19725786498747766,0.352351318359375,2.784864991088398,0.003584005371432802
3739,16384,1176696,1655601,1807405056,0.4098891189787537,1.8248604360269383,0.1848629229934886,0.355998291015625,2.7757372099440545,0.004555219737516486
3740,16384,1182495,1660892,1816312320,0.43438847397919744,1.8106807990698144,0.18890601594466716,0.3416410827636719,2.7757436269894242,0.0045845455911669875
3741,6172,538419,677261,827011584,0.173434289987199,0.806305586011149,0.08648184698540717,0.1454288635253906,1.211743630003184,0.007678480145014265
3742,16384,1187062,1666323,1823327232,0.42683791602030396,1.8080803679767996,0.18452973302919418,0.3554389953613281,2.7749717889819294,0.00305504346531856
3743,16384,1167688,1640218,1793568768,0.40578886098228395,1.7879444030113518,0.18744326895102859,0.3533321533203125,2.7345997060183436,0.003328448882901065
3744,16384,1175721,1650168,1805907456,0.40714068396482617,1.7824805710697547,0.18577995500527322,0.3306651916503906,2.7061495459638536,0.0030724197682689843
3745,16384,1177245,1655659,1808248320,0.37611405295319855,1.789389452082105,0.1864852620055899,0.35471157836914063,2.706784524023533,0.0031099118807478925
3746,16384,1181367,1658872,1814579712,0.35299143998418003,1.7921621249988675,0.1870461900252849,0.3606071472167969,2.69294246006757,0.005033818748489035
3747,6172,537116,676176,825010176,0.13272238208446652,0.8010417849291116,0.08733146998565644,0.15211546325683595,1.1733275119913742,0.00992150393763971
3748,16384,1184687,1663471,1819679232,0.3395139400381595,1.8413949880050495,0.18909073201939464,0.35378338623046873,2.7238628420745954,0.0029295080607680164
3749,16384,1167356,1639382,1793058816,0.3360373640898615,1.8149369669845328,0.18656143092084676,0.35806878662109376,2.6956900840159506,0.0031730427812464257
3750,16384,1177541,1651929,1808702976,0.35592582006938756,1.8196017569862306,0.17910600593313575,0.35318966674804686,2.7079063180135563,0.0030676200355539765
3751,16384,1177179,1656097,1808146944,0.33793606294784695,1.5405484500806779,0.1737004779279232,0.33640963745117186,2.388671266962774,0.0032084178435946315
3752,16384,1181808,1660222,1815257088,0.2436129089910537,1.4092150380602106,0.17420985794160515,0.3512144775390625,2.178316186997108,0.002933663421199981
3753,6172,537626,676481,825793536,0.09627952298615128,0.6450819619931281,0.0783922930713743,0.1500650634765625,0.9698793099960312,0.0062346384948937595
3754,16384,1186087,1664441,1821829632,0.24096051405649632,1.4094145719427615,0.17284257500432432,0.3333857421875,2.1566641720710322,0.002817725668040544
3755,16384,1169460,1641436,1796290560,0.2398910679621622,1.3951359000056982,0.1703777239890769,0.34864935302734373,2.1541162739740685,0.002888840799320279
3756,16384,1177548,1651590,1808713728,0.26426570606417954,1.388641622965224,0.17143118800595403,0.3556165466308594,2.1800131290219724,0.0026635323880658357
3757,16384,1177405,1656093,1808494080,0.24972598301246762,1.406468367902562,0.17158488102722913,0.35125018310546874,2.1790862299967557,0.0026072831926517684
3758,16384,1183011,1660158,1817104896,0.2567584100179374,1.4147244709311053,0.1755463209701702,0.34422271728515624,2.191317447926849,0.0029903801725201743
3759,6172,538765,677765,827543040,0.0943444479489699,0.6469724110793322,0.08067455189302564,0.15187295532226563,0.9739236190216616,0.006083924540991875
3760,16384,1185534,1662672,1820980224,0.24014173494651914,1.4135815770132467,0.17269287502858788,0.34282363891601564,2.1693040459649637,0.0029603992448042835
3761,16384,1170096,1641374,1797267456,0.23443098505958915,1.3959705989109352,0.1706350150052458,0.3517465515136719,2.1528425810392946,0.0027605617974992835
3762,16384,1177194,1651105,1808169984,0.2586730149341747,1.404481347068213,0.17269830300938338,0.34574093627929686,2.181653067935258,0.002725760803320077
3763,16384,1176173,1653358,1806601728,0.2405823280569166,1.4012713929405436,0.17376967298332602,0.3362630615234375,2.1519429930485785,0.002627278907353648
3764,16384,1182961,1661479,1817028096,0.23515225993469357,1.4135852280305699,0.17560631595551968,0.35215618896484374,2.1765689459862188,0.003167972267504661
3765,6172,537873,676966,826172928,0.09325667098164558,0.6428705860162154,0.07858515600673854,0.15016464233398438,0.9649403929943219,0.006563893085811911
3766,16384,1187308,1665853,1823705088,0.24286843603476882,1.4138299360638484,0.17265424400102347,0.3549637451171875,2.1843769480474293,0.002773643562532
3767,16384,1168749,1642016,1795198464,0.2320730269420892,1.3947571930475533,0.17039935395587236,0.35161135864257814,2.148904730915092,0.002968876473734148
3768,16384,1177946,1652713,1809325056,0.2499469870235771,1.4067102289991453,0.17511768406257033,0.3508958435058594,2.1827285180334,0.002646890887747033
3769,16384,1176364,1653869,1806895104,0.23622582806274295,1.3982316959882155,0.17136340599972755,0.35024920654296876,2.156126159010455,0.002598290297909151
3770,16384,1182351,1660274,1816091136,0.23360546096228063,1.4065810480387881,0.17308948398567736,0.3567012939453125,2.1700344750424847,0.002635354925628858
3771,6172,537115,675508,825008640,0.09315617592073977,0.6422536040190607,0.07836042903363705,0.1529000701904297,0.9667302949819714,0.006208124273712564
3772,16384,1184569,1663259,1819497984,0.23119584505911916,1.4096923469332978,0.17536947107873857,0.3569771728515625,2.173294838052243,0.0027608830828828113
3773,16384,1168386,1641514,1794640896,0.22946006793063134,1.3937298170058057,0.17023378005251288,0.3402196044921875,2.1337036279728636,0.002828813286659463
3774,16384,1178157,1654350,1809649152,0.24731939693447202,1.4702363579999655,0.25018135900609195,0.330464599609375,2.298282715957612,0.003524475346079941
3775,16384,1176611,1653701,1807274496,0.31148226594086736,1.760139408055693,0.2758284609299153,0.35420745849609375,2.701771955937147,0.00423287073975831
3776,16384,1182004,1660462,1815558144,0.35279006394557655,1.7799046400468796,0.17994694400113076,0.3643492126464844,2.6770927789621055,0.0038070522932655126
3777,6172,538593,677405,827278848,0.15352182008791715,0.8563037349376827,0.08268559304997325,0.14555389404296876,1.2381475020665675,0.0066599454336377035
3778,16384,1186166,1663907,1821950976,0.4035918009467423,1.8195078040007502,0.3101735069649294,0.35725802612304686,2.890624757972546,0.0032387440403372674
3779,16384,1168136,1640895,1794256896,0.4102959120646119,1.7921899519860744,0.3002506089396775,0.35333786010742185,2.8562028700252995,0.004500273032515749
3780,16384,1178505,1652028,1810183680,0.400778015027754,1.8115300240460783,0.3030490099918097,0.3522380981445313,2.8676755169872195,0.0028026105662884992
3781,16384,1177613,1654979,1808813568,0.35321448696777225,1.815456598997116,0.30279134400188923,0.35030819702148436,2.821849119034596,0.002781581970638945
3782,16384,1182753,1660114,1816708608,0.3260415750555694,1.7908892630366609,0.3077873010188341,0.35438568115234376,2.7791951440740377,0.00328598050498298
3783,6172,537835,677141,826114560,0.1447536259656772,0.7679361969931051,0.14090458396822214,0.1501682891845703,1.2038460629992187,0.006925045502593512
3784,16384,1185006,1663054,1820169216,0.3606390330241993,1.761357382987626,0.18748469394631684,0.3587396240234375,2.6683207229943946,0.0037472636611337908
3785,16384,1169675,1644195,1796620800,0.3431143780471757,1.809376453049481,0.2085804269881919,0.3527414855957031,2.7138978290604427,0.0031351725543958503
3786,16384,1176411,1650078,1806967296,0.3570443199714646,1.8038907709997147,0.2998069250024855,0.3513480529785156,2.812170061049983,0.0028444971700129083
3787,16384,1173938,1652643,1803168768,0.3286985600134358,1.816784349968657,0.2997235340299085,0.36063992309570314,2.805932588991709,0.0030728423178534364
3788,16384,1184799,1662338,1819851264,0.2928106280742213,1.8285771990194917,0.30607766192406416,0.35676309204101564,2.784330603084527,0.003664149135923381
3789,6172,537374,675909,825406464,0.1045985579257831,0.8077570759924129,0.13950256002135575,0.1528521270751953,1.204810232971795,0.008292754685649151
3790,16384,1185909,1664481,1821556224,0.31859027000609785,1.7367347970139235,0.26996199099812657,0.3561435546875,2.6815412770956755,0.004126894893356753
3791,16384,1167330,1640244,1793018880,0.323845049017109,1.7594648299273103,0.18120557302609086,0.3563706970214844,2.620968751027249,0.0031515841317100246
3792,16384,1178962,1653046,1810885632,0.34399698197375983,1.8006400340236723,0.27494929207023233,0.35215823364257814,2.7718311140779406,0.003123291576388528
3793,16384,1177655,1655012,1808878080,0.3277320440392941,1.7967473110184073,0.29742416099179536,0.33896383666992186,2.7609629089711234,0.0034609755674067685
3794,16384,1185096,1662561,1820307456,0.27798014192376286,1.8105838220799342,0.3002163409255445,0.35396945190429685,2.742841549916193,0.0033466418305244704
3795,6172,538225,676889,826713600,0.1083790409611538,0.7893383849877864,0.1363746749702841,0.1508230438232422,1.1850170469842851,0.008599221595826384
3796,16384,1186035,1664469,1821749760,0.3216616860590875,1.7403278339188546,0.23222465009894222,0.3513153991699219,2.6456536459736526,0.004689832587687803
3797,16384,1168778,1642626,1795243008,0.3176804679678753,1.8010034690378234,0.17673208098858595,0.3504893188476563,2.6459858720190823,0.0030436737396445568
3798,16384,1178294,1651916,1809859584,0.3369973689550534,1.820412412052974,0.28535721194930375,0.3522251281738281,2.795072527951561,0.0028767346677896215
3799,16384,1177228,1656137,1808222208,0.3222111960640177,1.8173446079017594,0.3001805330859497,0.3539849548339844,2.7938098680460826,0.0031704433928865226
3800,16384,1182668,1659480,1816578048,0.2782586090033874,1.8320272989803925,0.30258567503187805,0.3515961303710938,2.7645502170780674,0.00298434410075153
3801,6172,537192,676807,825126912,0.10220704099629074,0.8187622959958389,0.13807603402528912,0.15076777648925782,1.209902493050322,0.0073845243032772505
3802,16384,1185754,1665265,1821318144,0.29548541409894824,1.7365551249822602,0.29100192699115723,0.357705078125,2.6808319250121713,0.00314756080074954
3803,16384,1167785,1640968,1793717760,0.3139988660113886,1.4459321700269356,0.17244374193251133,0.3390982666015625,2.2715500610647723,0.0033904818429639576
3804,16384,1177995,1651799,1809400320,0.2497584599768743,1.4063472429988906,0.1714536240324378,0.333382080078125,2.1609978079795837,0.0026099468054960693
3805,16384,1177243,1654327,1808245248,0.2375020709587261,1.4029474230483174,0.17174357292242348,0.35690194702148437,2.1691524810157716,0.0026492865450019575
3806,16384,1184578,1662987,1819511808,0.23295032104942948,1.4129551119403914,0.17264954303391278,0.35475146484375,2.173370036063716,0.0029261099203983015
3807,6172,537923,676624,826249728,0.0940454350784421,0.6757176959654316,0.08115571003872901,0.15181341552734376,1.0028146359836683,0.008214815656422833
3808,16384,1187422,1666272,1823880192,0.3094531469978392,1.6885606279829517,0.31468622805550694,0.3557318115234375,2.6685275050112978,0.0035858896482366073
3809,16384,1169748,1642687,1796732928,0.24922530399635434,1.7728992090560496,0.31184470001608133,0.352181884765625,2.6862596040591598,0.004039305243821926
3810,16384,1177750,1651084,1809024000,0.3242082849610597,1.7343617340084165,0.2955140440026298,0.35221136474609377,2.7063917010091245,0.0035572563605170736
3811,16384,1176929,1653457,1807762944,0.37555586895905435,1.7613955730339512,0.19062855490483344,0.3491649475097656,2.6768452679971233,0.003747829234581319
3812,16384,1183300,1660984,1817548800,0.40143478696700186,1.7994657950475812,0.2160503149498254,0.358185302734375,2.775225607911125,0.003221655640766629
3813,6172,536562,675289,824159232,0.16747729503549635,0.8681803359650075,0.0839582959888503,0.1477689208984375,1.267480993992649,0.007585605252710978
3814,16384,1186437,1665118,1822367232,0.41228296991903335,1.8052418020088226,0.3065694730030373,0.35474411010742185,2.879079815931618,0.008386738428259983
3815,16384,1166779,1640118,1792172544,0.3705526189878583,1.8020603370387107,0.3021924329223111,0.35741482543945313,2.8323053709464148,0.0030066164106113146
3816,16384,1177396,1650910,1808480256,0.3549576409859583,1.8093705580104142,0.3060506120091304,0.3525488586425781,2.8230266369646415,0.0035057167107346876
3817,16384,1176511,1654160,1807120896,0.33592052303720266,1.7759767830139026,0.3065147279994562,0.35278076171875,2.7712931300047785,0.0036204844006125394
3818,16384,1182428,1660128,1816209408,0.3448793119750917,1.7455833790590987,0.31224339501932263,0.35757293701171877,2.7604530269745737,0.006303454818529774
3819,6172,536789,676125,824507904,0.13733529299497604,0.7690525710349903,0.14237552997656167,0.15067141723632813,1.1995172339957207,0.006871327107995887
3820,16384,1185603,1664018,1821086208,0.34021974296774715,1.8297730119666085,0.18046261905692518,0.34268621826171874,2.6932190349325538,0.0028754690409497565
3821,16384,1168349,1640872,1794584064,0.346080563031137,1.8153773680096492,0.28446834604255855,0.3286283874511719,2.774625377031043,0.002548542124355056
3822,16384,1178232,1652304,1809764352,0.3501276569440961,1.8215233470546082,0.30343939200975,0.3354729919433594,2.810657739988528,0.0033569379641041493
3823,16384,1177754,1656688,1809030144,0.2974916190141812,1.8352575829485431,0.3009508050745353,0.35073629760742187,2.7845229679951444,0.0031123230606868325
3824,16384,1183498,1660502,1817852928,0.2679168760078028,1.8254794459789991,0.3062834319425747,0.35620889282226564,2.755982512026094,0.003405873369739172
3825,6172,536944,675637,824745984,0.12578059895895422,0.7604462599847466,0.1384741070214659,0.15040191650390625,1.175190282985568,0.007437137437265722
3826,16384,1185809,1665246,1821402624,0.3255579200340435,1.724290175945498,0.18265994999092072,0.35450015258789064,2.5870964860077947,0.0034126075281456203
3827,16384,1170674,1643031,1798155264,0.3663929150206968,1.7490968890488148,0.17683449294418097,0.3510790100097656,2.643512796028517,0.004141799700129909
3828,16384,1174922,1650004,1804680192,0.38710687996353954,1.7616457579424605,0.17692305706441402,0.35088201904296873,2.676642311969772,0.003160599980457848
3829,16384,1178074,1655216,1809521664,0.3731916380347684,1.7729689669795334,0.1828731200657785,0.3403419189453125,2.6694525399943814,0.0028805894780547657
3830,16384,1182112,1661154,1815724032,0.36203009192831814,1.7828559579793364,0.19506318808998913,0.36088653564453127,2.7009366089478135,0.0037333458810026865
3831,6172,537958,675973,826303488,0.14098550600465387,0.8320573900127783,0.08153667894657701,0.15461648559570312,1.2092705860268325,0.006162844609081907
3832,16384,1185574,1665591,1821041664,0.35684330703224987,1.7795843279454857,0.24802989210002124,0.33278460693359374,2.717321739066392,0.0029295410218487944
3833,16384,1167796,1639935,1793734656,0.354365797014907,1.7607988440431654,0.24949735694099218,0.3504105834960938,2.715156633988954,0.003095677529006586
3834,16384,1176848,1650665,1807638528,0.3770434829639271,1.77980879007373,0.23622131592128426,0.348757080078125,2.7419117050012574,0.0029554549128313094
3835,16384,1176847,1656570,1807636992,0.36325198400299996,1.5522145830327645,0.17083026398904622,0.35213235473632815,2.4385039750486612,0.0030670151981642105
3836,16384,1183777,1660766,1818281472,0.24228312098421156,1.4071362490067258,0.1722206090344116,0.35289569091796874,2.174592016963288,0.0025911536293164866
3837,6172,537037,675672,824888832,0.09373644599691033,0.6418600410688668,0.07796329190023243,0.15253846740722657,0.9661571519682184,0.006096895816816955
3838,16384,1185700,1663578,1821235200,0.23211364704184234,1.406438783975318,0.1724852150073275,0.357775634765625,2.168868505046703,0.0025462242852151
3839,16384,1168018,1642268,1794075648,0.23119581793434918,1.3937365979654714,0.175431861076504,0.33602969360351564,2.136468557990156,0.003491154130805295
3840,16384,1177604,1651924,1808799744,0.2703027360839769,1.6417408409761265,0.2842060700058937,0.3521490783691406,2.5484896670095623,0.003568449799957978
3841,16384,1176397,1655213,1806945792,0.3024777550017461,1.7998589420458302,0.28964449802879244,0.35240338134765625,2.7444647850934416,0.002922561435371518
3842,16384,1182299,1660578,1816011264,0.2685306199127808,1.7666185169946402,0.30800408602226526,0.3421253662109375,2.6854488080134615,0.00633856330941476
3843,6172,538196,676886,826669056,0.1203365990659222,0.7444112149532884,0.14504322700668126,0.1500364227294922,1.1599148330278695,0.007532386861314299
3844,16384,1186761,1665737,1822864896,0.30561733711510897,1.821758154896088,0.1839016960002482,0.3583805847167969,2.6699308711104095,0.010228668656641635
3845,16384,1168624,1641570,1795006464,0.3329106979072094,1.795749175013043,0.3071941779926419,0.35387030029296873,2.78982524597086,0.0036165263448915876
3846,16384,1176495,1650234,1807096320,0.3808646609541029,1.8014811279717833,0.3091314680641517,0.34195010375976564,2.833535408950411,0.0038131939437129215
3847,16384,1176881,1656071,1807689216,0.36974139092490077,1.8142893160693347,0.31217645993456244,0.3540455322265625,2.850357512012124,0.003677182820816368
3848,16384,1182433,1659516,1816217088,0.3637404900509864,1.812660468975082,0.31108688202220947,0.3549316711425781,2.8425426610046998,0.004332347075496852
3849,6172,537598,677248,825750528,0.16524866607505828,0.7694868529215455,0.14151604403741658,0.14982456970214844,1.226158170029521,0.0066905963159813635
3850,16384,1185060,1663351,1820252160,0.41450007806997746,1.7340610899263993,0.21669069898780435,0.3576793212890625,2.7230217510368675,0.003325818590665416
3851,16384,1168360,1641009,1794600960,0.39406767999753356,1.794352125027217,0.1783930449746549,0.35407855224609375,2.720977185992524,0.003152681597867081
3852,16384,1176830,1650349,1807610880,0.3960100420517847,1.8057940900325775,0.27922925690654665,0.3554986572265625,2.836605732096359,0.002597677853292648
3853,16384,1178037,1654534,1809464832,0.3623383690137416,1.8234949819743633,0.3055103780934587,0.35410006713867187,2.8455364169785753,0.003254948971560481
3854,16384,1183144,1660633,1817309184,0.3058138170745224,1.8285627929726616,0.3074208260513842,0.3585777282714844,2.8004713490372524,0.003434588510713259
3855,6172,538098,677140,826518528,0.10979820694774389,0.817053733044304,0.14076948002912104,0.15552079772949218,1.223239497980103,0.007952672359135158
3856,16384,1187200,1665010,1823539200,0.3149854380171746,1.7427613759646192,0.29259440500754863,0.3378343811035156,2.6883018309017643,0.004695559384554499
3857,16384,1169140,1641884,1795799040,0.3308876280207187,1.7736116389278322,0.18954049109015614,0.34833053588867186,2.6424501319415867,0.0030213631372896506
3858,16384,1178445,1651774,1810091520,0.3485577569808811,1.821771034039557,0.2637566620251164,0.35271328735351565,2.7868797359988093,0.0029063184425554976
3859,16384,1177505,1656012,1808647680,0.3307847670512274,1.8120432279538363,0.303799960995093,0.354024658203125,2.8007668930804357,0.004080270922815561
3860,16384,1183694,1661949,1818153984,0.2827716439496726,1.8182460520183668,0.30366169998887926,0.3524442138671875,2.7572269829688594,0.003749170648337304
3861,6172,538389,676814,826965504,0.10865215596277267,0.7893711279612035,0.13949280499946326,0.15072976684570313,1.1883339888881892,0.00741652766569611
3862,16384,1185588,1664547,1821063168,0.3221358850132674,1.7482297900132835,0.20043930492829531,0.35740701293945315,2.628298640018329,0.0032967001051638443
3863,16384,1169240,1641290,1795952640,0.31857065903022885,1.796010936028324,0.22643425792921335,0.3434418640136719,2.684533360064961,0.0028177360225045142
3864,16384,1176704,1650938,1807417344,0.3381754270521924,1.8144071429269388,0.30312429496552795,0.3430270080566406,2.7988254129886627,0.003270657288528784
3865,16384,1177611,1655734,1808810496,0.2903255400015041,1.8072828319855034,0.3046992290765047,0.3403758850097656,2.74276805203408,0.003083234134190056
3866,16384,1182995,1660916,1817080320,0.2644102639751509,1.7825765199959278,0.3080122850369662,0.35325558471679686,2.7084091970464215,0.005706055117094904
3867,6172,537617,675804,825779712,0.12225518096238375,0.7648159470409155,0.1402195079717785,0.1451162567138672,1.1724974230164662,0.0077211536455447745
3868,16384,1186262,1665158,1822098432,0.3154909440781921,1.8069213849958032,0.18291877489537,0.3585141906738281,2.6639141540508717,0.002584895897391414
3869,16384,1167978,1641627,1794014208,0.23417519102804363,1.391436005011201,0.16978302702773362,0.3376820678710937,2.1331343500642106,0.002721775407021017
3870,16384,1178304,1652274,1809874944,0.2493512179935351,1.4044558480381966,0.17157699400559068,0.33443399047851563,2.1598746690433472,0.002621380227313015
3871,16384,1177402,1655712,1808489472,0.236820760066621,1.3993307779310271,0.1711070000892505,0.35688430786132813,2.1641999350395054,0.002637884344901359
3872,16384,1183723,1661681,1818198528,0.23383368004579097,1.4312937449431047,0.19205797603353858,0.3581789245605469,2.215440660947934,0.003445606388753381
3873,6172,537105,676038,824993280,0.09862729499582201,0.7516609119484201,0.08117893198505044,0.15206022644042969,1.0836101329186931,0.007638129845466636
3874,16384,1185698,1663585,1821232128,0.3088660229695961,1.8352024239720777,0.3110666850116104,0.3359517517089844,2.7911720079137012,0.003049767308902478
3875,16384,1168011,1641366,1794064896,0.29796903708484024,1.8076709549641237,0.2879161370219663,0.34842596435546874,2.74206907406915,0.0031720806588565117
3876,16384,1176672,1650817,1807368192,0.2690702599938959,1.8399969320744276,0.29359592392574996,0.3555000915527344,2.7582599710440263,0.0035081354997080617
3877,16384,1176439,1655576,1807010304,0.2673188179032877,1.7414426850154996,0.2853923620423302,0.33948406982421875,2.633771260967478,0.005062177726576921
3878,16384,1183456,1660902,1817788416,0.2990678329952061,1.7326520759379491,0.28799472097307444,0.34304608154296873,2.662879101932049,0.0044459578643530236
3879,6172,537714,676561,825928704,0.13251658203080297,0.7574272479396313,0.1322086009895429,0.15219056701660155,1.1744459520559758,0.008766182830027882
3880,16384,1186556,1664280,1822550016,0.37204062298405915,1.7526786050293595,0.19417878799140453,0.3480548400878906,2.6670542389620095,0.003801305118383602
3881,16384,1169108,1641381,1795749888,0.40389186097308993,1.7553354050032794,0.1851744019659236,0.3532078552246094,2.6977199179818854,0.004092152571025458
3882,16384,1177046,1650918,1807942656,0.4544862740440294,1.7544711069203913,0.1866603430826217,0.3523720397949219,2.748129446990788,0.005082844586399495
3883,16384,1176003,1652739,1806340608,0.46222589001990855,1.749509502085857,0.18364800396375358,0.33251434326171875,2.728040319052525,0.005226452127230984
3884,16384,1182616,1660415,1816498176,0.4415052159456536,1.7526921950047836,0.18174278095830232,0.35377301025390623,2.7298050709068775,0.0033653957643733435
3885,6172,538147,677229,826593792,0.17685823200736195,0.7894974199589342,0.08582647005096078,0.15250534057617188,1.2047659379895777,0.0065137462534729
3886,16384,1184703,1662131,1819703808,0.4451947499765083,1.7505518209654838,0.20635252504143864,0.3552594299316406,2.757553018978797,0.007053103327001782
3887,16384,1168941,1642050,1795493376,0.42145893606357276,1.7593431799905375,0.18619899603072554,0.3499345397949219,2.717014600057155,0.002905695736623053
3888,16384,1178765,1651188,1810583040,0.42937488097231835,1.7637678569881245,0.1769818359753117,0.33846234130859376,2.7086872200015932,0.0037030764018935137
3889,16384,1177121,1654783,1808057856,0.3991980099817738,1.7648451749701053,0.17921933706384152,0.35527389526367187,2.6986316859256476,0.003530257454243813
3890,16384,1184609,1663388,1819559424,0.3904860831098631,1.7762193259550259,0.17778687295503914,0.3375509033203125,2.6821749950759113,0.0049142854553711835
3891,6172,537410,675354,825461760,0.1498087520012632,0.8168509569950402,0.08298675797414035,0.15187539672851563,1.201637020916678,0.009583361340753318
3892,16384,1185276,1662978,1820583936,0.38318856502883136,1.769439429976046,0.2281580630224198,0.3383953552246094,2.71925679105334,0.002772000117130371
3893,16384,1169745,1643022,1796728320,0.3864107910776511,1.7558559639146551,0.22439726907759905,0.35219985961914063,2.718940551043488,0.002819751039165432
3894,16384,1177446,1651153,1808557056,0.39858535199891776,1.7699104020139202,0.20860278594773263,0.35366714477539063,2.730858632014133,0.003403591715889425
3895,16384,1176839,1654568,1807624704,0.3787880759919062,1.7790593591053039,0.201891666976735,0.3526016845703125,2.7124345829943195,0.0034580133526564273
3896,16384,1183015,1660115,1817111040,0.37532006204128265,1.7800476970151067,0.19854409294202924,0.357360107421875,2.7113538900157437,0.0030217595627023354
3897,6172,538198,676919,826672128,0.14468451705761254,0.8264333629049361,0.08163556805811822,0.1541056671142578,1.2069361980538815,0.0063866606272318825
3898,16384,1185629,1664857,1821126144,0.3683193000033498,1.7801519450731575,0.2446862409124151,0.3580103759765625,2.7512436220422387,0.002753666601780956
3899,16384,1168889,1641837,1795413504,0.368824643897824,1.7526879149954766,0.23134458099957556,0.35083981323242186,2.703767064958811,0.0025931166342450882
3900,16384,1177072,1651569,1807982592,0.25513242196757346,1.4070227270713076,0.1719528289977461,0.34860739135742186,2.1827733729733154,0.0026573340129818126
3901,16384,1176621,1654449,1807289856,0.24001355294603854,1.4012148400070146,0.17210313107352704,0.35409567260742186,2.1674863200169057,0.0027277396105199803
3902,16384,1182977,1660670,1817052672,0.23647306009661406,1.407895733951591,0.17323329695500433,0.352012939453125,2.1696702770423144,0.0025463125233724225
3903,6172,537857,676313,826148352,0.09479809808544815,0.6435581569094211,0.0787080570589751,0.14926576232910158,0.9663916520075873,0.006371911896527283
3904,16384,1185274,1664749,1820580864,0.23570861294865608,1.4121685860445723,0.17342548700980842,0.35541259765625,2.176774665946141,0.002727994210102177
3905,16384,1168638,1641881,1795027968,0.23391038505360484,1.394761026953347,0.1708223600871861,0.35140194702148436,2.150955318007618,0.0027708103230619273
3906,16384,1177743,1651188,1809013248,0.25018658000044525,1.4028260810300708,0.17219343595206738,0.35524075317382814,2.1805045389337465,0.002645661878023439
3907,16384,1176056,1654165,1806422016,0.23713847191538662,1.3756176340393722,0.1719246320426464,0.35241961669921873,2.1371584569569677,0.002718668807861438
3908,16384,1182469,1661132,1816272384,0.23469447600655258,1.4126935900421813,0.1728803119622171,0.336815185546875,2.1571440460393205,0.002803822100140054
3909,6172,537292,676525,825280512,0.0940706740366295,0.6444428829709068,0.07894044101703912,0.15367337036132814,0.9711867780424654,0.0061172225472089885
3910,16384,1186259,1664812,1822093824,0.23358435602858663,1.408716046018526,0.1734608019469306,0.3589028015136719,2.1747220859397203,0.0026707059435630187
3911,16384,1168305,1640329,1794516480,0.2329552819719538,1.3903800470288843,0.1709569599479437,0.34991769409179685,2.1442687480011955,0.002740559487775036
3912,16384,1177604,1651671,1808799744,0.24892853491473943,1.4033763270126656,0.17218136601150036,0.35320266723632815,2.177744611981325,0.0025584637328441755
3913,16384,1177499,1655511,1808638464,0.23597231099847704,1.4049290120601654,0.17239577800501138,0.354596923828125,2.167951975017786,0.0026730355042437017
3914,16384,1183399,1661051,1817700864,0.23250023496802896,1.4126318449852988,0.17263793502934277,0.3547744140625,2.1725989170372486,0.0025079636950480063
3915,6172,538349,676899,826904064,0.09347568696830422,0.644984488026239,0.0789302249904722,0.14504147338867188,0.9624897559406236,0.0060138371945286035
3916,16384,1185971,1664892,1821651456,0.23099141009151936,1.4141663799528033,0.17470301198773086,0.35471405029296876,2.174639440025203,0.002970041791380206
3917,16384,1168971,1640901,1795539456,0.2450904289726168,1.3984692200319842,0.17193266691174358,0.3536085510253906,2.1691663819365203,0.003020284443406987
3918,16384,1177535,1651214,1808693760,0.28951764095108956,1.4088677940890193,0.17466441995929927,0.3414593505859375,2.214574735960923,0.002959050083672347
3919,16384,1176497,1654643,1807099392,0.29925351694691926,1.40747893799562,0.17278930405154824,0.3335819091796875,2.2131694819545373,0.0029737343343433876
3920,16384,1181583,1659629,1814911488,0.3141130169387907,1.4129210211103782,0.1740137239685282,0.34948931884765627,2.2506103690247983,0.0032563681592072307
3921,6172,538072,676839,826478592,0.13812366896308959,0.7139683020068333,0.08133387798443437,0.15496214294433594,1.0885003020521253,0.010317879859144218
3922,16384,1186702,1664027,1822774272,0.3859864940168336,1.7663150370353833,0.27521278196945786,0.34148416137695314,2.769149477011524,0.0054530322089842015
3923,16384,1167895,1639641,1793886720,0.3977141740033403,1.7573256369214505,0.24484614608809352,0.35001318359375,2.7499970109201968,0.003558924361506617
3924,16384,1176825,1650644,1807603200,0.40183482004795223,1.7822135089663789,0.32783493399620056,0.3546646728515625,2.866641152999364,0.003251789543734342
3925,16384,1177482,1655603,1808612352,0.31059192796237767,1.7782536800950766,0.33247104892507195,0.35274395751953125,2.7741623029578477,0.0036655553887975294
3926,16384,1182919,1660061,1816963584,0.3547228300012648,1.7647140540648252,0.1929836249910295,0.3561591796875,2.6687435710337013,0.0061408031427482405
3927,6172,536953,676168,824759808,0.13276585191488266,0.8635318500455469,0.08412274403963238,0.14936054992675782,1.2298650660086423,0.006835715896490845
3928,16384,1184889,1663549,1819989504,0.2985287359915674,1.7955307589145377,0.32924202003050596,0.35535076904296875,2.778756915940903,0.003765423334546156
3929,16384,1169253,1642411,1795972608,0.29773301107343286,1.731743942014873,0.2113492980133742,0.35058743286132815,2.591527145006694,0.004378153781036702
3930,16384,1178923,1651983,1810825728,0.34645088901743293,1.7893596009816974,0.3035822589881718,0.35658865356445313,2.796058175037615,0.0027457399329202346
3931,16384,1178488,1657081,1810157568,0.3240143860457465,1.783714130986482,0.3246089069871232,0.33964208984375,2.772079010028392,0.003589225448869266
3932,16384,1184268,1661780,1819035648,0.2762327960226685,1.7503167090471834,0.29697108699474484,0.3431293029785156,2.6667416699929163,0.003441463822193638
3933,6172,538287,677521,826808832,0.12489322200417519,0.7877346239984035,0.08067250298336148,0.15256483459472656,1.1459424800705165,0.006745232958368801
3934,16384,1185967,1665120,1821645312,0.31775996403303,1.7898876300314441,0.3234103579306975,0.34303997802734376,2.774183348985389,0.0030790669587451203
3935,16384,1169608,1641919,1796517888,0.26014168304391205,1.7609028270235285,0.32445988594554365,0.3513529052734375,2.6969357390189543,0.002908401983698013
3936,16384,1177723,1650766,1808982528,0.33728494006209075,1.7495502620004117,0.18588599795475602,0.33929708862304686,2.612100515048951,0.00314790369558133
3937,16384,1177077,1654868,1807990272,0.3209061949746683,1.7813522020587698,0.3218062960077077,0.3523502197265625,2.776495718047954,0.0029103333284622593
3938,16384,1183437,1660725,1817759232,0.28158957697451115,1.7827665749937296,0.3272372380597517,0.3556672668457031,2.7473654670175165,0.003814932708409525
3939,6172,537950,677307,826291200,0.12191580003127456,0.7525477769086137,0.15010985906701535,0.15009187316894532,1.1747433620039374,0.006644245084749766
3940,16384,1185066,1663327,1820261376,0.312809920986183,1.787213654955849,0.31919731909874827,0.34457659912109373,2.7638704819837585,0.0026407830019660686
3941,16384,1169224,1643172,1795928064,0.29404032696038485,1.7626807739725336,0.3180977120064199,0.33713412475585935,2.712062743026763,0.004048775488247898
3942,16384,1179098,1652650,1811094528,0.2976404250366613,1.7452162069967017,0.24630826094653457,0.35629666137695315,2.645570182008669,0.0041060204169520624
3943,16384,1175289,1653936,1805243904,0.3182246689684689,1.768400885979645,0.27145665406715125,0.3527757873535156,2.710982489050366,0.004592161037120107
3944,16384,1183579,1661873,1817977344,0.3129812319530174,1.7814500000094995,0.32177490601316094,0.35005117797851565,2.766347203985788,0.003249340193630626
3945,6172,538101,677215,826523136,0.0984098119661212,0.7809970279922709,0.14807908004149795,0.15062232971191405,1.1782184620387852,0.009354150400126285
3946,16384,1187045,1664375,1823301120,0.3113820239668712,1.7769450530176982,0.18373346701264381,0.3567154235839844,2.6288621209096164,0.0032772098518834025
3947,16384,1167431,1641256,1793174016,0.307560957968235,1.7592084190109745,0.3167744129896164,0.3512601013183594,2.7348932939348742,0.003268962920317254
3948,16384,1178646,1651380,1810400256,0.2712526440154761,1.7673263479955494,0.32578817603643984,0.35555191040039064,2.720004248083569,0.003131231716749365
3949,16384,1177432,1656880,1808535552,0.3158203319180757,1.7489155060611665,0.18638901493977755,0.35194284057617187,2.6031590099446476,0.0035079090100514285
3950,16384,1184776,1662087,1819815936,0.30876710696611553,1.7834989409893751,0.31957455701194704,0.33759713745117187,2.7495216799434274,0.0030528046179858193
3951,6172,538808,677642,827609088,0.1010295549640432,0.8349410460796207,0.1466139788972214,0.15099530029296876,1.2337517809355631,0.013933167462484573
3952,16384,1186636,1664336,1822672896,0.3169981469400227,1.747579257003963,0.221988121047616,0.3587885131835937,2.6454664199845865,0.004248090565123755
3953,16384,1168713,1641384,1795143168,0.3780336909694597,1.5050392739940435,0.17336234205868095,0.34781387329101565,2.40431842696853,0.002880095022069204
3954,16384,1177004,1651328,1807878144,0.32931932306382805,1.4053470749640837,0.17450772901065648,0.333321044921875,2.242563278065063,0.003036975825212817
3955,16384,1176594,1654028,1807248384,0.33248301199637353,1.4069566030520946,0.1728387769544497,0.3333839721679687,2.24573035701178,0.003027649364993712
3956,16384,1183987,1662463,1818604032,0.33477742795366794,1.4083606069907546,0.17955072200857103,0.3559868774414062,2.2787914209766313,0.005081052226439101
3957,6172,537833,676789,826111488,0.13555258105043322,0.7651145620038733,0.08092255494557321,0.14503488159179687,1.1267103060381487,0.007608561492052081
3958,16384,1185558,1663745,1821017088,0.38552339491434395,1.8236289779888466,0.2735969020286575,0.35685684204101564,2.83968311001081,0.0027113249952108696
3959,16384,1167535,1641280,1793333760,0.362645898014307,1.8199060389306396,0.34325062902644277,0.3339894409179687,2.8598812129348516,0.003119222053352949
3960,16384,1178109,1652633,1809575424,0.31742036796640605,1.798021987080574,0.3524193939520046,0.34056930541992186,2.8085420499555767,0.003952069603943514
3961,16384,1177361,1655352,1808426496,0.3464653689879924,1.8373812530189753,0.1848673929926008,0.35270492553710936,2.7215010930085555,0.003018645558833414
3962,16384,1181777,1661206,1815209472,0.33286606101319194,1.8357723209774122,0.34353021800052375,0.3580353393554688,2.870312181999907,0.003771110821642829
3963,6172,537683,675752,825881088,0.10837389901280403,0.851497485069558,0.1566924499347806,0.15000743103027345,1.2666689560282975,0.007712431919680901
3964,16384,1185797,1664831,1821384192,0.3148737660376355,1.7922622499754652,0.19102406303863972,0.3391097106933594,2.637350969016552,0.0030780609939979457
3965,16384,1168790,1641710,1795261440,0.3231946399901062,1.8066431739134714,0.3387136170640588,0.3293182373046875,2.797949972911738,0.0028701242049086638
3966,16384,1177487,1651326,1808620032,0.3082602999638766,1.8258348050294444,0.34542539599351585,0.342491455078125,2.8221125790150836,0.0035655186426700814
3967,16384,1176422,1654411,1806984192,0.3064199980581179,1.7754133639391512,0.19392590003553778,0.35477685546875,2.630632749060169,0.0036733199891430383
3968,16384,1182424,1659261,1816203264,0.3176189990481362,1.8293601929908618,0.33634992502629757,0.3560602111816406,2.8395010040840134,0.003932938812726722
3969,6172,538613,677152,827309568,0.12650413205847144,0.8973088669590652,0.15507094096392393,0.15054124450683593,1.3295213700039312,0.007234597186989449
3970,16384,1185998,1665948,1821692928,0.2700493870070204,1.7769288199488074,0.341005663969554,0.35856927490234375,2.746665923972614,0.004106001530958708
3971,16384,1168560,1640841,1794908160,0.31351081700995564,1.8008751060115173,0.22796691698022187,0.3501781616210938,2.6926071849884465,0.0028293531296530597
3972,16384,1178391,1652671,1810008576,0.3316943180980161,1.8207272499566898,0.34070531197357923,0.3521648254394531,2.8453774130903184,0.0030121706240486537
3973,16384,1175433,1652766,1805465088,0.26183133805170655,1.7960614649346098,0.34339620103128254,0.35290655517578123,2.7542762210359797,0.0029286039643885943
3974,16384,1183272,1660902,1817505792,0.3126199070829898,1.8128625359386206,0.18673962505999953,0.34595526123046877,2.658268482075073,0.003429027715174231
3975,6172,537377,676538,825411072,0.11771065695211291,0.8881446630693972,0.10205487895291299,0.15031141662597655,1.2582957979757339,0.005895463964326772
3976,16384,1185715,1664775,1821258240,0.27464194397907704,1.822971658082679,0.34472455992363393,0.3534567565917969,2.795892628026195,0.003494749692058111
3977,16384,1166406,1639559,1791599616,0.2947428070474416,1.7529160849517211,0.1883725730003789,0.3602276611328125,2.5963400510372594,0.0031168838948063982
3978,16384,1176810,1650651,1807580160,0.3203747299266979,1.822688298067078,0.3385735509218648,0.35305523681640627,2.834797997958958,0.003745671719378469
3979,16384,1176877,1654421,1807683072,0.287274660076946,1.8195963279576972,0.34170635300688446,0.3524653625488281,2.8011991360690445,0.005584482612272596
3980,16384,1182525,1659486,1816358400,0.26919660007115453,1.775982986902818,0.266625011106953,0.3556435546875,2.6675409600138664,0.0034791310361065053
3981,6172,537454,676164,825529344,0.11907060304656625,0.8116120309568942,0.09396681503858417,0.14728854370117186,1.1720183950383216,0.006860156414392927
3982,16384,1186442,1665047,1822374912,0.305466350982897,1.8154256450943649,0.34151121496688575,0.35363571166992186,2.8161246340023354,0.003043590018391349
3983,16384,1168511,1640813,1794832896,0.25306741998065263,1.7659108840161934,0.3404714360367507,0.3523937072753906,2.7119233580306172,0.0029466438051582904
3984,16384,1177626,1651797,1808833536,0.32566585298627615,1.8145219469442964,0.18298096407670528,0.3555113220214844,2.6787568100262433,0.0028641643464563443
3985,16384,1175593,1652060,1805710848,0.31066084699705243,1.8292980199912563,0.3377249400364235,0.33905609130859377,2.816851353039965,0.003956712395160565
3986,16384,1182137,1659085,1815762432,0.2852874540258199,1.8456820180872455,0.3450218439102173,0.3581559143066406,2.834266411024146,0.004204992648499425
3987,6172,538225,676284,826713600,0.14636736910324544,0.7803016148973256,0.15800491103436798,0.15405506896972657,1.2388405400561169,0.009006490169116083
3988,16384,1185594,1663173,1821072384,0.3986498500453308,1.8424569449853152,0.2402458239812404,0.3537304382324219,2.835168207064271,0.0030033427911044085
3989,16384,1168308,1640676,1794521088,0.333322825958021,1.3945764789823443,0.17260642198380083,0.35022152709960935,2.250785398995504,0.0025833192162372535
3990,16384,1177370,1652414,1808440320,0.35221824306063354,1.3990785129135475,0.17238128907047212,0.3561725769042969,2.2799441709648818,0.004103127485457603
3991,16384,1176632,1654640,1807306752,0.3241145280189812,1.400642930995673,0.1723668579943478,0.3517652587890625,2.2489487680140883,0.002631994862029016
3992,16384,1183992,1661014,1818611712,0.3027630909346044,1.4095386050175875,0.17262337100692093,0.35444534301757813,2.2394313799450174,0.0027225647042595836
3993,6172,537404,676486,825452544,0.11513052100781351,0.6418050710344687,0.07855946500785649,0.14963465881347657,0.9851891989819705,0.006037735535134496
3994,16384,1187019,1665906,1823261184,0.2741929659387097,1.4101139300037175,0.17329740896821022,0.34512225341796876,2.2027849889127538,0.0026525777341710466
3995,16384,1169404,1642059,1796204544,0.2610000219428912,1.3929990240139887,0.1723958250368014,0.33917608642578123,2.165628087008372,0.0026380147751165536
3996,16384,1177090,1651819,1808010240,0.2713880588999018,1.402017283020541,0.172425516997464,0.35338870239257814,2.1992775679100305,0.0026375297230258996
3997,16384,1177311,1654636,1808349696,0.2591134470421821,1.40588510397356,0.17235099303070456,0.3515982360839844,2.189005620079115,0.0026422932930534335
3998,16384,1183420,1661549,1817733120,0.25274907902348787,1.412216946016997,0.173292645951733,0.3421645202636719,2.1804804800776765,0.0026273485275327964
3999,6172,537761,676883,826000896,0.10037441190797836,0.6434060510946438,0.07859484991058707,0.15315805053710937,0.9755917319562286,0.0059828823880018495
4000,16384,1184230,1663679,1818977280,0.24631590500939637,1.4110419600037858,0.17306001600809395,0.33690869140625,2.1673835270339623,0.002627804711348929
4001,16384,1168827,1640669,1795318272,0.2421096561010927,1.3917990579502657,0.17101963004097342,0.3537788391113281,2.1587639910867438,0.0026315004010800955
4002,16384,1177664,1652509,1808891904,0.25784966605715454,1.4034849590389058,0.17227411200292408,0.33529592895507815,2.168962251045741,0.0026549559196276263
4003,16384,1177326,1655970,1808372736,0.24483790900558233,1.4056975869461894,0.17241395800374448,0.35167767333984373,2.1746829350013286,0.00256624563839855
4004,16384,1181958,1660583,1815487488,0.24181838205549866,1.4114713340532035,0.1745193179231137,0.34246087646484374,2.170327951083891,0.0026742772769654853
4005,6172,538073,677074,826480128,0.09647091594524682,0.6439812240423635,0.07864107203204185,0.15529756164550781,0.9744506740244105,0.006147089929472441
4006,16384,1185585,1664599,1821058560,0.23929331300314516,1.4085160930408165,0.17331038496922702,0.35406500244140626,2.175242180004716,0.0026381683220509477
4007,16384,1169027,1640873,1795625472,0.23651051195338368,1.3923985570436344,0.1709579669404775,0.354340576171875,2.154265997931361,0.002710242005701011
4008,16384,1178282,1651796,1809841152,0.254025531001389,1.4050996500300243,0.17238150793127716,0.3519858703613281,2.1835501400055364,0.0026370212647284894
4009,16384,1177264,1655785,1808277504,0.2422270419774577,1.403569738031365,0.17165473895147443,0.35132977294921874,2.1688408369664103,0.0027454784085412815
4010,16384,1183952,1661624,1818550272,0.23795499396510422,1.4134616480441764,0.17306684900540859,0.3548308410644531,2.1793714460218325,0.0026206612367351157
4011,6172,538362,677290,826924032,0.09493420005310327,0.6448147869668901,0.07890151103492826,0.1553341064453125,0.974044758011587,0.006175641402310704
4012,16384,1186107,1662758,1821860352,0.23506778001319617,1.41318383498583,0.17351358500309289,0.33952587890625,2.161348983994685,0.0026791178446836394
4013,16384,1168529,1641877,1794860544,0.23299505503382534,1.390622262028046,0.17084180598612875,0.35379495239257813,2.1483112570131198,0.002661698687969553
4014,16384,1178792,1651842,1810624512,0.2503000450087711,1.5131984270410612,0.2421268259640783,0.3353229370117187,2.341036483994685,0.0037696537264262655
4015,16384,1175998,1655499,1806332928,0.26273030892480165,1.8464380130171776,0.19144876999780536,0.3519913635253906,2.65269769995939,0.003364291913700674
4016,16384,1182626,1661396,1816513536,0.30691401998046786,1.8961227330146357,0.3494549880269915,0.35631796264648435,2.9088901589857414,0.002765842392271162
4017,6172,538379,677668,826950144,0.0995991169475019,0.8873951260466129,0.16033974091988057,0.1553218231201172,1.30274296796415,0.0066905699881594045
4018,16384,1185973,1664078,1821654528,0.302670152974315,1.8602203880436718,0.19487510295584798,0.35806387329101563,2.715915131964721,0.003152333401836325
4019,16384,1168517,1641850,1794842112,0.3007603620644659,1.8714744970202446,0.34286809095647186,0.34844198608398436,2.8636436770902947,0.003448088388852268
4020,16384,1177292,1651505,1808320512,0.27185084798838943,1.8538859910331666,0.35541216598358005,0.34101165771484376,2.8222812099847943,0.004271270502307669
4021,16384,1176451,1654149,1807028736,0.3323236209107563,1.8960976640228182,0.22342886996921152,0.3368057861328125,2.7887586229480803,0.0036819935449662914
4022,16384,1182190,1659313,1815843840,0.3024938879534602,1.8814696200424805,0.34817199397366494,0.3599305725097656,2.8922003329498693,0.004642087512694413
4023,6172,537925,676711,826252800,0.14535151002928615,0.7978233669418842,0.15934122900944203,0.15186553955078125,1.2544850719859824,0.008244534502509669
4024,16384,1185823,1663877,1821424128,0.3014002460986376,1.887417656951584,0.2523686949862167,0.3562382507324219,2.7975701011018828,0.005192089126401155
4025,16384,1167922,1641317,1793928192,0.3454133780905977,1.8812400159658864,0.3452015139628202,0.348942626953125,2.9208898190408945,0.0031594505161950436
4026,16384,1178178,1651207,1809681408,0.3553650979883969,1.8344958720263094,0.3401808280032128,0.3331121826171875,2.8633091350784525,0.005418710870063498
4027,16384,1176554,1654866,1807186944,0.44712524802889675,1.880443454021588,0.21467301901429892,0.3405780029296875,2.8829213090939447,0.0035236861704558016
4028,16384,1182711,1660605,1816644096,0.4321875019231811,1.8714283120352775,0.3460750760277733,0.34124951171875,2.991062600980513,0.004085480373792988
4029,6172,538239,676853,826735104,0.13533484505023807,0.8475658979732543,0.157957921968773,0.1550079345703125,1.2959631860721856,0.00745287448329289
4030,16384,1184665,1662970,1819645440,0.40058703802060336,1.8287536540301517,0.19350566691718996,0.33724734497070313,2.7601745360298082,0.0029285137626232235
4031,16384,1168245,1641953,1794424320,0.37780521297827363,1.8438734139781445,0.33991973800584674,0.351248779296875,2.9129588870564476,0.003836058167664391
4032,16384,1178300,1651618,1809868800,0.32236722798552364,1.8576711679343134,0.3472563960822299,0.354334716796875,2.8817103429464623,0.0028050753858147805
4033,16384,1177633,1655021,1808844288,0.3480718769133091,1.8439349910477176,0.1817560070194304,0.35440438842773436,2.728250402957201,0.003047357710260756
4034,16384,1183920,1661420,1818501120,0.33188394003082067,1.8692000419832766,0.3454005860257894,0.355123046875,2.901704663061537,0.003344521855908663
4035,6172,537892,676203,826202112,0.10889396700076759,0.8232700900407508,0.15772004798054695,0.15086912536621094,1.2408392999786884,0.006936401064473723
4036,16384,1184806,1662647,1819862016,0.3295726190553978,1.87355195696,0.18184220499824733,0.3587749938964844,2.7438247490208596,0.0030240309902949025
4037,16384,1167644,1640765,1793501184,0.32254290801938623,1.8485614949604496,0.3389775810064748,0.348306884765625,2.8584661110071465,0.002702227425864003
4038,16384,1177668,1651523,1808898048,0.2951544059906155,1.821352115017362,0.27231949393171817,0.3354584045410156,2.7243869740050286,0.003764315616529901
4039,16384,1177165,1655801,1808125440,0.32296449306886643,1.8578944989712909,0.32199612900149077,0.35373828125,2.8566643990343437,0.002485302183886407
4040,16384,1182640,1660163,1816535040,0.3071010570274666,1.8718840150395408,0.3398663839325309,0.3583724365234375,2.877342135994695,0.004109468604379782
4041,6172,537388,676024,825427968,0.12210272205993533,0.7711240169592202,0.15802076808176935,0.153059326171875,1.2044088050024584,0.008466538042140528
4042,16384,1186311,1664291,1822173696,0.3145454629557207,1.8688075270038098,0.2914240820100531,0.359342529296875,2.834196759038605,0.002722385871766083
4043,16384,1169021,1642888,1795616256,0.3061684280401096,1.811604150920175,0.32758830999955535,0.35157342529296876,2.7970337689621374,0.003555720722148705
4044,16384,1177482,1651461,1808612352,0.3048850189661607,1.7209394800011069,0.1882766360649839,0.33078317260742185,2.544958219048567,0.0029042287743847733
4045,16384,1176823,1654885,1807600128,0.3381113540381193,1.7565662889974192,0.29143450898118317,0.35058544921875,2.73682243807707,0.004561378913787506
4046,16384,1183083,1661267,1817215488,0.2874024760676548,1.8038551229983568,0.29439554596319795,0.33719952392578123,2.7229412290034816,0.003252367239795871
4047,6172,538605,677622,827297280,0.10787371103651822,0.6499514708993956,0.0789825600804761,0.15094825744628906,0.9878289009211585,0.0073799681717663344
4048,16384,1187132,1666560,1823434752,0.2450195460114628,1.4127483470365405,0.17317785206250846,0.3480964660644531,2.1791158380219713,0.0033787486521654744
4049,16384,1168675,1641798,1795084800,0.23960329499095678,1.3886941950768232,0.17079739994369447,0.3474110107421875,2.146578321000561,0.0033737528321422365
4050,16384,1177406,1651541,1808495616,0.2507786469068378,1.4029114610748366,0.1720596889499575,0.3528932189941406,2.178725373931229,0.0037801003486798504
4051,16384,1177006,1654460,1807881216,0.24339658999815583,1.4024608469335362,0.1720374560682103,0.3518230895996094,2.169775853981264,0.002667159450865621
4052,16384,1181266,1658184,1814424576,0.2608830309472978,1.413873796002008,0.1952973899897188,0.3653641052246094,2.2355725939851254,0.006900774410384881
4053,6172,538066,676659,826469376,0.10049608396366239,0.8025571720208973,0.0801047959830612,0.15442898559570312,1.1376691600307822,0.007218484102714895
4054,16384,1185494,1663125,1820918784,0.3417242179857567,1.6842436969745904,0.23859162104781717,0.3539786376953125,2.618687271955423,0.0056936257163214
4055,16384,1168416,1642466,1794686976,0.35358998796436936,1.646969289984554,0.17578792001586407,0.35350234985351564,2.5299455740023404,0.00379558299688418
4056,16384,1178400,1651403,1810022400,0.46522443799767643,1.6731600729981437,0.23610457696486264,0.3531881103515625,2.7277769789798185,0.0036579481512686355
4057,16384,1174485,1652200,1804008960,0.32275908102747053,1.6468442770419642,0.235123157966882,0.3450020751953125,2.54981100698933,0.0032322300544909244
4058,16384,1183973,1661520,1818582528,0.4652817340102047,1.7145779330749065,0.17892151791602373,0.35315521240234377,2.7120247550774366,0.0032579965869577758
4059,6172,538688,677292,827424768,0.1972421690588817,0.7116126619512215,0.11000149603933096,0.1456259765625,1.1646026130765676,0.010330516459648593
4060,16384,1185347,1664167,1820692992,0.3169230379862711,1.6960831970209256,0.24155277898535132,0.35368856811523436,2.6084662199718878,0.008381855299921064
4061,16384,1169578,1644049,1796471808,0.5642410709988326,1.674824600922875,0.17594726709648967,0.33925213623046874,2.7543666299898177,0.0036870451466355326
4062,16384,1177115,1651598,1808048640,0.6266268689651042,1.706457367981784,0.23719466803595424,0.35065948486328125,2.921039383043535,0.0034574404575799917
4063,16384,1176337,1654955,1806853632,0.5385052199708298,1.6912361989961937,0.23369592800736427,0.348338134765625,2.8118994269752875,0.004407882945093083
4064,16384,1183271,1660599,1817504256,0.4131652640644461,1.6888596470234916,0.21345082996413112,0.3430889587402344,2.6586870450992137,0.004601719000206308
4065,6172,538173,676290,826633728,0.21748194110114127,0.7653490219963714,0.08189380797557533,0.14646479797363282,1.2112829070538282,0.007705714871708766
4066,16384,1185203,1663894,1820471808,0.551419649971649,1.7225152000319213,0.2366685699671507,0.3569797058105469,2.8676717079943046,0.0030889942105232974
4067,16384,1168440,1641235,1794723840,0.3456055159913376,1.7187671769643202,0.23572721099480987,0.3497933044433594,2.650001376052387,0.004081796316689265
4068,16384,1176427,1650203,1806991872,0.48777907399926335,1.6957940730499104,0.17898666497785598,0.35426812744140623,2.7169281230308115,0.003687383612635853
4069,16384,1176832,1654291,1807613952,0.5008968180045485,1.717377627035603,0.2374765599379316,0.3382817687988281,2.7941346280276775,0.0036452878735614936
4070,16384,1182630,1660974,1816519680,0.3789056249661371,1.718312271987088,0.23741709208115935,0.353766357421875,2.688513664994389,0.004177718699806328
4071,6172,537239,675993,825199104,0.18571850296575576,0.7258548580575734,0.10794851696118712,0.15217478942871093,1.171805480029434,0.00928589412331753
4072,16384,1185156,1664540,1820399616,0.4838911510305479,1.730399247026071,0.20873115700669587,0.3596147766113281,2.782723238109611,0.0031230714495000217
4073,16384,1168693,1642353,1795112448,0.48392757191322744,1.7043158580781892,0.23599276191089302,0.3511223449707031,2.7754664520034567,0.0038881799621763528
4074,16384,1176705,1651354,1807418880,0.2915475079789758,1.6958450520178303,0.21942780597601086,0.3451463623046875,2.5520614120177925,0.003710088630404157
4075,16384,1175967,1655704,1806285312,0.4732047129655257,1.7277008140226826,0.20389557199086994,0.3542032470703125,2.759136007982306,0.004771853672104102
4076,16384,1182668,1661966,1816578048,0.48006942600477487,1.731876803911291,0.23766459105536342,0.3585345153808594,2.8082337479572743,0.0031482993554161117
4077,6172,537644,676984,825821184,0.10667534999083728,0.7603427169378847,0.10677251603920013,0.15236431884765625,1.1263304760213941,0.015588160806587778
4078,16384,1185408,1664982,1820786688,0.4641546490602195,1.6932913899654523,0.17955502006225288,0.3489657287597656,2.6860520920017734,0.0031758190519518446
4079,16384,1169760,1643914,1796751360,0.48611817497294396,1.69924352504313,0.23409781593363732,0.3507859802246094,2.7703359690494835,0.003265772677897041
4080,16384,1176242,1650580,1806707712,0.325043129036203,1.7133794639958069,0.23476882907561958,0.33466946411132814,2.607992602046579,0.005050467839454905
4081,16384,1176673,1655238,1807369728,0.4610578629653901,1.6923090450000018,0.17809542594477534,0.33996795654296874,2.6715277699986473,0.0036488314516431746
4082,16384,1184130,1662201,1818823680,0.4684296220075339,1.7252327039605007,0.23586636106483638,0.35818695068359374,2.7878194550285116,0.003723961100114016
4083,6172,537587,676474,825733632,0.11304271302651614,0.7955436969641596,0.10816607100423425,0.15345663452148436,1.1703325549606234,0.010547381913447167
4084,16384,1186847,1663983,1822996992,0.3780239879852161,1.6984215639531612,0.1787288950290531,0.35937741088867187,2.6146578630432487,0.004054266091359586
4085,16384,1167745,1640073,1793656320,0.45886709296610206,1.4897506820270792,0.17017518600914627,0.3533399658203125,2.472209002939053,0.0030772526239590263
4086,16384,1179569,1653622,1811817984,0.2719872839516029,1.4018930119927973,0.17159090598579496,0.3569447937011719,2.2024743859656155,0.0026511243272866877
4087,16384,1176275,1653947,1806758400,0.23562101600691676,1.4020048070233315,0.17118003393989056,0.35288421630859373,2.1617480859858915,0.002683601643275507
4088,16384,1183371,1661629,1817657856,0.2346201470354572,1.4071695959428325,0.17215536499861628,0.35674874877929685,2.170751611003652,0.0026605645324228014
4089,6172,538483,676905,827109888,0.09399096097331494,0.644381977035664,0.07818624097853899,0.1549718780517578,0.971591682988219,0.006239858780668231
4090,16384,1185218,1662101,1820494848,0.2325207709800452,1.4388479520566761,0.20144638896454126,0.35871319580078126,2.231611061026342,0.003708227914067832
4091,16384,1167587,1640868,1793413632,0.3071995140053332,1.7526719799498096,0.30861629301216453,0.3520718994140625,2.7206375650130212,0.0028625140170468587
4092,16384,1177080,1650761,1807994880,0.2905173359904438,1.7597721689380705,0.31689813709817827,0.35412823486328127,2.7214131969958544,0.0035760870854942505
4093,16384,1175929,1653250,1806226944,0.31271680898498744,1.7704074120847508,0.17886350897606462,0.356739990234375,2.6188335310434923,0.004040377597888919
4094,16384,1181714,1659830,1815112704,0.3382232199655846,1.8339958440046757,0.3284346670843661,0.3655350646972656,2.866294268053025,0.003679744341272239
4095,6172,537887,676174,826194432,0.12629285198636353,0.8521014360012487,0.1487066929694265,0.1513976593017578,1.2787210800452158,0.017395489125068674
4096,16384,1185120,1663161,1820344320,0.3765654100570828,1.785653527942486,0.21449931897222996,0.35707012939453125,2.7339232149533927,0.004931688875720491
4097,16384,1167820,1639987,1793771520,0.41698519699275494,1.8058936750749126,0.2878173809731379,0.34777871704101565,2.8586070539895445,0.0046205688724826775
4098,16384,1178239,1651682,1809775104,0.4419106829445809,1.8003459540195763,0.32230521307792515,0.3537391052246094,2.9184341989457607,0.004565587914128543
4099,16384,1177296,1656290,1808326656,0.3495769490255043,1.7009970470098779,0.33007639402057976,0.3571688232421875,2.7379149480257183,0.003496628981773039
4100,16384,1182954,1661964,1817017344,0.3904634619830176,1.7938212279696018,0.18094973301049322,0.3554184875488281,2.720735014998354,0.0030177318246946017
4101,6172,537094,675901,824976384,0.14353803102858365,0.8795405220007524,0.10507969302125275,0.15508633422851562,1.2833213320700452,0.0059807149638037545
4102,16384,1184622,1664851,1819579392,0.31511380907613784,1.8065102809341624,0.3270123810507357,0.3528198547363281,2.8015343999722973,0.0027868362042557503
4103,16384,1170248,1643791,1797500928,0.33044219797011465,1.7514329090481624,0.18769552698358893,0.35118832397460936,2.6208397779846564,0.003083744716479423
4104,16384,1177914,1651335,1809275904,0.34809963102452457,1.795329898945056,0.3215993260964751,0.3538772888183594,2.81900331703946,0.0034470394006904928
4105,16384,1177282,1656080,1808305152,0.29919957905076444,1.801313929958269,0.32322399294935167,0.3519643859863281,2.7758232400519773,0.004371751973011067
4106,16384,1182426,1661309,1816206336,0.31662703410256654,1.765591533971019,0.18946194602176547,0.3541329040527344,2.625900511047803,0.0033166869556177578
4107,6172,537681,676580,825878016,0.12583434500265867,0.8560623239027336,0.08317832509055734,0.1529693145751953,1.2181221419014037,0.0063896162446557695
4108,16384,1184827,1663452,1819894272,0.2940713179996237,1.8005012100329623,0.32446262100711465,0.35258749389648436,2.7717082340968773,0.0030880292391301236
4109,16384,1168155,1641682,1794286080,0.29912931204307824,1.745875345892273,0.18623855302575976,0.3468129577636719,2.5781349359313026,0.003055201084400911
4110,16384,1177001,1651278,1807873536,0.33663312206044793,1.7806530270026997,0.3166793379932642,0.3525968017578125,2.7866612010402605,0.003549488757352147
4111,16384,1177758,1655783,1809036288,0.28346950095146894,1.75820764596574,0.31588003307115287,0.33990850830078123,2.6975492850178853,0.003098988003901327
4112,16384,1184675,1661210,1819660800,0.3213608539663255,1.7028896260308102,0.19147827406413853,0.3541744384765625,2.569985397043638,0.003198637077691614
4113,6172,538303,676239,826833408,0.12429446808528155,0.8436095429351553,0.08199479104951024,0.1547310791015625,1.2047098190523684,0.006635446942864073
4114,16384,1187166,1664682,1823486976,0.27804033702705055,1.7579884589649737,0.2843995289877057,0.3428524475097656,2.663366970955394,0.0032364472053016376
4115,16384,1170165,1642964,1797373440,0.2842946309829131,1.687555126962252,0.2712996620684862,0.3375534973144531,2.5808456300292164,0.005529687612916142
4116,16384,1177191,1651112,1808165376,0.36173131002578884,1.7230809140019119,0.18630490999203175,0.35699468994140626,2.6282037530327216,0.0034977908952660564
4117,16384,1177508,1655236,1808652288,0.34769714099820703,1.7632396810222417,0.2538439779309556,0.3549918518066406,2.7198548439191654,0.003021931898478608
4118,16384,1182318,1660714,1816040448,0.34051627409644425,1.7715501039056107,0.2813863269984722,0.35278814697265626,2.746319151017815,0.0028510540955338764
4119,6172,538098,676394,826518528,0.10586149897426367,0.8290644120424986,0.12855714396573603,0.153310791015625,1.2168722079368308,0.006439619394408893
4120,16384,1185917,1663527,1821568512,0.27224666997790337,1.6959998470265418,0.28530592506285757,0.3594590454101563,2.613094069994986,0.0031603346574957942
4121,16384,1167332,1640864,1793021952,0.3365794050041586,1.703080235980451,0.18284522998146713,0.3356116943359375,2.5582040019799024,0.0034178930929891008
4122,16384,1176404,1650511,1806956544,0.35787685902323574,1.5292568090371788,0.17130557296331972,0.35314169311523436,2.4116382360225543,0.0023760563557892926
4123,16384,1175369,1652864,1805366784,0.23907747899647802,1.3994973140070215,0.17117560899350792,0.35589080810546875,2.1656996309757233,0.002697551978651493
4124,16384,1182425,1659909,1816204800,0.23635812604334205,1.4074483680306002,0.1722363899461925,0.3551944274902344,2.171296464977786,0.0027243385862285334
4125,6172,538959,677407,827841024,0.0917754479451105,0.64431093307212,0.07861542294267565,0.15167738342285156,0.9664372999686748,0.006013073576426613
4126,16384,1184856,1663956,1819938816,0.23437879199627787,1.406491153058596,0.1726740599842742,0.3414527587890625,2.155057299998589,0.002809028343622539
4127,16384,1168337,1641326,1794565632,0.230435005039908,1.346386172925122,0.17000218702014536,0.350152587890625,2.0970373989548534,0.0029301374922316658
4128,16384,1178611,1653222,1810346496,0.24807932798285037,1.4058691470418125,0.17344696691725403,0.3351382141113281,2.1626004090067,0.0030866984569609224
4129,16384,1176633,1654311,1807308288,0.2477915110066533,1.4084159199846908,0.17326892004348338,0.35438778686523437,2.1839330759830773,0.0031566023599150076
4130,16384,1183239,1662263,1817455104,0.27442532998975366,1.4143800809979439,0.1734625450335443,0.358022705078125,2.220363092957996,0.003262162790350521
4131,6172,537110,675874,825000960,0.1188941749278456,0.645958217093721,0.07818128995131701,0.1504652099609375,0.9935669889673591,0.006853793885474644
4132,16384,1185671,1664458,1821190656,0.3094628209946677,1.412613177089952,0.1737153979483992,0.34202459716796874,2.237882095039822,0.002953767715515938
4133,16384,1169302,1643947,1796047872,0.3470408630091697,1.3971957699395716,0.17264562798663974,0.3510233154296875,2.267972112982534,0.0029337493651089694
4134,16384,1176961,1652091,1807812096,0.3482679920271039,1.3997491539921612,0.17169227299746126,0.35617019653320314,2.2759761880151927,0.004243122831065607
4135,16384,1177145,1654352,1808094720,0.3178691960638389,1.4017000560415909,0.17229071899782866,0.33521658325195314,2.227136391098611,0.002686712122275989
4136,16384,1183094,1659519,1817232384,0.2980963320005685,1.4061948689632118,0.17288892902433872,0.3581743469238281,2.235413938993588,0.0026600031700406424
4137,6172,537748,676464,825980928,0.11402995104435831,0.6410415320424363,0.0798989050090313,0.15094723510742186,0.9859782240819186,0.006146269480464112
4138,16384,1186468,1664856,1822414848,0.2740263919113204,1.40962882200256,0.1730810240842402,0.3587785339355469,2.2155762519687414,0.002774900435919156
4139,16384,1169344,1643295,1796112384,0.2606331839924678,1.3937741470290348,0.1725306399166584,0.3517910461425781,2.1787863000063226,0.0026291208818053115
4140,16384,1176766,1651249,1807512576,0.26957600796595216,1.4023100950289518,0.173399711959064,0.33574639892578123,2.181091679027304,0.0027263937654133158
4141,16384,1174730,1653018,1804385280,0.2566416640765965,1.4010307559510693,0.17105071700643748,0.35920330810546874,2.187981905997731,0.00253479510076634
4142,16384,1183536,1659975,1817911296,0.25347913801670074,1.408437971957028,0.17200795002281666,0.3562894287109375,2.1902732640737668,0.0026834718410826135
4143,6172,537463,676558,825543168,0.13071745994966477,0.6430602120235562,0.0781831139465794,0.15076637268066406,1.002785919001326,0.005859715393692519
4144,16384,1186296,1665462,1822150656,0.24806436407379806,1.4084658329375088,0.1724630380049348,0.3565044860839844,2.1855561380507424,0.002672864334134648
4145,16384,1168857,1640539,1795364352,0.241635226062499,1.3967740959487855,0.17147399997338653,0.354288330078125,2.16422951198183,0.0026734650236216358
4146,16384,1178232,1652748,1809764352,0.25818451296072453,1.4049696000292897,0.17181263398379087,0.3312118225097656,2.1662513440242037,0.0033594689200571754
4147,16384,1177418,1655971,1808514048,0.24436843709554523,1.4029315079096705,0.17147207306697965,0.35292816162109375,2.1717592620989308,0.002720485952230906
4148,16384,1182539,1659962,1816379904,0.24058614007662982,1.407187973964028,0.1726845259545371,0.3549835205078125,2.1755023599835113,0.0027671530774196064
4149,6172,537862,677100,826156032,0.09615404007490724,0.6442864199634641,0.0788192410254851,0.15243516540527344,0.9717530260095373,0.005985012534117003
4150,16384,1184042,1662031,1818688512,0.2376614479580894,1.4093050180235878,0.1740730720339343,0.353431640625,2.1745452060131356,0.003404269192457964
4151,16384,1169592,1642713,1796493312,0.27399416093248874,1.7751431040233001,0.339992429013364,0.3294434814453125,2.7186947169248015,0.004470583239064234
4152,16384,1178143,1652265,1809627648,0.2762771899579093,1.8809090859722346,0.2253060140646994,0.35254263305664063,2.7351274919928983,0.0033844470389552987
4153,16384,1176381,1653394,1806921216,0.31450958107598126,1.877630467992276,0.33578618499450386,0.34001510620117187,2.8680170400766656,0.002639447802250628
4154,16384,1183151,1661985,1817319936,0.26015577698126435,1.884985042968765,0.34795382304582745,0.3582186279296875,2.851422677980736,0.003836928703567233
4155,6172,537249,676147,825214464,0.12094215408433229,0.8104230369208381,0.08098319405689836,0.1536797790527344,1.166111062048003,0.00710892263163523
4156,16384,1186517,1664471,1822490112,0.3087072049966082,1.905077363946475,0.3411412900313735,0.3586488342285156,2.9138225349597633,0.008505725857262805
4157,16384,1168452,1642612,1794742272,0.2920371820218861,1.8088897940469906,0.18912993697449565,0.3504527587890625,2.640594833996147,0.0032251128653177996
4158,16384,1176864,1650732,1807663104,0.32597104203887284,1.8976723549421877,0.3359185541048646,0.33746957397460936,2.8971137780463323,0.002839135501729274
4159,16384,1176887,1653942,1807698432,0.2549999150214717,1.878636799985543,0.34312676498666406,0.35531341552734375,2.8321593679720536,0.0029119989490617977
4160,16384,1182838,1661418,1816839168,0.3078400179510936,1.8995338530512527,0.2611113229067996,0.3578299865722656,2.826389397960156,0.002625875924898526
4161,6172,538051,676600,826446336,0.11948790098540485,0.9519013779936358,0.1523756820242852,0.1451375732421875,1.3689940619515255,0.006685763551201084
4162,16384,1187022,1666323,1823265792,0.2492967469152063,1.868997827055864,0.3022047099657357,0.3332178039550781,2.753831199952401,0.004143756542493592
4163,16384,1169876,1642567,1796929536,0.3053068609442562,1.7130222220439464,0.29181047494057566,0.34898968505859373,2.65923946199473,0.0041447567597083694
4164,16384,1176986,1650502,1807850496,0.28587451099883765,1.768137038918212,0.29745901899877936,0.3549860534667969,2.706556675955653,0.0036967108029166565
4165,16384,1176306,1654956,1806806016,0.31519061396829784,1.7114186669932678,0.18571065296418965,0.3475914001464844,2.5600076370174065,0.003761822573272716
4166,16384,1183383,1660112,1817676288,0.33278955006971955,1.7590407249517739,0.2948571660090238,0.337203369140625,2.724007250973955,0.004274614275386669
4167,6172,537528,676741,825643008,0.11732816300354898,0.8414325640769675,0.13507803389802575,0.15262655639648437,1.2465749050024897,0.008791098474971242
4168,16384,1185953,1665036,1821623808,0.3255357639864087,1.7223883089609444,0.27120699104852974,0.3447206726074219,2.663985115941614,0.005006759891824814
4169,16384,1166825,1639568,1792243200,0.44612325297202915,1.7379876419436187,0.1780301301041618,0.3537284240722656,2.7159648209344596,0.003511527161518293
4170,16384,1178109,1652173,1809575424,0.48564115806948394,1.638776383944787,0.2805593030061573,0.330249267578125,2.7353698970982805,0.005256491996913866
4171,16384,1176903,1654741,1807723008,0.39340709999669343,1.7181332770269364,0.28064784593880177,0.3513489685058594,2.743689534952864,0.005552504488295752
4172,16384,1183779,1661386,1818284544,0.41556633403524756,1.690978328930214,0.19129806198179722,0.35277749633789063,2.6507213870063424,0.0038165354415981606
4173,6172,537669,675715,825859584,0.18386633100453764,0.7805364109808579,0.0868729050271213,0.1543828125,1.205737874028273,0.006586383115824908
4174,16384,1185702,1663594,1821238272,0.4600598799297586,1.7273981700418517,0.26356505102012306,0.33801181030273436,2.7891222609905526,0.003131798749248163
4175,16384,1167447,1639347,1793198592,0.32423619693145156,1.714254703023471,0.2637405580608174,0.34910165405273436,2.651440458954312,0.0040486251718443314
4176,16384,1175546,1649215,1805638656,0.3778066460508853,1.6825897129019722,0.18924862099811435,0.35153353881835936,2.6012686929898337,0.00346654771747268
4177,16384,1178230,1656748,1809761280,0.4170671490719542,1.7344371349317953,0.20972400007303804,0.3503104248046875,2.7116235540015623,0.0031289416984976955
4178,16384,1182844,1659349,1816848384,0.41159031295683235,1.7496053649811074,0.2634191270917654,0.3558616027832031,2.780555931967683,0.002860009175172506
4179,6172,537438,676663,825504768,0.11063635698519647,0.8095667429734021,0.12099764298181981,0.14488204956054687,1.1861759419552982,0.007852920552347419
4180,16384,1185170,1664067,1820421120,0.32788984407670796,1.694077543914318,0.2074116780422628,0.3585349426269531,2.5880102710798383,0.003719553228674248
4181,16384,1168269,1641173,1794461184,0.39128013199660927,1.7197223999537528,0.2025271529564634,0.349551513671875,2.6632645719219,0.006885284516340966
4182,16384,1177925,1652826,1809292800,0.4199546360177919,1.7319626339012757,0.26196534698829055,0.35239410400390625,2.7663551759906113,0.0028360450613071054
4183,16384,1176277,1656312,1806761472,0.2692016060464084,1.399081448907964,0.17183528002351522,0.3421724853515625,2.1823648819699883,0.003393641510180568
4184,16384,1182313,1660967,1816032768,0.2487897629616782,1.4045693220105022,0.17236361501272768,0.35812796020507814,2.1839229059405625,0.003308072385690218
4185,6172,537533,675971,825650688,0.09892786294221878,0.6414789630798623,0.07853542198427022,0.14944210815429687,0.9684485449688509,0.006628003990109416
4186,16384,1186054,1664730,1821778944,0.2417164370417595,1.4043510199990124,0.17462974099908024,0.3441727600097656,2.1649413750274107,0.0032987949981781286
4187,16384,1168117,1640827,1794227712,0.24263745406642556,1.3887102409498766,0.1700495129916817,0.34934774780273437,2.1508192700566724,0.0034551599471358
4188,16384,1176941,1651687,1807781376,0.2494681109674275,1.3992157510947436,0.17097501596435905,0.34354458618164063,2.1632626289501786,0.0027349773077047453
4189,16384,1177275,1655539,1808294400,0.25679038104135543,1.555836607934907,0.2389472050126642,0.33758828735351565,2.389258928014897,0.004036677286157826
4190,16384,1182871,1661628,1816889856,0.3271062560379505,1.6638720750343055,0.23348993703257293,0.3571593017578125,2.581869804067537,0.00938212316182371
4191,6172,537951,677420,826292736,0.18339531403034925,0.7639179149409756,0.08228869701270014,0.15406317138671874,1.1837409830186516,0.006410663227561125
4192,16384,1186213,1663779,1822023168,0.47737560502719134,1.6911300539504737,0.24069051106926054,0.3583846435546875,2.7676981950644404,0.004241122208945818
4193,16384,1167622,1641393,1793467392,0.37253693293314427,1.6824992620386183,0.17461488000117242,0.33407244873046876,2.563815420959145,0.0035843943752675795
4194,16384,1178336,1653334,1809924096,0.4939753559883684,1.6874309310223907,0.235878344043158,0.3560231323242187,2.773442042991519,0.004841623199681303
4195,16384,1177826,1655827,1809140736,0.3032462151022628,1.6950947719160467,0.17813597607892007,0.35008840942382813,2.5267518310574815,0.007379376721207468
4196,16384,1182790,1660619,1816765440,0.4693351029418409,1.6851416811114177,0.23716726596467197,0.3539963073730469,2.7457453670213,0.00382444896688501
4197,6172,537328,676178,825335808,0.10934441606514156,0.7286265129223466,0.10956138698384166,0.15102854919433595,1.098661842988804,0.009190982992867566
4198,16384,1187321,1666006,1823725056,0.46378300397191197,1.5059040270280093,0.238445618073456,0.35827142333984374,2.5665128469699994,0.004238223740305314
4199,16384,1168124,1641073,1794238464,0.2628112760139629,1.6764766060514376,0.20466465794015676,0.35026235961914065,2.4943258550483733,0.0044483130963420565
4200,16384,1175407,1649636,1805425152,0.48172300797887146,1.6773890040349215,0.23635517293587327,0.3394287414550781,2.735029164934531,0.004871557915899494
4201,16384,1176733,1655086,1807461888,0.33784198004286736,1.6873176989611238,0.23621797503437847,0.35483981323242186,2.6163438130170107,0.004829095686524638
4202,16384,1183240,1660351,1817456640,0.44057619699742645,1.7144161900505424,0.1796843259362504,0.358176025390625,2.692960220039822,0.003991208788683576
4203,6172,537690,676993,825891840,0.17353147803805768,0.8563672619638965,0.0796671420102939,0.15340342712402344,1.2630582299316302,0.007040118440424475
4204,16384,1186420,1665930,1822341120,0.38846248702611774,1.771734692971222,0.2689245940418914,0.3532607116699219,2.7825184949906543,0.004887992002429297
4205,16384,1168833,1641831,1795327488,0.3703182250028476,1.6971929480787367,0.2641950329998508,0.328957275390625,2.6607852580491453,0.004576715716420757
4206,16384,1177553,1652582,1808721408,0.5316003360785544,1.6952615840127692,0.18215961195528507,0.34175604248046876,2.7509064510231838,0.004684873818902651
4207,16384,1176100,1654054,1806489600,0.5181707540759817,1.74117628892418,0.2153307719854638,0.35227017211914063,2.827025245060213,0.0027328357106779213
4208,16384,1182818,1661268,1816808448,0.4943335149437189,1.7566472759936005,0.26246199605520815,0.3568702392578125,2.8704130329424515,0.003484052328490302
4209,6172,537775,677111,826022400,0.13336198101751506,0.8279816289432347,0.1191999539732933,0.15048931884765626,1.2311477729817852,0.009331958568042446
4210,16384,1186826,1665289,1822964736,0.34179843799211085,1.7086064378963783,0.24880703107919544,0.33722103881835935,2.636524504981935,0.0034727231140162804
4211,16384,1168708,1642437,1795135488,0.4306722499895841,1.721308417036198,0.17639433301519603,0.32836090087890624,2.6568234890000895,0.00329672183973772
4212,16384,1178388,1651309,1810003968,0.44198798201978207,1.7599967970745638,0.263199420995079,0.33408770751953126,2.799389927997254,0.004215932447189081
4213,16384,1177075,1656145,1807987200,0.3322601850377396,1.7466921519953758,0.26448115799576044,0.341491455078125,2.6850745941046625,0.005573178413381021
4214,16384,1184800,1662391,1819852800,0.33432691800408065,1.707613991922699,0.21073010610416532,0.3567583923339844,2.6095602379646152,0.00501347306655176
4215,6172,538575,677688,827251200,0.15788017900194973,0.7812423169380054,0.08059351402334869,0.15029820251464843,1.1700948629295453,0.006892642139389332
4216,16384,1184377,1664091,1819203072,0.4111537740100175,1.7626220830716193,0.26406044291798025,0.3353263244628906,2.7732388470321894,0.0027485036048492998
4217,16384,1169371,1642502,1796153856,0.2958650740329176,1.7417749810265377,0.2612591909710318,0.3530449523925781,2.6520739999832585,0.004894341567919069
4218,16384,1176444,1650264,1807017984,0.3578888960182667,1.7003155760467052,0.1900477110175416,0.3524768371582031,2.6008357889950275,0.004105170913242979
4219,16384,1176818,1655131,1807592448,0.4041816780809313,1.7544480309588835,0.20447546197101474,0.35698492431640627,2.720226872013882,0.005028135265231103
4220,16384,1182767,1660469,1816730112,0.40273553295992315,1.758550063939765,0.26417402701918036,0.35430322265625,2.7798663219437003,0.0037223145503350336
4221,6172,537867,677019,826163712,0.10759165999479592,0.816666670027189,0.11996506399009377,0.1455043182373047,1.1898325349902734,0.008809873474406362
4222,16384,1186020,1663866,1821726720,0.31939882098231465,1.4141599320573732,0.17416997300460935,0.3586592712402344,2.2664720820030198,0.003709938417316167
4223,16384,1169121,1642314,1795769856,0.24810128496028483,1.3963173560332507,0.17061888694297522,0.34840850830078124,2.1635214219568297,0.003484399034502227
4224,16384,1177160,1650845,1808117760,0.2561617250321433,1.3998507329961285,0.1717910059960559,0.3503795166015625,2.1782534410012886,0.0032347188840373678
4225,16384,1178338,1656283,1809927168,0.24314187502022833,1.3510067620081827,0.17191097501199692,0.34239834594726565,2.1085336609976366,0.0035903154577640994
4226,16384,1182282,1660997,1815985152,0.24650368106085807,1.4110048570437357,0.1718428349122405,0.33840194702148435,2.1678280170308426,0.003445706575290717
4227,6172,537814,676826,826082304,0.09801952098496258,0.6450623190030456,0.07836470298934728,0.1504649353027344,0.9719811689574271,0.007169961678584839
4228,16384,1185475,1663328,1820889600,0.25007304991595447,1.5278414849890396,0.20703280810266733,0.35788778686523437,2.3429284850135446,0.003984549304263973
4229,16384,1168068,1640871,1794152448,0.4742657479364425,1.6363088270882145,0.23257719294633716,0.35341497802734373,2.69668333302252,0.0043233487133716025
4230,16384,1176426,1650679,1806990336,0.4047602970385924,1.6663497869158164,0.17661182908341289,0.3563439025878906,2.6041592539986596,0.0035880437344191904
4231,16384,1177530,1656651,1808686080,0.48125370603520423,1.653391731902957,0.22725671506486833,0.35702752685546874,2.7190452369395643,0.0042499138850782435
4232,16384,1182556,1661480,1816406016,0.3237654099939391,1.6674162209965289,0.18037796497810632,0.3327396240234375,2.5043920970056206,0.003708565193121157
4233,6172,537953,677149,826295808,0.18438664299901575,0.8016144830035046,0.10623482300434262,0.14687113952636718,1.2392096440307796,0.008275879553033402
4234,16384,1185876,1662848,1821505536,0.25246469397097826,1.6793426140211523,0.18081311997957528,0.3585362548828125,2.4712311959592625,0.003015221921202406
4235,16384,1168967,1641497,1795533312,0.45797988201957196,1.6629753300221637,0.23236348293721676,0.35105059814453127,2.7044656859943643,0.0035642112739682017
4236,16384,1177242,1651788,1808243712,0.28151906095445156,1.7063319711014628,0.2649854829069227,0.3532529602050781,2.606198385008611,0.004178877606637389
4237,16384,1177420,1655308,1808517120,0.3760007080854848,1.7132737200008705,0.186328450916335,0.33910552978515623,2.614837110042572,0.004921960692359606
4238,16384,1183156,1661840,1817327616,0.4100463760551065,1.7640613409457728,0.26903889002278447,0.3379661560058594,2.781234452035278,0.0043753594978539
4239,6172,537540,676990,825661440,0.1303691150387749,0.863048915984109,0.12259701604489237,0.15045639038085937,1.2665799800306559,0.008569737697699274
4240,16384,1186500,1663882,1822464000,0.33316283696331084,1.7502725149970502,0.2694832870038226,0.3566207275390625,2.709647442912683,0.003988578282376919
4241,16384,1168728,1642367,1795166208,0.43677615700289607,1.69005291396752,0.20106616301927716,0.34765087890625,2.6756883410271257,0.005315571660640426
4242,16384,1177259,1651201,1808269824,0.5380167610710487,1.7342578959651291,0.1778544329572469,0.3506510009765625,2.8009369530482218,0.00560034305891498
4243,16384,1176616,1656266,1807282176,0.49795550596900284,1.748169420985505,0.26110395102296025,0.3488973693847656,2.85619770293124,0.002501772511522581
4244,16384,1185023,1662408,1820195328,0.4478526139864698,1.7568148070713505,0.26430569391231984,0.3338143310546875,2.802877826965414,0.0032245765304791973
4245,6172,538130,677076,826567680,0.15606722910888493,0.8029533209046349,0.12005391204729676,0.1526600341796875,1.2318281430052593,0.007602258909813409
4246,16384,1184829,1662249,1819897344,0.372219901997596,1.708020149031654,0.21928395493887365,0.3430696716308594,2.6426776540465653,0.0031777030185203775
4247,16384,1169076,1642720,1795700736,0.4162826839601621,1.73163272801321,0.1899653320433572,0.35259820556640625,2.6905698879854754,0.003379893707502551
4248,16384,1177461,1650339,1808580096,0.4289135100552812,1.7619400589028373,0.2631599180167541,0.35180068969726563,2.8058992760488763,0.003032873541281111
4249,16384,1177300,1654689,1808332800,0.3292392719304189,1.7572664950275794,0.26169118902180344,0.339345458984375,2.6876199019607157,0.002883108451542063
4250,16384,1181972,1659551,1815508992,0.33949119807220995,1.6949343519518152,0.23286403203383088,0.36319210815429687,2.630565032013692,0.003168209130923079
4251,6172,537469,676357,825552384,0.15267689095344394,0.7624014490284026,0.0793185270158574,0.1534389190673828,1.147921319003217,0.007451115047192902
4252,16384,1185356,1663811,1820706816,0.39959734701551497,1.7564567350782454,0.2625003749271855,0.3535516052246094,2.7722274280386046,0.004377916177500994
4253,16384,1168558,1642060,1794905088,0.3117616899544373,1.7447157020214945,0.2606347700348124,0.34814382934570315,2.6653435829794034,0.0032863163877062513
4254,16384,1177477,1651320,1808604672,0.33106607303489,1.6999084920389578,0.2179288410115987,0.3509139709472656,2.599919925094582,0.0039442777017998035
4255,16384,1176380,1654006,1806919680,0.3915022509172559,1.7492382950149477,0.18744588806293905,0.3407872314453125,2.6690664659254253,0.003476889247796013
4256,16384,1184008,1661551,1818636288,0.39200271607842296,1.7708794969366863,0.2639017190085724,0.35558059692382815,2.7824514830717817,0.0031250904032161246
4257,6172,537923,676460,826249728,0.11007422197144479,0.8315713880583644,0.12021348695270717,0.15048495483398439,1.2124405059730634,0.007955372332703822
4258,16384,1186580,1664999,1822586880,0.2963608290301636,1.707170992041938,0.2220254719723016,0.3566245422363281,2.5822848309762776,0.003988548990064919
4259,16384,1169728,1642165,1796702208,0.37951729795895517,1.7386010009795427,0.1908494490198791,0.34584335327148436,2.65488840197213,0.002911638101665799
4260,16384,1177937,1652042,1809311232,0.25251627597026527,1.4066276700468734,0.1714624030282721,0.33560699462890625,2.1662708210060373,0.0026532846753506483
4261,16384,1176825,1654603,1807603200,0.23905577592086047,1.400086733046919,0.17119142797309905,0.3519322509765625,2.162328958977014,0.0029029375624031
4262,16384,1183030,1661342,1817134080,0.24876362504437566,1.4084574079606682,0.17276433110237122,0.33280587768554687,2.1628561120014638,0.002999284517440065
4263,6172,538223,677848,826710528,0.09795332804787904,0.6425180899677798,0.07814475905615836,0.1508324432373047,0.9695193810621276,0.007298539295645289
4264,16384,1185714,1662919,1821256704,0.24414993403479457,1.4101452870527282,0.17245581897441298,0.35694586181640625,2.183755911071785,0.002702188149487065
4265,16384,1168735,1642161,1795176960,0.2324613919481635,1.3908912260085344,0.17058103904128075,0.35103683471679686,2.1450404319912195,0.003260557488849339
4266,16384,1177709,1652057,1808961024,0.2616381929256022,1.4015789800323546,0.17203687399160117,0.3541629028320312,2.1894879429601133,0.0032424557875548408
4267,16384,1175635,1653699,1805775360,0.2450994940008968,1.3188911410979927,0.17117090499959886,0.35370004272460936,2.088934894069098,0.0035095036330820657
4268,16384,1183751,1660644,1818241536,0.23888657102361321,1.4048821579199284,0.17239776300266385,0.35692343139648436,2.173164949985221,0.003452413611384064
4269,6172,537627,676234,825795072,0.09167031501419842,0.6417830999707803,0.07889735698699951,0.15153245544433594,0.9639414569828659,0.0060407783200889685
4270,16384,1185642,1663896,1821146112,0.2412389669334516,1.4079800139879808,0.17268128599971533,0.35660848999023437,2.1785825709812343,0.0033881694839393273
4271,16384,1167887,1640665,1793874432,0.23137223802041262,1.3856386910192668,0.1696789909619838,0.3383963317871094,2.1251613630447537,0.0035343789552774773
4272,16384,1176571,1650857,1807213056,0.24925777898170054,1.4014898310415447,0.1715822189580649,0.331171875,2.153574264026247,0.003369284549365232
4273,16384,1177423,1654933,1808521728,0.23559115501120687,1.3964144199853763,0.17137531901244074,0.35369784545898436,2.1571548249339685,0.0035271212376877417
4274,16384,1183113,1661106,1817261568,0.23396045505069196,1.4099559149472043,0.17364344303496182,0.356428955078125,2.1740750370081514,0.003968073580700176
4275,6172,537222,675919,825172992,0.10263083002064377,0.641027737990953,0.07995415502227843,0.1450789794921875,0.9687590720131993,0.006954204516153912
4276,16384,1186188,1663832,1821984768,0.27012606896460056,1.4124453340191394,0.17332403804175556,0.35715536499023437,2.213140718988143,0.00406268664445067
4277,16384,1168235,1641359,1794408960,0.2930488809943199,1.3905747589888051,0.17263547994662076,0.34978082275390626,2.2061248859390616,0.0038503375738574205
4278,16384,1176629,1650274,1807302144,0.33818389393854886,1.4011033730348572,0.1740648680133745,0.35381130981445313,2.2672557359328493,0.0040706096869884975
4279,16384,1176603,1654066,1807262208,0.34956667688675225,1.4036254551028833,0.17137741099577397,0.35581878662109373,2.2805079319514334,0.00524454851721531
4280,16384,1182810,1661414,1816796160,0.3368286710465327,1.4067467510467395,0.1725991499843076,0.33257235717773437,2.2488443410256878,0.004331636858830383
4281,6172,537859,677153,826151424,0.1279429190326482,0.6398926489055157,0.07853566703852266,0.15467936706542967,1.001120185945183,0.00695060433739904
4282,16384,1186501,1664738,1822465536,0.3043084379751235,1.4075391370570287,0.17359995597507805,0.3342756652832031,2.2197942150523886,0.003199339897080452
4283,16384,1166789,1640672,1792187904,0.2815712409792468,1.3425806789891794,0.1748450710438192,0.35916134643554687,2.1582352380501106,0.0035631242119807446
4284,16384,1176473,1650715,1807062528,0.4852917499374598,1.7647753900382668,0.17330438701901585,0.3417913818359375,2.76525739999488,0.003417083856279336
4285,16384,1176731,1654571,1807458816,0.5734499259851873,1.7342582779238,0.24393201409839094,0.35289202880859377,2.904652207973413,0.004129966304112129
4286,16384,1181661,1659495,1815031296,0.4706401099683717,1.785989633994177,0.18952024600002915,0.36006912231445315,2.806323552969843,0.0037216197933349557
4287,6172,537806,677383,826070016,0.21465366298798472,0.8699230900965631,0.11165047192480415,0.15007302856445312,1.346411930047907,0.008294376454154323
4288,16384,1186139,1665173,1821909504,0.31768240802921355,1.7902147369459271,0.1743331040488556,0.356633056640625,2.638951622066088,0.0033466472340074856
4289,16384,1169819,1643008,1796841984,0.5393795740092173,1.726386651978828,0.2402318560052663,0.35304058837890623,2.8591221580281854,0.0029200450821324875
4290,16384,1178529,1652258,1810220544,0.4771172479959205,1.7801776179112494,0.18984120606910437,0.3547273254394531,2.8019732208922505,0.003919504858370339
4291,16384,1176864,1654959,1807663104,0.5397837330820039,1.7414227549452335,0.24235214397776872,0.35541400146484375,2.879095478099771,0.004266778606520098
4292,16384,1183455,1661332,1817786880,0.5014584549935535,1.7679649610072374,0.20551412901841104,0.3398168640136719,2.814832034986466,0.0027577472697246927
4293,6172,537856,676975,826146816,0.2009223010390997,0.8710043719038367,0.11048133100848645,0.15261334228515624,1.3351194850401953,0.007350563355244071
4294,16384,1185676,1663023,1821198336,0.33977568394038826,1.7898966110078618,0.17455302306916565,0.333376953125,2.63769325602334,0.0034494109850075378
4295,16384,1168882,1641741,1795402752,0.5233165380777791,1.7185889260144904,0.240464745904319,0.3347759094238281,2.8172766340430826,0.004632652011828755
4296,16384,1178592,1652665,1810317312,0.518627361045219,1.6765853409888223,0.2327736490406096,0.3489323425292969,2.776997343986295,0.002832209491220963
4297,16384,1176613,1652973,1807277568,0.4499674179824069,1.7178517740685493,0.24180823098868132,0.3382171630859375,2.748031425056979,0.006799010000413986
4298,16384,1182819,1660566,1816809984,0.513685878016986,1.7438411789480597,0.2409520240034908,0.3550511779785156,2.85360996495001,0.0027931638849478775
4299,6172,537852,676759,826140672,0.10826421703677624,0.8167821030365303,0.10856400895863771,0.14996176147460938,1.1836831300752237,0.00938085251439157
4300,16384,1186155,1665024,1821934080,0.5196295341011137,1.751474361983128,0.2312538679689169,0.35342083740234376,2.8558573910268024,0.0027588762501832647
4301,16384,1169982,1642994,1797092352,0.41217173996847123,1.6319129340117797,0.23378838202916086,0.3524034423828125,2.6304016170324758,0.004756636379835713
4302,16384,1176069,1650273,1806441984,0.4731572880409658,1.7202323150122538,0.245409423019737,0.3514104919433594,2.7903062551049516,0.003466898605075097
4303,16384,1176650,1654556,1807334400,0.3733219309942797,1.7285784349078313,0.24286754906643182,0.3520057678222656,2.6968567098956555,0.0030786620788066715
4304,16384,1180549,1658621,1813323264,0.3750317479716614,1.7182917760219425,0.1820413040695712,0.362689208984375,2.638153839041479,0.003783024039452269
4305,6172,538379,677167,826950144,0.16924753901548684,0.8393776860320941,0.08083062001969665,0.1521583709716797,1.241692268056795,0.006285938943631027
4306,16384,1186524,1664051,1822500864,0.33271484705619514,1.7424753729719669,0.24558918504044414,0.3441200256347656,2.665089671034366,0.007138233773586076
4307,16384,1168175,1641829,1794316800,0.40135663200635463,1.6990701409522444,0.17660208803135902,0.3508100891113281,2.627947701024823,0.0041382453499463736
4308,16384,1177495,1652664,1808632320,0.4635606139199808,1.7335530010750517,0.24299038597382605,0.3570934143066406,2.797284925938584,0.003128414351838501
4309,16384,1176839,1655385,1807624704,0.26736140495631844,1.585401474032551,0.19182190601713955,0.353345947265625,2.398071354953572,0.005863990729365234
4310,16384,1181974,1658773,1815512064,0.46423494489863515,1.7451125490479171,0.24550731794442981,0.3615267333984375,2.816488637938164,0.0038023462016495663
4311,6172,537502,676610,825603072,0.13091803796123713,0.8536113549489528,0.11310718604363501,0.15251475524902344,1.2502456939546391,0.007547296683132077
4312,16384,1185849,1664726,1821464064,0.3510535459499806,1.7289465880021453,0.21797392307780683,0.3538163146972656,2.651923647033982,0.005025608747544136
4313,16384,1168656,1641589,1795055616,0.554222292965278,1.7235647439956665,0.2077863790327683,0.35169964599609377,2.8373756799846888,0.0036166516688595643
4314,16384,1177228,1651696,1808222208,0.6360914340475574,1.7296616869280115,0.2437190799973905,0.3511811828613281,2.9607725610258058,0.004025205890073982
4315,16384,1177725,1655357,1808985600,0.37045078503433615,1.7219019070034847,0.24510205001570284,0.33538839721679686,2.6729441611096263,0.0037794219862748095
4316,16384,1184669,1662549,1819651584,0.5419814779888839,1.722589910030365,0.17766544607002288,0.35511386108398435,2.7974430550821126,0.003301583161404705
4317,6172,537602,676770,825756672,0.2036007159622386,0.8569108290830627,0.07967482192907482,0.15372726440429688,1.2939878730103374,0.005737428704926454
4318,16384,1185032,1664627,1820209152,0.39801898796577007,1.6653987460304052,0.17294903506990522,0.3578736572265625,2.594313564011827,0.002819154947135493
4319,16384,1168889,1641024,1795413504,0.30383618199266493,1.3943869880167767,0.17074869701173156,0.3373363342285156,2.206380734918639,0.003287450248376511
4320,16384,1176877,1651123,1807683072,0.28145991696510464,1.4016151679679751,0.1714167130412534,0.35536587524414065,2.2099323039874434,0.0033770613169901978
4321,16384,1176898,1656256,1807715328,0.26009029301349074,1.4018933959305286,0.1717793750576675,0.3505486145019531,2.1843871519668028,0.0034551321680667884
4322,16384,1182597,1660058,1816468992,0.2611390750389546,1.4060243628919125,0.17326283606234938,0.34816015625,2.188656775979325,0.0032141054221335895
4323,6172,536750,675561,824448000,0.1032053210074082,0.5425660359906033,0.0780552780488506,0.1460470428466797,0.8699375910218805,0.007346863613937972
4324,16384,1184967,1664265,1820109312,0.2508681679610163,1.4833608730696142,0.23539848695509136,0.3562916259765625,2.326065207947977,0.0062790151021255005
4325,16384,1168382,1641967,1794634752,0.2860410410212353,1.6718839569948614,0.17768688697833568,0.3367738037109375,2.472465099999681,0.0032118267032949436
4326,16384,1178101,1652105,1809563136,0.5285995149752125,1.6573220669524744,0.2355470850598067,0.35371923828125,2.7753014939371496,0.004092840675291361
4327,16384,1176675,1653882,1807372800,0.32254285202361643,1.7103478820063174,0.17378484597429633,0.3395743103027344,2.54634249699302,0.003636851137070354
4328,16384,1182506,1660481,1816329216,0.52561085508205,1.6880443649133667,0.23626228899229318,0.3358450012207031,2.785899940994568,0.004933084068560735
4329,6172,538581,676949,827260416,0.19189149502199143,0.7123673669993877,0.10201891895849258,0.14615802001953124,1.1525795930065215,0.012475668317489102
4330,16384,1186667,1665071,1822720512,0.5113259110366926,1.69885121693369,0.23885842808522284,0.35858816528320314,2.807716235052794,0.003294980911196465
4331,16384,1169754,1643194,1796742144,0.3687371900305152,1.7107276549795642,0.17285713797900826,0.34896527099609376,2.6013745489763096,0.003355725578329033
4332,16384,1178373,1652540,1809980928,0.5357180320424959,1.6881796920206398,0.2364510849583894,0.35291778564453125,2.8133636669954285,0.0034504010452275006
4333,16384,1177264,1655796,1808277504,0.4295064019970596,1.7068011399824172,0.18912870599888265,0.3336083984375,2.6591261390130967,0.0030646382675057126
4334,16384,1183562,1661764,1817951232,0.5118579199770465,1.6933792340569198,0.2371461340226233,0.3531938171386719,2.7956624149810523,0.003051505265211585
4335,6172,537876,677479,826177536,0.1907563980203122,0.7051421579672024,0.1084248679690063,0.1498236083984375,1.1542409579269588,0.008137431907561965
4336,16384,1185261,1664020,1820560896,0.4993495420785621,1.697306569898501,0.23585663409903646,0.33803179931640626,2.770634763990529,0.003256242908502254
4337,16384,1169064,1641036,1795682304,0.3856246580835432,1.7164261739235371,0.17253927502315491,0.34986697387695315,2.6245440650964156,0.003314259051079778
4338,16384,1177299,1651406,1808331264,0.5202903479803354,1.6921401490690187,0.23528685001656413,0.352094482421875,2.7999206579988822,0.0038868426781366555
4339,16384,1178073,1655943,1809520128,0.41061171202454716,1.7216935940086842,0.18013793998397887,0.3526202697753906,2.665150755085051,0.0032733342488794953
4340,16384,1182056,1660568,1815638016,0.5014582000439987,1.6989586129784584,0.2363771500531584,0.36105908203125,2.7979784860508516,0.0044832704973159655
4341,6172,537906,676611,826223616,0.18675775697920471,0.7079659160226583,0.10884717991575599,0.15467756652832032,1.1583496029488742,0.008735143749122695
4342,16384,1185229,1663582,1820511744,0.49447737296577543,1.698642443981953,0.23725697805639356,0.3528680114746094,2.7833472959464416,0.0036822378529503307
4343,16384,1167876,1640595,1793857536,0.313395740929991,1.7112506930716336,0.17240060691256076,0.33731900024414063,2.5344649240141734,0.0039015278890053334
4344,16384,1175963,1649493,1806279168,0.5185685540782288,1.6825374650070444,0.2351384039502591,0.35586306762695313,2.7922327370615676,0.00448552863877614
4345,16384,1176758,1655263,1807500288,0.41856233193539083,1.7341595339821652,0.17604948906227946,0.35358587646484374,2.682504851021804,0.005503049773371529
4346,16384,1182897,1660821,1816929792,0.5637605510419235,1.7063098279759288,0.2407878510421142,0.35541989135742186,2.8663954720832407,0.004094015183710504
4347,6172,537346,676309,825363456,0.22367837908677757,0.7142362669110298,0.11080576200038195,0.14557887268066405,1.1944472930626944,0.012391704908247446
4348,16384,1184760,1663922,1819791360,0.617205027025193,1.7056896400172263,0.24065842700656503,0.3392383117675781,2.9028951530344784,0.0035739223239848183
4349,16384,1167710,1641457,1793602560,0.39152482303325087,1.709121152991429,0.20400347001850605,0.34684713745117185,2.6516172339906916,0.004550072114007571
4350,16384,1178114,1651056,1809583104,0.6668378290487453,1.6837482789997011,0.23573956196196377,0.3522231750488281,2.9386843270622194,0.004610294536681258
4351,16384,1178661,1656366,1810423296,0.41936016408726573,1.6894137329654768,0.22480058402288705,0.33162646484375,2.66533742507454,0.005120520721932041
4352,16384,1183775,1661348,1818278400,0.5851769710425287,1.668397217988968,0.2323180630337447,0.3561893615722656,2.8421804279787466,0.0034767089473618984
4353,6172,537489,676081,825583104,0.12607342097908258,0.7414681540103629,0.1104977970244363,0.14490829467773436,1.1230446589179337,0.008636542237875239
4354,16384,1186203,1664931,1822007808,0.45407992403488606,1.6977748499484733,0.17631429200991988,0.3581983947753906,2.6865310019347817,0.006087447566911936
4355,16384,1167907,1641625,1793905152,0.4407654780661687,1.6895910039311275,0.2523509550374001,0.3487074279785156,2.731507510994561,0.0033917527583552124
4356,16384,1179086,1653657,1811076096,0.30173932493198663,1.6891182230319828,0.2563004399416968,0.35460723876953126,2.601869184989482,0.003995524251730518
4357,16384,1176254,1654665,1806726144,0.43235724000260234,1.6882830921094865,0.17540036898571998,0.35153582763671876,2.647674257052131,0.0036911004948229718
4358,16384,1183127,1660722,1817283072,0.4306615929817781,1.7129138859454542,0.255569979082793,0.33801028442382813,2.737250705016777,0.003469268735573344
4359,6172,538218,677159,826702848,0.10964322090148926,0.7750665720086545,0.11595020699314773,0.14578889465332032,1.146555665996857,0.009312364276037849
4360,16384,1185406,1663873,1820783616,0.38569004996679723,1.413538446999155,0.17349588905926794,0.35617068481445313,2.328970824019052,0.0032526461301032863
4361,16384,1168278,1640417,1794475008,0.25498823798261583,1.3882310660555959,0.1701081240316853,0.3477945251464844,2.161196438013576,0.0034464612232555656
4362,16384,1177752,1651663,1809027072,0.26484603504650295,1.398680430953391,0.17160996701568365,0.35116876220703125,2.1863801069557667,0.003426290466130058
4363,16384,1176054,1654085,1806418944,0.24922919506207108,1.312776718987152,0.17175497394055128,0.35616845703125,2.0900042060529813,0.003581860349379437
4364,16384,1183013,1659577,1817107968,0.25159221701323986,1.4115393840475008,0.1726960620144382,0.35531182861328126,2.191210380056873,0.003235123795405944
4365,6172,537843,676733,826126848,0.09812857198994607,0.6445771200815216,0.0784035159740597,0.153693115234375,0.9748649511020631,0.006424256210043331
4366,16384,1185393,1664743,1820763648,0.24721878406126052,1.4829688289901242,0.23541548394132406,0.333201416015625,2.298886143020354,0.0035508505833743535
4367,16384,1168208,1641304,1794367488,0.26349564199335873,1.6393477119272575,0.17506000399589539,0.3545024719238281,2.4326454859692603,0.009851666850056477
4368,16384,1178086,1652080,1809540096,0.3585193760227412,1.6256934069097042,0.23436665709596127,0.3560186462402344,2.574808888952248,0.008187119615410271
4369,16384,1176599,1655652,1807256064,0.3439579800469801,1.621854237979278,0.23398269002791494,0.3519638671875,2.551836705999449,0.0030539084884478786
4370,16384,1181255,1659770,1814407680,0.2817611829377711,1.6701329170027748,0.20219594705849886,0.3632266235351562,2.5174105319892988,0.003728492190897143
4371,6172,537563,676178,825696768,0.18371700297575444,0.7954561549704522,0.07902200403623283,0.15103782653808595,1.2093046959489584,0.005929641113037014
4372,16384,1186028,1664306,1821739008,0.26677682891022414,1.720458657015115,0.1860477050067857,0.3425364685058594,2.5160117039922625,0.007632895903207108
4373,16384,1168214,1640009,1794376704,0.49822910595685244,1.6642533390549943,0.23570661689154804,0.3507200622558594,2.7490295749157667,0.00438157368736743
4374,16384,1178864,1652171,1810735104,0.3304357760353014,1.7112333059776574,0.1750029040267691,0.35505548095703127,2.5718087540008128,0.0031606939640118387
4375,16384,1177961,1655517,1809348096,0.505249950918369,1.675428243004717,0.2374405110022053,0.35365408325195313,2.7718637669458985,0.003282223669834723
4376,16384,1182943,1660884,1817000448,0.4028240019688383,1.7094559170072898,0.18459499697200954,0.357265380859375,2.654236864997074,0.003638265703968403
4377,6172,537862,676799,826156032,0.19400144997052848,0.8168845709878951,0.10833715600892901,0.15095079040527343,1.2702638389309868,0.007075030840557831
4378,16384,1185391,1664591,1820760576,0.2885314919985831,1.5498493809718639,0.19751629303209484,0.3526574401855469,2.3886441310169175,0.00374793497559358
4379,16384,1168925,1642122,1795468800,0.4932189049432054,1.665152646950446,0.2333336650626734,0.33006988525390624,2.7218930709641427,0.004334070106210768
4380,16384,1177050,1650961,1807948800,0.5106555089587346,1.6804958550492302,0.2161858920007944,0.35336932373046875,2.7607837159885094,0.0027939982706568717
4381,16384,1178526,1655830,1810215936,0.46793341892771423,1.671425251988694,0.2461554320761934,0.35456607055664063,2.740258774952963,0.006517683853550608
4382,16384,1182875,1660472,1816896000,0.5203864790964872,1.6823182489024475,0.21149750403128564,0.3453398742675781,2.7596170300384983,0.002715005012815714
4383,6172,537773,676712,826019328,0.17290384299121797,0.8152729879366234,0.10905008902773261,0.15374835205078125,1.2510578850051388,0.006603451348960522
4384,16384,1184523,1662809,1819427328,0.32831894396804273,1.7067141099832952,0.17553375207353383,0.3553316650390625,2.5659948280081153,0.003755149586789056
4385,16384,1167563,1639737,1793376768,0.49275706498883665,1.6560126109980047,0.2356626510154456,0.350360107421875,2.734908465994522,0.004242612570131964
4386,16384,1176244,1651746,1806710784,0.43632388999685645,1.695521729066968,0.18443988298531622,0.35625079345703126,2.6726523760007694,0.004343269466683667
4387,16384,1177638,1654162,1808851968,0.5020186520414427,1.6658842669567093,0.23750900605227798,0.3518010559082031,2.7573078110581264,0.0034392278987891572
4388,16384,1184934,1662145,1820058624,0.44124328799080104,1.698773219017312,0.19475111702922732,0.3556392822265625,2.6905024900333956,0.003552636351268181
4389,6172,537184,676308,825114624,0.19226514408364892,0.8143399799009785,0.10887514101341367,0.15038819885253907,1.2659697140334174,0.007997836102623371
4390,16384,1186785,1663934,1822901760,0.30156048899516463,1.7091490399325266,0.17738988704513758,0.35306802368164064,2.5413005360169336,0.005237332640427308
4391,16384,1167250,1639247,1792896000,0.48183679103385657,1.6030339539283887,0.2336306570796296,0.33247109985351564,2.65105116693303,0.0029673149511645056
4392,16384,1178598,1652870,1810326528,0.4534888949710876,1.6980855020228773,0.19601246796082705,0.35519741821289064,2.7028667359845713,0.003050569078787913
4393,16384,1177237,1654824,1808236032,0.516217787982896,1.6729949999134988,0.2358270490076393,0.3321212158203125,2.757247257977724,0.0031264970208244
4394,16384,1182310,1660587,1816028160,0.4787529550958425,1.6877765469253063,0.21036876097787172,0.3542702331542969,2.7312451760517433,0.002807506960499835
4395,6172,538045,676760,826437120,0.16838671499863267,0.8121967440238222,0.10689128993544728,0.14506597900390625,1.2326296439860016,0.007213523107047938
4396,16384,1186054,1664895,1821778944,0.3394794089253992,1.679943853057921,0.1764748659916222,0.35327279663085936,2.549259249935858,0.003464744908087168
4397,16384,1167346,1642501,1793043456,0.4723069480387494,1.6196492769522592,0.23247612302657217,0.3424378967285156,2.6669653260614723,0.0035651500395071437
4398,16384,1178723,1652675,1810518528,0.4371307040564716,1.6634066199185327,0.19591318606399,0.35141448974609374,2.6479519420536235,0.0032833778874492795
4399,16384,1177596,1655269,1808787456,0.42955104704014957,1.697008223971352,0.25294830999337137,0.35294427490234376,2.7325447760522366,0.003400498532871561
4400,16384,1184882,1662128,1819978752,0.2653681009542197,1.6907620180863887,0.18839875399135053,0.35722247314453126,2.5018718549981713,0.004816746366940496
4401,6172,537918,676742,826242048,0.1547558499732986,0.7899870830588043,0.08264723792672157,0.14549270629882813,1.1729707149788737,0.007488483736169913
4402,16384,1186210,1665059,1822018560,0.3862542570568621,1.7073498199461028,0.25724634004291147,0.3527953491210937,2.703754973015748,0.004039080828984667
4403,16384,1168207,1641098,1794365952,0.2862119759665802,1.3961444940650836,0.17174090596381575,0.3511853332519531,2.205357055994682,0.0033711886720190426
4404,16384,1177725,1652936,1808985600,0.24705472204368562,1.4024336959701031,0.1728805770399049,0.3555787658691406,2.178018962033093,0.003269076693086246
4405,16384,1176914,1655129,1807739904,0.2335802629822865,1.3998432009248063,0.17107719706837088,0.35373348999023435,2.1582927469862625,0.0027149245924304117
4406,16384,1183772,1661007,1818273792,0.22922832996118814,1.407844734028913,0.17242802598048002,0.3518939208984375,2.1614545580232516,0.0027549574897054703
4407,6172,537914,676259,826235904,0.09154413593932986,0.6445039480458945,0.07809767092112452,0.1507889862060547,0.9649939188966528,0.006132451520191307
4408,16384,1186715,1665938,1822794240,0.22736448305658996,1.4072955939918756,0.17306373396422714,0.33781689453125,2.1456008880632,0.0028049260974773497
4409,16384,1168687,1640508,1795103232,0.225136180059053,1.4636699500260875,0.18920092994812876,0.3466270751953125,2.2247139470418915,0.0035875090105841026
4410,16384,1176226,1651191,1806683136,0.3251131549477577,1.8014731770381331,0.18055924703367054,0.3515111389160156,2.6587363509461284,0.0029951450629218676
4411,16384,1176802,1654929,1807567872,0.30992551799863577,1.819533947040327,0.3058838569559157,0.35361181640625,2.7890593260526657,0.003735583914048824
4412,16384,1183478,1661078,1817822208,0.27239783108234406,1.877230315003544,0.19336251192726195,0.3324515075683594,2.6755631240084767,0.00452085865146041
4413,6172,537244,676508,825206784,0.12360039097256958,0.9644446499878541,0.11230305198114365,0.15338578796386718,1.3538251899881288,0.006744525317570092
4414,16384,1184786,1664550,1819831296,0.31729069899301976,1.9246264740359038,0.3398071469273418,0.3557255554199219,2.9375680000521243,0.0040211724778678225
4415,16384,1169259,1643088,1795981824,0.38561819202732295,1.8810418179491535,0.18001620401628315,0.344713623046875,2.791497395024635,0.0038530569719315362
4416,16384,1178385,1651933,1809999360,0.4319478030083701,1.9167869690572843,0.3319548750296235,0.3538998107910156,3.0348380140494555,0.008190096539291678
4417,16384,1177325,1654937,1808371200,0.3810014489572495,1.8644530890742317,0.2934844779083505,0.3554466552734375,2.894495078944601,0.0037798554963112186
4418,16384,1183506,1661511,1817865216,0.4104933839989826,1.8200040730880573,0.3267962159588933,0.35905572509765626,2.9164310280466452,0.0027989656628494655
4419,6172,536349,675267,823832064,0.1315592599567026,0.9595408020541072,0.14887679100502282,0.1516626281738281,1.3917302639456466,0.006523013714494999
4420,16384,1186449,1664371,1822385664,0.3246071180328727,1.8769397089490667,0.2582943789893761,0.3544485168457031,2.8143879920244217,0.003491672352264468
4421,16384,1169101,1641836,1795739136,0.35707323299720883,1.882926569902338,0.32468623109161854,0.3367022094726563,2.901498503983021,0.0038001232482999755
4422,16384,1176266,1652105,1806744576,0.3280118550173938,1.8959679489489645,0.3288649100577459,0.35460577392578124,2.907555576064624,0.003614311471936684
4423,16384,1176776,1655676,1807527936,0.3361392559017986,1.8820849530166015,0.18059816700406373,0.3561759643554688,2.755077088950202,0.002858311028215898
4424,16384,1182314,1659633,1816034304,0.3292272869730368,1.9078424790641293,0.3360570620279759,0.35519329833984375,2.928405396058224,0.0029118117782829115
4425,6172,537534,676650,825652224,0.12783525697886944,0.7787879100069404,0.15535969694610685,0.15341558837890626,1.2154868840007111,0.007275412927293653
4426,16384,1186046,1662412,1821766656,0.32514291000552475,1.9264947270276025,0.3222077959217131,0.3536592102050781,2.927581576979719,0.0026278967050999097
4427,16384,1168888,1641682,1795411968,0.29794575506821275,1.9001892089145258,0.33425571501720697,0.334462890625,2.8669384120730683,0.0029593397530176947
4428,16384,1178156,1652485,1809647616,0.33753178699407727,1.9127271940233186,0.18058035406284034,0.3538083190917969,2.784733116044663,0.003068943021412324
4429,16384,1175434,1653297,1805466624,0.3175756059354171,1.9221029150066897,0.3354089860804379,0.35591879272460936,2.931099663954228,0.003185296229333938
4430,16384,1181603,1660121,1814942208,0.2969583199592307,1.85959685605485,0.19365139992441982,0.35984197998046874,2.710131569998339,0.0030631014482361925
4431,6172,538134,676939,826573824,0.11912302207201719,0.9687632150016725,0.09624678490217775,0.15462127685546875,1.3388286890694872,0.005556367200551767
4432,16384,1186262,1664466,1822098432,0.2674958440475166,1.9339787389617413,0.34300877002533525,0.35309408569335937,2.8976599449524656,0.002847339787286321
4433,16384,1169433,1642298,1796249088,0.3089138159994036,1.8987074360484257,0.23226310103200376,0.3547705383300781,2.794736478012055,0.002919294995641312
4434,16384,1177118,1651119,1808053248,0.32919934298843145,1.9036256870022044,0.3317160720471293,0.35586053466796874,2.920507958973758,0.003640540259350797
4435,16384,1176952,1653426,1807798272,0.3001516880467534,1.8684132589260116,0.1821444460656494,0.33764349365234375,2.688439224031754,0.0032114298967166376
4436,16384,1182849,1661366,1816856064,0.30968412302900106,1.8873730020131916,0.32120845397002995,0.33665032958984376,2.855012112064287,0.00336963411867777
4437,6172,537488,676481,825581568,0.14236279798205942,0.7649333350127563,0.14874270104337484,0.1500779571533203,1.2062564090592787,0.011574476762914024
4438,16384,1186700,1665466,1822771200,0.3137078770669177,1.84144559095148,0.31513975001871586,0.3578745727539063,2.8282545399852097,0.003067234329986494
4439,16384,1169123,1642826,1795772928,0.29617072199471295,1.7836718279868364,0.28670269600115716,0.3367720031738281,2.7034067900385708,0.0033121497795297336
4440,16384,1179322,1653303,1811438592,0.36143249296583235,1.7001615130575374,0.17670657497365028,0.34726705932617186,2.585649873013608,0.003180349020741189
4441,16384,1176271,1653416,1806752256,0.3645340610528365,1.7258454699767753,0.27461818396113813,0.35101718139648436,2.7161119859665632,0.0035745793925550822
4442,16384,1183811,1661771,1818333696,0.2595930399838835,1.7168000609381124,0.28044800308998674,0.3456233825683594,2.602560139959678,0.0036753571172963117
4443,6172,537371,676082,825401856,0.14008363999892026,0.7224007479380816,0.07906165497843176,0.15193280029296874,1.0935536299366504,0.006838871565205558
4444,16384,1187139,1665337,1823445504,0.26852072100155056,1.3410412350203842,0.17330536991357803,0.3426647033691406,2.125606162007898,0.0034876029515503097
4445,16384,1169563,1642311,1796448768,0.2365990469697863,1.3914920800598338,0.1706411159830168,0.34790618896484377,2.1467130300588906,0.0034749908518426275
4446,16384,1177406,1650736,1808495616,0.2499466260196641,1.4071318190544844,0.17315258702728897,0.35182952880859375,2.182127881096676,0.003085070642649931
4447,16384,1177465,1656452,1808586240,0.2601903449976817,1.4051899480400607,0.172533358912915,0.3371537170410156,2.175133849028498,0.003056365329174985
4448,16384,1183025,1661357,1817126400,0.2793794679455459,1.414466568036005,0.1729790869867429,0.3528533630371094,2.219744771020487,0.0029861548025363533
4449,6172,537740,676590,825968640,0.12212292395997792,0.6433327799895778,0.07947864301968366,0.15169903564453124,0.996699751005508,0.00665881492098229
4450,16384,1185848,1665019,1821462528,0.3139532230561599,1.6508742389269173,0.19154734001494944,0.3537481384277344,2.510210433974862,0.0034855065502347486
4451,16384,1167820,1641421,1793771520,0.4212929409695789,1.8347521550022066,0.31121584598440677,0.35081298828125,2.918164673028514,0.0031095843188756345
4452,16384,1178334,1652030,1809921024,0.3598464769311249,1.921831437968649,0.22588294802699238,0.35425701904296875,2.861938111949712,0.004200998598648063
4453,16384,1176922,1655312,1807752192,0.39164295594673604,1.9521238920278847,0.33970100595615804,0.3507550354003906,3.034295692923479,0.002399357204349758
4454,16384,1183032,1659885,1817137152,0.3309357890393585,1.9522501159226522,0.34866522799711674,0.3577762145996094,2.9897161870030686,0.0029715009310212694
4455,6172,537969,676555,826320384,0.13864372298121452,0.7788438770221546,0.16295159608125687,0.1506878662109375,1.2312313220463693,0.00846792547744581
4456,16384,1187216,1666981,1823563776,0.34490990196354687,1.961299018934369,0.34755312907509506,0.3547096252441406,3.008575798943639,0.003460897562352237
4457,16384,1169974,1642226,1797080064,0.2845654460834339,1.8892009049886838,0.2915928609436378,0.35315972900390624,2.8186140240868554,0.003373397931784162
4458,16384,1176570,1651387,1807211520,0.3440915490500629,1.9557671359507367,0.3412041780538857,0.33330474853515624,2.974464024999179,0.00324137083276885
4459,16384,1177647,1655105,1808865792,0.29221388208679855,1.9602237999206409,0.34739956306293607,0.3312955322265625,2.931242707069032,0.0037502787411295238
4460,16384,1184009,1662276,1818637824,0.3216675870353356,1.9544683599378914,0.1804292140295729,0.35522415161132814,2.811869258992374,0.002843175513593422
4461,6172,537741,677338,825970176,0.12350357498507947,0.991337604005821,0.15526797797065228,0.1540891876220703,1.4242766379611567,0.005497062540160668
4462,16384,1186392,1664873,1822298112,0.26779287902172655,1.9547259360551834,0.35102676996029913,0.33790435791015627,2.911588065093383,0.004743876638109117
4463,16384,1166860,1639520,1792296960,0.31911671604029834,1.9133547180099413,0.290041366009973,0.35821319580078126,2.8808012780500576,0.002613237838984078
4464,16384,1176740,1652418,1807472640,0.32168858498334885,1.9463286979589611,0.3446142370812595,0.3537557373046875,2.9665340540232137,0.004948424399766006
4465,16384,1176259,1653758,1806733824,0.3113073509884998,1.9135196460410953,0.1804508320055902,0.35206808471679685,2.7574421050958335,0.0034884265991935656
4466,16384,1183982,1660945,1818596352,0.31090633606072515,1.94707810098771,0.3428308889269829,0.3499038391113281,2.950804839958437,0.002903440801311308
4467,6172,537336,676807,825348096,0.12010169308632612,0.7803369059693068,0.15866463002748787,0.1522384033203125,1.2114242149982601,0.006816983993246308
4468,16384,1186672,1664232,1822728192,0.30701912997756153,1.9221440190449357,0.3310362659394741,0.33908990478515627,2.899377305060625,0.003034627930075132
4469,16384,1169577,1642625,1796470272,0.26669375505298376,1.8886172380298376,0.3358524879440665,0.35323141479492187,2.8444878000300378,0.0032661137877563603
4470,16384,1176817,1651748,1807590912,0.33600164705421776,1.882461016997695,0.20008851203601807,0.33115682983398437,2.7497869400540367,0.0028705544772180164
4471,16384,1176045,1654283,1806405120,0.31593833898659796,1.8798932079225779,0.32381851004902273,0.3529881591796875,2.8727353579597548,0.003381509598492849
4472,16384,1183574,1660275,1817969664,0.30716367706190795,1.7345266949851066,0.18766293895896524,0.3526402587890625,2.5820810350123793,0.0033873924230423957
4473,6172,538056,677020,826454016,0.1392400780459866,0.8405006800312549,0.0822673219954595,0.15040380859375,1.2124920280184597,0.0066094745496717575
4474,16384,1185299,1663576,1820619264,0.29833317804150283,1.751913656014949,0.2876498569967225,0.3530777587890625,2.69106871902477,0.0035030388435094138
4475,16384,1169486,1643354,1796330496,0.3081091799540445,1.6955866970820352,0.18435047392267734,0.34856103515625,2.536693862057291,0.0034090019129743836
4476,16384,1177224,1651462,1808216064,0.3727911050664261,1.749728591996245,0.28277872991748154,0.343665771484375,2.7490471600322053,0.0030178299188008727
4477,16384,1177022,1654628,1807905792,0.32740506902337074,1.7325532399117947,0.2816021990729496,0.35404034423828123,2.695701324963011,0.0037271457221206327
4478,16384,1183044,1660284,1817155584,0.3087721969932318,1.7122949620243162,0.19120070792268962,0.33903323364257815,2.5514051329810172,0.004077455079812718
4479,6172,538148,677150,826595328,0.13635119190439582,0.8164304260862991,0.08219755999743938,0.1508678741455078,1.1859223420033231,0.006348634055901893
4480,16384,1184975,1664570,1820121600,0.3252955370116979,1.7599594830535352,0.2870945519534871,0.359665283203125,2.732117631006986,0.003761762816293461
4481,16384,1168449,1642234,1794737664,0.31568587699439377,1.6968650879571214,0.2270589229883626,0.3512620849609375,2.590983679983765,0.004311377327941989
4482,16384,1178364,1651589,1809967104,0.4567434509517625,1.7425659140571952,0.20411375700496137,0.35466555786132814,2.758194696973078,0.0038437133516069236
4483,16384,1177044,1655350,1807939584,0.4781819760100916,1.5703328769886866,0.17408983793575317,0.3395513916015625,2.5622445669723675,0.0034533954101885066
4484,16384,1182232,1659234,1815908352,0.36080806504469365,1.4074171390384436,0.1731382180005312,0.3630874328613281,2.304535440984182,0.0036704160708958848
4485,6172,537061,676902,824925696,0.13396832696162164,0.6409010579809546,0.07800360105466098,0.15304588317871093,1.005984216928482,0.006495902364490841
4486,16384,1185464,1664280,1820872704,0.32130805600900203,1.4072346329921857,0.17257699195761234,0.35556539916992186,2.256752528017387,0.0029887144393327355
4487,16384,1168269,1642620,1794461184,0.30261674406938255,1.3856734869768843,0.1709685450186953,0.33562841796875,2.1949536780593917,0.0030289489178749493
4488,16384,1178079,1654017,1809529344,0.29945672501344234,1.3956759690772742,0.1727097089169547,0.3551407165527344,2.223059167037718,0.0034208481015646545
4489,16384,1176689,1656008,1807394304,0.2745821879943833,1.394552846904844,0.17255420808214694,0.3480126037597656,2.189768098993227,0.0030255373670654037
4490,16384,1182934,1661381,1816986624,0.25900628499221057,1.4027240379946306,0.17379356699530035,0.35432144165039064,2.1899138329317793,0.00312803628238989
4491,6172,537653,676580,825835008,0.10266455402597785,0.6415512199746445,0.07932252495083958,0.15472463989257812,0.9783236579969525,0.006206448389157936
4492,16384,1184158,1663468,1818866688,0.2546836690744385,1.4034992050146684,0.17331780400127172,0.3554835815429688,2.187047102022916,0.0028733898556837305
4493,16384,1168519,1641181,1794845184,0.2547471330035478,1.3863804560387507,0.17151848296634853,0.353998291015625,2.1667137370677665,0.0032018093718351186
4494,16384,1178558,1652148,1810265088,0.26339948701206595,1.4016593529377133,0.17301757202949375,0.3519239807128906,2.1900662899715826,0.0030089171145511054
4495,16384,1176224,1655204,1806680064,0.2504291139775887,1.3949182139476761,0.1727092460496351,0.3508216247558594,2.1689482699148357,0.0032306526185235857
4496,16384,1182451,1661011,1816244736,0.24442743498366326,1.4060064050136134,0.17341871303506196,0.35311953735351564,2.1770396820502356,0.0031047511415790525
4497,6172,538404,677348,826988544,0.09809883101843297,0.6435851940186694,0.0790653619915247,0.15013136291503906,0.9709432589588687,0.006437967885948095
4498,16384,1185799,1662705,1821387264,0.27507689502090216,1.4024963600095361,0.17394919891376048,0.3585836181640625,2.210172072984278,0.0029862324668603144
4499,16384,1167326,1640536,1793012736,0.23958870698697865,0.887016391963698,0.17109882400836796,0.35798849487304685,1.6557601699605584,0.004091904715204995
4500,16384,1178178,1652915,1809681408,0.25592898903414607,1.3996871479321271,0.1723853989969939,0.3379068603515625,2.165972696035169,0.0029686302351354327
4501,16384,1176688,1655533,1807392768,0.24128156702499837,1.3999610010068864,0.17182643990963697,0.35104214477539064,2.1641707710223272,0.0027547874785758333
4502,16384,1183057,1660531,1817175552,0.2352878029923886,1.4107612919760868,0.17279488395433873,0.34134423828125,2.1602474990068004,0.002744213464583199
4503,6172,537455,676163,825530880,0.09495102299842983,0.6422648520674556,0.0787165539804846,0.15042697143554687,0.9664189710747451,0.00616405457788984
4504,16384,1185817,1663403,1821414912,0.23422744404524565,1.4108649479458109,0.17308861704077572,0.3557484130859375,2.173998638987541,0.0031838506487558925
4505,16384,1169307,1642590,1796055552,0.2363840480102226,1.396026198985055,0.17081599996890873,0.3505885009765625,2.1538723460398614,0.002674164939177252
4506,16384,1176457,1649895,1807037952,0.250835006008856,1.3993878859328106,0.17183840507641435,0.35546759033203124,2.1775884840171784,0.0027368195370085606
4507,16384,1177726,1657335,1808987136,0.23834281892050058,1.4012428490677848,0.17174603696912527,0.3533162536621094,2.164703949005343,0.002586514698628921
4508,16384,1182550,1660016,1816396800,0.23424760706257075,1.4078510999679565,0.1729406559607014,0.35834002685546873,2.173437508987263,0.002674065406767
4509,6172,538639,676942,827349504,0.0942760199541226,0.6447914630407467,0.07853740791324526,0.1456570281982422,0.9633197810035199,0.0060065098115998335
4510,16384,1183955,1662259,1818554880,0.2335821280721575,1.4051184270065278,0.17296651599463075,0.35822650146484375,2.169953010044992,0.002739114928166901
4511,16384,1168069,1641161,1794153984,0.23216840997338295,1.3891693950863555,0.17091138591058552,0.35180999755859377,2.1441156669752672,0.002634113784969388
4512,16384,1177935,1650670,1809308160,0.25096422992646694,1.4004934299737215,0.1721207849914208,0.3556551208496094,2.179293175926432,0.0027352990351073897
4513,16384,1176791,1655582,1807550976,0.23667451401706785,1.4029152219882235,0.1720482159871608,0.33019573974609373,2.141893272055313,0.002781665993570546
4514,16384,1183018,1660317,1817115648,0.23373833706136793,1.4117433569626883,0.17325333401095122,0.3572667541503906,2.1760590160265565,0.002630160337421294
4515,6172,538473,677249,827094528,0.09334098594263196,0.644255141960457,0.07861256704200059,0.15095429992675782,0.9672229739371687,0.006201162186755399
4516,16384,1187155,1664921,1823470080,0.23265698202885687,1.0302900209790096,0.17338292603380978,0.34124676513671875,1.7776358569972217,0.003328174248611992
4517,16384,1168003,1642269,1794052608,0.2305660789133981,1.3900392320938408,0.17052274197340012,0.35150857543945313,2.1426981179974973,0.002869726579234301
4518,16384,1176439,1651069,1807010304,0.24743387196213007,1.3986861220328137,0.1714950220193714,0.35104925537109377,2.1687225189525634,0.002685800818012341
4519,16384,1175245,1654022,1805176320,0.23564366099890321,1.3982158680446446,0.17145814304240048,0.3545340576171875,2.1599093060940504,0.0026656855800416424
4520,16384,1183818,1661864,1818344448,0.23501210706308484,1.4121793669182807,0.1730634570121765,0.35631240844726564,2.176627133972943,0.0027471187509209797
4521,6172,538653,677486,827371008,0.09055526496376842,0.6442285280209035,0.0788297220133245,0.153153564453125,0.9668362339725718,0.007152661331925259
4522,16384,1185315,1664413,1820643840,0.24258322804234922,1.4161594919860363,0.17424101603683084,0.35843548583984375,2.191483995062299,0.0029556755780412915
4523,16384,1169424,1641947,1796235264,0.2699253299506381,1.3976366410497576,0.17237034090794623,0.3289850769042969,2.1689920380013064,0.0034416534205531403
4524,16384,1179355,1652888,1811489280,0.3136622270103544,1.4123402599943802,0.1755187469534576,0.33878579711914064,2.240375724970363,0.0030661773498386587
4525,16384,1176828,1655664,1807607808,0.31970318709500134,1.4076679189456627,0.17410023999400437,0.33558209228515623,2.237143150996417,0.00401014465938199
4526,16384,1180959,1659596,1813953024,0.331301145022735,1.4018703879555687,0.17392106307670474,0.33664340209960936,2.2438040890265256,0.0030346175158944737
4527,6172,538419,676727,827011584,0.13443169300444424,0.6389256289694458,0.07964423194061965,0.15063807678222657,1.0036963128950447,0.005647345474932666
4528,16384,1185939,1664455,1821602304,0.3201903289882466,1.3970636570593342,0.17362629098352045,0.3425508728027344,2.2334886180469766,0.0025730246698715035
4529,16384,1168579,1641727,1794937344,0.29876103007700294,1.3833379609277472,0.17180090199690312,0.35402157592773437,2.207978226011619,0.0025705453777925104
4530,16384,1179063,1652305,1811040768,0.30316942604258657,1.393166950903833,0.1730373160680756,0.3545683288574219,2.2239994279807433,0.0025812105931458007
4531,16384,1178625,1655562,1810368000,0.27996550197713077,1.3947329960064963,0.1728277379879728,0.35221942138671875,2.1998073689173907,0.002805316499260928
4532,16384,1182681,1659548,1816598016,0.2642741979798302,1.285974630038254,0.17358625901397318,0.3553509826660156,2.079242183943279,0.0026987835106152755
4533,6172,537919,677341,826243584,0.10182213399093598,0.6399940149858594,0.07939045305829495,0.1456697540283203,0.9669427219778299,0.006863479388270565
4534,16384,1186013,1664531,1821715968,0.254939895006828,1.4033861720236018,0.17442505003418773,0.3596341247558594,2.192440567072481,0.0025234550406996606
4535,16384,1169334,1641250,1796097024,0.2513848909875378,1.3882782140281051,0.1719595770118758,0.35105792236328126,2.1627402080921456,0.002755934398528203
4536,16384,1176686,1650233,1807389696,0.2658079379471019,1.395517901983112,0.17302271502558142,0.35328448486328123,2.1876912539592013,0.0026609851833095366
4537,16384,1177603,1656190,1808798208,0.25170080398675054,1.393870456959121,0.17311478103511035,0.35159027099609375,2.1703330469317734,0.002614066757078886
4538,16384,1182517,1659696,1816346112,0.24678795703221112,1.4004638119367883,0.17344997299369425,0.34142001342773437,2.162178943050094,0.0026449087319909974
4539,6172,538633,677215,827340288,0.09721469704527408,0.6426263799658045,0.07944979099556804,0.15342710876464843,0.9727763950359076,0.006005312722504719
4540,16384,1186797,1665871,1822920192,0.2445147450780496,1.4019338339567184,0.17458439199253917,0.35739337158203127,2.1784848331008106,0.0026849161666524985
4541,16384,1167437,1638727,1793183232,0.2410575080430135,1.385711355949752,0.17179217201191932,0.35335394287109373,2.1519727800041437,0.002685960013157902
4542,16384,1176591,1651121,1807243776,0.25705055601429194,1.3932326310314238,0.1727097010007128,0.3549274597167969,2.1779795329784974,0.002717436705701212
4543,16384,1176023,1654763,1806371328,0.24428124795667827,1.3917657800484449,0.17249105300288647,0.35606338500976564,2.164658986032009,0.0026572321370262647
4544,16384,1182757,1659383,1816714752,0.23978895996697247,1.4005819540470839,0.17373398004565388,0.35489605712890626,2.1690627329517156,0.002848316102649519
4545,6172,537817,676679,826086912,0.09592012199573219,0.6397184280212969,0.07931032497435808,0.14549952697753907,0.9605423100292683,0.00977656677498976
4546,16384,1185445,1664750,1820843520,0.23832054005470127,1.4006312049459666,0.17379551904741675,0.3589226989746094,2.171729260007851,0.0027304041184445836
4547,16384,1168775,1641256,1795238400,0.23536076699383557,1.3874486349523067,0.17160749901086092,0.32795391845703126,2.1224310499383137,0.0028378082897402308
4548,16384,1178628,1653487,1810372608,0.25200275401584804,1.3973142430186272,0.17339247092604637,0.35275509643554687,2.175522595993243,0.0026674784845557293
4549,16384,1177328,1655363,1808375808,0.26770846999716014,1.3842852390371263,0.17281528795138001,0.34409771728515626,2.168965162942186,0.002694772251851284
4550,16384,1183383,1660912,1817676288,0.23625605192501098,1.4025062980363145,0.17388374404981732,0.3575404968261719,2.1702433429891244,0.002615013288389687
4551,6172,537289,676045,825275904,0.09412770706694573,0.639086581999436,0.07951809593942016,0.1529622344970703,0.9657536919694394,0.0061167217954670745
4552,16384,1185808,1663408,1821401088,0.23361097509041429,1.4033462388906628,0.17421408905647695,0.35502731323242187,2.1662588469916955,0.0027804028038061752
4553,16384,1168972,1640917,1795540992,0.232575541944243,1.3873820950975642,0.1717508299043402,0.3366101379394531,2.128382680937648,0.0030105512801467662
4554,16384,1179564,1653001,1811810304,0.24996601894963533,1.3961246410617605,0.17349864996504039,0.35476214599609374,2.1744132029125467,0.002839705900142898
4555,16384,1176697,1654300,1807406592,0.23685494100209326,1.3919915339211002,0.17301146208774298,0.3527810974121094,2.1546954929362983,0.0026202548544618036
4556,16384,1182859,1660694,1816871424,0.23905142291914672,1.4076417670585215,0.1733083799481392,0.353420654296875,2.173480778001249,0.002694009496604556
4557,6172,537215,675570,825162240,0.09309036599006504,0.6428456829162315,0.07885632000397891,0.15061184692382812,0.9654661939712241,0.006419503604334178
4558,16384,1185725,1663347,1821273600,0.23212934692855924,1.4096555550349876,0.17370656004641205,0.3544134521484375,2.1699624370085075,0.002650868472658021
4559,16384,1169373,1642925,1796156928,0.23061584495007992,1.3947859880281612,0.1715049600461498,0.3539534912109375,2.1509172469377518,0.0026482981855526252
4560,16384,1177985,1651601,1809384960,0.2489421459613368,1.4028463709400967,0.17287966806907207,0.35659219360351563,2.181316951988265,0.0025935439685807523
4561,16384,1178238,1656630,1809773568,0.2351952870376408,1.4028980529401451,0.17234377609565854,0.35516082763671875,2.1656570580089465,0.0027296241833175746
4562,16384,1181988,1660691,1815533568,0.23166739696171135,1.4109212470939383,0.17303123290184885,0.36712008666992185,2.1827973789768293,0.0026303563474121164
4563,6172,537881,677128,826185216,0.09332220500800759,0.6435437320033088,0.07880411704536527,0.1508256378173828,0.9665642200270668,0.0070898706555029166
4564,16384,1187609,1666045,1824167424,0.23982797702774405,1.4177121289540082,0.17511594202369452,0.3550533447265625,2.187777146929875,0.003096942390161298
4565,16384,1167052,1640451,1792591872,0.26814779301639646,1.2914332710206509,0.17314449499826878,0.35792807006835936,2.0907260340172797,0.00346314688898523
4566,16384,1177406,1650815,1808495616,0.30801925098057836,1.4075383030576631,0.1736587929772213,0.3554952087402344,2.244780384004116,0.003066146198949996
4567,16384,1177526,1654746,1808679936,0.3153928118990734,1.4064074280904606,0.17459942097775638,0.35194403076171876,2.248409145977348,0.002911136011691117
4568,16384,1183642,1661927,1818074112,0.32995972502976656,1.4125300789019093,0.17332189704757184,0.3577955017089844,2.27367734501604,0.0030849728067850082
4569,6172,538357,677245,826916352,0.13402565091382712,0.6413923650979996,0.0787033069645986,0.15043338012695312,1.0046153019648045,0.006032046426891718
4570,16384,1185387,1664821,1820754432,0.3192241470096633,1.405445866053924,0.1735027260147035,0.3407461853027344,2.238978152978234,0.0026453405599419
4571,16384,1167585,1640733,1793410560,0.2969002720201388,1.389238756033592,0.17101911595091224,0.3522421875,2.2094595960807055,0.002682310921990744
4572,16384,1177714,1651883,1808968704,0.30122498399578035,1.401685739052482,0.17235939705278724,0.34075274658203125,2.2160831490764394,0.0027202225414687618
4573,16384,1176442,1655245,1807014912,0.2798988330177963,1.4044126169756055,0.1725808889605105,0.3525703430175781,2.2095316930208355,0.003123333761778386
4574,16384,1183291,1660614,1817534976,0.2639637748943642,1.410700767999515,0.1737948030931875,0.33308599853515625,2.1816026919987053,0.002628685630640117
4575,6172,538560,677400,827228160,0.10246746405027807,0.6461355380015448,0.07899663900025189,0.15133958435058595,0.9790069300215691,0.00691564245689151
4576,16384,1185539,1664586,1820987904,0.25961839396040887,1.4104737089946866,0.17351282003801316,0.3425880126953125,2.18625288491603,0.0027420994168783587
4577,16384,1168661,1642652,1795063296,0.25012861390132457,1.391434642020613,0.1717802140628919,0.33657244873046877,2.1499764029867947,0.0028132528065240247
4578,16384,1177667,1652080,1808896512,0.26596054702531546,1.3995172400027514,0.17294558905996382,0.35311270141601564,2.191597289056517,0.0027930109594675057
4579,16384,1176775,1655014,1807526400,0.2799911010079086,1.4229199059773237,0.1785526800667867,0.3524947509765625,2.234018189017661,0.0026745972514169492
4580,16384,1182455,1662126,1816250880,0.24827114609070122,1.4161472239065915,0.1759660830721259,0.35615155029296874,2.1965937030036002,0.0026267780488508337
4581,6172,537348,675852,825366528,0.09820216707885265,0.6469494079938158,0.0822847809176892,0.14703453063964844,0.9745355000486597,0.006630175981313837
4582,16384,1186762,1665733,1822866432,0.24455922900233418,1.4148477519629523,0.17684358404949307,0.35765341186523436,2.1939627249957994,0.0026777171333002767
4583,16384,1168031,1640525,1794095616,0.2403222379507497,1.3994172640377656,0.17402327107265592,0.34843896484375,2.1622626340249553,0.0028163146824015015
4584,16384,1176774,1651952,1807524864,0.2582653409335762,1.4059407550375909,0.17508015199564397,0.352434814453125,2.191777755971998,0.0025866469311207644
4585,16384,1177690,1654015,1808931840,0.24376194598153234,1.4069549069972709,0.17537215794436634,0.35405096435546873,2.18019820691552,0.002670933160897037
4586,16384,1181940,1660056,1815459840,0.23998088296502829,1.4139248230494559,0.17576021794229746,0.3438243408203125,2.1735501119401306,0.002753429180567608
4587,6172,538174,676866,826635264,0.09634053299669176,0.6459877329180017,0.08013225300237536,0.1539886474609375,0.976508065010421,0.006031556166816302
4588,16384,1186295,1665624,1822149120,0.23913297906983644,1.4145396569510922,0.17611271899659187,0.34510580444335937,2.1749506250489503,0.0027341120936588918
4589,16384,1168972,1642136,1795540992,0.23679070500656962,1.3973275210009888,0.1741658110404387,0.33189285278320313,2.1402342930668965,0.0026821005476977706
4590,16384,1178191,1651804,1809701376,0.2544702170416713,1.4097182110417634,0.17530620889738202,0.35494903564453123,2.1945174239808694,0.003360709498836419
4591,16384,1178133,1655506,1809612288,0.24291067803278565,1.4092025880236179,0.175561461946927,0.34318893432617187,2.170932551031001,0.003173230852595238
4592,16384,1182594,1660894,1816464384,0.23944184894207865,1.4156775480369106,0.17608965106774122,0.35733743286132813,2.188620692002587,0.0033907700315263935
4593,6172,536888,676068,824659968,0.09514142200350761,0.6411398209165782,0.0802645580843091,0.15165525817871095,0.9682597239734605,0.0060587865943564365
4594,16384,1185879,1664288,1821510144,0.23668314795941114,1.4073103789705783,0.17657400097232312,0.3464924621582031,2.167117494973354,0.0026535207699427015
4595,16384,1168075,1642007,1794163200,0.2351569519378245,1.3875085830222815,0.1742893580812961,0.3473619384765625,2.144375597941689,0.0027404911612036
4596,16384,1176935,1650949,1807772160,0.25295369792729616,1.4008759399875998,0.1756505829980597,0.3326479187011719,2.162186622968875,0.0027048245570564507
4597,16384,1176551,1655164,1807182336,0.2401958790142089,1.3972194029483944,0.1756223440170288,0.3534505615234375,2.166558409924619,0.003241196785995554
4598,16384,1183137,1662028,1817298432,0.23624937201384455,1.4060693860519677,0.17632584099192172,0.3509898376464844,2.169691013987176,0.0026076193611432505
4599,6172,537990,677244,826352640,0.09402702399529517,0.6416726598981768,0.08048144809436053,0.15077037048339845,0.9670100020011887,0.006049526875282732
4600,16384,1185867,1664211,1821491712,0.2363081369549036,1.408365005045198,0.17690985195804387,0.35530413818359374,2.1769438240444288,0.0026041968590773267
4601,16384,1168191,1642135,1794341376,0.23418517096433789,1.3906709150178358,0.1743932100944221,0.352229736328125,2.1515371300047264,0.002700283401820577
4602,16384,1178459,1652701,1810113024,0.25112203299067914,1.4027488370193169,0.17598381196148694,0.35442868041992187,2.1843480459647253,0.0029612301684327417
4603,16384,1175942,1654173,1806246912,0.24015812599100173,1.4000841159140691,0.1753486730158329,0.3556487426757812,2.171296272892505,0.0026074422236485404
4604,16384,1182724,1659575,1816664064,0.23584024899173528,1.405057035968639,0.17661214608233422,0.3548001708984375,2.1723691349616274,0.0027404652148305788
4605,6172,538332,677108,826877952,0.09436738293152303,0.6479288690024987,0.08080709108617157,0.14529615783691407,0.9684660859638825,0.006875316311038625
4606,16384,1185435,1663941,1820828160,0.25047008704859763,1.410488566965796,0.17754858802072704,0.35463531494140627,2.1932078020181507,0.002974868207362896
4607,16384,1168436,1643197,1794717696,0.2786536740604788,1.3943382769357413,0.17523579497355968,0.35447341918945313,2.2027669440722093,0.0029861948470563085
4608,16384,1177318,1651816,1808360448,0.3207910740748048,1.4029934629797935,0.17685884900856763,0.35352005004882814,2.2542289490811527,0.0029062251722554297
4609,16384,1177699,1654124,1808945664,0.3305980289587751,1.4030810380354524,0.17684581701178104,0.35581326293945315,2.2664074070053175,0.003055940412198997
4610,16384,1181742,1659648,1815155712,0.34015971003100276,1.4012696619611233,0.1762641699751839,0.3640135498046875,2.281776078045368,0.0030233586036103764
4611,6172,537368,676316,825397248,0.13390231295488775,0.6388854860560969,0.08030974597204477,0.1532557373046875,1.0064114129636437,0.00577603504670903
4612,16384,1186519,1665239,1822493184,0.3179715480655432,1.4035515079740435,0.1770598499570042,0.34886907958984376,2.247510415967554,0.002599782439457425
4613,16384,1168659,1640815,1795060224,0.29694898100569844,1.3857870869105682,0.17418530909344554,0.35132614135742185,2.208306164946407,0.002655726828273662
4614,16384,1176274,1651252,1806756864,0.30000719404779375,1.3643116230377927,0.1750832999823615,0.3487490234375,2.188207739032805,0.0025865244120679516
4615,16384,1177587,1655920,1808773632,0.276491641998291,1.3973034729715437,0.1757112939376384,0.35680938720703126,2.2063759139273316,0.0027247311959834367
4616,16384,1183389,1662096,1817685504,0.26302167400717735,1.409000049927272,0.1766872350126505,0.3532358093261719,2.2020028750412166,0.002638814354124466
4617,6172,538072,677010,826478592,0.10313278308603913,0.6418069559149444,0.08077295508701354,0.15435011291503906,0.980119917076081,0.005826845475729852
4618,16384,1186046,1664071,1821766656,0.25712452200241387,1.4071723059751093,0.17707979900296777,0.3458825378417969,2.187315865070559,0.0025922295529719006
4619,16384,1168646,1640904,1795040256,0.2524988519726321,1.387862525996752,0.1739884939743206,0.3447652587890625,2.1591718539129943,0.0026270803838191145
4620,16384,1178534,1653156,1810228224,0.2677318879868835,1.4005339440191165,0.17584604292642325,0.3549776916503906,2.199148801038973,0.0026935174250691985
4621,16384,1176632,1655350,1807306752,0.2536098400596529,1.3963985049631447,0.1746910560177639,0.3534523010253906,2.178208561032079,0.0026103545429097138
4622,16384,1183508,1661333,1817868288,0.2495100749656558,1.405612108996138,0.1760014119790867,0.356547119140625,2.1877303529763594,0.0027260167037013927
4623,6172,537113,676531,825005568,0.097955152974464,0.6425820919685066,0.08074028510600328,0.14957926940917968,0.97091560496483,0.006056706306476947
4624,16384,1185989,1664028,1821679104,0.24499112903140485,1.4050990489777178,0.17677497898694128,0.35405078125,2.180974606075324,0.0026899822261582133
4625,16384,1169842,1643502,1796877312,0.24224710301496089,1.3909471050137654,0.17419862293172628,0.35177886962890625,2.1592300980119035,0.002704548375762907
4626,16384,1178106,1651893,1809570816,0.25833332201000303,1.4006101620616391,0.1756285548908636,0.3400871276855469,2.1747189089655876,0.0027471282513114375
4627,16384,1176732,1654386,1807460352,0.2463185579981655,1.3984087859280407,0.17541711300145835,0.35235726928710936,2.1725628420244902,0.002813074426845004
4628,16384,1183699,1660894,1818161664,0.24164246290456504,1.404915847000666,0.17622963804751635,0.34918057250976564,2.1720279729925096,0.002737189885953859
4629,6172,537971,676789,826323456,0.0961609740043059,0.641889062942937,0.08061554201412946,0.15407296752929686,0.9727968249935657,0.005990819603754295
4630,16384,1185051,1664913,1820238336,0.23933159396983683,1.3566787539748475,0.17658740805927664,0.33702960205078125,2.10968520201277,0.0027418288744071586
4631,16384,1168378,1642349,1794628608,0.23711982392705977,1.386502549983561,0.17417903000023216,0.34989251708984376,2.147751406999305,0.0026765666836793493
4632,16384,1177484,1651762,1808615424,0.2545951600186527,1.4001365499570966,0.1772845539962873,0.3503717041015625,2.1824504589894786,0.002863337200729229
4633,16384,1177040,1655361,1807933440,0.24120348994620144,1.396966633037664,0.17547984095290303,0.3554571228027344,2.169165911967866,0.002711882389380007
4634,16384,1183804,1661604,1818322944,0.23844999098218977,1.4088088049320504,0.17650854401290417,0.354606689453125,2.1784338939469308,0.002748055234887994
4635,6172,538179,676556,826642944,0.0950024570338428,0.6411574200028554,0.0805895000230521,0.1520025634765625,0.9688112400472164,0.006120852902240824
4636,16384,1185703,1664069,1821239808,0.23719831102062017,1.4052119969855994,0.1765237080398947,0.3555407409667969,2.1745331609854475,0.0026858165966049292
4637,16384,1167236,1639702,1792874496,0.2346392449690029,1.386175574036315,0.1738590500317514,0.3576802673339844,2.1524127679876983,0.0027239950216077
4638,16384,1177520,1652125,1808670720,0.2520676259882748,1.398663370986469,0.17642191506456584,0.35446734619140624,2.18167707498651,0.002604269735670841
4639,16384,1176154,1653451,1806572544,0.2395784199470654,1.3949737419607118,0.17532550008036196,0.35055081176757813,2.1604860349325463,0.0026642697938464945
4640,16384,1183715,1661406,1818186240,0.23634365398902446,1.4072925919899717,0.17638253897894174,0.355600341796875,2.1756766670150682,0.0026447064091612484
4641,6172,537557,676643,825687552,0.09420099097769707,0.6414946300210431,0.08059676690027118,0.14514256286621094,0.9614954079734161,0.006287831194247454
4642,16384,1185833,1665802,1821439488,0.23451643693260849,1.4052198500139639,0.1768125620437786,0.35580108642578123,2.1724088789196685,0.002713278522669919
4643,16384,1169379,1641405,1796166144,0.2326605279231444,1.3875802980037406,0.17429896700195968,0.3357126770019531,2.1303110340377316,0.002749087151969638
4644,16384,1178367,1652736,1809971712,0.25197086692787707,1.3992495930287987,0.1762769300257787,0.3420285339355469,2.1695858569582924,0.002762418463359868
4645,16384,1176006,1653981,1806345216,0.2386188249802217,1.396537482040003,0.17534691200125962,0.35606961059570313,2.1666343830293044,0.0028409690439347955
4646,16384,1183392,1660481,1817690112,0.2352976700058207,1.3650662979343906,0.176347095053643,0.3575625915527344,2.13432789593935,0.0025413804909981473
4647,6172,537684,677217,825882624,0.09383213694673032,0.6443661659723148,0.08179562201257795,0.1509208984375,0.9709821779979393,0.006936752325889108
4648,16384,1183841,1662804,1818379776,0.24986777605954558,1.41101888299454,0.17743144696578383,0.3580135498046875,2.19639506097883,0.002886782774154728
4649,16384,1168851,1641827,1795355136,0.27709337999112904,1.39313724800013,0.1763806720264256,0.34249594116210935,2.1891705610323697,0.0028924129395199068
4650,16384,1176715,1651423,1807434240,0.3181500610662624,1.4011843049665913,0.17873250204138458,0.3408365173339844,2.23896818398498,0.002894126733051639
4651,16384,1175888,1655988,1806163968,0.32479468709789217,1.4004371099872515,0.175890579004772,0.34026776123046876,2.2414535160642117,0.002827573419350814
4652,16384,1182126,1660535,1815745536,0.3374830820830539,1.4034605589695275,0.17602820496540517,0.3621417541503906,2.279182941070758,0.003042357905166193
4653,6172,538238,677097,826733568,0.13436419900972396,0.6392704740865156,0.08059838693588972,0.15399798583984375,1.0082928290357813,0.006127502053884508
4654,16384,1186070,1664990,1821803520,0.31875289999879897,1.4008267379831523,0.17663200199604034,0.3376245727539062,2.2338915270520374,0.0024761417226190794
4655,16384,1168432,1642360,1794711552,0.29885560006368905,1.3852273999946192,0.17438705498352647,0.35196432495117186,2.2104923960287124,0.002624575221791994
4656,16384,1177072,1651563,1807982592,0.3020040560513735,1.398268932942301,0.17546102195046842,0.35579293823242186,2.231583604007028,0.0025387724825427
4657,16384,1176405,1655850,1806958080,0.278836163925007,1.3985939479898661,0.17537122999783605,0.3513520812988281,2.204211539006792,0.002636579757722274
4658,16384,1182908,1661150,1816946688,0.2651787599315867,1.4045509559800848,0.17598871001973748,0.34588552856445315,2.191660715965554,0.002589883976043119
4659,6172,538465,676712,827082240,0.10275628697127104,0.6435896450420842,0.08110895100980997,0.1510127410888672,0.9785245739622042,0.005819971382138673
4660,16384,1187241,1666327,1823602176,0.2570068099303171,1.4074380090460181,0.1769409440457821,0.3588591613769531,2.2003035380039364,0.0026638872252741637
4661,16384,1169447,1642939,1796270592,0.2520998999243602,1.3867005250649527,0.1743833200307563,0.3511674499511719,2.164407406002283,0.002597063329499311
4662,16384,1176938,1650526,1807776768,0.26666308392304927,1.3991595649858937,0.17548038298264146,0.346777587890625,2.188152320915833,0.0032767889574409695
4663,16384,1177101,1654257,1808027136,0.2529247379861772,1.398685917025432,0.1752158630406484,0.3545137939453125,2.1813977459678426,0.0026328976629201484
4664,16384,1183364,1661783,1817647104,0.24727097805589437,1.404476394993253,0.17633319494780153,0.33861614990234373,2.1667584009701386,0.0028467904321097795
4665,6172,537824,676405,826097664,0.09828528203070164,0.6421352360630408,0.08113712398335338,0.1506504364013672,0.9722664480796084,0.006003457309531576
4666,16384,1186709,1665377,1822785024,0.24556703201960772,1.4078746049199253,0.17636865307576954,0.35086053466796874,2.1807308580027893,0.0027528990704146663
4667,16384,1167905,1641321,1793902080,0.24195969104766846,1.3854664110112935,0.17393093393184245,0.348410888671875,2.149826590088196,0.002728844539697175
4668,16384,1178679,1651288,1810450944,0.2579156269785017,1.3994291480630636,0.17588587698992342,0.35362139892578126,2.1869134639855474,0.002808205687550331
4669,16384,1176280,1654527,1806766080,0.24514688190538436,1.3992958629969507,0.17526792804710567,0.33061532592773435,2.1503877938957885,0.0028736685907847885
4670,16384,1182774,1660481,1816740864,0.24081277195364237,1.4046051179757342,0.17633728706277907,0.35307904052734373,2.174893904943019,0.002744383226420326
4671,6172,538496,677780,827129856,0.09662297798786312,0.6432975999778137,0.08064243698026985,0.15033247375488282,0.9709534629946575,0.0059708622542245
4672,16384,1185278,1663685,1820587008,0.24019316700287163,1.4044240940129384,0.1776230960385874,0.352714599609375,2.1750124279642478,0.002642343544163398
4673,16384,1167603,1639740,1793438208,0.23742628004401922,1.3856400039512664,0.17392648209352046,0.35314651489257814,2.150203896104358,0.0030050695699613043
4674,16384,1178729,1651611,1810527744,0.25490305991843343,1.3994148110505193,0.17544158396776766,0.35133999633789065,2.1811616349732503,0.00285094408603781
4675,16384,1177599,1655240,1808792064,0.24243140104226768,1.3974318989785388,0.17556112096644938,0.3542822265625,2.1697663189843297,0.0027501318483874135
4676,16384,1183183,1660561,1817369088,0.2389849709579721,1.403987672063522,0.17653894692193717,0.3514235534667969,2.17099364195019,0.00269455141790844
4677,6172,537716,675785,825931776,0.09551822498906404,0.6412984300404787,0.08060374902561307,0.14984483337402343,0.9673259480623528,0.006276129912073354
4678,16384,1186833,1665380,1822975488,0.23735134198796004,1.4072552530560642,0.17699156794697046,0.35636013793945315,2.1780182790244,0.002753792037903758
4679,16384,1168676,1641321,1795086336,0.23523612297140062,1.3602069990010932,0.17396948602981865,0.34954461669921877,2.11901424289681,0.0026907886754497655
4680,16384,1177988,1652095,1809389568,0.2512818929972127,1.4002371500246227,0.17567493207752705,0.3321968994140625,2.1594505320535973,0.0027626259220491995
4681,16384,1176741,1654706,1807474176,0.24008498201146722,1.3991493280045688,0.17581751698162407,0.35497247314453123,2.1700811539776623,0.002619894438824949
4682,16384,1181593,1658650,1814926848,0.23650323296897113,1.4045975269982591,0.17600167402997613,0.36088818359375,2.178048901958391,0.0026759898449569223
4683,6172,537872,676486,826171392,0.09413615392986685,0.64099512307439,0.08068236790131778,0.15232173156738282,0.9681957999709994,0.006240834554717862
4684,16384,1185632,1663946,1821130752,0.23450635699555278,1.4064143230207264,0.17671151889953762,0.3549857177734375,2.172676619957201,0.0027018870368207175
4685,16384,1168464,1642155,1794760704,0.23300683998968452,1.3932471460429952,0.17435707699041814,0.350602783203125,2.1512846470577642,0.003291095468857253
4686,16384,1176367,1651150,1806899712,0.2499495759839192,1.4047496020793915,0.1751138319959864,0.3572369384765625,2.187110670027323,0.0027763337400138395
4687,16384,1177111,1654335,1808042496,0.2368623010115698,1.4065502830781043,0.17505178391002119,0.3516678466796875,2.1701930509880185,0.002803267138281952
4688,16384,1182486,1661284,1816298496,0.23562140995636582,1.410414932994172,0.17617570096626878,0.3533122863769531,2.1755868339678273,0.0028729569921866595
4689,6172,538068,676751,826472448,0.0934899429557845,0.6452341319527477,0.08129971206653863,0.1534940185546875,0.9735852929297835,0.00693184259409557
4690,16384,1186039,1663816,1821755904,0.24607042607385665,1.4207416269928217,0.17820932902395725,0.34106390380859375,2.186168412095867,0.0038023693041080464
4691,16384,1167881,1640583,1793865216,0.2790717500029132,1.3970919069834054,0.17522356309928,0.3487374572753906,2.2001953970175236,0.003214244363488959
4692,16384,1177641,1651216,1808856576,0.3152251100400463,1.4076884459936991,0.17616183299105614,0.35105783081054687,2.2502023860579357,0.00307377785285772
4693,16384,1177784,1656763,1809076224,0.32379639300052077,1.4129767110571265,0.17644602991640568,0.3306483459472656,2.24393247498665,0.0028964804447565553
4694,16384,1182739,1658933,1816687104,0.3394762759562582,1.4095173040404916,0.17608110490255058,0.35431747436523436,2.2794638669583946,0.003145814017916225
4695,6172,537333,675725,825343488,0.13435639603994787,0.5429077800363302,0.08152850600890815,0.15091944885253905,0.9097766990307719,0.007097136375920044
4696,16384,1185948,1665187,1821616128,0.31884407496545464,1.4100212269695476,0.17693316005170345,0.359103271484375,2.2649700479814783,0.00301613305916966
4697,16384,1167919,1640516,1793923584,0.2999853380024433,1.3879841360030696,0.17384249402675778,0.3534011535644531,2.2152767670340836,0.002873024188536885
4698,16384,1177675,1652565,1808908800,0.30134827899746597,1.4013288730056956,0.1753371680388227,0.35236676025390623,2.2304381190333515,0.0025572884974693873
4699,16384,1176572,1655047,1807214592,0.2769394679926336,1.4048119080252945,0.1751691569807008,0.3548510437011719,2.2118330480298027,0.002779202980828009
4700,16384,1184049,1662123,1818699264,0.2627707590581849,1.4113876119954512,0.17642875493038446,0.35490570068359373,2.2055561700835824,0.002871992870878949
4701,6172,537648,676452,825827328,0.1031278750160709,0.6433280259370804,0.08036040305159986,0.1526336669921875,0.979512182995677,0.0063513246510199925
4702,16384,1185631,1663904,1821129216,0.25682621204759926,1.411523542017676,0.1759342069271952,0.35031631469726565,2.194663937087171,0.0029007355686090073
4703,16384,1168772,1641710,1795233792,0.25160482595674694,1.3956587080610916,0.17485288297757506,0.3544053955078125,2.1765820540022105,0.002767710910486702
4704,16384,1177625,1651103,1808832000,0.2675929950783029,1.4036767849465832,0.1751963560236618,0.33745819091796875,2.1839818509761244,0.002633905111526857
4705,16384,1176688,1654295,1807392768,0.2521789309103042,1.4063076050952077,0.17632918991148472,0.3563914794921875,2.1912995589664206,0.004214556465293061
4706,16384,1183186,1661832,1817373696,0.2479108169209212,1.4092840870143846,0.17631243309006095,0.3548787841796875,2.1884479849832132,0.002826833380704753
4707,6172,537504,676487,825606144,0.09833468205761164,0.6446467390051112,0.08030264591798186,0.15498524475097655,0.9783337640110403,0.006587964325681008
4708,16384,1186646,1666637,1822688256,0.24482608202379197,1.4128132349578664,0.17665565002243966,0.3589593200683594,2.19332438101992,0.0031957857245957493
4709,16384,1168271,1642067,1794464256,0.24286939401645213,1.3915015469538048,0.17384761909488589,0.35275997924804686,2.161037556012161,0.0027309427736301674
4710,16384,1177342,1650434,1808397312,0.2579306160332635,1.4038089340319857,0.17556097195483744,0.33214376831054687,2.169501992990263,0.0026597191344170795
4711,16384,1176465,1653740,1807050240,0.24541938898619264,1.3048953280085698,0.1748351010028273,0.35268704223632813,2.077902010991238,0.003135410475351793
4712,16384,1183704,1661455,1818169344,0.24132015299983323,1.4125149380415678,0.17743980197701603,0.35687588500976564,2.1882141469977796,0.002895921758113292
4713,6172,537398,675913,825443328,0.09630297892726958,0.6429710810771212,0.08044752199202776,0.1500888671875,0.9698688270291314,0.00601914852667324
4714,16384,1185900,1663994,1821542400,0.24134385189972818,1.411723377997987,0.17637228209059685,0.35570489501953123,2.185215052915737,0.003232904139095533
4715,16384,1168016,1640713,1794072576,0.23757981800008565,1.3927595409331843,0.17402530706021935,0.3516331481933594,2.1560605670092627,0.002910531520968164
4716,16384,1177391,1652334,1808472576,0.2535830879351124,1.4063569749705493,0.17511317308526486,0.3422723388671875,2.1773916479432955,0.0030345062287610324
4717,16384,1175713,1654190,1805895168,0.24269447498954833,1.4035319909453392,0.17526116606313735,0.3510610656738281,2.1726182509446517,0.003201357291752466
4718,16384,1182291,1661403,1815998976,0.26446862798184156,1.4092062680283561,0.1761562239844352,0.3550078735351562,2.204904621001333,0.0029764313122085323
4719,6172,537758,676342,825996288,0.0935760309221223,0.6438611620105803,0.07993308105506003,0.15152169799804688,0.9689566649030894,0.006676554238502585
4720,16384,1185592,1664229,1821069312,0.2397891259752214,1.410271481028758,0.1763247570488602,0.35694097900390626,2.183400173089467,0.003381424698558285
4721,16384,1167065,1640442,1792611840,0.24111238797195256,1.3977025219937786,0.17649483401328325,0.35864547729492186,2.174019686994143,0.0029652776647848844
4722,16384,1177792,1651040,1809088512,0.2520472549367696,1.4130226650740951,0.17821345990523696,0.3522002563476562,2.195550173986703,0.0030305717324765774
4723,16384,1176013,1655336,1806355968,0.24031750997528434,1.4084614510647953,0.17646888294257224,0.3518382568359375,2.1771558810723945,0.003205110594610661
4724,16384,1182507,1660846,1816330752,0.23518970201257616,1.4127622140804306,0.17608297092374414,0.33275567626953123,2.1568515920080245,0.0028295280940302883
4725,6172,536797,675654,824520192,0.09413787198718637,0.6443712550681084,0.08096705295611173,0.15213119506835937,0.9716666790191084,0.006103321295567137
4726,16384,1185341,1664046,1820683776,0.23446639196481556,1.413759173010476,0.17675373097881675,0.35436083984375,2.1794122270075604,0.0033078280835972082
4727,16384,1169032,1641877,1795633152,0.24513504595961422,1.3947998220100999,0.17393224395345896,0.3479962158203125,2.161923061008565,0.0027629690508833055
4728,16384,1177630,1651308,1808839680,0.24854856403544545,1.2756349119590595,0.17896672198548913,0.34675506591796873,2.0499659100314602,0.002958397171413993
4729,16384,1176266,1653678,1806744576,0.2429889279883355,1.4072189879370853,0.1752344979904592,0.33257135009765626,2.158083830960095,0.003246720333721324
4730,16384,1182291,1660564,1815998976,0.23411977605428547,1.4102154199499637,0.17643850203603506,0.35334912109375,2.1741811760002747,0.0026840847894759145
4731,6172,537971,676434,826323456,0.09420484909787774,0.6477711009792984,0.08033959800377488,0.153893798828125,0.976275090011768,0.006734075606828816
4732,16384,1185214,1663524,1820488704,0.2523934680502862,1.4159271760145202,0.17726238491013646,0.35635791015625,2.202007004059851,0.0030002142834489173
4733,16384,1168403,1640691,1794667008,0.27911433298140764,1.397717645042576,0.17538368899840862,0.3489268493652344,2.20121059298981,0.003092689195674673
4734,16384,1178692,1653434,1810470912,0.3184759799623862,1.4107476560166106,0.1764406260335818,0.33091632080078126,2.236648094956763,0.003018451742833784
4735,16384,1176320,1654331,1806827520,0.32940846495330334,1.4079523619730026,0.17603207507636398,0.3358233642578125,2.2493040759582072,0.0039038606946742663
4736,16384,1181879,1660012,1815366144,0.34547088493127376,1.405103791039437,0.17602506501134485,0.36562332153320315,2.2922950559295714,0.003140669615218815
4737,6172,537402,676303,825449472,0.1334287179633975,0.6410254230722785,0.08026591991074383,0.1502929229736328,1.005071379011497,0.005810044208180859
4738,16384,1186725,1665243,1822809600,0.3162663310067728,1.4089713300345466,0.17665290599688888,0.35838034057617185,2.2603277530288324,0.0025149191030319888
4739,16384,1167243,1639650,1792885248,0.2941732669714838,1.3882139560300857,0.1736871839966625,0.3549405212402344,2.211078732041642,0.002885641395346652
4740,16384,1176363,1650710,1806893568,0.2988569199806079,1.401154441991821,0.17524980602320284,0.35308731079101563,2.228413372999057,0.002912126322533426
4741,16384,1177074,1654728,1807985664,0.2754925850313157,1.4050279039656743,0.17490962205920368,0.34211480712890624,2.197615931974724,0.0032314012922179803
4742,16384,1182228,1659327,1815902208,0.269755139015615,1.4074035399826244,0.17578421696089208,0.3603407897949219,2.213345773052424,0.002805133256940621
4743,6172,538095,676635,826513920,0.10320409701671451,0.6442418990191072,0.08039721695240587,0.15100035095214845,0.978899326059036,0.0056964099550837295
4744,16384,1187383,1665872,1823820288,0.2573905960889533,1.3235425709281117,0.17642690404318273,0.3432627258300781,2.10068042203784,0.002743165829016096
4745,16384,1167174,1640064,1792779264,0.24993278493639082,1.394527638098225,0.1739076959202066,0.3587043762207031,2.177135506994091,0.002894253406054845
4746,16384,1176361,1650889,1806890496,0.26480850495863706,1.405018810997717,0.17522888898383826,0.353379150390625,2.1984966199379414,0.0027866591455385486
4747,16384,1176844,1656238,1807632384,0.25234505895059556,1.4052490569883958,0.17509994399733841,0.3563220520019531,2.1890748949954286,0.002685292188051363
4748,16384,1183787,1661927,1818296832,0.24749225401319563,1.4140907949768007,0.1762830689549446,0.354096923828125,2.1920237339800224,0.002768775082849763
4749,6172,538429,676927,827026944,0.09844275703653693,0.6448296789312735,0.08062221005093306,0.15379959106445312,0.9777536919573322,0.0060807619162736
4750,16384,1185405,1663672,1820782080,0.2449468729319051,1.4092449210584164,0.1765486989170313,0.33836233520507814,2.1691614489536732,0.002702465566627414
4751,16384,1168805,1641503,1795284480,0.24293674295768142,1.3968628330621868,0.17443617794197053,0.34915283203125,2.1634509769501165,0.0028838627587198435
4752,16384,1176856,1650948,1807650816,0.25614825705997646,1.4032371739158407,0.17598689708393067,0.33205548095703125,2.167488934006542,0.0028200831295634335
4753,16384,1177608,1655052,1808805888,0.24529840506147593,1.4065744519466534,0.17524011305067688,0.35286376953125,2.180038882070221,0.002850521643254912
4754,16384,1181571,1659701,1814893056,0.24089062900748104,1.411082879989408,0.1759345349855721,0.3405546569824219,2.1685216849436983,0.0027200087149214496
4755,6172,538489,677254,827119104,0.09590184199623764,0.644358511082828,0.08054321294184774,0.15065228271484374,0.9715138780884445,0.005973085304912176
4756,16384,1185634,1664624,1821133824,0.23850064899306744,1.4089126701001078,0.17657774093095213,0.35429983520507813,2.178362531005405,0.0032885148904178946
4757,16384,1167194,1639699,1792809984,0.23724253091495484,1.3928035710705444,0.17328202398493886,0.3544492797851562,2.1578386349137872,0.002837522565509215
4758,16384,1177760,1652348,1809039360,0.2524706650292501,1.403453739010729,0.17554947989992797,0.3535762329101563,2.185113727930002,0.0029111107181974765
4759,16384,1178546,1656253,1810246656,0.24140248901676387,1.4054193870397285,0.1752785579301417,0.3316601257324219,2.153819849016145,0.002752750984064126
4760,16384,1183309,1661512,1817562624,0.23749696696177125,1.3408321239985526,0.17621728696394712,0.3482849731445313,2.1028895649360493,0.002768279809734419
4761,6172,537382,676395,825418752,0.09543608105741441,0.64315259992145,0.08039497898425907,0.15438009643554687,0.9734218410449103,0.0059670580411015145
4762,16384,1185205,1664412,1820474880,0.23657163209281862,1.4104120249394327,0.17620975605677813,0.35234344482421875,2.1755977490684018,0.0027988241475104176
4763,16384,1168484,1641456,1794791424,0.23433471994940192,1.3949674360919744,0.17399805295281112,0.35015426635742186,2.1535247890278697,0.0032650507028654466
4764,16384,1176246,1651138,1806713856,0.25759998604189605,1.4021484380355105,0.17530757503118366,0.3504026794433594,2.185522479005158,0.0029192311596616814
4765,16384,1175777,1653691,1805993472,0.23877667891792953,1.4012737130979076,0.17476689000613987,0.35263211059570315,2.167514303000644,0.002994692255266106
4766,16384,1182017,1659527,1815578112,0.23468543600756675,1.4113528979942203,0.1762021459871903,0.3621469421386719,2.1844582660123706,0.003243087122490563
4767,6172,537586,676514,825732096,0.09481581998988986,0.6433386929566041,0.08033524395432323,0.15164691162109376,0.9701947269495577,0.005984203586559163
4768,16384,1186270,1664106,1822110720,0.23411604692228138,1.4115045269718394,0.1764316470362246,0.33605035400390626,2.1581646299455315,0.0028753604066491614
4769,16384,1169538,1641916,1796410368,0.23492402292322367,1.3956311109941453,0.17417701403610408,0.34934869384765627,2.1541374470107257,0.0026277436323779916
4770,16384,1177911,1651682,1809271296,0.24919192399829626,1.4067576109664515,0.17547126999124885,0.35138473510742185,2.1828653450356796,0.0027397462879289085
4771,16384,1176073,1653736,1806448128,0.23862979700788856,1.4018365109805018,0.175214814953506,0.35414471435546874,2.169887096970342,0.0028231732914823144
4772,16384,1181845,1659928,1815313920,0.23469688498880714,1.4105215839808807,0.1753346649929881,0.36243423461914065,2.183068461017683,0.00371460800770918
4773,6172,537414,675728,825467904,0.10043195995967835,0.6465717860264704,0.08150439593009651,0.1529739532470703,0.9815453899791464,0.006448485875140129
4774,16384,1184627,1662831,1819587072,0.2613610359840095,1.412973601021804,0.17878564004786313,0.35514862060546876,2.208337579970248,0.0031101364087565415
4775,16384,1168162,1641024,1794296832,0.28831186098977923,1.3982977679697797,0.1747320060385391,0.3378547058105469,2.199264868046157,0.003115915618337075
4776,16384,1177426,1651681,1808526336,0.32765986304730177,1.4092462409753352,0.17660839506424963,0.35627777099609376,2.2698749230476096,0.0036413003989849858
4777,16384,1176196,1654726,1806637056,0.3323840049561113,1.4065814930945635,0.17601472488604486,0.3503321838378906,2.265379674034193,0.002969359191925587
4778,16384,1182626,1660392,1816513536,0.3435484819347039,1.408416913007386,0.1759952160064131,0.35611093139648436,2.284137774957344,0.002899676765672513
4779,6172,538060,677725,826460160,0.1338944190647453,0.6438264360185713,0.08042448596097529,0.15540333557128908,1.0136079360963777,0.005846390767704469
4780,16384,1185415,1663277,1820797440,0.3086737879784778,1.407972066081129,0.17599044495727867,0.3552184753417969,2.2479212960461155,0.0029592534022502247
4781,16384,1168556,1642618,1794902016,0.29072175605688244,1.3904170169262215,0.1737244580872357,0.3509834289550781,2.2059051600517705,0.0026519737753144504
4782,16384,1176586,1650504,1807236096,0.29423251491971314,1.4033056161133572,0.17524535197298974,0.3530705261230469,2.2259145019343123,0.00271766077054931
4783,16384,1177214,1656844,1808200704,0.2724660719977692,1.402691396069713,0.17542501096613705,0.3530325927734375,2.203676545061171,0.0027895770026676856
4784,16384,1182879,1661528,1816902144,0.2592191359726712,1.4103089770069346,0.1758062920998782,0.344564208984375,2.189956653979607,0.0026502769195309458
4785,6172,538334,676598,826881024,0.10331003100145608,0.6481500070076436,0.08007433591410518,0.15230787658691405,0.9839030569419265,0.006180124289541978
4786,16384,1185735,1664063,1821288960,0.25543444498907775,1.410013898042962,0.17643292993307114,0.35386376953125,2.1958053529961035,0.0027466232223390553
4787,16384,1167817,1640026,1793766912,0.2506349330069497,1.3916011999826878,0.17318813409656286,0.3539822998046875,2.1694631000282243,0.0026058584419158255
4788,16384,1178008,1652329,1809420288,0.2664291240507737,1.4085555700585246,0.17566536599770188,0.34894482421875,2.199655379052274,0.0027501911026517646
4789,16384,1176992,1654567,1807859712,0.2514282880583778,1.4021531880134717,0.17522129497956485,0.33777069091796874,2.1666351460153237,0.002846997384578943
4790,16384,1182120,1661302,1815736320,0.24670109699945897,1.4093322579283267,0.17575776006560773,0.3620664367675781,2.193914112984203,0.002578096512371749
4791,6172,537239,675576,825199104,0.09821433399338275,0.6451445870334283,0.08030708401929587,0.14965498352050782,0.9733929079957306,0.007388530214789768
4792,16384,1185279,1663451,1820588544,0.24432876706123352,1.4102644299855456,0.1765058379387483,0.3592939758300781,2.190455817966722,0.002867309653143135
4793,16384,1170206,1642768,1797436416,0.2632988510886207,1.2991547709098086,0.17421883007045835,0.35275973510742187,2.0894970709923655,0.003105236037739231
4794,16384,1175225,1648939,1805145600,0.25656230200547725,1.4071481610881165,0.17505790397990495,0.351197021484375,2.1900371470255777,0.0032765867830766254
4795,16384,1176089,1655855,1806472704,0.2478498260024935,1.4048954739701003,0.17729536502156407,0.3496197509765625,2.1797195320250466,0.0027120945359186306
4796,16384,1183007,1660598,1817098752,0.24168877897318453,1.412916686036624,0.1765740739647299,0.33344363403320315,2.1646819360321388,0.002714626265363736
4797,6172,536838,675280,824583168,0.09589902893640101,0.6442880850518122,0.0799808669835329,0.15255526733398436,0.9727811689954251,0.005954133523614777
4798,16384,1185833,1664434,1821439488,0.23920226306654513,1.4148800419643521,0.17807384999468923,0.3540181579589844,2.1862391020404175,0.0029634935989405727
4799,16384,1169524,1641503,1796388864,0.23745973000768572,1.3965897359885275,0.1747284580487758,0.34947796630859373,2.158315123990178,0.002744438749319648
4800,16384,1177993,1651790,1809397248,0.2543898639269173,1.4066383549943566,0.1764234930742532,0.3495909118652344,2.1871188969817013,0.003487378808937492
4801,16384,1176878,1654678,1807684608,0.2529610269702971,1.4078354559605941,0.17625132598914206,0.35319110107421875,2.1902997150318697,0.0027761058087415976
4802,16384,1183158,1660525,1817330688,0.23811822198331356,1.4162638649577275,0.1782070390181616,0.35588955688476565,2.1885410150280222,0.0028481158738086483
4803,6172,537983,676876,826341888,0.09510037302970886,0.6474662340478972,0.0807386429514736,0.15018229675292968,0.9735469350125641,0.006100191826290233
4804,16384,1186500,1666107,1822464000,0.2371417690301314,1.417462205979973,0.17833695304580033,0.35893499755859376,2.191937413997948,0.0028052070764931028
4805,16384,1170248,1643393,1797500928,0.23492537601850927,1.4000034380005673,0.17741144995670766,0.3486487426757813,2.161051086965017,0.002872690693252379
4806,16384,1178810,1651537,1810652160,0.2517828840063885,1.4089210850652307,0.1763990509789437,0.354641357421875,2.1918051230022684,0.0027714840700370546
4807,16384,1176082,1654363,1806461952,0.23986370605416596,1.4099813179345801,0.17618886299896985,0.3363345031738281,2.1624283380806446,0.002772249976781443
4808,16384,1183155,1662010,1817326080,0.2356283359695226,1.4148886209586635,0.17663389001972973,0.3457784729003906,2.1729880659841,0.0027034725460907284
4809,6172,537387,675886,825426432,0.09444900695234537,0.5175084540387616,0.08022841403726488,0.15151724243164064,0.8437617659801617,0.006950838792881545
4810,16384,1186338,1664550,1822215168,0.2347748129395768,1.4127814630046487,0.1769230590434745,0.34052774047851564,2.16506937390659,0.0028774339115984183
4811,16384,1168427,1641570,1794703872,0.23343759193085134,1.3979921221034601,0.17414953699335456,0.34983685302734374,2.1554783650208265,0.002888498758656712
4812,16384,1178391,1651407,1810008576,0.24899616895709187,1.4093960089376196,0.17762254003901035,0.33301519775390626,2.1690875199856237,0.002655692657159304
4813,16384,1177262,1655615,1808274432,0.23773316899314523,1.411219389992766,0.17561535304412246,0.3508866271972656,2.175515310955234,0.0027934405990326294
4814,16384,1183303,1660444,1817553408,0.23451623995788395,1.416354021988809,0.17868565896060318,0.3327145080566406,2.162337402929552,0.0030972948774984077
4815,6172,537917,677085,826240512,0.10125527693890035,0.6451879730448127,0.08175733604002744,0.15083212280273436,0.9790972089394927,0.006587712887845261
4816,16384,1185375,1664024,1820736000,0.2746991980820894,1.421906906994991,0.17875389999244362,0.3569752502441406,2.2324237700086087,0.003964959347459505
4817,16384,1166844,1641194,1792272384,0.296739341923967,1.3977371620712802,0.17477447597775608,0.35542822265625,2.2247502609388903,0.0031939903945371753
4818,16384,1177267,1650885,1808282112,0.33210591808892787,1.4108209579717368,0.17699985194485635,0.34001181030273436,2.260011970065534,0.0032491755907239103
4819,16384,1177265,1655423,1808279040,0.334623152972199,1.4152093209559098,0.1768413910176605,0.35381011962890624,2.280571170966141,0.003823006822830611
4820,16384,1182032,1660248,1815601152,0.33822197595145553,1.4077010840410367,0.17681397998239845,0.3602113647460938,2.283018828020431,0.0030846569718254663
4821,6172,538349,677246,826904064,0.12813825905323029,0.6456882919883355,0.08118038601242006,0.15379434204101564,1.008860199013725,0.005840246129335973
4822,16384,1185678,1663649,1821201408,0.30480366200208664,1.4120521560544148,0.17648152296897024,0.35552578735351564,2.248935822979547,0.003232399956316914
4823,16384,1168426,1641412,1794702336,0.29333471797872335,1.3910534139722586,0.17434890300501138,0.3382452697753906,2.197042390005663,0.0027348254431716987
4824,16384,1178042,1650927,1809472512,0.2920978720067069,1.4091781600145623,0.1755971210077405,0.35575701904296875,2.232696908991784,0.00298907207408002
4825,16384,1176081,1653838,1806460416,0.2920256210491061,1.3742823320208117,0.1745506679872051,0.3361739807128906,2.177103011053987,0.0032340814199373624
4826,16384,1182552,1659620,1816399872,0.2600710049737245,1.410365886054933,0.17596265499014407,0.3564659729003906,2.2029276150278747,0.0028187993222731785
4827,6172,538343,677151,826894848,0.10282533802092075,0.6447439279872924,0.08037491503637284,0.15434310913085938,0.9823447560193017,0.005849865182689826
4828,16384,1186080,1663773,1821818880,0.25546779995784163,1.4122064469847828,0.1766488580033183,0.3535495910644531,2.197931192931719,0.002661453712083137
4829,16384,1167582,1640212,1793405952,0.2501837370218709,1.3943306759465486,0.17430196597706527,0.34999569702148436,2.168872923939489,0.0028055111873121464
4830,16384,1179316,1652743,1811429376,0.26657882798463106,1.4104260670719668,0.17622342403046787,0.35418502807617186,2.2074738640803844,0.002741455658050305
4831,16384,1176296,1653710,1806790656,0.25200323411263525,1.407013649935834,0.17522607103455812,0.3540809326171875,2.188382784021087,0.0026913171361931196
4832,16384,1183641,1662422,1818072576,0.25859861995559186,1.4110647180350497,0.17609764996450394,0.3373591613769531,2.183179485029541,0.002717857045168184
4833,6172,537466,677002,825547776,0.09783275204245001,0.6438661459833384,0.08033379295375198,0.14976173400878906,0.9718526930082589,0.005995560885787428
4834,16384,1186348,1665494,1822230528,0.2441502840956673,1.4149356299312785,0.17739643598906696,0.348288818359375,2.1848292170325294,0.0026568967811764826
4835,16384,1167453,1641009,1793207808,0.24030793400015682,1.397674280917272,0.17393007106147707,0.34119760131835936,2.153169447905384,0.0027661830413202282
4836,16384,1177931,1651958,1809302016,0.25714880297891796,1.4051358529832214,0.17577350605279207,0.345510986328125,2.1836265090387315,0.0026268547042108646
4837,16384,1176186,1655026,1806621696,0.24510089692194015,1.406652390025556,0.17621489404700696,0.33527264404296875,2.16329927300103,0.0027017974021151217
4838,16384,1183844,1660999,1818384384,0.2410941319540143,1.4172519920393825,0.1768439169973135,0.3416566772460938,2.1769069069996476,0.0027648753674305326
4839,6172,537844,676478,826128384,0.0968267290154472,0.6444920270005241,0.08046239789109677,0.15087600708007812,0.9727125780191272,0.005697164119532624
4840,16384,1185783,1664670,1821362688,0.23972950596362352,1.410572255961597,0.1762424090411514,0.3330231628417969,2.1596320919925347,0.002998574831617403
4841,16384,1170558,1642658,1797977088,0.23795961495488882,1.4013144000200555,0.1757973099593073,0.35493716430664063,2.1700864610029384,0.0035930255981603404
4842,16384,1177418,1650484,1808514048,0.2544016370084137,1.4056670180289075,0.1756813860265538,0.3311737976074219,2.166987995035015,0.002960623864323757
4843,16384,1176829,1654334,1807609344,0.24140052101574838,1.4034264090005308,0.17522112501319498,0.35481594848632814,2.174927666084841,0.0029271120153283306
4844,16384,1183350,1661768,1817625600,0.23874464398249984,1.4158072230638936,0.17660909902770072,0.33287176513671873,2.164102853043005,0.0032402264103716144
4845,6172,536713,675667,824391168,0.09509129205252975,0.642857220955193,0.08031756104901433,0.15077008056640626,0.9690945240436122,0.006023088462539561
4846,16384,1187099,1665600,1823384064,0.23622036608867347,1.4144312859280035,0.17688738298602402,0.35445394897460936,2.1820549400290474,0.0028393442621638555
4847,16384,1168266,1641960,1794456576,0.23492562305182219,1.3949526529759169,0.1745736449956894,0.354772705078125,2.1592805130640045,0.00258822149845997
4848,16384,1178668,1652344,1810434048,0.25276624597609043,1.4094874809961766,0.17570678004994988,0.35269677734375,2.190718589001335,0.0027983802061988107
4849,16384,1178121,1656132,1809593856,0.24024606891907752,1.404866804019548,0.17579846107400954,0.33386538696289064,2.1548478179611266,0.0032993970622161367
4850,16384,1183019,1660128,1817117184,0.23808608506806195,1.411963828955777,0.17704232200048864,0.35341351318359376,2.1805635400814936,0.002650272395649764
4851,6172,537529,676399,825644544,0.09470063599292189,0.6470630040857941,0.08029488392639905,0.15441719055175782,0.9765345000196248,0.006019803985498938
4852,16384,1187110,1666362,1823400960,0.23463873995933682,1.4149591950699687,0.1771045789355412,0.33345407104492186,2.1602152559207752,0.002715975218027794
4853,16384,1168219,1640189,1794384384,0.23242164705879986,1.3929233839735389,0.174441784969531,0.3538761901855469,2.1537201910978183,0.002655168978681578
4854,16384,1177153,1650961,1808107008,0.24964749708306044,1.4084780159173533,0.17592975008301437,0.35023739624023437,2.1843656060518697,0.003339492619968616
4855,16384,1178370,1657075,1809976320,0.2384320329874754,1.4075780789135024,0.17546465306077152,0.3525414123535156,2.174075690913014,0.0027374206886069796
4856,16384,1182730,1660697,1816673280,0.23521876393351704,1.417877194005996,0.17855347704607993,0.33239218139648435,2.164107134914957,0.0030275087504888993
4857,6172,538273,676880,826787328,0.10540457803290337,0.6481690659420565,0.08021466806530952,0.15025942993164063,0.9841149989515543,0.006834260194786549
4858,16384,1186674,1665548,1822731264,0.27886329300235957,1.2816971520660445,0.17808730097021908,0.35294781494140626,2.091660947073251,0.0031260369092366035
4859,16384,1169545,1643173,1796421120,0.29871211398858577,1.4007527560461313,0.17568591691087931,0.35095477294921873,2.2261711669852957,0.0029470820327622375
4860,16384,1178299,1652173,1809867264,0.3358096949523315,1.4149624920682982,0.1758355179335922,0.33155322265625,2.258227098034695,0.0029301935257381715
4861,16384,1177917,1656327,1809280512,0.3411407950334251,1.4088374689454213,0.17567809007596225,0.3526976318359375,2.2784261780325323,0.0031685091438279894
4862,16384,1182936,1660515,1816989696,0.3342224400257692,1.4093471710802987,0.17643383296672255,0.3551410827636719,2.275206032092683,0.0027032829270382764
4863,6172,537656,676074,825839616,0.12715096701867878,0.6434786790050566,0.08005139196757227,0.1538354949951172,1.0045741980429739,0.005740248620883843
4864,16384,1185708,1663934,1821247488,0.2990034440299496,1.4114899289561436,0.17679305002093315,0.35691036987304686,2.2442575560417026,0.0027074950228335856
4865,16384,1168232,1640004,1794404352,0.28379829600453377,1.3894155230373144,0.17424262699205428,0.35271041870117187,2.2002283110050485,0.002792722449148217
4866,16384,1176788,1651372,1807546368,0.29012659401632845,1.4055467910366133,0.1753291159402579,0.3564092102050781,2.2274725260213017,0.002730216526294963
4867,16384,1174978,1653036,1804766208,0.2653996429871768,1.4052331290440634,0.17550935200415552,0.33985794067382813,2.1860607559792697,0.0027762846883391114
4868,16384,1183421,1662005,1817734656,0.2609624699689448,1.410725833964534,0.1768466919893399,0.3431651000976563,2.1917588979704306,0.0026828658028898835
4869,6172,537105,675959,824993280,0.10030371998436749,0.6443506709765643,0.08049717301037163,0.15160739135742188,0.9768220209516585,0.006456204055657222
4870,16384,1185539,1664070,1820987904,0.25629371404647827,1.413845055969432,0.17618714808486402,0.35742257690429685,2.2038226370932534,0.0033642493245295254
4871,16384,1167140,1641686,1792727040,0.25106584501918405,1.3944931459845975,0.17380744696129113,0.3594633483886719,2.178888485999778,0.002694017909149128
4872,16384,1177723,1651550,1808982528,0.2650728769367561,1.4071781759848818,0.17575196805410087,0.34086740112304686,2.188938306993805,0.0031012703648239013
4873,16384,1177292,1655380,1808320512,0.2502829459263012,1.4093668290879577,0.17541292391251773,0.34361264038085937,2.178746700985357,0.0032753544819591036
4874,16384,1183350,1661773,1817625600,0.26153358607552946,1.4138545709429309,0.1772085230331868,0.3576883544921875,2.2103459840873256,0.0027574662034668953
4875,6172,536979,676001,824799744,0.09837501007132232,0.6437916660215706,0.08028582693077624,0.15064604187011718,0.9731665510917082,0.006988135570999679
4876,16384,1185430,1664364,1820820480,0.2456611800007522,1.4119483990361914,0.17622457398101687,0.3530190124511719,2.1869098149472848,0.0025903893139640876
4877,16384,1166766,1639606,1792152576,0.24108809197787195,1.392991604981944,0.1739283800125122,0.3550595397949219,2.163128232001327,0.0028022025315108056
4878,16384,1178639,1651655,1810389504,0.25689992192201316,1.418142318027094,0.17170516005717218,0.3410322570800781,2.1878382809227332,0.0026795324355891083
4879,16384,1178269,1656034,1809821184,0.24028939299751073,1.397239372949116,0.17143550305627286,0.3465994873046875,2.155620582983829,0.0026362095765156014
4880,16384,1182998,1659982,1817084928,0.23654298798646778,1.4073847950203344,0.1723703040042892,0.352855224609375,2.1692208499880508,0.0031134850831210665
4881,6172,538514,677503,827157504,0.09402007795870304,0.6426564240828156,0.07885788893327117,0.1509318389892578,0.9665236660512164,0.0059425432802336
4882,16384,1186283,1665074,1822130688,0.23464650299865752,1.4045985359698534,0.17322392296046019,0.3548714904785156,2.1673974209697917,0.002628431765844291
4883,16384,1169115,1639947,1795760640,0.23305329901631922,1.388381608063355,0.17038492893334478,0.34209686279296875,2.1339880590094253,0.003343983258771303
4884,16384,1178185,1650772,1809692160,0.24836257298011333,1.3952055390691385,0.17181489791255444,0.344533203125,2.159976472030394,0.002789796294899744
4885,16384,1175689,1654195,1805858304,0.23678951291367412,1.3950314230751246,0.17139636096544564,0.3500169982910156,2.1532970229163766,0.0029130988641559276
4886,16384,1182768,1662182,1816731648,0.2341937159653753,1.4075840619625524,0.1720369290560484,0.3568826599121094,2.170769196934998,0.0033089671169944596
4887,6172,538381,676994,826953216,0.09525535604916513,0.6416685750009492,0.07891608390491456,0.14512681579589845,0.9610237509477884,0.005922870980540443
4888,16384,1186278,1665103,1822123008,0.2339153450448066,1.4057263199938461,0.17352927289903164,0.35567996215820313,2.168944663950242,0.004323017360147233
4889,16384,1169635,1642880,1796559360,0.23027899104636163,1.4027104849228635,0.17409724101889879,0.3525271911621094,2.1596712979953736,0.0026573416609005783
4890,16384,1179017,1652738,1810970112,0.24939398898277432,1.3802368600154296,0.17575866600964218,0.3400398254394531,2.145490203052759,0.002836769208887534
4891,16384,1176352,1654370,1806876672,0.23979961802251637,1.4046693979762495,0.17615394399035722,0.33299569702148435,2.1536794040584937,0.002820617022742223
4892,16384,1182543,1660622,1816386048,0.23723265097942203,1.4130527549423277,0.17633999709505588,0.3533403625488281,2.1800231869565323,0.00263398074122127
4893,6172,538128,676988,826564608,0.09481363696977496,0.6463357449974865,0.07994306704495102,0.154314208984375,0.9754656329751015,0.0060458284249510115
4894,16384,1186611,1663988,1822634496,0.23440435098018497,1.415325607988052,0.17655348498374224,0.33396224975585936,2.160306255915202,0.002803408414797497
4895,16384,1169278,1642603,1796011008,0.23359765391796827,1.3979667860548943,0.1745350860292092,0.3495759887695313,2.155737202963792,0.002861582205096555
4896,16384,1178950,1653407,1810867200,0.2510499639902264,1.4088550200685859,0.17568111699074507,0.3534477844238281,2.1890957930590957,0.002827998021215832
4897,16384,1175377,1654147,1805379072,0.23756306793075055,1.4051682400749996,0.1752979860175401,0.35045394897460935,2.168544761952944,0.002836877343908591
4898,16384,1184406,1662140,1819247616,0.23762352403718978,1.4199436069466174,0.17905938101466745,0.33877493286132815,2.1754706350620836,0.003180470522827188
4899,6172,537244,675999,825206784,0.1051494429120794,0.6451148460619152,0.08120438898913562,0.1551795196533203,0.9867146599572152,0.0067357204125826475
4900,16384,1185078,1662627,1820279808,0.28459643793758005,1.416621215059422,0.17917973396833986,0.3410234375,2.2215007269987836,0.00359678178227056
4901,16384,1168877,1641761,1795395072,0.3036685099359602,1.4000892681069672,0.17532499600201845,0.3494457397460938,2.228597784996964,0.0031082865822894042
4902,16384,1177494,1650997,1808630784,0.3377069130074233,1.411287895985879,0.17669329699128866,0.33734210205078125,2.26309802592732,0.0029966838011887104
4903,16384,1176229,1654949,1806687744,0.34039664291776717,1.4058237740537152,0.17530114494729787,0.3551223449707031,2.276714507956058,0.003101006574499667
4904,16384,1182590,1660574,1816458240,0.33237728604581207,1.4095022199908271,0.17632558604236692,0.3534124755859375,2.2716780290938914,0.002661531615552281
4905,6172,537438,676656,825504768,0.12528030306566507,0.6429055338958278,0.08139651909004897,0.1516862335205078,1.0013292250223458,0.006055495912920761
4906,16384,1184528,1663331,1819435008,0.29786611592862755,1.4070950120221823,0.17614315100945532,0.35524713134765623,2.2364172469824553,0.002943845770403124
4907,16384,1169667,1642509,1796608512,0.2811350158881396,1.394819773035124,0.17459451407194138,0.35418521118164065,2.2047970599960536,0.0028368061778869386
4908,16384,1179329,1652408,1811449344,0.28750490094535053,1.4062270460417494,0.17557425901759416,0.35573712158203125,2.225106986006722,0.0028609150210307343
4909,16384,1177639,1655271,1808853504,0.2659575679572299,1.4079745130147785,0.17532912199385464,0.3326339111328125,2.1819525179453194,0.0026308476546572654
4910,16384,1183063,1661000,1817184768,0.26184559101238847,1.4125184180447832,0.17661459592636675,0.35644512939453127,2.2074856500839815,0.0028048067224932995
4911,6172,537970,676432,826321920,0.10293355502653867,0.6440266539575532,0.08045476896222681,0.15316744995117187,0.9806473510107026,0.006620434261615191
4912,16384,1186201,1665289,1822004736,0.2540792670333758,1.41279863496311,0.17819322703871876,0.3581562194824219,2.2032846950460225,0.0026027743271268885
4913,16384,1169409,1642420,1796212224,0.25049155100714415,1.3970604119822383,0.1744583660038188,0.3537039489746094,2.1757834720192477,0.0031801901396373805
4914,16384,1176437,1650494,1807007232,0.2631867559393868,1.4022280210629106,0.17552819394040853,0.3535343017578125,2.1945406129816547,0.0028862660714429568
4915,16384,1177553,1655535,1808721408,0.25170596595853567,1.4047412991058081,0.17570541298482567,0.3570347900390625,2.1892428840510547,0.0025312843643919168
4916,16384,1183181,1661847,1817366016,0.2464307910995558,1.4173304319847375,0.17641091195400804,0.35892739868164064,2.1991699180798605,0.003200496666488956
4917,6172,537348,675901,825366528,0.09844093699939549,0.6439381160307676,0.08052062103524804,0.15035247802734375,0.9733097450807691,0.005917231210855892
4918,16384,1184988,1664696,1820141568,0.24431257194373757,1.4096207299735397,0.17622877203393728,0.35310235595703127,2.1833289460046217,0.0029549416497217608
4919,16384,1168288,1641765,1794490368,0.24175336002372205,1.3942717510508373,0.17395255994051695,0.3391761779785156,2.1492113351123407,0.002674754120714668
4920,16384,1178791,1652093,1810622976,0.2560279150493443,1.4091105239931494,0.17629945697262883,0.34303945922851564,2.1845494320150465,0.0032993884391852536
4921,16384,1176385,1654548,1806927360,0.24494570994284004,1.4044893099926412,0.17544347106013447,0.33179885864257813,2.156736570992507,0.002745877967196596
4922,16384,1183038,1660611,1817146368,0.24105759500525892,1.357114301994443,0.17781398503575474,0.34044058227539065,2.1164841260761023,0.002724412838470744
4923,6172,538111,676954,826538496,0.09662316204048693,0.6466523359995335,0.08001030201558024,0.15517613220214843,0.9785200940677896,0.005943854438256516
4924,16384,1184954,1663429,1820089344,0.23875365511048585,1.4142800238914788,0.17727692308835685,0.344242919921875,2.1746246070833877,0.0032688433194211996
4925,16384,1169056,1641719,1795670016,0.23736090096645057,1.3951985810417682,0.17463377793319523,0.3363043823242188,2.143558020936325,0.002816750006428805
4926,16384,1178728,1652687,1810526208,0.25373929599300027,1.4073986720759422,0.1755561960162595,0.35530145263671875,2.192054298007861,0.0026769996524972205
4927,16384,1176553,1654190,1807185408,0.24035286204889417,1.408506837906316,0.17534646799322218,0.34027566528320313,2.164542288053781,0.0027929610097655096
4928,16384,1182191,1659780,1815845376,0.23809900099877268,1.4107827679254115,0.17630246502812952,0.34792935180664064,2.1731736309593543,0.0027630190033988847
4929,6172,537445,676839,825515520,0.09538773191161454,0.643695752019994,0.08030181704089046,0.15129913330078126,0.970741641940549,0.005893191843963658
4930,16384,1185133,1666102,1820364288,0.26057287596631795,1.4229444779921323,0.17932473099790514,0.35658901977539065,2.2194865769706666,0.002499327524488291
4931,16384,1168965,1641730,1795530240,0.24695245688781142,1.4017512710997835,0.1778676169924438,0.34795941162109373,2.1745915069477633,0.002793644067720499
4932,16384,1178263,1651612,1809811968,0.2518788230372593,1.4122595930239186,0.17871437699068338,0.34625839233398437,2.1891727820038795,0.002813693763237334
4933,16384,1176596,1655334,1807251456,0.24602283700369298,1.4136831950163469,0.17814159695990384,0.3536114501953125,2.191517772967927,0.002678225720775021
4934,16384,1182985,1660183,1817064960,0.2430694999638945,1.4195830570533872,0.17955295101273805,0.35212374877929686,2.194390989956446,0.0028132245990739446
4935,6172,538082,675993,826493952,0.0951613390352577,0.6477332810172811,0.08181409491226077,0.15225701904296876,0.9770252299495041,0.006089499013131514
4936,16384,1184902,1663651,1820009472,0.23587143793702126,1.418101554038003,0.17935697897337377,0.3528138732910156,2.1862019510008395,0.002657886267048215
4937,16384,1169777,1642341,1796777472,0.2363918119808659,1.406536574009806,0.17744551796931773,0.341507080078125,2.1619409288978204,0.0027727334685504574
4938,16384,1178123,1651254,1809596928,0.2514922770205885,1.414718065992929,0.1783810789929703,0.3396434326171875,2.184296889929101,0.0028400583140276367
4939,16384,1177260,1655485,1808271360,0.24035723693668842,1.2778295760508627,0.1789290679153055,0.35228543090820313,2.0494676729431376,0.0032379692031258562
4940,16384,1183336,1660044,1817604096,0.24426977103576064,1.4276840980164707,0.18067108502145857,0.35262725830078123,2.2053354900563136,0.0037761910701549347
4941,6172,538220,677892,826705920,0.11149535595905036,0.6493508270941675,0.08318676089402288,0.15294184875488281,0.9970393170369789,0.006471593823113274
4942,16384,1186952,1665337,1823158272,0.2894132270012051,1.4254928989103064,0.18238462507724762,0.3429462585449219,2.2403085900004953,0.0031951163841365767
4943,16384,1168309,1640365,1794522624,0.3078584410250187,1.4085788959637284,0.17794219497591257,0.3342361145019531,2.2286805319599807,0.002911386016862857
4944,16384,1178385,1651695,1809999360,0.34584925801027566,1.4219372059451416,0.18253100104629993,0.35243161010742186,2.3028187019517645,0.003023548600099009
4945,16384,1178530,1657257,1810222080,0.35874683305155486,1.4144207969075069,0.17887536401394755,0.35068572998046876,2.3028041920624673,0.0032772264897425896
4946,16384,1183939,1661925,1818530304,0.33018230099696666,1.4193526930175722,0.17960031400434673,0.3557340087890625,2.2849268660647795,0.002518647650664655
4947,6172,538463,676724,827079168,0.12399397592525929,0.6525974170072004,0.08153538405895233,0.1546993865966797,1.0128908249316737,0.006383841376618641
4948,16384,1184869,1664220,1819958784,0.29703734000213444,1.412435216945596,0.1795866050524637,0.353051025390625,2.242169709992595,0.002654687622913343
4949,16384,1168755,1642124,1795207680,0.2799756679451093,1.401924874051474,0.17898461199365556,0.35109857177734377,2.2120476289419457,0.0028888697298885993
4950,16384,1176147,1651689,1806561792,0.28635413898155093,1.416507527930662,0.17859758902341127,0.3563380126953125,2.2378674360224977,0.0031354579110273004
4951,16384,1177062,1655675,1807967232,0.26562057703267783,1.4124833079986274,0.17838979396037757,0.33083050537109376,2.187385987956077,0.0028254543843990623
4952,16384,1181826,1659312,1815284736,0.26060776598751545,1.4171866930555552,0.18064962793141603,0.36413433837890624,2.2226385140093043,0.0027034830690060843
4953,6172,538152,676965,826601472,0.10274439095519483,0.6498281280510128,0.08086919493507594,0.15079241943359376,0.9842936259228736,0.006044187062628706
4954,16384,1186923,1665338,1823113728,0.25541457906365395,1.4289681439986452,0.1803560450207442,0.3596681213378906,2.224467727006413,0.0027349277645406823
4955,16384,1168588,1642057,1794951168,0.2516084499657154,1.2768195370445028,0.17703752499073744,0.35475381469726563,2.060279836994596,0.002936994057210556
4956,16384,1177454,1651293,1808569344,0.2671828620368615,1.4117687189718708,0.17837290198076516,0.354700927734375,2.2120839720591903,0.0026473378071350234
4957,16384,1178860,1657417,1810728960,0.2517262710025534,1.4161463370546699,0.17880540597252548,0.3543187255859375,2.201057314989157,0.0027521034122136596
4958,16384,1182725,1660389,1816665600,0.24772040895186365,1.4230685740476474,0.18006289598997682,0.35787899780273436,2.2087920219637454,0.002768262965246231
4959,6172,537657,676668,825841152,0.09849710401613265,0.6473999719601125,0.0816870080307126,0.15443632507324218,0.9820786520140246,0.005930577322425511
4960,16384,1185753,1664302,1821316608,0.24945474602282047,1.420210691052489,0.17965481895953417,0.3561340026855469,2.205513751017861,0.00269743489212624
4961,16384,1170320,1641969,1797611520,0.2478323969990015,1.403556472971104,0.1769939970690757,0.3347688293457031,2.1632119299611077,0.002784451000336516
4962,16384,1176308,1650338,1806809088,0.25798675406258553,1.4119929959997535,0.17879179795272648,0.3539530639648438,2.2027870999881998,0.0028367702121909937
4963,16384,1177145,1655280,1808094720,0.24884834594558924,1.4163865930167958,0.17809838405810297,0.3550405578613281,2.1984315799782053,0.002624557294149158
4964,16384,1182914,1661140,1816955904,0.24186280998401344,1.419542602961883,0.17965035198722035,0.33847622680664063,2.179591457010247,0.002728275994028219
4965,6172,537606,676629,825762816,0.0975428520468995,0.6475771529367194,0.08164882904384285,0.15095674133300782,0.9777841260656714,0.00598810142658779
4966,16384,1184866,1663306,1819954176,0.23967309191357344,1.4181540950667113,0.1792924989713356,0.3576582641601562,2.1948363879928365,0.002662516503720378
4967,16384,1169858,1642040,1796901888,0.23900319391395897,1.408594403997995,0.17757050704676658,0.3527843017578125,2.178024781984277,0.0033229772380435237
4968,16384,1176947,1651081,1807790592,0.2543260930106044,1.4134856699965894,0.17799706698860973,0.35503268432617185,2.200900031020865,0.0026587622365757077
4969,16384,1176753,1655030,1807492608,0.24234413402155042,1.411432986962609,0.17909435101319104,0.345408935546875,2.178336768061854,0.0025873188413662587
4970,16384,1183777,1661246,1818281472,0.2401390440063551,1.4225483409827575,0.17951069807168096,0.35608367919921874,2.1983521740185097,0.0032029335121872126
4971,6172,538118,676720,826549248,0.09578574495390058,0.5311518760863692,0.08179923496209085,0.15036572265625,0.8591763239819556,0.008583258323885117
4972,16384,1185951,1664814,1821620736,0.23803300596773624,1.4227847630390897,0.1810550820082426,0.33914407348632813,2.181076194974594,0.0027174875106860796
4973,16384,1169106,1640734,1795746816,0.23537097708322108,1.405235601007007,0.1770824328996241,0.34897579956054686,2.166721428046003,0.0026130491382491978
4974,16384,1178163,1651721,1809658368,0.25346257095225155,1.415217002038844,0.17878960201051086,0.35368258666992186,2.2012144749751315,0.0028490319465025167
4975,16384,1175761,1654173,1805968896,0.24016383197158575,1.4088242399739102,0.1784459319896996,0.35200115966796874,2.1794964919099584,0.0028138749946112537
4976,16384,1182158,1659877,1815794688,0.24123999499715865,1.4239022498950362,0.17979836103040725,0.36146624755859375,2.206470966921188,0.0029057005939938404
4977,6172,537818,677031,826088448,0.09323999506887048,0.6489676450146362,0.08150692994240671,0.15202447509765624,0.9757974130334333,0.005981560217722893
4978,16384,1187899,1666139,1824612864,0.23805530602112412,1.4243929130025208,0.1801872740034014,0.36346035766601564,2.206168659031391,0.0033002163289264307
4979,16384,1168232,1640183,1794404352,0.23394374293275177,1.4021129360189661,0.17730946897063404,0.35190988159179687,2.165336493984796,0.0027923821916451875
4980,16384,1178315,1651294,1809891840,0.2518934360705316,1.4160019349073991,0.17965232802089304,0.3522529296875,2.199858878972009,0.0026479101110522115
4981,16384,1176906,1655443,1807727616,0.24023767898324877,1.417133613023907,0.18061113997828215,0.3318946838378906,2.169946516980417,0.0031982888308846598
4982,16384,1183646,1661787,1818080256,0.25869007606524974,1.4228761619888246,0.18200982501730323,0.3569189147949219,2.220562653033994,0.003047658556367007
4983,6172,538101,676452,826523136,0.115327108069323,0.6502256999956444,0.08241498295683414,0.150142822265625,0.9981814450584352,0.00709608171533309
4984,16384,1186260,1665215,1822095360,0.30487715802155435,1.4285641110036522,0.1808318110415712,0.34344873046875,2.257806373992935,0.0037453812860665735
4985,16384,1169975,1641744,1797081600,0.3220379709964618,1.4074583820765838,0.17874775093514472,0.35111859130859374,2.2594290040433407,0.0029347559245278742
4986,16384,1177154,1652408,1808108544,0.35539286700077355,1.414701030938886,0.17839866899885237,0.3542478942871094,2.30281063192524,0.003047176291705472
4987,16384,1177196,1655084,1808173056,0.3422971529653296,1.3767473249463364,0.1780745810829103,0.35417071533203126,2.2513515069149435,0.002742023542136875
4988,16384,1181820,1659781,1815275520,0.3180968329543248,1.4122561459662393,0.17914542404469103,0.36278839111328126,2.272351189982146,0.002833888700541107
4989,6172,537006,676175,824841216,0.1209582780720666,0.6453904339578003,0.08187349000945687,0.15191574096679689,1.00019783701282,0.005988215979175366
4990,16384,1185007,1662581,1820170752,0.2900116990786046,1.4177761549362913,0.17943923501297832,0.34026904296875,2.2275564080337062,0.0027059264072794614
4991,16384,1169718,1642864,1796686848,0.27572545304428786,1.4033829560503364,0.17710349394474179,0.35464605712890623,2.2109191730851308,0.00276866371252452
4992,16384,1176397,1650677,1806945792,0.28096464299596846,1.4094779829028994,0.1783335111103952,0.35209921264648436,2.2209392189979553,0.002875780735536718
4993,16384,1177623,1656526,1808828928,0.26505901908967644,1.415113279945217,0.1789570989785716,0.35389730834960936,2.2130833790870383,0.0025608038314084377
4994,16384,1182046,1659286,1815622656,0.2585911030182615,1.424140802002512,0.17951927799731493,0.3642832641601563,2.226593718980439,0.002661994493610582
4995,6172,537816,677018,826085376,0.10268013610038906,0.6481080609373748,0.08186025405302644,0.15170442199707032,0.9844104350777343,0.005847356734801971
4996,16384,1186345,1664637,1822225920,0.2531683329725638,1.417675373959355,0.17979563504923135,0.35886871337890625,2.2095773299224675,0.0031351952010357778
4997,16384,1168409,1641067,1794676224,0.25052625604439527,1.4037404980044812,0.1768942759372294,0.3516634826660156,2.1828987050103024,0.0033987998623471937
4998,16384,1177205,1651451,1808186880,0.2663782680174336,1.4144870919408277,0.17816410108935088,0.35606146240234376,2.215154223027639,0.002857569781146537
4999,16384,1178472,1656685,1810132992,0.25181069993413985,1.4155177780194208,0.17842533497605473,0.357048095703125,2.2028776159277186,0.003436745392961088
5000,16384,1183440,1662056,1817763840,0.24822723306715488,1.422883725957945,0.17933445097878575,0.3540894775390625,2.204609026084654,0.003362888422781314
5001,6172,537513,675516,825619968,0.10205614904407412,0.6480836040573195,0.0818427240010351,0.14711932373046874,0.9791626980295405,0.0062193133751508745
5002,16384,1185277,1663034,1820585472,0.2435507479822263,1.4190570550272241,0.18085965793579817,0.35339907836914064,2.1969274539733306,0.0027727205480206044
5003,16384,1166833,1639122,1792255488,0.2425667579518631,1.3894755190704018,0.17682872398290783,0.3542413330078125,2.1631832589628175,0.0032787305254157037
5004,16384,1176399,1650003,1806948864,0.2576902210712433,1.4153418929781765,0.17849619092885405,0.3318106994628906,2.1834011459723115,0.0028460886017973555
5005,16384,1177250,1654532,1808256000,0.2465770640410483,1.412242820020765,0.17861499194987118,0.34389569091796873,2.1813994239782915,0.00315655390210193
5006,16384,1182881,1660395,1816905216,0.2430046849185601,1.4201717770192772,0.1802304630400613,0.3569554443359375,2.2004375209799036,0.003415305608589299
5007,6172,537715,677021,825930240,0.09983818896580487,0.6501440610736609,0.08091946295462549,0.14577923583984376,0.9767401600256562,0.006062123187368289
5008,16384,1185665,1664157,1821181440,0.24049518397077918,1.4230697660241276,0.17934610799420625,0.35397698974609376,2.196946900920011,0.002678862414908936
5009,16384,1168958,1641935,1795519488,0.23908958898391575,1.4046679420862347,0.17678901890758425,0.3493640441894531,2.1699704930651933,0.0027603554148336253
5010,16384,1176912,1650941,1807736832,0.25617693294771016,1.4129051330965012,0.1779823109973222,0.3385137023925781,2.1856368519365788,0.00268903328633583
5011,16384,1175939,1655663,1806242304,0.24366326699964702,1.4161407550564036,0.17879496002569795,0.35547283935546875,2.194134070072323,0.002837047924950634
5012,16384,1182430,1660311,1816212480,0.24068677704781294,1.42046280100476,0.17902931198477745,0.3562275695800781,2.1964665490668267,0.002735732507448786
5013,6172,538115,676746,826544640,0.09552310907747597,0.658579483977519,0.08248551201540977,0.1525716552734375,0.989225190016441,0.006614234378496595
5014,16384,1185448,1663902,1820848128,0.2406947429990396,1.4559884470654652,0.1811583589296788,0.3543236694335937,2.232236284064129,0.003183607257840708
5015,16384,1167353,1639822,1793054208,0.2415397430304438,1.4535851459950209,0.18057391897309572,0.35904812622070315,2.234821574995294,0.0033398986686776102
5016,16384,1178473,1650726,1810134528,0.2582609079545364,1.458913673995994,0.1853804140118882,0.35355545043945313,2.2561769179301336,0.0029462019460377935
5017,16384,1176315,1654605,1806819840,0.24064143898431212,1.4249068180797622,0.18151681299787015,0.3561769714355469,2.203303489019163,0.002788881421830975
5018,16384,1182447,1660926,1816238592,0.23585039109457284,1.4361164359143004,0.18332598404958844,0.33213143920898436,2.1875081351026893,0.0038347210644505856
5019,6172,537970,676861,826321920,0.09764053800608963,0.6617471339413896,0.0823423860128969,0.15227903747558594,0.9940686729969457,0.005993304346269125
5020,16384,1185734,1665045,1821287424,0.2583765310700983,1.4218638120219111,0.18006651592440903,0.35885641479492186,2.2192373001016676,0.003335663577932237
5021,16384,1168279,1641583,1794476544,0.25812409399077296,1.4008642020635307,0.17716352501884103,0.3488912048339844,2.1851153520401567,0.0033099457637335615
5022,16384,1177196,1651395,1808173056,0.2754652089206502,1.4089338270714507,0.18035954900551587,0.3525265197753906,2.217373215011321,0.003973631399394567
5023,16384,1175370,1654633,1805368320,0.2768148359609768,1.4122743610059842,0.17970032803714275,0.3431452331542969,2.212025918997824,0.0041211469829747676
5024,16384,1182874,1659273,1816894464,0.30635322793386877,1.4230996241094545,0.18220540799666196,0.3560523986816406,2.2677977349376306,0.0038396817610007734
5025,6172,537761,676098,826000896,0.12999990594107658,0.6467612480046228,0.08336495608091354,0.15148634338378905,1.0116942960303277,0.008089659124002625
5026,16384,1186215,1663940,1822026240,0.35016035102307796,1.4200034269597381,0.18123701307922602,0.33753701782226564,2.289031757041812,0.004104274971947043
5027,16384,1167127,1639540,1792707072,0.36206709197722375,1.4006423690589145,0.17860656196717173,0.35806890869140623,2.29947623598855,0.0039706561174473465
5028,16384,1178257,1651037,1809802752,0.3918718460481614,1.4050610259873793,0.17859273694921285,0.3527598571777344,2.3283717579906806,0.003706101824015428
5029,16384,1178079,1655526,1809529344,0.3593655120348558,1.4043240069877356,0.1787373999832198,0.35501168823242185,2.297509905998595,0.0031033058954733008
5030,16384,1183212,1661136,1817413632,0.3374120000516996,1.4117493859957904,0.1797169540077448,0.35790975952148435,2.286866946029477,0.00344779362414606
5031,6172,537300,676259,825292800,0.1263829709496349,0.6438640160486102,0.08215467794798315,0.15250489807128906,1.004984250990674,0.007730267721107724
5032,16384,1184482,1664206,1819364352,0.30694024998228997,1.4125371880363673,0.18014299194328487,0.33923126220703126,2.238923389930278,0.0032023320506344983
5033,16384,1168998,1641443,1795580928,0.2927123260451481,1.4036042710067704,0.1776924330042675,0.353869873046875,2.227952843066305,0.003318740047563649
5034,16384,1178161,1652862,1809655296,0.3019258559215814,1.414713243022561,0.18016103201080114,0.3514923095703125,2.248364786966704,0.0032177359237789485
5035,16384,1177176,1654854,1808142336,0.288712062058039,1.291936793946661,0.17837104003410786,0.35014810180664063,2.1092377500608563,0.0033069868679148264
5036,16384,1182780,1661234,1816750080,0.2812108030775562,1.4157237049657851,0.17983095394447446,0.35339501953125,2.230232223053463,0.003216774184121898
5037,6172,537941,676980,826277376,0.11029319593217224,0.646381679107435,0.08224397292360663,0.15137741088867188,0.9903661119751632,0.00705326267052282
5038,16384,1186176,1664778,1821966336,0.2769295619800687,1.417224628967233,0.18021949904505163,0.35288427734375,2.2273301769746467,0.003241981781136058
5039,16384,1168870,1642312,1795384320,0.27194260398391634,1.4013823680579662,0.1777751420158893,0.33779248046875,2.1889639970613644,0.003261932811063048
5040,16384,1176975,1649454,1807833600,0.28861626505386084,1.4073790339753032,0.1786251210141927,0.35154156494140626,2.2262351060053334,0.0032845147564692294
5041,16384,1176917,1654266,1807744512,0.2767493639839813,1.4102932419627905,0.1785708270035684,0.3561064147949219,2.2217929320177063,0.0032894277135787292
5042,16384,1182177,1660383,1815823872,0.27107213297858834,1.4165583159774542,0.17949505196884274,0.36059735107421875,2.227800815948285,0.00349959245112493
5043,6172,538053,676288,826449408,0.10626434499863535,0.6476036490639672,0.0819035479798913,0.1453269805908203,0.9811717880656943,0.007467136058264933
5044,16384,1185019,1664538,1820189184,0.26772783300839365,1.4133346440503374,0.1797298319870606,0.3352166748046875,2.1960825510323048,0.0033499278882259793
5045,16384,1168356,1641718,1794594816,0.26547312492039055,1.3963312370469794,0.1772102320101112,0.3386817626953125,2.1777649369323626,0.0031491121197690436
5046,16384,1177533,1652137,1808690688,0.2822497790912166,1.4090466639027,0.17922366200946271,0.3551495056152344,2.225744108087383,0.003347081477099167
5047,16384,1176187,1655335,1806623232,0.2700722989393398,1.4053928189678118,0.17856486001983285,0.34232894897460936,2.1964424689067528,0.0038035143802611724
5048,16384,1182186,1661281,1815837696,0.2654407639056444,1.4154960520099849,0.17966704303398728,0.3618862915039063,2.222565860953182,0.0034064457206439015
5049,6172,536802,676376,824527872,0.10458157898392528,0.6440531279658899,0.08202802599407732,0.1524388427734375,0.9831704270327464,0.007002988853533465
5050,16384,1185301,1663850,1820622336,0.2632193190511316,1.415197847993113,0.18003185000270605,0.358396484375,2.2169247010024264,0.003572497543097884
5051,16384,1170399,1643492,1797732864,0.26028175605461,1.4031111649237573,0.17943133902736008,0.3511997375488281,2.194103699992411,0.0036325738776910852
5052,16384,1177422,1651815,1808520192,0.2774766889633611,1.4104383010417223,0.179456528974697,0.3544502868652344,2.2218926589703187,0.003188863558178564
5053,16384,1176649,1653813,1807332864,0.26698393502738327,1.4083982750307769,0.17875661503057927,0.3390019226074219,2.193218687083572,0.003553653261739721
5054,16384,1182527,1660398,1816361472,0.26142009999603033,1.4141427809372544,0.17986737610772252,0.3547483825683594,2.2102488910313696,0.003178439418648719
5055,6172,537543,677080,825666048,0.10400639905128628,0.6462277079699561,0.08228756801690906,0.15396739196777343,0.9865618610056117,0.007378554002954172
5056,16384,1187129,1664755,1823430144,0.2611773129319772,1.4181799510261044,0.1800834679743275,0.3561412353515625,2.215653470950201,0.003227204396683088
5057,16384,1168459,1641576,1794753024,0.25914765801280737,1.403539287042804,0.17817192000802606,0.35283843994140623,2.19376952201128,0.0032919140097349983
5058,16384,1176949,1650692,1807793664,0.275184425059706,1.4110853919992223,0.1784455640008673,0.35717550659179687,2.22196656500455,0.0034058727142635163
5059,16384,1176326,1652977,1806836736,0.26366118399892,1.4069666340947151,0.17848086392041296,0.3350390625,2.1842186010908335,0.0032440240528182193
5060,16384,1182382,1661020,1816138752,0.25945537094958127,1.4172842780826613,0.17967477801721543,0.3585888977050781,2.215077916975133,0.003367476151764349
5061,6172,538289,676805,826811904,0.10336516192182899,0.6469852729933336,0.08235088607762009,0.1499649658203125,0.9827384009258822,0.007338078243306306
5062,16384,1186987,1665716,1823212032,0.25951619597617537,1.420153109007515,0.18046200298704207,0.3498333435058594,2.210039238911122,0.003374937114998323
5063,16384,1167710,1640993,1793602560,0.25740580598358065,1.3962468859972432,0.17752713907975703,0.33393148803710937,2.165205975063145,0.004371684105127379
5064,16384,1177925,1651274,1809292800,0.2821444870205596,1.4146187709411606,0.18037250800989568,0.35547317504882814,2.232696414925158,0.0039178593260202
5065,16384,1175211,1652077,1805124096,0.30598141602240503,1.4106112289009616,0.17947193910367787,0.3359144287109375,2.232073392951861,0.004228365168317724
5066,16384,1182750,1659754,1816704000,0.32854985096491873,1.4205253920517862,0.18067275499925017,0.3571298522949219,2.286969705950469,0.0040164781961435575
5067,6172,537586,676349,825732096,0.13613831403199583,0.6481171629857272,0.082173389964737,0.14973017883300782,1.0162455529207364,0.008512421532359836
5068,16384,1184966,1662481,1820107776,0.364150904933922,1.4214396280003712,0.18139289098326117,0.33828265380859374,2.305354052921757,0.003816125141272007
5069,16384,1169041,1642319,1795646976,0.37353047693613917,1.4001597850583494,0.18398575589526445,0.34965521240234376,2.307416104944423,0.003678341853643119
5070,16384,1176375,1650151,1806912000,0.38686757790856063,1.405633474001661,0.1788635270204395,0.3314637145996094,2.302905738935806,0.003362942921450796
5071,16384,1176379,1654274,1806918144,0.3445730609819293,1.4043994549429044,0.17868317104876041,0.3544861145019531,2.2822151069995016,0.00321203394584934
5072,16384,1181639,1658708,1814997504,0.3219258040189743,1.4140007949899882,0.17930174199864268,0.35933984375,2.2746397289447486,0.0031452975270370685
5073,6172,538140,677028,826583040,0.12313773098867387,0.6465050800470635,0.0823301209602505,0.15195347595214845,1.0040074599673972,0.00807285030168287
5074,16384,1186974,1665368,1823192064,0.29718574206344783,1.4189005279913545,0.18019566405564547,0.3564908142089844,2.252846298040822,0.003264746532159699
5075,16384,1169701,1642933,1796660736,0.28478745103348047,1.4028086899779737,0.1777071770047769,0.3375973205566406,2.2029750200454146,0.0033764101665339622
5076,16384,1177812,1652597,1809119232,0.300207662046887,1.4117911339271814,0.1794045070419088,0.35456137084960937,2.246037001023069,0.0032202121981867275
5077,16384,1177145,1653719,1808094720,0.28652279707603157,1.41118902398739,0.17914855491835624,0.3507257080078125,2.2276590049732476,0.003273435633298971
5078,16384,1184080,1662816,1818746880,0.2792980910744518,1.4192087929695845,0.18041724897921085,0.3554303283691406,2.2344225650886074,0.003047932709052702
5079,6172,537373,676715,825404928,0.10973687306977808,0.6467121079331264,0.08229664899408817,0.15016213989257812,0.9889793730108067,0.007240102593647771
5080,16384,1186100,1665109,1821849600,0.27540523593779653,1.4189078650670126,0.1800566369201988,0.35673300170898437,2.231175166903995,0.003246148983599744
5081,16384,1168766,1642226,1795224576,0.27067017601802945,1.4017776648979634,0.17788710701279342,0.3495946350097656,2.20000104396604,0.0032482269808160567
5082,16384,1177757,1649889,1809034752,0.2858551749959588,1.4153709430247545,0.18008951900992543,0.3374979248046875,2.2188881220063195,0.0033602492281521183
5083,16384,1175179,1654079,1805074944,0.27438968408387154,1.336974671925418,0.17815751605667174,0.35198489379882814,2.1415790350874886,0.003374576493094158
5084,16384,1182202,1661428,1815862272,0.2708341480465606,1.420775542035699,0.17959473293740302,0.36414984130859374,2.235425914055668,0.0032051935589129128
5085,6172,538362,677132,826924032,0.10445019998587668,0.6482633149717003,0.08234080998227,0.15224009704589844,0.9873651230009273,0.007160574496182626
5086,16384,1187266,1664985,1823640576,0.2694353349506855,1.4172668310347944,0.18017016001977026,0.3563255310058594,2.223269199952483,0.0032089205110744238
5087,16384,1168783,1640399,1795250688,0.2633414330193773,1.4053650109563023,0.1780309600289911,0.34732373046875,2.194137223996222,0.0034678561563710217
5088,16384,1178968,1651502,1810894848,0.2819323220755905,1.413642085972242,0.17924115096684545,0.3548094482421875,2.2297065320890397,0.003656303239940672
5089,16384,1175977,1654860,1806300672,0.27004506706725806,1.4118190680164844,0.17882975295651704,0.34315753173828123,2.203922560089268,0.003227895208999985
5090,16384,1184166,1662105,1818878976,0.2643061300041154,1.4170395089313388,0.18018532800488174,0.35576080322265624,2.2173663310240954,0.0033625865090405435
5091,6172,537748,676686,825980928,0.10480197996366769,0.6475027280393988,0.08290129795204848,0.15137091064453126,0.9866460179910064,0.007003665965316066
5092,16384,1184889,1662118,1819989504,0.2622216260060668,1.414505084976554,0.18016159697435796,0.3577491455078125,2.214709319989197,0.0032449641926854587
5093,16384,1167436,1639815,1793181696,0.2599153770133853,1.3988129199715331,0.1791153399972245,0.3492344970703125,2.187148155993782,0.0032015179737438417
5094,16384,1177328,1651550,1808375808,0.278740372043103,1.4114751659799367,0.1792233110172674,0.35681747436523437,2.226328955963254,0.003262436016821989
5095,16384,1176094,1653013,1806480384,0.2961338480236009,1.4075623379321769,0.17840015201363713,0.35403570556640623,2.236204494955018,0.0032399281622247705
5096,16384,1183951,1662703,1818548736,0.2626765900058672,1.4170510339317843,0.1799338780110702,0.3433281555175781,2.2030652079265565,0.0034293338202123504
5097,6172,537182,676400,825111552,0.10339367704000324,0.6464267669944093,0.08204270293936133,0.15491561889648436,0.9868516030255705,0.007380760702920803
5098,16384,1186564,1665228,1822562304,0.2598970369435847,1.4202188099734485,0.18039430200587958,0.3555531311035156,2.2161370309768245,0.003327905691985613
5099,16384,1168142,1641787,1794266112,0.2586070370161906,1.3472867319360375,0.17753863206598908,0.3521580810546875,2.135660602012649,0.003283290410390673
5100,16384,1178416,1652459,1810046976,0.277061523986049,1.4113314490532503,0.17989704699721187,0.34524227905273436,2.2136071249842644,0.003380269885030221
5101,16384,1177365,1655338,1808432640,0.26557958009652793,1.4085427708923817,0.17902619508095086,0.3546221008300781,2.207850479055196,0.003615831597966429
5102,16384,1184364,1662134,1819183104,0.25983936700504273,1.4218959279824048,0.18041700508911163,0.34030059814453123,2.2025272219907492,0.003374476779069774
5103,6172,538249,676558,826750464,0.10278853599447757,0.6481764450436458,0.08239098894409835,0.1504891815185547,0.9839206229662523,0.00767048313798854
5104,16384,1184970,1662750,1820113920,0.25831244699656963,1.413542632944882,0.17998834105674177,0.35894427490234376,2.2108611540170386,0.003322601981048976
5105,16384,1167577,1640852,1793398272,0.25740972498897463,1.4032863200409338,0.17996051895897835,0.3511163330078125,2.191860225982964,0.003984240656835657
5106,16384,1176455,1649542,1807034880,0.29869877791497856,1.411834330065176,0.1803486879216507,0.35221295166015626,2.2431824029190466,0.003907633947696313
5107,16384,1176359,1654589,1806887424,0.3149596559815109,1.414708356023766,0.17977925890590996,0.35394796752929686,2.263480780995451,0.0037792481246271396
5108,16384,1184070,1661412,1818731520,0.33393522107508034,1.422444342984818,0.18236959900241345,0.33754849243164065,2.2763843120774254,0.00380676421873037
5109,6172,537386,676616,825424896,0.1417678960133344,0.6484500310616568,0.08351184194907546,0.15388543701171875,1.0276980140479282,0.008057621111548213
5110,16384,1186333,1663827,1822207488,0.3678777050226927,1.423357238061726,0.1801753028994426,0.35383895874023436,2.325366407050751,0.005040165984164164
5111,16384,1169977,1642501,1797084672,0.36759828007780015,1.3985078379046172,0.1793974241008982,0.3536976318359375,2.2993057660060003,0.004548855062837062
5112,16384,1177871,1652711,1809209856,0.3701792770298198,1.4161854509729892,0.18431978800799698,0.35056607055664063,2.321326414006762,0.0032665565194975547
5113,16384,1178723,1656763,1810518528,0.34490097302477807,1.4223080419469625,0.18030120304320008,0.35644207763671876,2.3040295529644936,0.0033531389705853446
5114,16384,1183857,1660915,1818404352,0.31343304901383817,1.4180285000475124,0.1797172169899568,0.34039328002929686,2.2516450830735266,0.003243716937075903
5115,6172,536954,675401,824761344,0.11940635705832392,0.4002734349342063,0.0824158830801025,0.15209266662597656,0.7542617530561984,0.00973287552916964
5116,16384,1187054,1664965,1823314944,0.29226855002343655,1.4236050919862464,0.18062211200594902,0.34960028076171873,2.2461729819187894,0.0034256997149366914
5117,16384,1169945,1641942,1797035520,0.2805482739349827,1.4014833780238405,0.17848264705389738,0.3499449462890625,2.2105310190236196,0.003246899555756258
5118,16384,1177717,1651738,1808973312,0.29908244498074055,1.413564907037653,0.17895305098500103,0.3556196594238281,2.2472934119869024,0.0032639066749438656
5119,16384,1175718,1656002,1805902848,0.28375735192094,1.4086815590271726,0.17864931805524975,0.3554701843261719,2.2266283709323034,0.003141862543486031
5120,16384,1181928,1659882,1815441408,0.2775474500376731,1.4207893069833517,0.17983162601012737,0.36511917114257814,2.243359553045593,0.0032094218586122213
5121,6172,538007,676918,826378752,0.10616979701444507,0.6480050340760499,0.08237647300120443,0.15021023559570312,0.9868331820471212,0.007259824762891003
5122,16384,1186822,1665789,1822958592,0.274175240076147,1.4186670589260757,0.1804676620522514,0.3557850646972656,2.2291712150909007,0.0034178325399582413
5123,16384,1167783,1640917,1793714688,0.2673768950626254,1.4023829009383917,0.1787983950925991,0.3485860900878906,2.1972162420861423,0.003275094333330049
5124,16384,1178128,1652655,1809604608,0.2865674499189481,1.4097709140041843,0.17931381205562502,0.35488119506835936,2.230608496000059,0.003367912974273841
5125,16384,1177733,1655553,1808997888,0.2733335100347176,1.4124635600019246,0.17892718489747494,0.3552003173828125,2.2199962970335037,0.003230848477984426
5126,16384,1182878,1659966,1816900608,0.2655514049110934,1.4209908980410546,0.18010210699867457,0.3349180297851562,2.2016352500068024,0.003307099612590008
5127,6172,538290,676423,826813440,0.10569912800565362,0.650381393963471,0.08281760895624757,0.15374847412109374,0.9927190389716998,0.0072965181879504366
5128,16384,1185474,1663429,1820888064,0.2649552640505135,1.418453341932036,0.18052082206122577,0.35187478637695313,2.215876884991303,0.0032795400803487633
5129,16384,1167859,1640009,1793831424,0.2604316850192845,1.4010014510713518,0.17906699690502137,0.3493868103027344,2.1899585560895503,0.0032700523468484712
5130,16384,1177270,1652254,1808286720,0.27943476696964353,1.4097447691019624,0.17871228698641062,0.35296881103515626,2.220934338052757,0.0033186014697315948
5131,16384,1175994,1653874,1806326784,0.2677699710475281,1.292715743998997,0.1788796519394964,0.3545799560546875,2.094019465963356,0.003540698825981095
5132,16384,1183021,1662133,1817120256,0.2623965360689908,1.4194964519701898,0.17936359206214547,0.35489816284179687,2.216228184988722,0.003313830502503038
5133,6172,538927,677547,827791872,0.10361011896748096,0.6485904870787635,0.08248939795885235,0.145959228515625,0.9807202600641176,0.007242385651447127
5134,16384,1185322,1664536,1820654592,0.2607374519575387,1.4211808090331033,0.18137413798831403,0.33413052368164065,2.19749331404455,0.0032032581625335496
5135,16384,1168331,1641000,1794556416,0.2576341669773683,1.4015535209327936,0.1775909560965374,0.3511476440429688,2.187998390989378,0.003295383580119339
5136,16384,1177403,1652232,1808491008,0.2756756009766832,1.4141390130389482,0.18014785600826144,0.3545718688964844,2.2246104140067473,0.003419703777838414
5137,16384,1176018,1654696,1806363648,0.26522504398599267,1.4093763909768313,0.17885795899201185,0.3527478942871094,2.2062778059626,0.003196230341629116
5138,16384,1183271,1660548,1817504256,0.25944138900376856,1.4216800139984116,0.1804572279797867,0.3336509704589844,2.195300795021467,0.003242998894603659
5139,6172,538285,677062,826805760,0.10289376298896968,0.6485741620417684,0.08234829502180219,0.1504257354736328,0.9843129320070148,0.007210763826593598
5140,16384,1186457,1664986,1822397952,0.25788722198922187,1.4195663840509951,0.18025030998978764,0.3567733154296875,2.214549581054598,0.0032670117447428345
5141,16384,1167536,1640799,1793335296,0.25653944397345185,1.4027462230296806,0.17744327697437257,0.35318023681640626,2.1899813530035317,0.003295562746306144
5142,16384,1178262,1651880,1809810432,0.2745839109411463,1.41098992805928,0.17938101198524237,0.3558331909179687,2.2208615079289302,0.0033079966954590906
5143,16384,1177392,1655473,1808474112,0.26382076798472553,1.413714688969776,0.17939885903615505,0.33188351440429686,2.1888885640073568,0.0032314853102337515
5144,16384,1183959,1661071,1818561024,0.25687741592992097,1.4200965270865709,0.18011142301838845,0.35646173095703126,2.2136192510370165,0.003259550849639755
5145,6172,537805,677104,826068480,0.10333582398016006,0.6475255000405014,0.08199093595612794,0.15268080139160156,0.985607368987985,0.0075392719182220585
5146,16384,1185593,1665023,1821070848,0.2573103120084852,1.4180762480245903,0.18089521396905184,0.3527791748046875,2.2091467069694772,0.0038819586943577428
5147,16384,1168073,1640428,1794160128,0.26721244503278285,1.4058299360331148,0.17815634596627206,0.35081686401367185,2.202104242052883,0.004025740714201155
5148,16384,1176681,1650623,1807382016,0.32278581394348294,1.4136107109952718,0.1807848960161209,0.351505859375,2.2687758079264313,0.0039019984366173996
5149,16384,1176360,1654187,1806888960,0.3310560849495232,1.4094918840564787,0.1798275519395247,0.3534129638671875,2.273875026963651,0.003805932600114123
5150,16384,1181565,1659912,1814883840,0.34398662799503654,1.424033107003197,0.18067493999842554,0.3623248291015625,2.3111060300143436,0.0037439180633896097
5151,6172,538457,677957,827069952,0.14608713099732995,0.6471254179487005,0.08342573407571763,0.15362136840820312,1.030344162019901,0.008202170989562663
5152,16384,1186850,1666250,1823001600,0.373990094056353,1.4126354529289529,0.1811078580794856,0.35727944946289064,2.3251205310225487,0.00463100701361466
5153,16384,1169581,1642410,1796476416,0.34849322598893195,1.3959907479584217,0.1787753599928692,0.3498540344238281,2.2731854430167004,0.0031706455305309683
5154,16384,1176398,1650809,1806947328,0.34790511697065085,1.4059331369353458,0.17937165102921426,0.3561181640625,2.289401316898875,0.00319943474406878
5155,16384,1175763,1654551,1805971968,0.32342938997317106,1.4062358380760998,0.17857645393814892,0.34593838500976565,2.2542553819948807,0.0033410144341613594
5156,16384,1181751,1659471,1815169536,0.3088248990243301,1.4159803480142727,0.18057635996956378,0.33973248291015623,2.2451989330584183,0.003778869606896716
5157,6172,537228,676224,825182208,0.11650730099063367,0.647436875035055,0.08216167392674834,0.15060406494140624,0.9967817349825054,0.007205197099995512
5158,16384,1185353,1665648,1820702208,0.28393878194037825,1.4161946290405467,0.18039049301296473,0.3367577819824219,2.217353514977731,0.0032394023295803927
5159,16384,1168765,1641389,1795223040,0.2788654080359265,1.4046232090331614,0.17853087896946818,0.3497784729003906,2.211876397021115,0.003545771466877846
5160,16384,1177407,1651528,1808497152,0.2954329689964652,1.4096798810642213,0.1788324259687215,0.35334713745117186,2.2373651090310887,0.003249159031559235
5161,16384,1176816,1654484,1807589376,0.2829683010932058,1.4113630539504811,0.17925052403006703,0.34187338256835936,2.2155326430220157,0.003492676135743191
5162,16384,1182842,1659983,1816845312,0.2781249260297045,1.4174175490625203,0.17991960793733597,0.35357931518554686,2.2291142340982333,0.0032674809577510084
5163,6172,537955,677387,826298880,0.10790250997524709,0.6506182800512761,0.08263654296752065,0.15490293884277342,0.9961347369244322,0.007475403161313847
5164,16384,1185983,1664018,1821669888,0.2715081850765273,1.417862620903179,0.1804386890726164,0.35519766235351563,2.2250786420190707,0.0032126780547180158
5165,16384,1167379,1639691,1793094144,0.2662245440296829,1.3995739429956302,0.17840983695350587,0.35780374145507815,2.2020849300315604,0.0033088913451692894
5166,16384,1177329,1651796,1808377344,0.2834843739401549,1.412090238998644,0.17896002100314945,0.35381057739257815,2.2284176639514044,0.0032513032924507087
5167,16384,1177629,1656249,1808838144,0.27178201894275844,1.4099323460832238,0.17907162592746317,0.34550979614257815,2.206369878957048,0.0033580888558573645
5168,16384,1182768,1660654,1816731648,0.26758761890232563,1.4227020820835605,0.17994771897792816,0.35493988037109375,2.2252506529912353,0.0032963772520924286
5169,6172,537134,675973,825037824,0.10507116897497326,0.647783802007325,0.08183957205619663,0.15402700805664063,0.9887957449536771,0.00750345649444994
5170,16384,1187008,1666497,1823244288,0.2644171949941665,1.417438043979928,0.1804172130068764,0.35699069213867185,2.2193342320388183,0.003203119122365987
5171,16384,1170375,1642524,1797696000,0.26210920908488333,1.4047910219524056,0.1780043700709939,0.3495641174316406,2.1945412470959127,0.0033049529638812455
5172,16384,1176988,1651533,1807853568,0.27858423709403723,1.4137312700040638,0.17955976095981896,0.3525289306640625,2.224482201039791,0.0035065381854685776
5173,16384,1176898,1654230,1807715328,0.2678786179749295,1.4091249379562214,0.1794407480629161,0.34062774658203127,2.197142174001783,0.003191574332992678
5174,16384,1184067,1661540,1818726912,0.26096648490056396,1.42165463604033,0.1799278079997748,0.3560434265136719,2.218667456996627,0.003384984173701633
5175,6172,537739,676345,825967104,0.10329907911363989,0.650295628933236,0.08241495105903596,0.14986473083496094,0.9859461610903963,0.007279418730544923
5176,16384,1186153,1664579,1821931008,0.26085773191880435,1.4168537290534005,0.18045648199040443,0.35597552490234374,2.214214519946836,0.0032089068716190483
5177,16384,1167885,1640626,1793871360,0.25969427509699017,1.4039242749568075,0.17844399099703878,0.3518894348144531,2.194022244075313,0.0032027118327213502
5178,16384,1178284,1653039,1809844224,0.2761452200356871,1.4123669969849288,0.1788341230712831,0.3552083740234375,2.2226289220852777,0.0033387476066754143
5179,16384,1176961,1656135,1807812096,0.26458312396425754,1.32831451902166,0.17867033404763788,0.35138433837890626,2.123025030014105,0.003425046837201134
5180,16384,1182828,1661783,1816823808,0.2582037099637091,1.4184135530376807,0.1807239759946242,0.35580709838867186,2.2132231619907543,0.003380798075560675
5181,6172,537364,675429,825391104,0.10326480900403112,0.6471173031022772,0.08225300593767315,0.15287545776367187,0.9855829530861229,0.007343600885435875
5182,16384,1187409,1666163,1823860224,0.2577083979267627,1.4221345130354166,0.18074873997829854,0.34261886596679686,2.20328796596732,0.0035151583107408723
5183,16384,1168788,1641477,1795258368,0.25505941605661064,1.4050148979295045,0.1779098369879648,0.35056134033203123,2.1886208170326427,0.003441698349258943
5184,16384,1178144,1653526,1809629184,0.27354417101014405,1.415328869014047,0.1802408000221476,0.3401694946289063,2.209359145956114,0.003431369725820114
5185,16384,1177443,1655867,1808552448,0.2627853499725461,1.4110800130292773,0.1793011479312554,0.3549588623046875,2.208195252926089,0.0031645611152323213
5186,16384,1184840,1663505,1819914240,0.25755392597056925,1.4244597009383142,0.1806923020631075,0.3397848815917969,2.2025707659777254,0.003630095122151046
5187,6172,538024,676733,826404864,0.10238473094068468,0.6480125739471987,0.08230295509565622,0.15209487915039063,0.9848766688955948,0.008278169667269953
5188,16384,1185514,1663022,1820949504,0.2651235299417749,1.4218309730058536,0.18219132407102734,0.35937783813476565,2.2286108050029725,0.003910052367851855
5189,16384,1168363,1641477,1794605568,0.297582314000465,1.406438309000805,0.17909911996684968,0.35394757080078126,2.237155755981803,0.003953332827438666
5190,16384,1178130,1651793,1809607680,0.34280765894800425,1.4163620300823823,0.1798103719484061,0.3540076904296875,2.293072861037217,0.0037115972275993322
5191,16384,1178616,1656183,1810354176,0.35677219298668206,1.4159035630291328,0.18026549590285867,0.3569967956542969,2.3100211180280894,0.0035960907227566463
5192,16384,1183037,1661133,1817144832,0.36906112101860344,1.4205661199521273,0.17993174504954368,0.35250518798828123,2.3221695709507912,0.004538727212431492
5193,6172,537039,676470,824891904,0.14690844097640365,0.6430308970157057,0.08222958899568766,0.14829750061035157,1.0205369959585369,0.006914826279476739
5194,16384,1185816,1663862,1821413376,0.3558684129966423,1.4162837560288608,0.18049088993575424,0.35779901123046876,2.3105160100385547,0.0032001443187194673
5195,16384,1167299,1640060,1792971264,0.33071490994188935,1.328835261054337,0.1799873720156029,0.35792901611328126,2.197539374930784,0.0033135154029185587
5196,16384,1176454,1649738,1807033344,0.33135109196882695,1.407009367016144,0.1789454580284655,0.3516430969238281,2.2690314219798893,0.0036318599128339307
5197,16384,1177664,1657267,1808891904,0.30925579997710884,1.4118997609475628,0.1792855840176344,0.35661529541015624,2.257127551943995,0.0031505349120109325
5198,16384,1184712,1661750,1819717632,0.28980713698547333,1.4237976530566812,0.17993654601741582,0.3567766418457031,2.2503954140702263,0.0034410026108544125
5199,6172,538025,677563,826406400,0.11220899503678083,0.6476041380083188,0.08218029898125678,0.15280204772949219,0.9948648989666253,0.006977752541952149
5200,16384,1186834,1665134,1822977024,0.28300501499325037,1.4251104469876736,0.1810858059907332,0.3560132751464844,2.245284875971265,0.0031324690188063564
5201,16384,1169912,1642132,1796984832,0.2792932540178299,1.4008598870132118,0.17787809297442436,0.35088583374023435,2.2089911110233516,0.003351904735217523
5202,16384,1178310,1651703,1809884160,0.2925840230891481,1.4132649819366634,0.17936976300552487,0.35297998046875,2.2382738180458546,0.00335390358243214
5203,16384,1177372,1655847,1808443392,0.2786381309852004,1.4119936920469627,0.17906388989649713,0.35306802368164064,2.2228354039834812,0.0032241421497963994
5204,16384,1184405,1661928,1819246080,0.27047013700939715,1.4238919509807602,0.18025506497360766,0.3423326416015625,2.217027580947615,0.0035085888401347135
5205,6172,537780,676836,826030080,0.10688152792863548,0.647152106044814,0.08218520903028548,0.1497096710205078,0.9860105499392375,0.00831998349306079
5206,16384,1185581,1663635,1821052416,0.2699359970865771,1.4174671699292958,0.1802418000297621,0.35862786865234375,2.226354609010741,0.0036729689166105015
5207,16384,1168418,1641816,1794690048,0.2664874939946458,1.4008715690579265,0.17843109893146902,0.3546546630859375,2.200527272070758,0.0037466929778985484
5208,16384,1176270,1650038,1806750720,0.28296065307222307,1.410706295981072,0.17887693096417934,0.34022406005859374,2.2128408539574593,0.0032950350343044954
5209,16384,1176414,1654607,1806971904,0.2715950380079448,1.4131597760133445,0.17899011098779738,0.35415289306640624,2.2179673219798133,0.0031336757594032628
5210,16384,1183363,1661398,1817645568,0.26359210594091564,1.4213108640396968,0.18020539393182844,0.35700067138671876,2.2221815689699724,0.0032640748994397116
5211,6172,538084,676989,826497024,0.10473623999860138,0.6111220639431849,0.08366041001863778,0.15351925659179688,0.9531142669729888,0.008004960518554325
5212,16384,1185660,1665557,1821173760,0.2636540459934622,1.4207533249864355,0.1804715869948268,0.3531311340332031,2.2180888229049742,0.003549492528598299
5213,16384,1168059,1640444,1794138624,0.262159232981503,1.396942103980109,0.1776055929949507,0.3516360168457031,2.1884230149444193,0.003658714133719111
5214,16384,1177720,1651703,1808977920,0.28246167302131653,1.413391649024561,0.17915883695241064,0.35163174438476563,2.2267205349635333,0.0034414547886087083
5215,16384,1175679,1654392,1805842944,0.2666802399326116,1.4099810140905902,0.18013748701196164,0.35569448852539065,2.2125633870018646,0.0031708669556236623
5216,16384,1182815,1660026,1816803840,0.263122588978149,1.4188987449742854,0.18077563506085426,0.3383670959472656,2.201239677029662,0.003434976658684307
5217,6172,537533,676875,825650688,0.1018940539797768,0.6456484469817951,0.08224660402629524,0.15160922241210936,0.9814683930017054,0.007138854621141093
5218,16384,1185698,1664894,1821232128,0.26079864194616675,1.418120299000293,0.18142735806759447,0.3591595153808594,2.2195870449068025,0.003659712831506394
5219,16384,1169361,1640278,1796138496,0.2587140320101753,1.4009720250032842,0.17774465994443744,0.35038775634765623,2.18789358693175,0.0034331480582884643
5220,16384,1177389,1651379,1808469504,0.2773870340315625,1.4143196829827502,0.18019760097377002,0.3553582763671875,2.227341335033998,0.0035351868835264443
5221,16384,1177477,1655413,1808604672,0.26520663290284574,1.413245399016887,0.1788464040728286,0.35476190185546874,2.212147143902257,0.003924063300501071
5222,16384,1181806,1660543,1815254016,0.25907675409689546,1.415160293923691,0.17982354201376438,0.35786215209960937,2.212002051062882,0.003585391292193018
5223,6172,537968,676838,826318848,0.10431920492555946,0.6472865100950003,0.08223516691941768,0.15134991455078126,0.9852642539190128,0.0074556067534133266
5224,16384,1185149,1662604,1820388864,0.25775163900107145,1.417323310044594,0.18004928692243993,0.35911312866210937,2.2143087449949235,0.0032235958454355745
5225,16384,1169063,1642004,1795680768,0.2568077900214121,1.4006938070524484,0.17797708802390844,0.35058419799804685,2.1861311090178788,0.003120852257285928
5226,16384,1177684,1651259,1808922624,0.2742656199261546,1.4143067800905555,0.1790569289587438,0.3543041687011719,2.2220182799501345,0.0038155524764760585
5227,16384,1175937,1653949,1806239232,0.2624750309623778,1.2124724300811067,0.1794558099936694,0.35441375732421876,2.0088962969603017,0.003945878094812736
5228,16384,1183481,1661213,1817826816,0.25839219405315816,1.4216946969972923,0.18126869504339993,0.3513176879882812,2.212767058983445,0.004238354007153543
5229,6172,537310,676560,825308160,0.11181713500991464,0.649886755971238,0.08202656300272793,0.1501030731201172,0.993917669984512,0.008465779717508497
5230,16384,1184426,1663198,1819278336,0.3031781080644578,1.4339834320126101,0.17471077293157578,0.35824676513671877,2.2702098470181227,0.003998259142409015
5231,16384,1167924,1641281,1793931264,0.3190686060115695,1.3909373179776594,0.17238700098823756,0.3549432067871094,2.237421373021789,0.003809799005275648
5232,16384,1177488,1651139,1808621568,0.3594718800159171,1.4045407350640744,0.17371380189433694,0.35491629028320315,2.2927299700677395,0.003806065753369571
5233,16384,1176127,1654792,1806531072,0.36513830989133567,1.3961290590232238,0.1722828890196979,0.3466220703125,2.2802955539664254,0.00540393632105364
5234,16384,1183705,1660830,1818170880,0.35913478303700686,1.3980928529053926,0.17317141499370337,0.3572516784667969,2.2877403190359473,0.003916075277524479
5235,6172,538103,676843,826526208,0.1334371359553188,0.6432673799572513,0.07972251006867737,0.15012025451660158,1.0066163989249617,0.0068664117916690266
5236,16384,1186214,1665413,1822024704,0.32340436696540564,1.4003934010397643,0.1734102499904111,0.3429662170410156,2.2402463039616123,0.003217008990856116
5237,16384,1168510,1641584,1794831360,0.30519189697224647,1.3817111320095137,0.17127271799836308,0.34837481689453126,2.2066206670133397,0.003176945622468363
5238,16384,1177054,1652423,1807954944,0.31027757399715483,1.3963678689906374,0.17247176903765649,0.3528165893554687,2.2320065540261567,0.003259517545236702
5239,16384,1176770,1653730,1807518720,0.2881455239839852,1.3992836700053886,0.17240739800035954,0.33932650756835936,2.199235482956283,0.0032912982148066558
5240,16384,1183079,1662319,1817209344,0.2774728920776397,1.4027364569483325,0.17339186393655837,0.35818173217773436,2.2118528509745374,0.00316051016872819
5241,6172,537507,676998,825610752,0.10839927301276475,0.6427429990144446,0.07953323307447135,0.1526313934326172,0.9833792510908097,0.007357543534853571
5242,16384,1186195,1665243,1821995520,0.27512500702869147,1.4048923049122095,0.17398611304815859,0.34036984252929686,2.1944476530188695,0.0033897140544976545
5243,16384,1169973,1643170,1797078528,0.2697181069524959,1.3913161479867995,0.17308665800374,0.3392154235839844,2.173409968963824,0.0033878760959119934
5244,16384,1177851,1651264,1809179136,0.2832783890189603,1.3994152139639482,0.17324440507218242,0.3526007080078125,2.208613043068908,0.0033653249598375847
5245,16384,1176510,1654830,1807119360,0.2702408710028976,1.3957043569535017,0.17253082804381847,0.3490353698730469,2.187581365928054,0.003197140727121071
5246,16384,1183149,1660704,1817316864,0.26349297002889216,1.4068801299436018,0.17340918898116797,0.3569931945800781,2.2008464760147035,0.0032256898305875036
5247,6172,537232,676430,825188352,0.10401340003591031,0.6395328799262643,0.07929727202281356,0.15017507934570312,0.9730852260254323,0.006843665175468236
5248,16384,1187182,1666746,1823511552,0.26187971199397,1.4058489389717579,0.173800936085172,0.3548209228515625,2.1964221179950982,0.0032602154225854986
5249,16384,1167655,1640215,1793518080,0.25990011903923005,1.3879272239282727,0.1715792720206082,0.35384051513671877,2.1733397289644927,0.004260670268372956
5250,16384,1177921,1651481,1809286656,0.2766598720336333,1.3953276108950377,0.1727100641001016,0.35065533447265623,2.1954252449795604,0.0032961030350234844
5251,16384,1175238,1655248,1805165568,0.26766222005244344,1.3926463859388605,0.17317800607997924,0.35274563598632813,2.18631002609618,0.0035575027164681727
5252,16384,1183184,1661133,1817370624,0.2617929090047255,1.402350931079127,0.17322174494620413,0.35672708129882813,2.1941670060623437,0.003388061768016386
5253,6172,537597,676138,825748992,0.09973801102023572,0.6404083020752296,0.07939558394718915,0.14671897888183594,0.9663295360514894,0.007105249755644655
5254,16384,1186847,1664701,1822996992,0.25769819191191345,1.4073058110661805,0.1738459529587999,0.3576765441894531,2.1965955540072173,0.0031436775306374785
5255,16384,1167622,1640137,1793467392,0.25420564401429147,1.3882348409388214,0.17233335401397198,0.3485076293945312,2.1633505430072546,0.003192947433401794
5256,16384,1176328,1650408,1806839808,0.27257059107068926,1.4130007700296119,0.17197467398364097,0.3562955932617187,2.2139113030862063,0.0031471333313311304
5257,16384,1178598,1657030,1810326528,0.2591510829515755,1.3965518650365993,0.17175671004224569,0.35487850952148436,2.182408523047343,0.003223754613080025
5258,16384,1182717,1661026,1816653312,0.25525622500572354,1.4175655000144616,0.17385896597988904,0.3333249816894531,2.1800802460638806,0.0034206710733745258
5259,6172,537663,676596,825850368,0.10117559810169041,0.6420853160088882,0.07908003497868776,0.15332243347167968,0.9757287900429219,0.006703449016098388
5260,16384,1185991,1663681,1821682176,0.25281647709198296,1.3328707099426538,0.17374265403486788,0.35565890502929687,2.11516288400162,0.003505068256415685
5261,16384,1168168,1642103,1794306048,0.2536620020400733,1.3880946430144832,0.17097903694957495,0.34969161987304687,2.1624985110247508,0.0032929108255690823
5262,16384,1178115,1653510,1809584640,0.27083249599672854,1.3974102239590138,0.17238700005691499,0.3368562927246094,2.177557516959496,0.0032836892560640005
5263,16384,1176210,1654403,1806658560,0.25671436300035566,1.3988590670051053,0.17323215794749558,0.3453509826660156,2.1742284779902548,0.0033072591961069544
5264,16384,1183873,1660603,1818428928,0.2541573609923944,1.4077501919819042,0.17398188600782305,0.3549564514160156,2.1909227470168844,0.003507956583665878
5265,6172,536878,675715,824644608,0.10027757205534726,0.6396622109459713,0.07912388001568615,0.1506056365966797,0.9697379290591925,0.007077112635441528
5266,16384,1185412,1663717,1820792832,0.2525114589370787,1.4029024021001533,0.17382584093138576,0.35615704345703125,2.1854664479615167,0.003189366550678097
5267,16384,1169253,1642230,1795972608,0.249758074991405,1.387802304001525,0.17114678595680743,0.3518616943359375,2.160650731995702,0.003789261670768259
5268,16384,1177018,1649724,1807899648,0.26623718498740345,1.4020654810592532,0.17254630592651665,0.35631576538085935,2.197238238994032,0.0033451829981330844
5269,16384,1176900,1655717,1807718400,0.2566996910609305,1.398490311927162,0.17369774205144495,0.35091729736328126,2.1798717560013756,0.00306043685243964
5270,16384,1182532,1660442,1816369152,0.2543380750576034,1.4127632409799844,0.17581852106377482,0.34137750244140624,2.184381302096881,0.0038437682116866582
5271,6172,538418,676484,827010048,0.11643464991357177,0.6438866390381008,0.07932552497368306,0.15252003479003906,0.9922516519436613,0.008546544427557574
5272,16384,1186114,1665067,1821871104,0.3088778869714588,1.4079687810735777,0.17521776596549898,0.3470818176269531,2.2392331070732325,0.0038788027682197094
5273,16384,1168478,1641678,1794782208,0.32572222396265715,1.3918380519608036,0.1736509440233931,0.33835247802734375,2.229655642993748,0.004123731834526716
5274,16384,1178762,1654422,1810578432,0.3668573860777542,1.4048279830021784,0.1739104159642011,0.35221865844726563,2.2978990679839626,0.0036826897117563325
5275,16384,1178778,1656161,1810603008,0.3704442249145359,1.39379863999784,0.17326489300467074,0.35615115356445315,2.293763937894255,0.004578780362705212
5276,16384,1183401,1661227,1817703936,0.34960736497305334,1.4007376809604466,0.1737216010224074,0.34395220947265626,2.2680902789579704,0.0031490161599538272
5277,6172,536995,675934,824824320,0.13126316107809544,0.6400844939053059,0.07974237203598022,0.14542854309082032,0.9965879040537402,0.006957132758318581
5278,16384,1186138,1665361,1821907968,0.31500924192368984,1.4024047680431977,0.1739299229811877,0.3597607727050781,2.2511769679840654,0.0032099800211027037
5279,16384,1168477,1641328,1794780672,0.2998073729686439,1.3868615441024303,0.17101736890617758,0.33181320190429686,2.1895891530439258,0.004095067892190322
5280,16384,1177113,1651832,1808045568,0.3078280290355906,1.3999696689425036,0.17272308701649308,0.35023272705078123,2.230829105945304,0.0033886011139900958
5281,16384,1178701,1657241,1810484736,0.28339706000406295,1.3987177580129355,0.1725175529718399,0.34310076904296877,2.1978049220051616,0.003266075739296167
5282,16384,1182317,1661138,1816038912,0.2767599819926545,1.407264234032482,0.17299341200850904,0.3564874267578125,2.2135759600205347,0.0032031983702941573
5283,6172,537574,676504,825713664,0.11029002291616052,0.6433618750888854,0.07972294092178345,0.15360252380371095,0.9870446309214458,0.006815111373698903
5284,16384,1186812,1665575,1822943232,0.2731294729746878,1.405940638971515,0.17403908597771078,0.3577980346679687,2.2109794749412686,0.0032674364554246163
5285,16384,1169172,1641866,1795848192,0.26889902993571013,1.3891915450803936,0.17161313898395747,0.35506539916992186,2.184835887979716,0.003056284918264809
5286,16384,1177515,1650721,1808663040,0.2824818320805207,1.4007249330170453,0.17268950399011374,0.34149560546875,2.1974649759940803,0.0033266258370122136
5287,16384,1175848,1654581,1806102528,0.2711966849165037,1.4110413120361045,0.1720806029625237,0.35271755981445313,2.2071053489344195,0.0031348392530399804
5288,16384,1183775,1660668,1818278400,0.2632143769878894,1.4032208530697972,0.1733164369361475,0.34663546752929686,2.1864576160442084,0.0032235484721979146
5289,6172,537798,676876,826057728,0.10387883998919278,0.6414549100445583,0.07919037097599357,0.15044383239746092,0.9750402560457587,0.007415349069410594
5290,16384,1185901,1664474,1821543936,0.2633080829400569,1.4031422350089997,0.1737617860781029,0.3438871765136719,2.1841699689393863,0.0032363964142126233
5291,16384,1168116,1642708,1794226176,0.25921112892683595,1.3868265580385923,0.17058063799049705,0.33294232177734373,2.1496336319250986,0.0033952386465214758
5292,16384,1177027,1652058,1807913472,0.3045346039580181,1.3436407740227878,0.17180416302289814,0.35611376953125,2.1761672240681946,0.0033965006192135864
5293,16384,1176837,1656186,1807621632,0.2649647989310324,1.3970964780310169,0.17179466201923788,0.3306253662109375,2.164552666945383,0.003296836073707355
5294,16384,1181971,1660195,1815507456,0.25749013503082097,1.416235186974518,0.176069839973934,0.34683358764648436,2.1966987820342183,0.0031880751714154438
5295,6172,536424,675831,823947264,0.10315879003610462,0.641387174022384,0.08070668298751116,0.15382943725585937,0.9791508499765769,0.007022990861861765
5296,16384,1186296,1665086,1822150656,0.25942790193948895,1.4088071420555934,0.17781230492983013,0.35537139892578123,2.201488761929795,0.0031803059962060105
5297,16384,1169054,1642341,1795666944,0.2583933100104332,1.3923567710444331,0.17543124803341925,0.3493010864257812,2.175555702066049,0.003368635972525766
5298,16384,1177905,1652646,1809262080,0.27667579194530845,1.404822581098415,0.17601933795958757,0.3565509033203125,2.214140014955774,0.0032247568658003807
5299,16384,1178193,1656823,1809704448,0.2623039960162714,1.4050285839475691,0.1759473349666223,0.35441213989257814,2.197767238947563,0.003420932080035911
5300,16384,1182770,1660906,1816734720,0.25926614401396364,1.409960598917678,0.17682355304714292,0.33868597412109375,2.184808901976794,0.0033244041092021018
5301,6172,538553,676746,827217408,0.10249570198357105,0.6477350239874795,0.08092411304824054,0.15367420959472655,0.9849024279974401,0.00745042161908811
5302,16384,1186594,1666125,1822608384,0.2578613089863211,1.4112040970940143,0.1778601820115,0.35624688720703124,2.203245572047308,0.0033176850265387798
5303,16384,1169458,1641263,1796287488,0.26044761505909264,1.3930781310191378,0.17476575495675206,0.35282785034179687,2.1811993940500543,0.0036696632821884437
5304,16384,1176405,1651472,1806958080,0.27460934198461473,1.4027954740449786,0.17564041900914162,0.33939328002929686,2.192509146989323,0.003221510906273662
5305,16384,1176861,1655994,1807658496,0.2598140590125695,1.399947761092335,0.17576585698407143,0.3564920654296875,2.1920958020491526,0.0034697174465572146
5306,16384,1182964,1661029,1817032704,0.2594796009361744,1.4119674799731001,0.17715260502882302,0.3567939758300781,2.205461759935133,0.003087705631287467
5307,6172,538205,677045,826682880,0.1024228020105511,0.6447783189360052,0.08078924496658146,0.15452883911132811,0.982591068954207,0.0073137169685054335
5308,16384,1187076,1664691,1823348736,0.25658783700782806,1.3564941280055791,0.1774078079033643,0.3579644470214844,2.1485257840249687,0.0033308460733938268
5309,16384,1168166,1640692,1794302976,0.25340063497424126,1.3944207390304655,0.1742235670099035,0.3521750183105469,2.1742944159777835,0.003424405272780211
5310,16384,1177649,1652653,1808868864,0.2714440650306642,1.4019618820166215,0.17629728594329208,0.3353873291015625,2.1851619550725445,0.003267171123799018
5311,16384,1178897,1657814,1810785792,0.26101689401548356,1.4080761299701408,0.17813223495613784,0.3560367431640625,2.2033489970490336,0.003948305208375863
5312,16384,1182183,1659248,1815833088,0.27554487297311425,1.4126002890989184,0.17736795300152153,0.36154617309570314,2.2271477030590177,0.0039698709537204025
5313,6172,537754,676143,825990144,0.12246362399309874,0.6446989040123299,0.08104711305350065,0.15094508361816406,0.99923828500323,0.008362402380968184
5314,16384,1186529,1665289,1822508544,0.32268902799114585,1.4146862350171432,0.17942808393854648,0.3437239685058594,2.2606111000059173,0.003706278944760741
5315,16384,1167896,1641549,1793888256,0.3425630929414183,1.396044500055723,0.17683436896186322,0.33632498168945313,2.2518518730066717,0.003771533964209588
5316,16384,1176813,1650532,1807584768,0.3795245779911056,1.4106556869810447,0.17721698607783765,0.3525181884765625,2.320006935042329,0.0039437604429748445
5317,16384,1175405,1654081,1805422080,0.3714509620331228,1.396865535993129,0.1756624219706282,0.33917510986328125,2.283255669986829,0.00445154381982153
5318,16384,1182638,1659707,1816531968,0.3465717099606991,1.407278168015182,0.1765284090070054,0.356540283203125,2.2869882360100746,0.003046182003316926
5319,6172,537459,676754,825537024,0.1275375820696354,0.6432713859248906,0.08124898304231465,0.15313906860351562,1.0052688820287585,0.007148573847939081
5320,16384,1185291,1663046,1820606976,0.3152234310982749,1.4104251149110496,0.17712184903211892,0.35209735107421875,2.2549402660224587,0.00321604558175259
5321,16384,1169379,1642088,1796166144,0.29836441099178046,1.3943825089372694,0.1749402980785817,0.35485186767578125,2.2226084789726883,0.0031221553382970056
5322,16384,1177409,1651751,1808500224,0.30534507893025875,1.4025964400498196,0.1760600779671222,0.3552384033203125,2.239315032027662,0.0033506567443803746
5323,16384,1178039,1656208,1809467904,0.2865101400529966,1.4035775490337983,0.17618053790647537,0.35464678955078127,2.220988188055344,0.0032945475210445357
5324,16384,1182199,1659702,1815857664,0.3093498379457742,1.1830630820477381,0.17728642001748085,0.361969482421875,2.0317396939499304,0.00348821836149224
5325,6172,537672,676484,825864192,0.10951985593419522,0.6436123180901632,0.0807736759306863,0.15406025695800782,0.9880367870209739,0.007153590721498893
5326,16384,1185638,1663886,1821139968,0.2745977179147303,1.4109626880381256,0.1769142560660839,0.3573543701171875,2.2199030839838088,0.0033358144423357656
5327,16384,1168408,1642720,1794674688,0.27135467692278326,1.3909973170375451,0.17436300194822252,0.35354348754882814,2.1903315499657765,0.0033358652208880166
5328,16384,1178006,1652734,1809417216,0.2861107049975544,1.4068277649348602,0.17522647604346275,0.3555810241699219,2.2238211339572445,0.0033799396137300865
5329,16384,1176703,1654059,1807415808,0.2712836229475215,1.404928570962511,0.17681785998865962,0.33123385620117185,2.1843367549590766,0.0033348731163948464
5330,16384,1183888,1662182,1818451968,0.26730069797486067,1.4139644029783085,0.17705847194883972,0.35783609008789063,2.2162303919903934,0.0031914100965938687
5331,6172,537993,676868,826357248,0.10595864604692906,0.6444530659355223,0.08099513105116785,0.15435328674316406,0.9858299529878423,0.007082683057798466
5332,16384,1184974,1664512,1820120064,0.26466014503967017,1.406113795004785,0.17704725603107363,0.35336090087890626,2.2012542840093374,0.0032793601096847247
5333,16384,1168112,1639426,1794220032,0.26138923701364547,1.3956131740706041,0.17460392892826349,0.3313778381347656,2.1630595000460744,0.003482192643976721
5334,16384,1177428,1652686,1808529408,0.27972846396733075,1.4069617200875655,0.17597394692711532,0.3537283020019531,2.21646657504607,0.003345056629323593
5335,16384,1175579,1654974,1805689344,0.26626690092962235,1.4007254620082676,0.1755572030087933,0.34958673095703124,2.19221646792721,0.0036570760537735164
5336,16384,1184444,1663324,1819305984,0.26239006500691175,1.4122418330516666,0.17713910900056362,0.3570601806640625,2.208904750063084,0.0033302631033519914
5337,6172,538187,677207,826655232,0.10188773192930967,0.6447442610515282,0.08096558495890349,0.14574339294433594,0.9734115039464086,0.007245965559832214
5338,16384,1187422,1664741,1823880192,0.26146072894334793,1.4110466270940378,0.17733800993300974,0.3542972717285156,2.2042096669320017,0.0030409644824737044
5339,16384,1168214,1641364,1794376704,0.2580421030288562,1.393925367970951,0.1753866410581395,0.35019879150390626,2.177629275014624,0.0035070915718957967
5340,16384,1177953,1649798,1809335808,0.27646804496180266,1.1842323850141838,0.1760700310114771,0.3533606872558594,1.990205041016452,0.0037128221266704525
5341,16384,1176660,1655855,1807349760,0.26389080192893744,1.403794693062082,0.17555395502131432,0.3544560546875,2.1977675119414926,0.003276381203536284
5342,16384,1183213,1659575,1817415168,0.25713327596895397,1.4091611980693415,0.17652437801007181,0.34294866943359376,2.1858383109793067,0.0032385514056627704
5343,6172,537940,676858,826275840,0.10243602201808244,0.646645582979545,0.08088113099802285,0.15137767028808594,0.9814125980483368,0.007355903596934331
5344,16384,1185868,1665679,1821493248,0.25748818600550294,1.4126690790290013,0.1771814819658175,0.3573858947753906,2.2047977020265535,0.003313694076061538
5345,16384,1169314,1641701,1796066304,0.2555313720367849,1.3946065970230848,0.17468647996429354,0.3531910705566406,2.1780844930326566,0.003166702305317981
5346,16384,1178903,1652583,1810795008,0.27240751904901117,1.4044189349515364,0.17612914997152984,0.3395260925292969,2.1925544610712677,0.0033187120860804706
5347,16384,1177208,1654252,1808191488,0.2611931380815804,1.4018765179207548,0.17555466701742262,0.3565292663574219,2.1952258551027626,0.0032919494554394238
5348,16384,1183728,1662518,1818206208,0.25806173705495894,1.4130036639980972,0.17777088994625956,0.354689697265625,2.203602295019664,0.003462818807904918
5349,6172,538098,676051,826518528,0.1012284510070458,0.645400064997375,0.08128128503449261,0.15342767333984375,0.9814053190639243,0.0069130138026747565
5350,16384,1185779,1663842,1821356544,0.2551625740015879,1.4108980189776048,0.17708409600891173,0.34669903564453125,2.1899139230372384,0.0032055325948692898
5351,16384,1168500,1640831,1794816000,0.25390853092540056,1.390919658006169,0.1747146110283211,0.3393274841308594,2.1589445199351758,0.0034385248782643632
5352,16384,1178086,1651677,1809540096,0.2721509059192613,1.4038543800124899,0.17600936198141426,0.3539303283691406,2.2060171419288963,0.0032713094208765767
5353,16384,1177546,1655605,1808710656,0.2586906040087342,1.4131202809512615,0.1793311320943758,0.33298812866210936,2.1842161850072443,0.003939138046597559
5354,16384,1183046,1660668,1817158656,0.28888668108265847,1.4145990159595385,0.17848588596098125,0.3530254211425781,2.235083300038241,0.003860969856597569
5355,6172,536954,675645,824761344,0.12553362303879112,0.6431760919513181,0.08158137905411422,0.15165267944335936,1.0020181749714538,0.007425163108771621
5356,16384,1187479,1665028,1823967744,0.3299652530113235,1.4171762169571593,0.17869107495062053,0.35581231689453124,2.2817340859910473,0.003910367030077714
5357,16384,1167080,1638607,1792634880,0.35163026093505323,1.394488432095386,0.17523709393572062,0.34194403076171875,2.2633852650178596,0.003775198650516538
5358,16384,1178432,1652690,1810071552,0.3834543029079214,1.4034312299918383,0.17601731803733855,0.33453060913085936,2.2975369039922953,0.004502383581205065
5359,16384,1177248,1654847,1808252928,0.4058578300755471,1.3936071519274265,0.17169795802328736,0.35169027709960937,2.3229297490324825,0.003294628545866706
5360,16384,1181387,1659609,1814610432,0.33426482998766005,1.397997118998319,0.1728044260526076,0.3664165344238281,2.27155365399085,0.003114367486370959
5361,6172,537639,676141,825813504,0.12554949696641415,0.650488491053693,0.07926702196709812,0.15098973083496095,1.0063644570764154,0.006927535423066466
5362,16384,1183514,1661708,1817877504,0.3030121960910037,1.3944816149305552,0.1732877850299701,0.3564582214355469,2.22730729309842,0.0030294702286122266
5363,16384,1168746,1640995,1795193856,0.28841599402949214,1.3934267329750583,0.17222007794771343,0.35065670776367186,2.204793525976129,0.0033569247787184646
5364,16384,1178601,1653920,1810331136,0.2983306930400431,1.3986466840142384,0.1726617079693824,0.3550343017578125,2.224746711086482,0.003295849574250984
5365,16384,1175717,1653502,1805901312,0.2806994339916855,1.3937013269169256,0.17215486208442599,0.3561217651367187,2.2027454240014777,0.0030886851916904277
5366,16384,1182844,1660739,1816848384,0.2754607308888808,1.4040958191035315,0.1732929399004206,0.3332695617675781,2.186187880928628,0.003148369306104857
5367,6172,537662,676682,825848832,0.10577187803573906,0.6402167669730261,0.07930504996329546,0.15513392639160156,0.980493784067221,0.006747896277760751
5368,16384,1185214,1665425,1820488704,0.2708115790737793,1.408926868927665,0.1735234169755131,0.358436279296875,2.211768286069855,0.003171299474011826
5369,16384,1169093,1641752,1795726848,0.265442886040546,1.3840900659561157,0.1709771789610386,0.3531192321777344,2.1736969359917566,0.0031086604210141732
5370,16384,1176740,1650721,1807472640,0.2795870660338551,1.3954350650310516,0.1724807940190658,0.35341806030273437,2.2009921030839905,0.0032311654905067726
5371,16384,1176362,1654837,1806892032,0.2694330629892647,1.3980253990739584,0.17204224492888898,0.34040863037109376,2.1799827410141006,0.003367166607051875
5372,16384,1182900,1660105,1816934400,0.2639716739067808,1.3642773639876395,0.1740975430002436,0.35816387939453126,2.160579783958383,0.0032085678900856587
5373,6172,537976,676531,826331136,0.1029641010100022,0.6402881419053301,0.07930506800767034,0.149791259765625,0.9724237249465659,0.007728550426140386
5374,16384,1186891,1664295,1823064576,0.26013165106996894,1.4023804129101336,0.17370648705400527,0.34768408203125,2.18397976399865,0.0035316688626772833
5375,16384,1168822,1643010,1795310592,0.25856547395233065,1.3884128429926932,0.17108541005291045,0.3309510498046875,2.1490847959648818,0.003258092113987563
5376,16384,1178063,1651633,1809504768,0.2745737050427124,1.396000390057452,0.1726129649905488,0.34519757080078123,2.1884588840184733,0.003392941376294813
5377,16384,1175950,1653740,1806259200,0.266690160962753,1.4008564649848267,0.17289716203231364,0.3525736389160156,2.193086876999587,0.0031667739388772324
5378,16384,1182745,1660642,1816696320,0.25813029101118445,1.4023736520903185,0.17311107798013836,0.3580798645019531,2.1917683340143412,0.003351103746089023
5379,6172,537958,676236,826303488,0.10126925306394696,0.6414319550385699,0.07929756690282375,0.15013058471679688,0.9722024530638009,0.0075183251629486044
5380,16384,1185591,1663467,1821067776,0.2554312340216711,1.4056922810850665,0.1736848399741575,0.35473114013671875,2.189610886038281,0.003260434131119232
5381,16384,1168539,1642175,1794875904,0.25403635401744395,1.386679121060297,0.17137567198369652,0.3472393493652344,2.159400285105221,0.003231854651052305
5382,16384,1178292,1652230,1809856512,0.27265249204356223,1.4034726220415905,0.17270859493874013,0.33945086669921876,2.188351914053783,0.003077125312369618
5383,16384,1176776,1653849,1807527936,0.2595412749797106,1.3950865070801228,0.1765711089828983,0.3375296630859375,2.1688018520362675,0.003379649806611737
5384,16384,1183750,1661070,1818240000,0.2534923310158774,1.4018759450409561,0.1727056889794767,0.3431593933105469,2.1713052439736202,0.00331071031872219
5385,6172,537765,676635,826007040,0.10040125891100615,0.6413953590672463,0.07917337992694229,0.15297372436523438,0.9740116549655795,0.006974525900593576
5386,16384,1185527,1665289,1820969472,0.2539067920297384,1.4012929799500853,0.17328002001158893,0.3372490844726562,2.1658001400064677,0.0032904025206366596
5387,16384,1168638,1640589,1795027968,0.2498738890280947,1.39006186905317,0.1710503539070487,0.35466729736328123,2.16572522604838,0.0033160576384153304
5388,16384,1177359,1651315,1808423424,0.2683535609394312,1.395473520969972,0.17245750909205526,0.33209896850585935,2.168454476981424,0.00327041562821996
5389,16384,1175590,1652939,1805706240,0.2662988380761817,1.391628872952424,0.17166454205289483,0.35321875,2.1828800780931488,0.0031643979136345103
5390,16384,1182872,1661236,1816891392,0.25337264698464423,1.402797689079307,0.173273034975864,0.3433758850097656,2.1728901650058106,0.0032633474701959492
5391,6172,537426,676187,825486336,0.098193502984941,0.6396197269205004,0.07915671507362276,0.15082736206054687,0.9678668199339882,0.0071820722588472686
5392,16384,1185387,1664645,1820754432,0.2539007329614833,1.4045971679734066,0.17353461496531963,0.35688092041015623,2.1889823459787294,0.0031480230295174412
5393,16384,1169204,1642933,1795897344,0.250143336947076,1.3827737519750372,0.17114230804145336,0.33536456298828127,2.1394896348938346,0.003069654599668456
5394,16384,1177913,1651890,1809274368,0.2663623410044238,1.3966771779814735,0.17244393494911492,0.3549786071777344,2.190544079989195,0.003744223966893394
5395,16384,1176839,1654793,1807624704,0.2643872989574447,1.3996229789918289,0.173512808047235,0.35306121826171877,2.1906725800363347,0.004029619894446444
5396,16384,1182122,1660010,1815739392,0.29131291899830103,1.4258428750326857,0.1802138559287414,0.3633232116699219,2.2607771230395883,0.0037270993712572136
5397,6172,537738,676830,825965568,0.12846338900271803,0.6435415510786697,0.08214747090823948,0.15092466735839843,1.005166425020434,0.008888744210345571
5398,16384,1185392,1664681,1820762112,0.34157388494350016,1.4124490290414542,0.17813998297788203,0.35680853271484375,2.2890594779746607,0.00384648358103859
5399,16384,1170292,1643232,1797568512,0.35463634703774005,1.3977367139887065,0.17562215903308243,0.3500328369140625,2.2781138700665906,0.003766848274205656
5400,16384,1177365,1651554,1808432640,0.38667218608316034,1.3964892099611461,0.18217124801594764,0.35363522338867187,2.3190584810217842,0.003907343156715906
5401,16384,1176667,1654712,1807360512,0.375361438957043,1.4015375890303403,0.17501219897530973,0.35391845703125,2.3059017839841545,0.003126758941438569
5402,16384,1182501,1660623,1816321536,0.33611808891873807,1.4056542710168287,0.17611984605900943,0.3539217529296875,2.2718818709254265,0.0029892399790560254
5403,6172,538032,676173,826417152,0.12604508991353214,0.6410423730267212,0.08086343004833907,0.15506845092773439,1.003088302910328,0.006874668341857899
5404,16384,1185408,1662651,1820786688,0.30183925793971866,1.4060071019921452,0.17669195402413607,0.3420316162109375,2.2266409179428592,0.0031881106356180713
5405,16384,1170130,1642529,1797319680,0.3158696290338412,1.142616166966036,0.17461205297149718,0.3518349609375,1.9850045969942585,0.0036164694778458325
5406,16384,1177618,1652234,1808821248,0.29970106401015073,1.4026750540360808,0.17502508696634322,0.35409304809570313,2.2315675399731845,0.003284097998098958
5407,16384,1177214,1654977,1808200704,0.2834822229342535,1.4008367040660232,0.17522039695177227,0.3506168212890625,2.2102273859782144,0.0032232311279285436
5408,16384,1183346,1660048,1817619456,0.27862739004194736,1.4077413890045136,0.17630572197958827,0.3577854919433594,2.2205339709762484,0.0033315413232331407
5409,6172,537858,676494,826149888,0.10911567497532815,0.6432173990178853,0.08053429098799825,0.15134800720214844,0.9842878920026124,0.0073677447260487835
5410,16384,1185190,1664114,1820451840,0.2740811320254579,1.4097807499347255,0.1764558320865035,0.3560814514160156,2.216473523993045,0.0033548124774562633
5411,16384,1167926,1640145,1793934336,0.2679744039196521,1.3899739010958,0.17388193891383708,0.3510272521972656,2.1829421459697187,0.0038777868355423656
5412,16384,1178133,1651825,1809612288,0.28234614292159677,1.402085067005828,0.1753057250753045,0.3427343139648438,2.2025468919891864,0.0034343432999622957
5413,16384,1176837,1655768,1807621632,0.2735324129462242,1.4006563719594851,0.1760835919994861,0.3576697998046875,2.2080104709602892,0.0030930220352053013
5414,16384,1181767,1659922,1815194112,0.26504153199493885,1.4086116449907422,0.17555229796562344,0.33838510131835936,2.187666242942214,0.0034587850315118515
5415,6172,537880,677108,826183680,0.10523057007230818,0.6425977089675143,0.08061177295166999,0.15026205444335938,0.9787815259769559,0.008114123529735241
5416,16384,1186014,1664547,1821717504,0.2649014829657972,1.4087760880356655,0.1761735409963876,0.35792132568359375,2.207846103934571,0.0033365664842329853
5417,16384,1169615,1641880,1796528640,0.2600290169939399,1.3927104809554294,0.17397357197478414,0.3546522216796875,2.1814363580197096,0.0032577808473417185
5418,16384,1177723,1650796,1808982528,0.2781426759902388,1.4031112940283492,0.175355969928205,0.33182669067382814,2.188507965998724,0.0032595439089582274
5419,16384,1176672,1654851,1807368192,0.26800096093211323,1.3994586450280622,0.1751161339925602,0.3397613830566406,2.1824065829860047,0.0031827239328237546
5420,16384,1182301,1660121,1816014336,0.26255860191304237,1.4060157730709761,0.17645671498030424,0.3567073974609375,2.201807229896076,0.0031220930643832685
5421,6172,536611,675203,824234496,0.10629991302266717,0.6417628090130165,0.0802948740310967,0.14512931823730468,0.9735622170846909,0.0077347681827001705
5422,16384,1185576,1664086,1821044736,0.25919138093013316,1.4066305250162259,0.1766667120391503,0.35261517333984377,2.195175639935769,0.0032730233111539207
5423,16384,1168370,1641106,1794616320,0.2570811230689287,1.3892968529835343,0.1740654530003667,0.3533763732910156,2.173889231053181,0.0031937556129217185
5424,16384,1177191,1651647,1808165376,0.2754185739904642,1.4014479180332273,0.17523148097097874,0.3530227966308594,2.2051895590266213,0.003119432558992721
5425,16384,1176995,1654007,1807864320,0.2672237940132618,1.4023495590081438,0.17549260996747762,0.3498800659179688,2.195015102974139,0.003146860684179217
5426,16384,1183213,1661389,1817415168,0.2587069059954956,1.4092322310898453,0.17632606392726302,0.3494092407226562,2.1937469850527123,0.003306822434241137
5427,6172,538335,676525,826882560,0.10192503791768104,0.6445417160866782,0.0809703879058361,0.15057408142089843,0.9780792959500104,0.006959826181628319
5428,16384,1186535,1664259,1822517760,0.25636134506203234,1.410121407941915,0.17669437103904784,0.3589203491210938,2.2021700700279325,0.0032966056905228834
5429,16384,1168997,1641289,1795579392,0.2556344650220126,1.3908445950364694,0.17415927397087216,0.3498837890625,2.1705934480996802,0.003285968078848828
5430,16384,1178112,1652099,1809580032,0.2735705570084974,1.4007962100440636,0.17556025192607194,0.35391812133789063,2.203916613943875,0.0032430277488298275
5431,16384,1176031,1654067,1806383616,0.2604647839907557,1.3991972060175613,0.17494070797692984,0.3435525817871094,2.178230653051287,0.003460298330900721
5432,16384,1182205,1659437,1815866880,0.2566284359199926,1.4076121170073748,0.17587515304330736,0.3623643493652344,2.202551223919727,0.003231188589161298
5433,6172,537643,676157,825819648,0.10145210905466229,0.6439221740001813,0.0807361799525097,0.14544937133789063,0.971630358020775,0.007258282426954351
5434,16384,1185184,1664362,1820442624,0.25689533702097833,1.4107258119620383,0.17630663001909852,0.35317440795898436,2.19717697694432,0.0034039125662200954
5435,16384,1169332,1642586,1796093952,0.2525325909955427,1.3887644950300455,0.1740271549206227,0.35019406127929686,2.1655866869259626,0.0031577909518761336
5436,16384,1177613,1652906,1808813568,0.27039608906488866,1.4033946529962122,0.17568666592705995,0.35666461181640624,2.2062260219827294,0.003807505546815989
5437,16384,1178236,1655358,1809770496,0.2686745149549097,1.1868383510736749,0.17611683893483132,0.35169741821289063,1.9834088770439848,0.004121886748844439
5438,16384,1181740,1660255,1815152640,0.2935986650409177,1.4104058869415894,0.17739392002113163,0.3653663940429687,2.2468542619608343,0.0039787144070806794
5439,6172,538215,676764,826698240,0.1275846139760688,0.6425399919971824,0.08165079809259623,0.1505169219970703,1.0023714620620012,0.007894877505859764
5440,16384,1185492,1664678,1820915712,0.3356170579791069,1.4092469409806654,0.17769417504314333,0.35666909790039064,2.2793072119820863,0.003507209487157206
5441,16384,1168444,1640326,1794729984,0.35286089696455747,1.3912155230063945,0.17500926600769162,0.33778982543945313,2.2569579749833792,0.0036537483726575533
5442,16384,1177098,1650761,1808022528,0.38872435106895864,1.3943777929525822,0.18121136305853724,0.3307410583496094,2.295132687082514,0.0034037967942510965
5443,16384,1176744,1656350,1807478784,0.3718486559810117,1.39380922797136,0.17497974506113678,0.35388665771484373,2.2945908799301833,0.0029021819276618616
5444,16384,1183811,1662064,1818333696,0.3350687100319192,1.405915630981326,0.1757878550561145,0.356521484375,2.273359254002571,0.00288443448152332
5445,6172,537967,677010,826317312,0.12588263500947505,0.6407281669089571,0.0804914750624448,0.15236790466308595,0.9995451729046181,0.00750253842328344
5446,16384,1185271,1664136,1820576256,0.3022860100027174,1.4046982370782644,0.17610033100936562,0.3585057373046875,2.2416571060894057,0.0029795232370433055
5447,16384,1169200,1642056,1795891200,0.28977896203286946,1.3915140009485185,0.17415550502482802,0.3475584411621094,2.2030767840333283,0.003171694491512847
5448,16384,1175935,1649688,1806236160,0.2992232230026275,1.4008514049928635,0.17506474896799773,0.3534932861328125,2.228700298932381,0.0030347658728374807
5449,16384,1176320,1655472,1806827520,0.28357881598640233,1.398353005060926,0.17514226399362087,0.33903433227539065,2.1961750630289316,0.0030346265975638082
5450,16384,1182725,1661262,1816665600,0.2771144680446014,1.4077302189543843,0.17617345706094056,0.35205401611328124,2.2131384840467945,0.0029968243770125253
5451,6172,537620,676188,825784320,0.10833248298149556,0.6433121430454776,0.08054529200308025,0.15278282165527343,0.9850393829401582,0.006765542168729686
5452,16384,1184372,1663187,1819195392,0.27226975408848375,1.4039198639802635,0.176411091000773,0.35896920776367186,2.2116362350061536,0.0029986022073593913
5453,16384,1168291,1641117,1794494976,0.26857236097566783,1.3493869500234723,0.1739203849574551,0.3302339782714844,2.1221813729498535,0.00319005352872881
5454,16384,1178909,1651158,1810804224,0.2866414689924568,1.4021923050750047,0.1755711450241506,0.35364212036132814,2.2181172290584072,0.003164377632858146
5455,16384,1176254,1655165,1806726144,0.27153242903295904,1.3974105549277738,0.17524930508807302,0.3526993408203125,2.196957838954404,0.0030136711825539605
5456,16384,1182866,1661401,1816882176,0.26613757794257253,1.4070210800273344,0.17617906897794455,0.35545919799804687,2.204864914994687,0.003083637837671716
5457,6172,538223,676713,826710528,0.10463286703452468,0.6420412049628794,0.0806568490806967,0.1550007629394531,0.9823961560614407,0.00656273372905874
5458,16384,1184592,1663380,1819533312,0.26308863901067525,1.4036201030248776,0.17636495595797896,0.3518965148925781,2.195040572085418,0.0032053712447237545
5459,16384,1167893,1641548,1793883648,0.2610982150072232,1.387670004973188,0.17383178905583918,0.35092535400390623,2.173597255954519,0.0033075545235075367
5460,16384,1177444,1650010,1808553984,0.27966543298680335,1.4013861869461834,0.17541079502552748,0.343783203125,2.2003120370209217,0.003018614464212896
5461,16384,1178128,1655909,1809604608,0.2660107889678329,1.3990365309873596,0.17490919900592417,0.3565224304199219,2.1965461899526417,0.00306119543084008
5462,16384,1184050,1661117,1818700800,0.26104569097515196,1.4089287240058184,0.17594013002235442,0.3558669128417969,2.20184766408056,0.0030068490440300403
5463,6172,537377,676464,825411072,0.10233706794679165,0.642971568973735,0.08051262702792883,0.15092784118652344,0.9768125329865143,0.006493349480418952
5464,16384,1186345,1665514,1822225920,0.25890782999340445,1.4082118750084192,0.1763903140090406,0.35946188354492187,2.2030389469582587,0.0030432690518439223
5465,16384,1168017,1641287,1794074112,0.2567291269078851,1.390523340087384,0.17392746591940522,0.35327651977539065,2.1745237139984965,0.0030931512955403523
5466,16384,1178218,1652698,1809742848,0.275216729962267,1.4008583329850808,0.17530007602181286,0.3471275634765625,2.19857214204967,0.0031583955158351216
5467,16384,1176340,1653076,1806858240,0.2627749340608716,1.399036439950578,0.1750392409740016,0.35299456787109373,2.189919405966066,0.0033893078128152745
5468,16384,1182730,1660879,1816673280,0.25850578595418483,1.4061334209982306,0.1759110171115026,0.35412054443359375,2.1947386040119454,0.0030908243154640935
5469,6172,537716,676221,825931776,0.10157773003447801,0.6413299479754642,0.08042742998804897,0.15070938110351562,0.9741165949963033,0.007402183184943357
5470,16384,1185494,1664373,1820918784,0.2561676559271291,1.4049739410402253,0.17649285297375172,0.3520999755859375,2.189800549997017,0.003019657199986951
5471,16384,1167949,1640191,1793969664,0.25390807806979865,1.388865215005353,0.17402332392521203,0.35059527587890627,2.1674620039993897,0.0032347104581495843
5472,16384,1177730,1651937,1808993280,0.273939976003021,1.4013660380151123,0.17543057608418167,0.35622808837890624,2.20703350903932,0.003118691121680376
5473,16384,1177106,1655866,1808034816,0.26002666202839464,1.4009414260508493,0.17498410097323358,0.35404257202148437,2.190063204965554,0.0031252016579872022
5474,16384,1182935,1661272,1816988160,0.25677196600008756,1.408274136018008,0.17566902295220643,0.3327341613769531,2.1735189899336547,0.0032069462803180184
5475,6172,537749,676499,825982464,0.10090134292840958,0.6418835580116138,0.08047904400154948,0.1547442626953125,0.9780749980127439,0.00682875812123351
5476,16384,1184559,1663058,1819482624,0.253873078036122,1.4064160480629653,0.17592588299885392,0.35807821655273436,2.194362896028906,0.0031749706649096513
5477,16384,1168794,1641015,1795267584,0.25398327806033194,1.3908493259223178,0.17379930999595672,0.3302618103027344,2.1489634689642116,0.0032455034195818465
5478,16384,1176686,1650365,1807389696,0.272187193040736,1.4008361370069906,0.17772505094762892,0.35622659301757814,2.2070568070048466,0.0037077882025181776
5479,16384,1178208,1656469,1809727488,0.27413860405795276,1.405313781928271,0.17765927605796605,0.352060302734375,2.209254353074357,0.003729235417245179
5480,16384,1181329,1659713,1814521344,0.30151316907722503,1.4187338979681954,0.17493542993906885,0.3616342468261719,2.256899886066094,0.003683914202226479
5481,6172,537685,676999,825884160,0.1300861950730905,0.639160415972583,0.08023992099333555,0.15053199768066405,1.0000946320360526,0.007609511534385735
5482,16384,1185128,1664667,1820356608,0.33412039594259113,1.401508282055147,0.17442760104313493,0.35318560791015624,2.2633287529461086,0.003837975149043719
5483,16384,1168511,1639734,1794832896,0.34793741803150624,1.383281925925985,0.1719406950287521,0.3291980285644531,2.232436415972188,0.0035095477269297
5484,16384,1177031,1652130,1807919616,0.3789434320060536,1.3882034150883555,0.17196830292232335,0.356061279296875,2.29525308101438,0.003339575117291521
5485,16384,1175796,1654330,1806022656,0.34352621401194483,1.367757576983422,0.17179366596974432,0.35649053955078125,2.239635922946036,0.0030329228714082597
5486,16384,1183652,1661955,1818089472,0.32241929799783975,1.4093682171078399,0.17363324691541493,0.3555159912109375,2.261007268098183,0.003118736819027298
5487,6172,538828,677285,827639808,0.12213952897582203,0.6390352959278971,0.07959302410017699,0.15034506225585936,0.9911789849866182,0.006666175117063095
5488,16384,1185186,1664440,1820445696,0.2965640139300376,1.402845518081449,0.1738994219340384,0.357084228515625,2.2304612789303064,0.0030530218031427055
5489,16384,1168328,1641710,1794551808,0.28420171805191785,1.3831514809280634,0.17152815300505608,0.33371868896484375,2.172667781007476,0.0031178286062599654
5490,16384,1176955,1650977,1807802880,0.2937752288999036,1.397019871044904,0.17264323099516332,0.35683010864257814,2.2203365119639784,0.003065858758916723
5491,16384,1177911,1655470,1809271296,0.27918212302029133,1.3987694459501654,0.1724719770718366,0.3433209838867187,2.1938107030000538,0.0030163528216609376
5492,16384,1181730,1659010,1815137280,0.2714375400682911,1.3994721999624744,0.17331829597242177,0.36283648681640623,2.2071340100374073,0.0031483008053664347
5493,6172,538745,676784,827512320,0.1063595439773053,0.6415538049768656,0.07951268996112049,0.14552896118164063,0.9730225879466161,0.0069461747878548806
5494,16384,1186791,1665352,1822910976,0.2677795300260186,1.4016571668908,0.17386345600243658,0.35610125732421877,2.1994672620203346,0.002993987589536341
5495,16384,1169278,1642203,1796011008,0.2646708119427785,1.3876787880435586,0.1715579730225727,0.34925173950195315,2.1732236319221556,0.0029596315053735047
5496,16384,1177373,1651611,1808444928,0.2807614729972556,1.3940965889487416,0.17258409305941314,0.35254486083984377,2.2000581950414926,0.003235332428881695
5497,16384,1177351,1654226,1808411136,0.26802353002130985,1.395035040914081,0.1725841360166669,0.35527288818359376,2.190981514984742,0.00300869033534012
5498,16384,1183122,1661514,1817275392,0.2624562649289146,1.405496516963467,0.17330447700805962,0.3560582275390625,2.19738697190769,0.0032532034229814676
5499,6172,538227,676637,826716672,0.10288011305965483,0.6398443999933079,0.07946815702598542,0.1500095672607422,0.9722701919963583,0.006989276975410296
5500,16384,1185050,1664358,1820236800,0.25993758405093104,1.3983344139996916,0.1739395329495892,0.34138204956054685,2.1736610389780253,0.0031034469522499596
5501,16384,1168513,1640422,1794835968,0.2865013330010697,1.3829553140094504,0.17149623308796436,0.35146011352539064,2.19248814007733,0.0034274508528158204
5502,16384,1177250,1651476,1808256000,0.2763908109627664,1.3976138510042801,0.17273109697271138,0.35339108276367187,2.2001904050121084,0.0028889912679347465
5503,16384,1176772,1654309,1807521792,0.26208919705823064,1.394667292945087,0.1724849099991843,0.33675643920898435,2.1660668581025675,0.0031863693783635953
5504,16384,1184408,1662621,1819250688,0.2574886520160362,1.402473362046294,0.17339785094372928,0.3563892822265625,2.1898155430098996,0.0030320260302041722
5505,6172,538086,676482,826500096,0.10114566399715841,0.6404177841031924,0.07933866896200925,0.15070736694335937,0.971676315064542,0.00687791374415751
5506,16384,1183764,1662997,1818261504,0.25513629405759275,1.4023294450016692,0.17345081304665655,0.33867324829101564,2.1696601631119847,0.003243029311536568
5507,16384,1168233,1639220,1794405888,0.25330505101010203,1.3821544280508533,0.17109314003027976,0.3528660583496094,2.1594860809855163,0.0031212771068744004
5508,16384,1177289,1652866,1808315904,0.2733622280647978,1.393855353933759,0.17238542798440903,0.3332802734375,2.172951217973605,0.003126372675879394
5509,16384,1176316,1654738,1806821376,0.2616666390094906,1.392818588996306,0.17228485504165292,0.3544057006835937,2.181251180008985,0.0034565610156612496
5510,16384,1181455,1658742,1814714880,0.2560339290648699,1.4000644990010187,0.17309747997205704,0.3439425048828125,2.173210976063274,0.0033389828836143188
5511,6172,538232,677014,826724352,0.1008002309827134,0.6417427029227838,0.07947528909426183,0.1537831726074219,0.9758749939501286,0.007541779777521792
5512,16384,1186012,1664814,1821714432,0.2534318349789828,1.4019316310295835,0.17387299495749176,0.3435780944824219,2.1728821840370074,0.003112390953560276
5513,16384,1169592,1642415,1796493312,0.2521869899937883,1.3858016810845584,0.17153355199843645,0.33711077880859375,2.1467037859838456,0.0032973388751161062
5514,16384,1177009,1650896,1807885824,0.26821701193694025,1.3951180459698662,0.17254228598903865,0.3530181884765625,2.1889696120051667,0.0033842238993589194
5515,16384,1176703,1654736,1807415808,0.25614089192822576,1.39239416399505,0.17271909804549068,0.33125216674804686,2.152572283986956,0.0030643928026586726
5516,16384,1182948,1659968,1817008128,0.2514544839505106,1.3997803380480036,0.1736760069616139,0.35396759033203123,2.178948655957356,0.0032234199279894565
5517,6172,538556,677210,827222016,0.09976504789665341,0.6409996059956029,0.07952681509777904,0.15522962951660157,0.975588914938271,0.00695133273817555
5518,16384,1183888,1662502,1818451968,0.25106092100031674,1.3785434309393167,0.17373836098704487,0.35313308715820313,2.156544987927191,0.003208272616472652
5519,16384,1168041,1640920,1794110976,0.24921996099874377,1.3834507850697264,0.17160125402733684,0.35152392578125,2.1558627820340917,0.003101132298012987
5520,16384,1177023,1649568,1807907328,0.2674671090207994,1.4023206919664517,0.1735692759975791,0.3533490295410156,2.1967894060071558,0.0037918737718893192
5521,16384,1177333,1654721,1808383488,0.2863811420975253,1.3981333340052515,0.17482203093823045,0.35412152099609373,2.213541303994134,0.003762114440015907
5522,16384,1182027,1660699,1815593472,0.3078666829969734,1.415734510985203,0.17533154808916152,0.3617800598144531,2.260794999077916,0.0036357649481149556
5523,6172,538019,677120,826397184,0.13108147692400962,0.639745180029422,0.08030307502485812,0.1508757781982422,1.0020822199294344,0.007655035822092228
5524,16384,1185513,1664010,1820947968,0.33929451601579785,1.4024661389412358,0.17439742700662464,0.35545166015625,2.27168945397716,0.003508924035025842
5525,16384,1168641,1642121,1795032576,0.35740604309830815,1.3825606280006468,0.17107334197498858,0.35005294799804687,2.2611688470933586,0.0033560528425662407
5526,16384,1177235,1650476,1808232960,0.3560031589586288,1.383383359061554,0.1721152109093964,0.35604876708984373,2.2676101019605994,0.0026285798041322584
5527,16384,1177971,1656235,1809363456,0.32818116701673716,1.394743034034036,0.17116428399458528,0.35292343139648436,2.2470707200700417,0.0026169015364560498
5528,16384,1184279,1661876,1819052544,0.29117869201581925,1.402334438986145,0.17248830199241638,0.34074627685546877,2.2068066059146076,0.002668836707333376
5529,6172,537274,675706,825252864,0.11106154206208885,0.6401159029919654,0.07816574291791767,0.1499954833984375,0.979396197013557,0.00587358245038618
5530,16384,1186872,1664908,1823035392,0.26846703805495054,1.406624126015231,0.17281390901189297,0.359514892578125,2.207478031050414,0.002630394930209829
5531,16384,1167631,1641572,1793481216,0.2545321030775085,1.3868417449994013,0.1700353359337896,0.3511044616699219,2.1625718990108,0.002693706054599708
5532,16384,1178184,1652290,1809690624,0.268149301991798,1.3988461170811206,0.17147866694722325,0.35751962280273436,2.1960514950333163,0.002631368643721342
5533,16384,1175551,1652722,1805646336,0.25326336408033967,1.3970071650110185,0.17121399601455778,0.35699017333984373,2.178531271056272,0.0025968234316502557
5534,16384,1182871,1660612,1816889856,0.27838484407402575,1.0859874099260196,0.17210406705271453,0.35406622314453123,1.8906024399911985,0.0031680797951146246
5535,6172,538162,677050,826616832,0.09627758199349046,0.6417077819351107,0.07835955009795725,0.15299026489257814,0.9693938029231504,0.006047491105990069
5536,16384,1185251,1664723,1820545536,0.24601100699510425,1.4049905589781702,0.17246993200387806,0.3444942932128906,2.1680263170273975,0.002791748277183489
5537,16384,1168782,1641724,1795249152,0.23961821000557393,1.3911094750510529,0.1701027809176594,0.35076974487304685,2.1516592180123553,0.002742402910655696
5538,16384,1177730,1650871,1808993280,0.25492912402842194,1.3991286399541423,0.17125535907689482,0.3541575012207031,2.1795279880752787,0.0026319366133641217
5539,16384,1176544,1655105,1807171584,0.243038488086313,1.4015806450042874,0.1710409049410373,0.3537439880371094,2.1694599559996277,0.0025780577662087995
5540,16384,1182444,1660550,1816233984,0.23848724795971066,1.4071148060029373,0.17255722603294998,0.3502982177734375,2.1685169000411406,0.0027393040886186525
5541,6172,538112,676864,826540032,0.09542230307124555,0.6404072339646518,0.07894144696183503,0.14733587646484375,0.9621678430121392,0.006338036550055855
5542,16384,1186522,1665062,1822497792,0.23733138397801667,1.4027102059917524,0.17447867500595748,0.35835379028320313,2.172948118066415,0.003408402017047172
5543,16384,1168894,1640229,1795421184,0.24519549298565835,1.3978361580520868,0.1706391959451139,0.3486167297363281,2.162363075069152,0.003491474250329636
5544,16384,1177547,1651917,1808712192,0.24946518999058753,1.3937661399831995,0.171872147009708,0.3544579772949219,2.1696277509909123,0.003055672221425205
5545,16384,1176456,1654850,1807036416,0.24085798801388592,0.7524886130122468,0.18977895402349532,0.34450894165039064,1.5277287369826809,0.00616865287540366
5546,16384,1182991,1661608,1817074176,0.29031552001833916,0.966007616952993,0.31042942905332893,0.3546831970214844,1.9215244520455599,0.004615554036800579
5547,6172,538744,678078,827510784,0.10145407298114151,0.260684872046113,0.08584673702716827,0.15559228515625,0.6036410060478374,0.010443100540395519
5548,16384,1185399,1664065,1820772864,0.24484166991896927,0.5573197309859097,0.18214216409251094,0.355671875,1.3400545889744535,0.005906399464225364
5549,16384,1169144,1642123,1795805184,0.2714577279984951,0.7068947419757023,0.21460773900616914,0.3513755798339844,1.5444141969783232,0.005076887024582271
5550,16384,1177991,1651905,1809394176,0.28851617698092014,0.5830449820496142,0.19620918505825102,0.35328677368164063,1.4211275359848514,0.004955094644375252
5551,16384,1178448,1656910,1810096128,0.26065635308623314,0.6085212749894708,0.20381503796670586,0.3404334411621094,1.4135053110076115,0.005603360841683743
5552,16384,1182754,1660941,1816710144,0.28798224800266325,0.5932840999448672,0.21036151703447104,0.357804931640625,1.449516764958389,0.005792850265181391
5553,6172,538080,676822,826490880,0.09703511407133192,0.3402513680048287,0.0931165999500081,0.14528169250488282,0.6757603180594742,0.011179041799863808
5554,16384,1185585,1664241,1821058560,0.2627167940372601,0.5807152380002663,0.19670264003798366,0.35651837158203126,1.39672447508201,0.00511421012111601
5555,16384,1167639,1641048,1793493504,0.26116217800881714,0.8794276759726927,0.19172152399551123,0.35331307983398436,1.685700441012159,0.004507515054574451
5556,16384,1178493,1653330,1810165248,0.2834364150185138,0.6124094969127327,0.2204663041047752,0.3527691345214844,1.4691606829874218,0.005399847057860201
5557,16384,1176317,1654487,1806822912,0.26253401208668947,0.5769717049552128,0.21470838296227157,0.3541745300292969,1.4084640470100567,0.005354554611888868
5558,16384,1182283,1660346,1815986688,0.2545070010237396,0.6059844959527254,0.21625981701072305,0.3318862609863281,1.4087063199840486,0.0048800100884998105
5559,6172,537662,676652,825848832,0.09449034789577127,0.27400254702661186,0.0920038369949907,0.145401123046875,0.6059632699470967,0.010795205929487368
5560,16384,1185027,1662504,1820201472,0.25265378993935883,0.891083236085251,0.20596712199039757,0.356897216796875,1.7066738730063662,0.004248509081348525
5561,16384,1169005,1640674,1795591680,0.2575939950766042,1.4498365479521453,0.20906112296506763,0.33695675659179686,2.2535281740128994,0.003538958518686241
5562,16384,1177329,1651314,1808377344,0.2871456219581887,0.6578113950090483,0.21347271103877574,0.35371578979492185,1.5122179329628125,0.004788672340100968
5563,16384,1176650,1655384,1807334400,0.24397777707781643,1.0310260659316555,0.22168436704669148,0.3544142150878906,1.8511758510721847,0.00396644803292065
5564,16384,1182899,1661324,1816932864,0.26565168297383934,1.4907481040572748,0.21704410994425416,0.35484747314453124,2.3283684849739075,0.0033119694973474494
5565,6172,537883,676555,826188288,0.09685090195853263,0.32789194001816213,0.10399261896964163,0.15268975830078124,0.6815015119500458,0.011194795842769271
5566,16384,1186057,1664129,1821783552,0.25626590102910995,0.605941996909678,0.19530435907654464,0.34147335815429686,1.3990567299770191,0.005083053879517633
5567,16384,1169346,1642008,1796115456,0.25671502691693604,1.0423937439918518,0.20480759406927973,0.34976141357421875,1.8537628459744155,0.004588905334564988
5568,16384,1178296,1653365,1809862656,0.28128410992212594,0.5937750830780715,0.216090266010724,0.3537944030761719,1.4450323469936848,0.006123385872676215
5569,16384,1177421,1656706,1808518656,0.27867990999948233,0.6091030039824545,0.22025505604688078,0.33223403930664064,1.4403534330194816,0.005653035022973769
5570,16384,1183116,1661089,1817266176,0.3047344349324703,1.19385160098318,0.20467920508235693,0.3403887939453125,2.0437478988897055,0.004592736043259384
5571,6172,537802,676670,826063872,0.12140252802055329,0.6729595419019461,0.09910886210855097,0.15203173828125,1.0455831069266424,0.007692991002745577
5572,16384,1185247,1663882,1820539392,0.31473165308125317,1.4655481189256534,0.18967537104617804,0.3448542175292969,2.314875620068051,0.0028623345934822913
5573,16384,1167786,1640771,1793719296,0.3236124139511958,1.466502577997744,0.19543926999904215,0.3531486511230469,2.338782651000656,0.003409377506413669
5574,16384,1177359,1651159,1808423424,0.3790967899840325,1.4968599720159546,0.19611571403220296,0.3465662231445312,2.418721813010052,0.003436270880070295
5575,16384,1178325,1656589,1809907200,0.37323358294088393,0.7011665320023894,0.24451769108418375,0.350485595703125,1.6695304929744452,0.007612394286773013
5576,16384,1183574,1661645,1817969664,0.35814302903600037,1.5302549119805917,0.23069422598928213,0.3426217041015625,2.4617938749725,0.0032498198113320954
5577,6172,537717,677173,825933312,0.13012549397535622,0.6751075650099665,0.1006184930447489,0.15461798095703125,1.0605500279925764,0.007589930069205867
5578,16384,1185508,1664223,1820940288,0.33775477099698037,0.7860652410890907,0.23940131394192576,0.35675128173828125,1.7200529240071774,0.004669405212963672
5579,16384,1169450,1642496,1796275200,0.28634224797133356,1.4862719910452142,0.21284492197446525,0.3367509460449219,2.322288449970074,0.00337352296352841
5580,16384,1177747,1652011,1809019392,0.3022669489728287,0.7047320490237325,0.19273459003306925,0.3410470275878906,1.5408677799860016,0.005656836336802509
5581,16384,1176897,1654984,1807713792,0.28703454602509737,0.5959917349973693,0.20360506197903305,0.35451455688476563,1.4412213570903987,0.005235642933130215
5582,16384,1183680,1661956,1818132480,0.3374723349697888,0.9302099000196904,0.19598032801877707,0.3580845031738281,1.8218242269940674,0.004235359857424772
5583,6172,538663,676722,827386368,0.12125655391719192,0.3041409329744056,0.10570321802515537,0.1542774658203125,0.6854603919200599,0.011995030488076795
5584,16384,1185452,1664272,1820854272,0.2969365520402789,1.1405174769461155,0.19193696905858815,0.35605319213867187,1.9855698000174016,0.006326135386734229
5585,16384,1169528,1641835,1796395008,0.2791185079840943,0.6263158119982108,0.18178483797237277,0.3511914978027344,1.438492296030745,0.0056754056700786
5586,16384,1176857,1650716,1807652352,0.2732410189928487,0.7479662130353972,0.19778600696008652,0.3559653625488281,1.575029772007838,0.004518674627118734
5587,16384,1175954,1653904,1806265344,0.2692508010659367,0.6474598490167409,0.21053252590354532,0.3340694274902344,1.4614367129979655,0.008492295314911297
5588,16384,1182273,1660090,1815971328,0.24685171898454428,1.4407705600606278,0.20617989893071353,0.3544500427246094,2.2483538259984925,0.004519097342353857
5589,6172,536697,675604,824366592,0.09691578603815287,0.6776705640368164,0.09660663397517055,0.14487274169921874,1.0161408820422366,0.00739624733206004
5590,16384,1186534,1665016,1822516224,0.25286721799056977,1.4536378181073815,0.21266222989652306,0.35492218017578125,2.274165678070858,0.0033520820992845217
5591,16384,1168469,1640788,1794768384,0.24747237702831626,1.0513297819998115,0.199647968984209,0.35403448486328126,1.852559467079118,0.004040583032827651
5592,16384,1176423,1651327,1806985728,0.2986549900379032,0.6215809170389548,0.20000468590296805,0.35521160888671877,1.4755305550061166,0.005310167200943171
5593,16384,1177421,1653824,1808518656,0.24845887708943337,0.8221392990089953,0.1940275349188596,0.35449932861328126,1.6191975220572203,0.004476441302777649
5594,16384,1182971,1661275,1817043456,0.27962157991714776,1.5033349429722875,0.21495515503920615,0.3415694580078125,2.3395619969815016,0.003456247158746519
5595,6172,538567,676853,827238912,0.09590216202195734,0.6857204909902066,0.09402381803374738,0.1552690887451172,1.0309843679424375,0.006674024703828001
5596,16384,1186946,1664882,1823149056,0.24601094098761678,1.4989736940478906,0.19407250394579023,0.35673394775390627,2.2958670819643885,0.0033100883662500018
5597,16384,1169203,1641953,1795895808,0.25614754494745284,1.4595981889870018,0.2064342590747401,0.35045587158203123,2.2727116079768166,0.003332731936812466
5598,16384,1178030,1651453,1809454080,0.2990844310261309,0.5750969379441813,0.19047100597526878,0.35564126586914063,1.4203683629166335,0.005260755157803814
5599,16384,1176739,1655238,1807471104,0.26026009989436716,0.6129613480297849,0.22524288506247103,0.33184414672851564,1.430388944922015,0.005625407492283255
5600,16384,1182878,1659958,1816900608,0.25329937203787267,1.4578565759584308,0.21313067397568375,0.3545790100097656,2.278939247946255,0.003230273232092616
5601,6172,538910,676992,827765760,0.09953000699169934,0.681566639104858,0.0948045429540798,0.15087001037597655,1.026845599990338,0.007245545359985915
5602,16384,1185387,1664895,1820754432,0.26278982998337597,0.59350648697,0.19849805301055312,0.34247760009765627,1.397342845913954,0.005072187729455221
5603,16384,1167937,1641482,1793951232,0.2540479489834979,1.4758790250634775,0.2065375349484384,0.3515035705566406,2.2880443370668218,0.0033328687531034395
5604,16384,1178490,1653148,1810160640,0.26948023098520935,0.6141230060020462,0.20846921193879098,0.3530577697753906,1.4452017629519105,0.004950467976675751
5605,16384,1176475,1655905,1807065600,0.258394906995818,0.5978867780650035,0.19646717992145568,0.3557049865722656,1.408528883010149,0.0053269376660433345
5606,16384,1182707,1660005,1816637952,0.25682276394218206,1.4782994060078636,0.208315919036977,0.3563511657714844,2.299865382956341,0.003310115383179023
5607,6172,537692,676840,825894912,0.09509408310987055,0.4933076469460502,0.09144280094187707,0.15116387939453124,0.8310881369980052,0.009593038587231562
5608,16384,1185619,1664050,1821110784,0.23489279695786536,0.9292079959996045,0.20990507502574474,0.3555592956542969,1.7296395759331062,0.0043021850696576235
5609,16384,1168147,1641036,1794273792,0.2763026129687205,1.4766823289683089,0.21375419304240495,0.3488307495117188,2.315643194015138,0.003165838509755126
5610,16384,1177924,1650824,1809291264,0.26490035001188517,1.4989977609366179,0.24298949202056974,0.35627508544921876,2.363240481936373,0.003291815567469647
5611,16384,1177328,1655422,1808375808,0.26215885509736836,0.7377891809446737,0.24538380606099963,0.3569044494628906,1.6023160610347986,0.004978385401368672
5612,16384,1183533,1662155,1817906688,0.29994137096218765,0.9795883720507845,0.2119864010019228,0.33325765991210937,1.8248566290130839,0.004538717440196374
5613,6172,537827,676176,826102272,0.11589868005830795,0.3085613449802622,0.10451406799256802,0.15137510681152344,0.6804270329885185,0.01143886737053951
5614,16384,1186193,1663844,1821992448,0.3184970199363306,0.6916817370802164,0.19959610688965768,0.356323974609375,1.566183790913783,0.0054241653308020185
5615,16384,1167700,1640928,1793587200,0.2833455599611625,0.7193570790113881,0.2344919260358438,0.3504340209960938,1.5877157360082492,0.005489018077017129
5616,16384,1177710,1651058,1808962560,0.35294810903724283,0.6357474030228332,0.19624817499425262,0.3548368835449219,1.5398753640474752,0.00615591692924795
5617,16384,1176429,1655463,1806994944,0.3113553790608421,0.7490592069225386,0.2385979180689901,0.3374956665039063,1.6366020910209045,0.005738747685988783
5618,16384,1183498,1661979,1817852928,0.35912169597577304,1.0027416670927778,0.20199611491989344,0.35698751831054687,1.9209447420435026,0.005088420420022516
5619,6172,538005,676600,826375680,0.13963769900146872,0.3302744950633496,0.1153583669802174,0.15286611938476563,0.7382345440564677,0.01325644098536402
5620,16384,1188468,1666962,1825486848,0.38047175493557006,0.6497901380062103,0.20997851702850312,0.36641152954101563,1.6067626969888806,0.006893206930241965
5621,16384,1168011,1641408,1794064896,0.39259082498028874,0.6937572420574725,0.22935504594352096,0.3536032104492188,1.6694053709506989,0.005933101805072191
5622,16384,1178462,1651930,1810117632,0.4634518640814349,0.8132199709070846,0.22613955102860928,0.356187744140625,1.8591004220070317,0.005448433450874743
5623,16384,1175746,1654358,1805945856,0.42599093599710613,1.0836439930135384,0.23301422502845526,0.35612713623046877,2.0988663440803066,0.004290592918992822
5624,16384,1182987,1660522,1817068032,0.3715906731085852,0.791268948931247,0.22042988904286176,0.33919720458984376,1.722565969103016,0.004600893777066215
5625,6172,537913,676536,826234368,0.13932699500583112,0.7346202080370858,0.11677354795392603,0.15481744384765625,1.1456181950634345,0.006983148424154053
5626,16384,1184586,1663971,1819524096,0.33995194896124303,0.8941669340711087,0.272002448909916,0.3534766540527344,1.8596829399466515,0.004568195460881183
5627,16384,1167728,1640185,1793630208,0.39579043409321457,0.5839126219507307,0.20823923603165895,0.34757821655273435,1.5355972620891407,0.004998280649298505
5628,16384,1177471,1651950,1808595456,0.381379246013239,0.6972803020616993,0.24781111592892557,0.35040109252929685,1.6769646940520033,0.0055420080799660305
5629,16384,1176426,1656181,1806990336,0.2948852909030393,0.6826991040725261,0.21554894000291824,0.3499335021972656,1.5431465829024091,0.0051677350384906435
5630,16384,1183016,1660761,1817112576,0.29899828403722495,0.8062935729976743,0.22245087893679738,0.3531879577636719,1.6810140969464555,0.004961481955357764
5631,6172,537207,676545,825149952,0.11003580200485885,0.2903206479968503,0.10157981398515403,0.15279843139648439,0.6548164549749345,0.012485879205643863
5632,16384,1184994,1663291,1820150784,0.3218903330853209,0.6734624719247222,0.23976363707333803,0.3538716430664062,1.5890702600590885,0.0051712571411489825
5633,16384,1169065,1642449,1795683840,0.3012151781003922,0.623895427910611,0.2153017190285027,0.33805816650390624,1.4785510830115527,0.005450705698743543
5634,16384,1178957,1652733,1810877952,0.37051804596558213,0.7002551790792495,0.24014128290582448,0.3530820617675781,1.6640784579794854,0.004920937523020732
5635,16384,1176275,1655125,1806758400,0.32007591205183417,1.061110531911254,0.2502770971041173,0.341945068359375,1.9734994099708274,0.004600991709867324
5636,16384,1182532,1661498,1816369152,0.34064152801875025,0.9112657379591838,0.2183450150769204,0.3380404357910156,1.8083758420543745,0.004596677669066608
5637,6172,537926,676212,826254336,0.11888181802351028,0.34211299498565495,0.11085422802716494,0.15464073181152344,0.7265680140117183,0.010768594592084067
5638,16384,1184923,1663112,1820041728,0.32809220801573247,0.6858177669346333,0.2331324180122465,0.3421674499511719,1.5892941229976714,0.00530298845681396
5639,16384,1167813,1640292,1793760768,0.3779095710488036,0.735098905977793,0.2390059910248965,0.3533673400878906,1.7054779330501333,0.005636244766737179
5640,16384,1178138,1652979,1809619968,0.38316110509913415,1.1393136499682441,0.23182230803649873,0.35322515869140625,2.1076093300944194,0.004133038219761026
5641,16384,1176113,1654731,1806509568,0.3347626549657434,1.07501976902131,0.20381073700264096,0.35607644653320314,1.9697511659469455,0.004140544524511187
5642,16384,1179597,1657925,1811860992,0.2878250259673223,0.818503167014569,0.24366775702219456,0.33717257690429686,1.6872525899671018,0.00498224505441401
5643,6172,537084,675763,824961024,0.1204778429819271,0.32816328306216747,0.10438253602478653,0.14913357543945313,0.7022428300697356,0.012188456433637541
5644,16384,1184782,1662985,1819825152,0.30864035803824663,0.621868549962528,0.2146846989635378,0.3431430969238281,1.4884212350007147,0.005679246612876691
5645,16384,1168114,1641574,1794223104,0.3316677990369499,0.7026010449044406,0.22707635804545134,0.33501223754882814,1.5964451850159094,0.00549630397980829
5646,16384,1176787,1652050,1807544832,0.3353973609628156,0.6281559600029141,0.21287096198648214,0.350282470703125,1.526790595962666,0.0054914084191362116
5647,16384,1177879,1657258,1809222144,0.28145841404329985,0.7914831399684772,0.2141650109551847,0.34140313720703125,1.6285910760052502,0.0049965784816211655
5648,16384,1183651,1660785,1818087936,0.29870926204603165,1.2873794749611989,0.24471652298234403,0.3395113220214844,2.170401744078845,0.003923792819374701
5649,6172,538228,676846,826718208,0.11467764398548752,0.3082960000028834,0.09974321001209319,0.15143597412109375,0.6742358809569851,0.012318068167674152
5650,16384,1186218,1665377,1822030848,0.30496921204030514,1.1132096260553226,0.23088737193029374,0.3577577209472656,2.0069060809910297,0.004093366332416604
5651,16384,1167897,1641404,1793889792,0.327814424992539,0.76894354110118,0.21896651689894497,0.3298482666015625,1.6456507589900866,0.00474033724555177
5652,16384,1177317,1652117,1808358912,0.3786099780118093,1.364385418011807,0.235016138991341,0.34341241455078125,2.321500792982988,0.003310074994678087
5653,16384,1177167,1655374,1808128512,0.3004462170647457,0.6899295719340444,0.23893188999500126,0.3568255920410156,1.58621854998637,0.005376242231173335
5654,16384,1183226,1660946,1817435136,0.3325303200399503,0.9079076449852437,0.24899067904334515,0.3366643371582031,1.8261753029655665,0.004507877129358982
5655,6172,538240,677111,826736640,0.11216230900026858,0.3363315520109609,0.11566873895935714,0.15417578125,0.7184145440114662,0.01060151016074289
5656,16384,1185474,1664550,1820888064,0.3276840819744393,1.158380285021849,0.21435686899349093,0.3571363525390625,2.0576379909180105,0.003907508975029221
5657,16384,1167928,1640312,1793937408,0.3345162880141288,0.7245857230154797,0.2527060740394518,0.33787841796875,1.6497656860155985,0.00479964994177034
5658,16384,1178302,1651991,1809871872,0.31128422101028264,0.9383125089807436,0.2210926340194419,0.3506220397949219,1.8213915369706228,0.0043995573497600535
5659,16384,1176059,1654793,1806426624,0.3192132639233023,0.6822765200631693,0.21283099695574492,0.35339813232421874,1.5677964419592172,0.004945073908000203
5660,16384,1182463,1660592,1816263168,0.29315544199198484,0.8954459669766948,0.23929545504506677,0.35270187377929685,1.780692104017362,0.005243254805708908
5661,6172,537838,676709,826119168,0.11301418102812022,0.310046270955354,0.09916129906196147,0.14502815246582032,0.667328660027124,0.01180175835169008
5662,16384,1186002,1665044,1821699072,0.29687138402368873,0.6336263630073518,0.21759218501392752,0.3554577026367188,1.5036234060535207,0.005039251951582964
5663,16384,1170491,1643193,1797874176,0.3073440049774945,0.8414980290690437,0.23058655194472522,0.35203976440429685,1.7315467409789562,0.004527199961796794
5664,16384,1179529,1653123,1811756544,0.33848297700751573,0.9430241580121219,0.24204723699949682,0.35520187377929685,1.8788365899818018,0.004276273082978927
5665,16384,1176410,1654727,1806965760,0.3078559919958934,0.6914212859701365,0.24713772896211594,0.3548873291015625,1.6013859899248928,0.005223843327628986
5666,16384,1181819,1660665,1815273984,0.3006996850017458,1.1216213719453663,0.2431738410377875,0.3483558654785156,2.013939253985882,0.004393902263505484
5667,6172,537519,676164,825629184,0.10954343492630869,0.32455483998637646,0.10782984108664095,0.15290400695800782,0.6949171309825033,0.012232829121527147
5668,16384,1185632,1663910,1821130752,0.2849708980647847,0.704959774040617,0.2539134440012276,0.34756405639648436,1.5914953280007467,0.005476327583218604
5669,16384,1167676,1640652,1793550336,0.33646122203208506,0.7102797869592905,0.25005596096161753,0.3494764404296875,1.6463733980199322,0.0060732053476970655
5670,16384,1176860,1650228,1807656960,0.3841410380555317,0.965113693033345,0.22065111494157463,0.3515705261230469,1.92157019500155,0.004882613619625846
5671,16384,1176796,1654837,1807558656,0.34058563807047904,0.6661625339183956,0.22883858706336468,0.3551373291015625,1.5908259360585362,0.006402202932815627
5672,16384,1182231,1658645,1815906816,0.37417630897834897,1.1729380199685693,0.21064616704825312,0.36183786010742186,2.1196928849676624,0.0044595547656789076
5673,6172,537567,676347,825702912,0.14364480099175125,0.32056660403031856,0.11034136998932809,0.15389791870117187,0.728545856080018,0.013061959882696605
5674,16384,1186440,1665067,1822371840,0.4087043380131945,0.6704280619742349,0.20558695099316537,0.3558153076171875,1.6406276440247893,0.0056676740359545745
5675,16384,1169057,1639868,1795671552,0.4378462099703029,0.6590290779713541,0.22989336296450347,0.34895010375976565,1.6758026529569179,0.005006454121780489
5676,16384,1177993,1650070,1809397248,0.45706833607982844,0.8941315059782937,0.20970294799190015,0.35455081176757813,1.9155461750924587,0.004832735230397862
5677,16384,1177897,1655742,1809249792,0.38878799695521593,0.6373971070861444,0.21554151293821633,0.3559731140136719,1.597788123995997,0.005532210524094119
5678,16384,1183104,1661730,1817247744,0.38059503794647753,1.5243178610689938,0.23135988099966198,0.35604034423828124,2.4923918209969997,0.0031574788090025755
5679,6172,537829,676869,826105344,0.13252344192005694,0.30624068004544824,0.1046303230104968,0.15228457641601562,0.6957592780236155,0.011535114821006567
5680,16384,1184954,1663228,1820089344,0.35188379895407706,0.6795556960860267,0.2228530019056052,0.35825848388671877,1.6126394299790263,0.005484744137726832
5681,16384,1167231,1639835,1792866816,0.3634111910359934,1.3594513810239732,0.22521063999738544,0.35572000122070313,2.303871448035352,0.003395795254254705
5682,16384,1177127,1651658,1808067072,0.4067143549909815,1.5341793750412762,0.2570329710142687,0.35272125244140623,2.550725465058349,0.003038804899945681
5683,16384,1176100,1652684,1806489600,0.2995935829821974,0.9652731020469218,0.20868049189448357,0.34263970947265626,1.81626235996373,0.00415543311002425
5684,16384,1183468,1662519,1817806848,0.32819989405106753,1.5392641839571297,0.22773497307207435,0.3540931396484375,2.449374516028911,0.0033610744156542184
5685,6172,538083,677268,826495488,0.11179365799762309,0.6080226680496708,0.09315426496323198,0.15344400024414062,0.9664893780136481,0.007737980435475886
5686,16384,1185462,1664334,1820869632,0.3163449539570138,0.9650506100151688,0.21928750292863697,0.34297454833984375,1.843736556940712,0.0042816149493633835
5687,16384,1167407,1641124,1793137152,0.30981117708142847,1.3390936988871545,0.23376146610826254,0.3547041931152344,2.2374520760495216,0.0036443621883374385
5688,16384,1176853,1650791,1807646208,0.29575628705788404,0.9222381019499153,0.20792939397506416,0.3532513427734375,1.7792539850343019,0.004432154074926941
5689,16384,1176109,1655008,1806503424,0.2739349330076948,1.1136472009820864,0.22732075001113117,0.3558062744140625,1.9707891659345478,0.004059669139448753
5690,16384,1182438,1660269,1816224768,0.309721393045038,1.4144581709988415,0.23323546396568418,0.35793142700195313,2.3154319759923965,0.0036935216307966245
5691,6172,537703,676856,825911808,0.10592092294245958,0.5496679380303249,0.10908550897147506,0.15059727478027343,0.915348973008804,0.008447956631983954
5692,16384,1186124,1665196,1821886464,0.3099204519530758,0.7176035440061241,0.22126301703974605,0.35994854736328125,1.6088117540348321,0.004736021626751349
5693,16384,1168618,1641343,1794997248,0.3038129929918796,1.4112099399790168,0.2344335870584473,0.34906500244140626,2.298602925031446,0.0035413928960781786
5694,16384,1178582,1653600,1810301952,0.38146718800999224,0.7420236469479278,0.23431828699540347,0.3545919189453125,1.7124789329245687,0.004548495425853555
5695,16384,1177401,1655501,1808487936,0.298055637977086,1.141443722997792,0.24226608697790653,0.3350608215332031,2.0169061169726774,0.0039589094414321955
5696,16384,1183392,1661010,1817690112,0.3134814170189202,0.6356138529954478,0.2071954549755901,0.35441653442382814,1.510783345089294,0.005036173833599373
5697,6172,537596,676370,825747456,0.11506102897692472,0.33149987703654915,0.1153047860134393,0.1519435272216797,0.71389105101116,0.011462780273158725
5698,16384,1185154,1664914,1820396544,0.3137092710239813,0.6799602690152824,0.18741481797769666,0.3587514953613281,1.5399104839889333,0.004846425257876079
5699,16384,1168132,1639208,1794250752,0.3161997910356149,1.2457012119702995,0.22366247803438455,0.33772930908203125,2.123378247022629,0.004024572655305367
5700,16384,1177719,1652007,1808976384,0.36600488889962435,0.6515544650610536,0.21788648003712296,0.3561422424316406,1.5916708199074492,0.005198529556025283
5701,16384,1176504,1655134,1807110144,0.3201089760987088,1.1315259309485555,0.22204168199095875,0.35365728759765624,2.027415633085184,0.004032545077120523
5702,16384,1184198,1662585,1818928128,0.29081797203980386,1.1390297339530662,0.22870427707675844,0.35832666015625,2.016956088016741,0.003839686511897223
5703,6172,538257,677540,826762752,0.11615513998549432,0.3620607639895752,0.09977892902679741,0.1504276123046875,0.7285037930123508,0.011166407996313073
5704,16384,1186408,1665255,1822322688,0.30022275901865214,1.0537934489548206,0.24018293397966772,0.35658856201171873,1.9508736650459468,0.004406286405299791
5705,16384,1168337,1642325,1794565632,0.2960592870367691,0.6997898980043828,0.23645837197545916,0.3503131103515625,1.582700656959787,0.00505399370763737
5706,16384,1176623,1651200,1807292928,0.36064676695968956,1.533897140994668,0.2383053769590333,0.3528165893554687,2.4857534709153697,0.003523947468446626
5707,16384,1177080,1654625,1807994880,0.3152276349719614,0.7249726700829342,0.21875508094672114,0.3344692687988281,1.5935054250294343,0.005068713775358837
5708,16384,1182337,1659730,1816069632,0.3332611209480092,0.9889083560556173,0.23100544000044465,0.3560688171386719,1.9093290669843554,0.004469257975900474
5709,6172,537652,676595,825833472,0.11605082906316966,0.33895117102656513,0.11475330998655409,0.15271395874023438,0.7225578890647739,0.012264795609017505
5710,16384,1185908,1665457,1821554688,0.34226673597004265,0.7632588010746986,0.21757780690677464,0.35848284912109374,1.6816631009569392,0.0045733229376142
5711,16384,1168284,1640968,1794484224,0.3477077910210937,0.9333864590153098,0.2178078789729625,0.35322119140625,1.852205605013296,0.004442519634822828
5712,16384,1178443,1652527,1810088448,0.3265543970046565,0.6221807170659304,0.2286171589512378,0.3534674987792969,1.530933358008042,0.00741940897206395
5713,16384,1176497,1654942,1807099392,0.3079196830512956,0.6583645159844309,0.2100270229857415,0.355838134765625,1.5322248770389706,0.004928796876315478
5714,16384,1183135,1661259,1817295360,0.2729793289909139,0.8204629090614617,0.2472884269664064,0.3575895690917969,1.6984045560238883,0.004964771968506742
5715,6172,537400,675960,825446400,0.11463404400274158,0.3262873140629381,0.10026060696691275,0.1507779541015625,0.6920412359759212,0.011750288500018673
5716,16384,1185831,1664227,1821436416,0.28387845400720835,0.6368435709737241,0.21919841202907264,0.3446802062988281,1.4846779439831153,0.005206561772894539
5717,16384,1168480,1642355,1794785280,0.29059432505164295,0.9727975549176335,0.21336957800667733,0.33863919067382814,1.8154838050249964,0.004580397521818891
5718,16384,1177351,1651922,1808411136,0.3075051580090076,0.6681397109059617,0.23887448699679226,0.35680245971679686,1.571418615989387,0.006160061987534134
5719,16384,1177343,1656130,1808398848,0.29186254704836756,0.6849831918952987,0.22423832106869668,0.35659640502929685,1.5577878740150481,0.006894967869502614
5720,16384,1182612,1660394,1816492032,0.3235031529329717,1.200652718078345,0.24138671590480953,0.3429311828613281,2.1085676479851827,0.00445222650637467
5721,6172,538724,677444,827480064,0.18133083707652986,0.32422204595059156,0.09983441897202283,0.15201199340820312,0.7574906561058015,0.012060967051888817
5722,16384,1187375,1666627,1823808000,0.3961123899789527,0.7297204120550305,0.252811610000208,0.35709466552734376,1.7358408670406789,0.005863986790304098
5723,16384,1169855,1642908,1796897280,0.39784279302693903,0.8290092719253153,0.25491705199237913,0.3545108337402344,1.836377914994955,0.005334648673739779
5724,16384,1177644,1651548,1808861184,0.47612216498237103,0.7427245040889829,0.2107577899005264,0.33955825805664064,1.7692562920274213,0.005288945379018025
5725,16384,1176447,1654442,1807022592,0.38989915093407035,0.6564798949984834,0.23576930607669055,0.35191998291015625,1.6341534609673545,0.0052091832246632325
5726,16384,1181672,1659278,1815048192,0.41654221795033664,0.916861993027851,0.20553683897014707,0.36411663818359374,1.9031326399417594,0.003938338729421117
5727,6172,536807,675785,824535552,0.1336845860350877,0.29887684900313616,0.10498610197100788,0.15315939331054687,0.6907879380742088,0.011726862900362983
5728,16384,1186252,1664770,1822083072,0.3640742750139907,0.6671221810393035,0.2164961319649592,0.34422079467773437,1.5919919810257852,0.004937105885851499
5729,16384,1169749,1642625,1796734464,0.3481043870560825,0.8069107739720494,0.22888501093257219,0.350369384765625,1.7343495730310678,0.004613620344075639
5730,16384,1176413,1652021,1806970368,0.39234962093178183,0.6566041390178725,0.2279401720734313,0.33792935180664063,1.6149058520095423,0.005112878853789219
5731,16384,1178133,1654902,1809612288,0.334709872957319,0.6905830990290269,0.2191686739679426,0.35313455200195315,1.5976685939822346,0.004531354391370426
5732,16384,1183163,1660863,1817338368,0.34040568792261183,0.8870252940105274,0.2433541719801724,0.35334588623046875,1.8242096179164946,0.004307496898513557
5733,6172,537214,676500,825160704,0.12299519905354828,0.3156835100380704,0.10059568996075541,0.1519724426269531,0.6913308760849759,0.012155453858018951
5734,16384,1185676,1664201,1821198336,0.31466824701055884,0.6738955860491842,0.23919370293151587,0.35650613403320314,1.584386404021643,0.00774646871933861
5735,16384,1169236,1641921,1795946496,0.3842263099504635,1.423868164070882,0.2170979930087924,0.35193869018554685,2.3772163279354572,0.0035827921410248728
5736,16384,1176866,1650847,1807666176,0.40526086592581123,0.6980561959790066,0.22638848703354597,0.3541796569824219,1.6839646969456226,0.004720468604902101
5737,16384,1177417,1655259,1808512512,0.34764096699655056,1.0526881660334766,0.21979783498682082,0.3565931396484375,1.9768009890103713,0.004091526943558054
5738,16384,1183555,1661322,1817940480,0.32752802793402225,0.9238557430217043,0.21210650797002017,0.3540101623535156,1.8175787508953363,0.004308457943587729
5739,6172,536352,675630,823836672,0.11245109396986663,0.27216620300896466,0.09293786808848381,0.14996601867675782,0.6276195030659437,0.015665434453593655
5740,16384,1186457,1663591,1822397952,0.31447142094839364,0.7109554229537025,0.2457307850709185,0.3561470947265625,1.6273829590063542,0.004807430626208818
5741,16384,1168779,1641392,1795244544,0.3089955849573016,0.6671284439507872,0.21888456610031426,0.3316528015136719,1.5267415539128706,0.005250226575031847
5742,16384,1175489,1650831,1805551104,0.361966872937046,0.6748341319616884,0.22208692808635533,0.3567429809570313,1.6157105918973684,0.004931449706835749
5743,16384,1175059,1653987,1804890624,0.29343135200906545,0.7575961379334331,0.21700579405296594,0.3393991394042969,1.6075234439922497,0.005662162678162674
5744,16384,1184369,1662074,1819190784,0.32134566898457706,0.6959399889456108,0.1986529480200261,0.34020443725585936,1.5562183059519157,0.004836258868976906
5745,6172,537991,677173,826354176,0.11208517011255026,0.30286235990934074,0.10349432099610567,0.1505839385986328,0.6691214690217748,0.014299257993500089
5746,16384,1187392,1668578,1823834112,0.3249057719949633,0.6669909610645846,0.2307957139564678,0.6089085693359375,1.8316785909701139,0.004235165412924767
5747,16384,1168437,1640436,1794719232,0.34042089304421097,1.091515488922596,0.21460969105828553,0.3489443969726562,1.9955676239915192,0.003866268065433131
5748,16384,1178938,1653363,1810848768,0.37685968389268965,0.6422712780768052,0.235749376937747,0.35572515869140625,1.6106882978929207,0.005140677707838501
5749,16384,1177077,1656102,1807990272,0.32696919003501534,0.7272455929778516,0.22375811100937426,0.35212567138671874,1.6301841289969161,0.005248706967159801
5750,16384,1182243,1660630,1815925248,0.3387710970127955,0.7286367840133607,0.26460973802022636,0.3635521240234375,1.695673887967132,0.006141799909218589
5751,6172,537658,676497,825842688,0.11190719995647669,0.31623418105300516,0.10485346300993115,0.14500125122070312,0.6780736700166017,0.011440464350093908
5752,16384,1185411,1664079,1820791296,0.3153509229887277,1.1068636960117146,0.2286023700144142,0.34037533569335937,1.991322161979042,0.006520153961276321
5753,16384,1168248,1641250,1794428928,0.3518196860095486,1.1646627879235893,0.213786983047612,0.35360250854492187,2.083954373956658,0.0039544258749685274
5754,16384,1178302,1652425,1809871872,0.34001573803834617,0.6595061318948865,0.22521158400923014,0.35630224609375,1.5811176439747214,0.005182659166505292
5755,16384,1177354,1655092,1808415744,0.34174090495798737,0.69633906299714,0.19829899701289833,0.3318292236328125,1.5682856170460582,0.004937139279891743
5756,16384,1183736,1660196,1818218496,0.2892915030242875,0.6641588819911703,0.25839711900334805,0.33552166748046874,1.5474613379919901,0.005955980317750094
5757,6172,537891,676929,826200576,0.10587464598938823,0.3194666290655732,0.10423614096362144,0.15081455993652343,0.680470447987318,0.011532026474314632
5758,16384,1185891,1664965,1821528576,0.28982020705007017,0.6066614639712498,0.2058476370293647,0.3592603759765625,1.4617102521006018,0.00824842496530569
5759,16384,1169475,1642420,1796313600,0.3249778659082949,1.4601662470959127,0.2146753929555416,0.3348431396484375,2.334737940924242,0.003225000747862435
5760,16384,1179837,1654050,1812229632,0.3304086960852146,1.541136102983728,0.2266373239690438,0.3507380981445313,2.449008653056808,0.0036109253505329443
5761,16384,1175556,1653227,1805654016,0.31596276501659304,0.7123925179475918,0.23213894001673907,0.35327618408203126,1.6138497929787263,0.004919039932739511
5762,16384,1182630,1659553,1816519680,0.35350818606093526,0.8912467129994184,0.2509799769613892,0.35511380004882814,1.8509296249831095,0.004373419250846128
5763,6172,537533,676529,825650688,0.09778418706264347,0.48516149492934346,0.10730886098463088,0.1462380828857422,0.8365704510360956,0.009302883413976858
5764,16384,1184120,1664162,1818808320,0.2705082530155778,1.5411924690706655,0.2647484929766506,0.35536282348632814,2.43189240898937,0.003304851803923749
5765,16384,1167224,1639177,1792856064,0.3338684280170128,0.7118657019454986,0.24692586809396744,0.35509710693359375,1.647839893004857,0.0050240326827800455
5766,16384,1177498,1650821,1808636928,0.3722902259323746,0.6816016710363328,0.253182066953741,0.3524221496582031,1.6595773079898208,0.004892475257302276
5767,16384,1177021,1654688,1807904256,0.31453773798421025,0.6700429760385305,0.19704517791979015,0.34198114013671876,1.5236842429731041,0.005067381526754265
5768,16384,1182652,1661002,1816553472,0.27633139002136886,0.9563974969787523,0.2518063170136884,0.35706109619140625,1.8416775249643251,0.004410368156656264
5769,6172,538131,677508,826569216,0.1136208800598979,0.30238290689885616,0.09368752909358591,0.15109613037109376,0.660874173976481,0.01312315664044374
5770,16384,1185713,1664423,1821255168,0.28678103792481124,0.6432906549889594,0.2397633750224486,0.3567961730957031,1.5267300839768723,0.006474159773697778
5771,16384,1169376,1642001,1796161536,0.37149400101043284,0.6740545820211992,0.19127959094475955,0.353841796875,1.5907632519956678,0.005863923758559187
5772,16384,1176800,1651779,1807564800,0.3844509319169447,0.6561267650686204,0.24801322596613318,0.3530252685546875,1.6417134879156947,0.00592651580346189
5773,16384,1177354,1655490,1808415744,0.3619048590771854,0.635380383930169,0.20390184002462775,0.3322799072265625,1.5335553539916873,0.005762017843867237
5774,16384,1183111,1661280,1817258496,0.37082046607974917,0.8040143710095435,0.2550607349257916,0.3584906005859375,1.788482403033413,0.005380563556444706
5775,6172,538500,677453,827136000,0.14603798498865217,0.2884994500782341,0.09505975502543151,0.15414810180664062,0.6838356989901513,0.01322058665939919
5776,16384,1186092,1665086,1821837312,0.38182159699499607,0.7057965819258243,0.2646341409999877,0.35694595336914064,1.7092907649930567,0.005411115826648973
5777,16384,1168500,1641039,1794816000,0.41620845696888864,0.8111102189868689,0.2156343290116638,0.3378604736328125,1.7809187999228016,0.0059138756114120285
5778,16384,1176441,1651941,1807013376,0.48261485900729895,0.843879497027956,0.2279383639106527,0.34043878173828124,1.8949624069500715,0.004797206823165167
5779,16384,1177094,1655637,1808016384,0.3817562059266493,0.7438215310685337,0.2531566600082442,0.35263433837890623,1.7314665459562093,0.005649001657250931
5780,16384,1183705,1662735,1818170880,0.35701356595382094,0.7875443219672889,0.27061642706394196,0.3369371643066406,1.752198529895395,0.004968078800290326
5781,6172,537289,675823,825275904,0.1357542839832604,0.31370798707939684,0.09861431701574475,0.15028924560546875,0.6984391730511561,0.010500465912441418
5782,16384,1185994,1664746,1821686784,0.3437193949939683,0.8155332100577652,0.2577126129763201,0.3447601928710938,1.7618073540506884,0.004651084657620782
5783,16384,1168517,1642272,1794842112,0.32013689598534256,0.80910298100207,0.21314008301123977,0.3519377136230469,1.6944109330652282,0.00550394486420688
5784,16384,1178351,1652417,1809947136,0.35955000401008874,0.6976814779918641,0.20916546101216227,0.35479473876953127,1.6212720141047612,0.00495489470094041
5785,16384,1176900,1654395,1807718400,0.2851367020048201,1.010666443966329,0.2437242380110547,0.35321792602539065,1.892824808950536,0.004200015900331787
5786,16384,1182404,1660638,1816172544,0.29201390594244003,1.4562002000166103,0.22596410801634192,0.35861984252929685,2.332890964928083,0.00398254461055306
5787,6172,538011,677181,826384896,0.12240807304624468,0.3357692889403552,0.09977685997728258,0.15072412109375,0.708758631022647,0.011327969988701982
5788,16384,1186041,1664378,1821758976,0.3177715439815074,0.638913964969106,0.21470831299666315,0.3588868713378906,1.5303632098948583,0.005391962454248529
5789,16384,1168405,1641283,1794670080,0.33665358799044043,0.7500285800779238,0.22739897191058844,0.349968994140625,1.6641291870037094,0.0047504054822820945
5790,16384,1177202,1650806,1808182272,0.3003041170304641,1.5126949429977685,0.2233244830276817,0.35599725341796873,2.3924017150420696,0.003382315255741251
5791,16384,1175149,1653626,1805028864,0.30466891604010016,0.734731680015102,0.23777661297935992,0.3311571350097656,1.6084164010826498,0.0051017285242022595
5792,16384,1184362,1661801,1819180032,0.3098636349895969,1.132238290971145,0.23890286509413272,0.3555031433105469,2.036590129020624,0.004035895786336806
5793,6172,538843,676885,827662848,0.11111990304198116,0.3152767129940912,0.10373879293911159,0.1526564178466797,0.6828770929714665,0.012486309832385262
5794,16384,1186416,1663980,1822334976,0.31390558602288365,0.8343806000193581,0.2555771379265934,0.353761474609375,1.7577106889802963,0.004886492562436585
5795,16384,1168211,1642001,1794372096,0.3459879820002243,0.6822848650626838,0.262785303988494,0.3384891662597656,1.629626321955584,0.004848022111077594
5796,16384,1177563,1652285,1808736768,0.38780514104291797,0.6534260349581018,0.1948045960161835,0.3502907104492187,1.5864136670716107,0.005495704367548407
5797,16384,1175788,1654203,1806010368,0.3208379789721221,0.8808711289893836,0.24572789296507835,0.35345742797851565,1.8009736159583554,0.004396902461759596
5798,16384,1183942,1663341,1818534912,0.3040279720444232,0.904394140932709,0.22638916003052145,0.3552301025390625,1.7901205680100247,0.004423861985821304
5799,6172,537709,676942,825921024,0.11807997897267342,0.7107666590018198,0.09767447598278522,0.14553875732421875,1.0721408509416506,0.0075530803701937405
5800,16384,1184044,1663408,1818691584,0.2730556830065325,1.4299224060960114,0.25767347391229123,0.3561115417480469,2.316844306071289,0.003504823703270215
5801,16384,1168375,1640949,1794624000,0.34050349704921246,0.6426869540009648,0.20629523694515228,0.3506741027832031,1.5402380570303649,0.00508143864353553
5802,16384,1177978,1651962,1809374208,0.3094041080912575,0.7513258639955893,0.22697489091660827,0.35116134643554686,1.6389488270506263,0.005040890249947555
5803,16384,1177324,1653581,1808369664,0.30376792897004634,1.0382577059790492,0.2247241650475189,0.35243026733398436,1.919261518982239,0.004243905837465039
5804,16384,1181733,1659789,1815141888,0.27758684498257935,0.7347375509561971,0.228615264990367,0.3533898620605469,1.5944099219050258,0.005042549863177548
5805,6172,537317,676519,825318912,0.11866927496157587,0.3369534300873056,0.10572793695610017,0.1519680938720703,0.713397050043568,0.010977640923979739
5806,16384,1185581,1664695,1821052416,0.3020516058895737,0.9388377550058067,0.2629793050000444,0.35807559204101563,1.8620217649731785,0.004162520449332673
5807,16384,1169248,1641269,1795964928,0.353092635050416,0.693041683989577,0.226277194917202,0.3419651489257812,1.6144593909848481,0.005124198374638407
5808,16384,1178539,1652135,1810235904,0.4018421870423481,0.7131885519484058,0.22253378306049854,0.34302783203125,1.6806722769979388,0.004755413445577821
5809,16384,1176562,1654169,1807199232,0.32399198797065765,0.7753304709913209,0.24388941598590463,0.34202197265625,1.6853168070083484,0.004922481272963918
5810,16384,1181600,1659512,1814937600,0.32618464110419154,0.9493161569116637,0.21215342404320836,0.3633996276855469,1.8511319250101224,0.00421770401433807
5811,6172,539000,677153,827904000,0.10971772996708751,0.294920364045538,0.10261158098001033,0.15079209899902343,0.6581216939957812,0.012143651371937365
5812,16384,1185348,1663734,1820694528,0.2995236029382795,0.9252105969935656,0.20668112603016198,0.358277587890625,1.7898141839541495,0.006775569363826143
5813,16384,1167443,1641042,1793192448,0.3264571250183508,0.6869145559612662,0.22631350602023304,0.339977294921875,1.5797381929587573,0.004792631929116471
5814,16384,1177939,1652176,1809314304,0.36120130796916783,0.6665161980781704,0.2344854660332203,0.3373019409179687,1.5995880459668115,0.005197148634226616
5815,16384,1176929,1654440,1807762944,0.31207101396285,0.6866957790916786,0.2234559509670362,0.3572230834960938,1.579531589988619,0.005429614165621088
5816,16384,1183223,1660312,1817430528,0.2967903079697862,0.9724611579440534,0.2265572970500216,0.3541820983886719,1.8500680109718814,0.004170096390554884
5817,6172,537002,676286,824835072,0.11260652495548129,0.3183179380139336,0.10225889598950744,0.15043292236328126,0.6836926830001175,0.011174856746857023
5818,16384,1185722,1665154,1821268992,0.2666417619911954,0.9607035019434988,0.23382672900334,0.3555379638671875,1.8167920069536194,0.004516210335787155
5819,16384,1169372,1642355,1796155392,0.30628065194468945,0.7879088580375537,0.22869695990812033,0.3518609619140625,1.6748289529932663,0.004867433697907497
5820,16384,1178153,1650853,1809643008,0.3203667359193787,0.678004581015557,0.2426603230414912,0.3549956359863281,1.5961106619797647,0.005224325543073196
5821,16384,1176863,1655844,1807661568,0.33259468094911426,0.7095754781039432,0.22004581394139677,0.35410357666015624,1.616402207990177,0.005113723252654919
5822,16384,1183063,1661179,1817184768,0.3201107640052214,1.3988056010566652,0.24106299097184092,0.35636349487304686,2.316438056062907,0.004109980661183605
5823,6172,537424,676319,825483264,0.12254861101973802,0.352716444991529,0.12053131102584302,0.1514872283935547,0.7473829950904474,0.013299695127615759
5824,16384,1184819,1663644,1819881984,0.33904975396580994,0.694266687030904,0.2604643040103838,0.3570323486328125,1.650913035031408,0.006053704185321552
5825,16384,1169521,1643735,1796384256,0.354047778993845,0.6707271700724959,0.22049595997668803,0.354271240234375,1.5996341310674325,0.005750176758673626
5826,16384,1178530,1653059,1810222080,0.45728653692640364,1.1815487130079418,0.22021540510468185,0.354863525390625,2.2140097939409316,0.004318567674846516
5827,16384,1177426,1655098,1808526336,0.3914745089132339,0.6976549370447174,0.2382610240019858,0.35588671875,1.6833778989966959,0.005982630924344305
5828,16384,1182455,1659625,1816250880,0.43288334796670824,0.9769395870389417,0.23850480595137924,0.3514737243652344,1.9999029360478744,0.005073782521233947
5829,6172,538112,677319,826540032,0.15966950403526425,0.30701854394283146,0.10656135401222855,0.15469190979003905,0.7280261470004916,0.011652771054706091
5830,16384,1186835,1664626,1822978560,0.3998409550404176,0.6760147380409762,0.24693828297313303,0.35620086669921874,1.67907511908561,0.004780985135916755
5831,16384,1168024,1641595,1794084864,0.4097544380929321,0.7288180789910257,0.22229046293068677,0.3477762145996094,1.7087199910311028,0.004728476126754882
5832,16384,1176605,1651471,1807265280,0.44377837504725903,0.698028406011872,0.23033696797210723,0.353889892578125,1.7261128140380606,0.004586747056947397
5833,16384,1174550,1654515,1804108800,0.3538599469466135,0.6794078700477257,0.23973299597855657,0.35926092529296877,1.6323472829535604,0.0052405936279038955
5834,16384,1182820,1661283,1816811520,0.3661580780753866,1.1228163189953193,0.2319263779791072,0.3560203857421875,2.0770047650439665,0.004025231591805338
5835,6172,537441,676591,825509376,0.18754866905510426,0.33945553097873926,0.10858440201263875,0.1517922821044922,0.7874676720239222,0.01102113471207561
5836,16384,1186526,1664661,1822503936,0.3100944140460342,0.6803164209704846,0.2476136980112642,0.35817483520507815,1.5962777560343966,0.004910661771676162
5837,16384,1167284,1641089,1792948224,0.3144677720265463,0.7343579619191587,0.2237849140074104,0.3585195617675781,1.631213941029273,0.005133067249700755
5838,16384,1178285,1652179,1809845760,0.4182014469988644,0.7287484389962628,0.2165228839730844,0.3520674743652344,1.7156162520404905,0.004430344312378851
5839,16384,1177309,1655499,1808346624,0.32491724495776,0.7166505629429594,0.23689663410186768,0.35566159057617186,1.6342127938987687,0.005309058914093051
5840,16384,1182861,1660284,1816874496,0.35768853896297514,0.7364585279719904,0.1965696030529216,0.3454396057128906,1.636236291960813,0.004890263125719408
5841,6172,537711,676583,825924096,0.12074906507041305,0.314985261997208,0.10732532001566142,0.15035472106933595,0.6934979760553688,0.012055969251125872
5842,16384,1185312,1664824,1820639232,0.33652431599330157,0.7153837290825322,0.22313287400174886,0.3569201049804688,1.6320420380216092,0.0049639630395702196
5843,16384,1168374,1641887,1794622464,0.3268887719605118,1.0750678610056639,0.22634614596609026,0.34912786865234374,1.9775107050081715,0.0040483939408779415
5844,16384,1177825,1650981,1809139200,0.38965083891525865,0.642710845102556,0.23095704393927008,0.35533294677734373,1.6187302860198542,0.004856354767965933
5845,16384,1175035,1653367,1804853760,0.3317564280005172,0.7025676410412416,0.22421715199016035,0.35159539794921874,1.6102228380041197,0.00535447771245442
5846,16384,1183125,1660304,1817280000,0.3191997869871557,0.6726279490394518,0.2330686260247603,0.35726486206054686,1.582240461022593,0.005007893087714384
5847,6172,538064,677227,826466304,0.10493427410256118,0.4004677429329604,0.10605968302115798,0.15255999755859376,0.7641047810902819,0.01087330914093714
5848,16384,1187238,1664763,1823597568,0.3135196940274909,0.6942910290090367,0.23390584101434797,0.33825543212890624,1.5800517190946266,0.005045588943790823
5849,16384,1169136,1641383,1795792896,0.30752170900814235,0.6804707639385015,0.22816524107474834,0.35027923583984377,1.5665176180191338,0.005149521267432891
5850,16384,1178144,1650564,1809629184,0.3044407059205696,0.7257920970441774,0.23627434496302158,0.3531877746582031,1.619772630976513,0.004797487564325254
5851,16384,1177337,1656291,1808389632,0.3168164909584448,0.9379338680300862,0.24507680896203965,0.3440355529785156,1.8439508349401876,0.00477854449433695
5852,16384,1183489,1661323,1817839104,0.3088734879856929,1.5437039940152317,0.23057577305007726,0.354917724609375,2.4381539080059156,0.003401276074749694
5853,6172,537959,676669,826305024,0.10476111003663391,0.31093107792548835,0.09672353707719594,0.15028329467773438,0.6627810880308971,0.012382416355348817
5854,16384,1185601,1662592,1821083136,0.2984449890209362,0.7217678719898686,0.24338139698375016,0.3438450927734375,1.6075139649910852,0.004641590973248754
5855,16384,1168871,1641289,1795385856,0.2960169480647892,1.3767533210339025,0.2407395059708506,0.3489312744140625,2.262529253028333,0.0038984488094655763
5856,16384,1177635,1651562,1808847360,0.3856358890188858,1.0551917089615017,0.21845351997762918,0.33611004638671876,1.9954693410545588,0.00391771039598767
5857,16384,1177046,1655196,1807942656,0.32125338504556566,0.7746494120219722,0.2168946450110525,0.350071533203125,1.6629426270956174,0.00442900510828741
5858,16384,1182921,1660821,1816966656,0.3363783759996295,1.4327605589060113,0.23185157706029713,0.357174072265625,2.358242732938379,0.003313853392802409
5859,6172,537987,677129,826348032,0.11534714803565294,0.5411152789602056,0.09573773306328803,0.15252227783203126,0.9048341739689931,0.012348790643617715
5860,16384,1185637,1664619,1821138432,0.30567642394453287,0.6788098200922832,0.23751721601001918,0.35318283081054686,1.5752670409856364,0.00512612313679425
5861,16384,1169276,1642247,1796007936,0.3142740820767358,0.9597960410173982,0.21849624090828001,0.3388294982910156,1.8314785780385137,0.0045163370227673
5862,16384,1178336,1651308,1809924096,0.38274024694692343,1.196648063021712,0.20434714702423662,0.35349267578125,2.137302476912737,0.003478409790759027
5863,16384,1177979,1657359,1809375744,0.30653277901001275,0.7841664389707148,0.2413233049446717,0.35344180297851563,1.6855436490150169,0.004706084659889445
5864,16384,1182176,1659402,1815822336,0.3129102539969608,1.0590085010044277,0.2645245000021532,0.33876129150390627,1.9752853930694982,0.0040929053763054885
5865,6172,537394,676544,825437184,0.11107254296075553,0.27919867204036564,0.09989048296120018,0.15089602661132812,0.6411419609794393,0.013138495203327882
5866,16384,1186390,1663886,1822295040,0.32163880998268723,0.7072104699909687,0.21772670303471386,0.35277606201171874,1.5994312899420038,0.004954568690350375
5867,16384,1169348,1642653,1796118528,0.2889257880160585,1.1968453070148826,0.22561033605597913,0.351326904296875,2.0627971270587295,0.00430443080270177
5868,16384,1178072,1652202,1809518592,0.3702996149659157,0.644891444942914,0.21563240699470043,0.33346029663085935,1.5643685680115595,0.0054210036499250025
5869,16384,1176583,1655167,1807231488,0.3220367080066353,0.731986736995168,0.22715111600700766,0.34586813354492185,1.627124545047991,0.005030376716228242
5870,16384,1182084,1660293,1815681024,0.30350626702420413,0.9421491179382429,0.23299373604822904,0.34387716674804686,1.8226027749478817,0.004196591281989318
5871,6172,537542,676403,825664512,0.14590905793011189,0.32212830299977213,0.1032622680068016,0.15450982666015625,0.7258881169836968,0.010836571782141336
5872,16384,1185496,1664513,1820921856,0.33407887595240027,0.6919754000846297,0.2421913059661165,0.3567486572265625,1.625074603012763,0.004945236538986855
5873,16384,1166823,1639689,1792240128,0.363208627095446,1.1116368229268119,0.24662403704132885,0.3411851501464844,2.062744028051384,0.004333588661366684
5874,16384,1177215,1652154,1808202240,0.3614546071039513,0.6791793910088018,0.2265955259790644,0.34285195922851563,1.6101746381027624,0.005785383785387353
5875,16384,1177783,1656599,1809074688,0.32409451494459063,0.8292493580374867,0.23413047101348639,0.3360226440429688,1.723591699032113,0.00549497851687721
5876,16384,1183232,1661084,1817444352,0.3678519231034443,0.9798784099984914,0.23974509490653872,0.35507199096679687,1.9426421000389382,0.004873829495672888
5877,6172,538537,677171,827192832,0.13838788599241525,0.30923346092458814,0.12147305300459266,0.15038546752929688,0.719578366028145,0.013688373900922599
5878,16384,1186353,1665031,1822238208,0.4025958110578358,0.684960959944874,0.22322057303972542,0.3587545166015625,1.6696432600729167,0.006672049747570533
5879,16384,1168841,1641018,1795339776,0.4621041730279103,1.1389199970290065,0.23555237299297005,0.3497855224609375,2.1864663780434057,0.004770827195377226
5880,16384,1178319,1653534,1809897984,0.4770093699917197,0.6862696269527078,0.23146472696680576,0.35234564208984376,1.747198886005208,0.006268319251359487
5881,16384,1176030,1655403,1806382080,0.3999095279723406,0.6783869690261781,0.21829061000607908,0.35222076416015624,1.6488986290059984,0.005504149233179978
5882,16384,1184205,1663378,1818938880,0.3998028209898621,0.9257045170525089,0.24022783001419157,0.35468191528320314,1.9204949020640925,0.004052014105480007
5883,6172,538118,676730,826549248,0.14018391398712993,0.4035308590391651,0.11204168794211,0.14526467895507814,0.8011136910645291,0.011552809804438801
5884,16384,1185026,1663085,1820199936,0.32193797500804067,0.7322751180035993,0.22165756800677627,0.3569100036621094,1.6328599569387734,0.0048560354432611195
5885,16384,1168864,1642905,1795375104,0.35236641007941216,1.0769765949808061,0.22235680499579757,0.3411832580566406,1.9929668019758537,0.004201468038221325
5886,16384,1179686,1653558,1811997696,0.3708443839568645,0.705512871965766,0.24589191505219787,0.33372662353515625,1.656057365005836,0.0049255839546920996
5887,16384,1176783,1655090,1807538688,0.3301644759485498,1.0104664920363575,0.2540478720329702,0.35586392211914064,1.9506319459760562,0.004572048521094668
5888,16384,1183612,1661192,1818028032,0.35424707690253854,0.9574770160252228,0.234100082074292,0.3547654113769531,1.900734927970916,0.007646599732064841
5889,6172,537572,676736,825710592,0.10494013410061598,0.4956537359394133,0.10869185498449951,0.15339999389648437,0.8627698990749195,0.009756964631772754
5890,16384,1185900,1664245,1821542400,0.2843561170157045,0.6840086670126766,0.2685809970134869,0.35340985107421874,1.5904381000436842,0.005185233401740606
5891,16384,1168416,1640000,1794686976,0.2852262669475749,1.1728778600227088,0.2611987000564113,0.3513763427734375,2.070762005983852,0.0040002754290519174
5892,16384,1176596,1649757,1807251456,0.35200665600132197,0.6437614529859275,0.21935467096045613,0.35170208740234377,1.566904071951285,0.005054846857155542
5893,16384,1176484,1653378,1807079424,0.3223750590113923,0.6870525409467518,0.23751253506634384,0.35727328491210936,1.6043000270146877,0.005398433998123961
5894,16384,1182335,1660128,1816066560,0.3261413420550525,0.9885755958966911,0.22330977907404304,0.3538916015625,1.8920046919956803,0.004565179344380823
5895,6172,538127,676778,826563072,0.11661043495405465,0.3255294970003888,0.11389510601293296,0.15522210693359376,0.7113370669540018,0.011235468632877077
5896,16384,1185838,1662900,1821447168,0.3199793859384954,0.7219764159526676,0.21877945610322058,0.3490557556152344,1.6098681408911943,0.004790906759220555
5897,16384,1168160,1640706,1794293760,0.350664776051417,1.42293276602868,0.2311097689671442,0.35329193115234375,2.3580778130562976,0.0033319874466303714
5898,16384,1177604,1653095,1808799744,0.3573558069765568,1.5276242179097608,0.2303795930929482,0.3368618774414063,2.4522995059378445,0.0031811170284615285
5899,16384,1177129,1654313,1808070144,0.28013886301778257,1.2080994240241125,0.24094940500799567,0.3553996887207031,2.084667102084495,0.0038241747961447995
5900,16384,1181534,1659550,1814836224,0.335711546940729,1.3595913259778172,0.23490730801131576,0.3436260986328125,2.2739127289969474,0.0033620214750544413
5901,6172,537608,676192,825765888,0.11044422001577914,0.3257509939139709,0.1112701779929921,0.15237738037109375,0.6999356609303504,0.013271024995513078
5902,16384,1184237,1661596,1818988032,0.2734154290519655,1.1147954299813136,0.23550696193706244,0.3557293701171875,1.9795337399700657,0.0043721852671160955
5903,16384,1166522,1639869,1791777792,0.3305124680045992,0.958941413089633,0.23954354401212186,0.35693682861328124,1.8860126060899347,0.004154392714365016
5904,16384,1178374,1652196,1809982464,0.3542658929945901,1.0943301259540021,0.2480603459989652,0.35362661743164064,2.050362483947538,0.0038774396704053552
5905,16384,1176927,1655282,1807759872,0.28104244102723897,0.6356902350671589,0.24311082297936082,0.3376492919921875,1.497577778995037,0.0056750260509181374
5906,16384,1182734,1660492,1816679424,0.2976445769891143,1.5359570250147954,0.23363567295018584,0.3550426940917969,2.4223624889273196,0.003406586826057499
5907,6172,537542,677018,825664512,0.10506295796949416,0.7243454660056159,0.11281687300652266,0.15432012939453124,1.09662014991045,0.006813985160864453
5908,16384,1186470,1664796,1822417920,0.28104472905397415,0.6895336520392448,0.23364671494346112,0.35553402709960935,1.5598368500359356,0.0049830147072475505
5909,16384,1168914,1640581,1795451904,0.31505532504525036,1.5064194069709629,0.2344840730074793,0.34946249389648437,2.4055370410205796,0.004811486933223208
5910,16384,1178151,1652529,1809639936,0.36898342799395323,0.9468588299350813,0.23816995800007135,0.33861026000976563,1.8927003629505634,0.004115126367417186
5911,16384,1176513,1654212,1807123968,0.3097505719633773,0.7222882580244914,0.2496802939567715,0.3546769714355469,1.6364744779421017,0.00478972101130361
5912,16384,1182027,1659815,1815593472,0.32915849704295397,0.7061309249838814,0.2236826829612255,0.3648368835449219,1.623886437038891,0.004769330178625069
5913,6172,537906,677074,826223616,0.14050415996462107,0.4791051319334656,0.10756929009221494,0.15420822143554688,0.881476346985437,0.010158362149442424
5914,16384,1186021,1663721,1821728256,0.30250595707912,0.6872388739138842,0.2411202050279826,0.3550119323730469,1.5859691810328513,0.005814276842226721
5915,16384,1169439,1642347,1796258304,0.27630890207365155,0.7933333188993856,0.22249380010180175,0.35380364990234375,1.6460221710149199,0.00501208544999509
5916,16384,1175876,1650858,1806145536,0.3956498960033059,0.7403113800100982,0.23432485305238515,0.33332095336914064,1.7036886410787702,0.004787180114592612
5917,16384,1177211,1655360,1808196096,0.32611627399455756,0.792197966016829,0.2316109730163589,0.3322910766601562,1.6822955870302394,0.0047136390863264845
5918,16384,1182927,1660992,1816975872,0.31365217198617756,0.6915251800091937,0.23834200599230826,0.35369073486328123,1.5972967309644446,0.005424046252918159
5919,6172,539083,677631,828031488,0.11460977094247937,0.519843154004775,0.10387798806186765,0.1535754852294922,0.8919854779960588,0.008865587993904354
5920,16384,1185288,1663666,1820602368,0.26514796598348767,0.686236155917868,0.23559230205137283,0.35596221923828125,1.5430201479466632,0.005282157576617177
5921,16384,1168572,1641164,1794926592,0.3394787560682744,1.0060193119570613,0.23357545502949506,0.3513898620605469,1.930549771990627,0.0044747292456670095
5922,16384,1176611,1650791,1807274496,0.3768963470356539,0.6875390779459849,0.23877481801901013,0.3538252868652344,1.6571195250144228,0.005068744123263973
5923,16384,1176767,1653878,1807514112,0.3175613780040294,0.8830544949742034,0.24756073509342968,0.35663015747070315,1.8048874730011448,0.004471606124286248
5924,16384,1182319,1660421,1816041984,0.33303272095508873,0.7140012900345027,0.23456589900888503,0.35336846923828125,1.635064168018289,0.005858411150141921
5925,6172,537666,675685,825854976,0.12029735406395048,0.32680469297338277,0.1093250629492104,0.15367900085449218,0.7102036760188639,0.013737633459604312
5926,16384,1186371,1664573,1822265856,0.3154268980724737,0.9871330210007727,0.2487318009370938,0.3423927307128906,1.8937863589962944,0.005381191631223227
5927,16384,1168439,1642506,1794722304,0.381011676043272,1.5541803049854934,0.2566217549610883,0.3518396911621094,2.5437515570083633,0.003857682411235109
5928,16384,1177627,1650432,1808835072,0.4226015900494531,0.7072593179764226,0.25193046301137656,0.340395751953125,1.722283857059665,0.005616615919098333
5929,16384,1177608,1655859,1808805888,0.3982514740200713,0.730276325950399,0.24284006003290415,0.3538359069824219,1.7253115649800748,0.006248030585683596
5930,16384,1181224,1658954,1814360064,0.4338966590585187,0.7997997079510242,0.22863187501206994,0.361965576171875,1.8243854279862717,0.005021405640419089
5931,6172,538220,676677,826705920,0.14093030302319676,0.7090811999514699,0.11169345502275974,0.15231712341308593,1.1141018839552999,0.007162948554053151
5932,16384,1185722,1664621,1821268992,0.37415368808433414,0.6800513039343059,0.2536607070360333,0.35783935546875,1.6657839770196006,0.004737859006091195
5933,16384,1169188,1641659,1795872768,0.3682878710096702,1.535952758975327,0.2263054910581559,0.34361065673828123,2.4742376980138943,0.0032705116620382465
5934,16384,1178953,1653314,1810871808,0.40180801996029913,0.8778438960434869,0.2157752679195255,0.3406136169433594,1.836122271954082,0.0044371275625545836
5935,16384,1176730,1654905,1807457280,0.35781177901662886,1.1633390130009502,0.224024671013467,0.3312264099121094,2.07648251298815,0.0038834926126285166
5936,16384,1182493,1661578,1816309248,0.32869959296658635,1.0556588399922475,0.2624946259893477,0.354276123046875,2.001214129035361,0.00424477516284285
5937,6172,538068,676463,826472448,0.11922448396217078,0.301268249982968,0.09542352904099971,0.1502821807861328,0.6662712399847806,0.010925912472372725
5938,16384,1186902,1665004,1823081472,0.3300851860549301,1.3518189650494605,0.21150717895943671,0.3427599487304688,2.236248573055491,0.0034564252885812357
5939,16384,1167966,1639796,1793995776,0.3729238819796592,0.9971412869635969,0.23463796207215637,0.3474495849609375,1.9522299419622868,0.0039557832956455645
5940,16384,1177263,1651578,1808275968,0.3337558238999918,0.9293543130625039,0.2775841699913144,0.35574444580078124,1.8965210230089724,0.004337956362354674
5941,16384,1176605,1655232,1807265280,0.3135725329630077,0.666348071070388,0.2570486149052158,0.3551596069335938,1.5922063059406355,0.004866207861452434
5942,16384,1183667,1662672,1818112512,0.32251375191845,1.0779741120059043,0.23790148296393454,0.33709490966796873,1.9755632609594613,0.003999082427022466
5943,6172,538582,677093,827261952,0.12346766795963049,0.35797395708505064,0.11979150993283838,0.15518911743164063,0.7565086550312117,0.01142123377926748
5944,16384,1184781,1664529,1819823616,0.3096873810281977,0.7219191460171714,0.23420889198314399,0.35336029052734375,1.6192565980600193,0.0049954098849579595
5945,16384,1168828,1641168,1795319808,0.3238232439616695,1.530228764982894,0.22694402106571943,0.35298956298828127,2.434067872003652,0.003380308578663743
5946,16384,1176396,1650649,1806944256,0.2913901238935068,0.8702491370495409,0.2072134129703045,0.34191873168945314,1.7108513159910217,0.004670796782245229
5947,16384,1175009,1652719,1804813824,0.3252362359780818,0.7273115370189771,0.24682004796341062,0.3537123718261719,1.6531610779929906,0.004892760144546148
5948,16384,1182404,1660774,1816172544,0.2910592519911006,0.9463036459637806,0.24229402607306838,0.3546611328125,1.8344024049583822,0.004598125128089828
5949,6172,536953,676471,824759808,0.11569909402169287,0.32324539788533,0.11091572407167405,0.1553684844970703,0.7053103529615328,0.011576816563471004
5950,16384,1186817,1664240,1822950912,0.2841253250371665,1.578263315022923,0.2272928690072149,0.3549638671875,2.4447258120635524,0.003290177096790325
5951,16384,1168347,1640753,1794580992,0.33532207598909736,1.5503112910082564,0.24735004594549537,0.35265509033203124,2.485767242964357,0.005179072571709595
5952,16384,1179415,1653439,1811581440,0.3891148059628904,0.8552357020089403,0.2573262630030513,0.3541097106933594,1.8558697110274807,0.004484655293669993
5953,16384,1176795,1654251,1807557120,0.30201748304534703,1.1079287440516055,0.23623079294338822,0.35754541015625,2.0038091730093583,0.004328895881712056
5954,16384,1182304,1661045,1816018944,0.33899998490232974,1.5612292310688645,0.23331608693115413,0.332710693359375,2.466337930993177,0.003322121045302077
5955,6172,537098,676176,824982528,0.1180034150602296,0.32976182003039867,0.11416850995738059,0.15447608947753907,0.7164950530277565,0.011893801896947533
5956,16384,1186312,1664939,1822175232,0.29740891605615616,0.7306797329802066,0.23723511607386172,0.3462777404785156,1.6116809110390022,0.00492687167281785
5957,16384,1168783,1641264,1795250688,0.3282316420227289,0.8449053269578144,0.24904797098133713,0.3517691955566406,1.774036176968366,0.004624564645857735
5958,16384,1176104,1650436,1806495744,0.3807363440282643,0.725271601928398,0.22990877204574645,0.3547781372070313,1.6907805550144985,0.005068653339091902
5959,16384,1176965,1655695,1807818240,0.2873681189958006,0.9903661089483649,0.24749504902865738,0.35425616455078124,1.8795707109384239,0.004536643092140151
5960,16384,1181638,1660223,1814995968,0.2867372879991308,1.5810469390125945,0.2522402530303225,0.3624277038574219,2.4825324460398406,0.0032330751809048304
5961,6172,538079,676474,826489344,0.10521087097004056,0.3336540600284934,0.09886549797374755,0.15074989318847656,0.688562961993739,0.012001783067400724
5962,16384,1186791,1665400,1822910976,0.30023274396080524,1.0865880539640784,0.21377143904101104,0.35824716186523436,1.9589187909150496,0.004052852230975769
5963,16384,1169022,1641149,1795617792,0.3249323010677472,1.4571472299285233,0.21317961008753628,0.33670468139648435,2.3320452300831676,0.0034908243556518222
5964,16384,1178996,1652095,1810937856,0.3574327640235424,1.1231127170613036,0.22537901590112597,0.35279959106445313,2.058808486093767,0.0040993634867985415
5965,16384,1175921,1655084,1806214656,0.3161350459558889,0.7082966529997066,0.2216438320465386,0.3523333740234375,1.5984974679304287,0.0055403844318689536
5966,16384,1183154,1661341,1817324544,0.3355014119297266,0.7420876401010901,0.2535963279660791,0.35689410400390625,1.688157303025946,0.004609702247802701
5967,6172,537758,676684,825996288,0.11223513900768012,0.29849993996322155,0.09975299600046128,0.15138426208496095,0.6619557049125433,0.01259417444411088
5968,16384,1187224,1663871,1823576064,0.31029617798049003,1.01489563297946,0.22703874798025936,0.4340052490234375,1.9863141659880057,0.003944895812585269
5969,16384,1169668,1642961,1796610048,0.35015777696389705,0.7548685580259189,0.24491976096760482,0.3494276123046875,1.6994550139643252,0.004784222091716897
5970,16384,1178623,1654005,1810364928,0.3592783990316093,1.075567394029349,0.25579175096936524,0.3514212036132813,2.0421427380060777,0.004112854645752208
5971,16384,1176378,1653545,1806916608,0.30015349201858044,0.6765336409443989,0.2522475100122392,0.3539551086425781,1.583004329004325,0.00723797051145025
5972,16384,1183154,1661352,1817324544,0.35412799404002726,0.6843307949602604,0.24249183107167482,0.3535701904296875,1.6346437149913982,0.007518732591145248
5973,6172,537446,675944,825517056,0.13103360903915018,0.33241658797487617,0.11282246001064777,0.14939234924316405,0.7257600210141391,0.013091758094934148
5974,16384,1185171,1664077,1820422656,0.3619602450635284,0.9779646779643372,0.2545535600511357,0.3433617248535156,1.9379391910042614,0.005107645905705175
5975,16384,1169511,1642549,1796368896,0.42602711799554527,1.1594028039835393,0.2254793019965291,0.35348309326171873,2.164491025963798,0.004560366630392363
5976,16384,1178329,1652352,1809913344,0.45895635697524995,1.4589733650209382,0.24149625096470118,0.3545491638183594,2.5140754299936816,0.0039892683105851355
5977,16384,1176384,1655450,1806925824,0.43949914106633514,0.7241396040190011,0.21955349599011242,0.35252349853515624,1.7358291380805895,0.0065328129074953235
5978,16384,1183697,1662224,1818158592,0.4032287980662659,1.5576139040058479,0.23029179498553276,0.35506277465820313,2.546279411064461,0.003225857627969197
5979,6172,537490,676035,825584640,0.13676783710252494,0.4632228239206597,0.11201519903261214,0.15115216064453124,0.863247845089063,0.010405399706012924
5980,16384,1186353,1664945,1822238208,0.37568813806865364,0.7078865979565307,0.22888753400184214,0.33791409301757813,1.6504514990374446,0.004552450822320146
5981,16384,1169024,1640857,1795620864,0.3681409190176055,1.5519517640350387,0.2236876329407096,0.34905950927734375,2.492918443051167,0.0031536443034624467
5982,16384,1177497,1651266,1808635392,0.42336835397873074,0.8531470010057092,0.23533070797566324,0.3305641174316406,1.8424918099772185,0.004430390682477445
5983,16384,1176335,1653214,1806850560,0.34424630692228675,0.726010162034072,0.2512682960368693,0.35513858032226564,1.6767451299820095,0.004877584854942159
5984,16384,1181066,1659294,1814117376,0.34795456600841135,0.7193298499332741,0.2242138140136376,0.3444466552734375,1.6360236799810082,0.00481623543789448
5985,6172,537680,676511,825876480,0.12979198805987835,0.36303206300362945,0.11196620692498982,0.15100936889648436,0.7558851500507444,0.01131430690980484
5986,16384,1185771,1665477,1821344256,0.327677991008386,0.6458507049828768,0.2162408489966765,0.346846923828125,1.5366952610202134,0.005127379913756064
5987,16384,1169576,1642358,1796468736,0.3980963990325108,0.8956547889392823,0.2061975309625268,0.35194134521484377,1.8519712659763172,0.004384615930346213
5988,16384,1177372,1650960,1808443392,0.38262754294555634,0.741295877029188,0.24853670503944159,0.3522451171875,1.7247856600442901,0.004662483256156443
5989,16384,1176443,1655292,1807016448,0.326787808095105,0.6815292069222778,0.27383052406366915,0.352024658203125,1.6342561240307987,0.005135470835178537
5990,16384,1183464,1661636,1817800704,0.34457243396900594,0.6708242170279846,0.2301795269595459,0.34347418212890624,1.589138370938599,0.005538275002728643
5991,6172,538754,677456,827526144,0.12090645695570856,0.5413196360459551,0.11615933198481798,0.15424266052246094,0.9327079689828679,0.008564682256591507
5992,16384,1184232,1663725,1818980352,0.3415248309029266,0.8550798330688849,0.2493172970134765,0.33331613159179685,1.7793197749415413,0.004590651191911467
5993,16384,1168748,1641571,1795196928,0.36703180707991123,0.6803348689572886,0.23209846194367856,0.3444577941894531,1.62401377200149,0.005593538227609117
5994,16384,1177393,1652682,1808475648,0.28963886701967567,0.8985081899445504,0.25194694695528597,0.35384732055664064,1.7940217310097069,0.0044819152502115715
5995,16384,1174657,1654164,1804273152,0.3050915109924972,0.7037208159454167,0.2522583979880437,0.3612923889160156,1.6224437518976629,0.004970160327307492
5996,16384,1183064,1660854,1817186304,0.29810124495998025,1.5502351050963625,0.2527101249434054,0.35262054443359375,2.4537452900549397,0.003189842968422679
5997,6172,537292,676006,825280512,0.1053600519662723,0.6267515210201964,0.10927984700538218,0.1513869171142578,0.9928605129243806,0.008276673027304352
5998,16384,1186078,1665438,1821815808,0.31733303505461663,0.7237349619390443,0.24999953398946673,0.3570697021484375,1.6482210620306432,0.005086022804175235
5999,16384,1168162,1642603,1794296832,0.31329732795711607,0.934732148074545,0.23121615301351994,0.35126348876953123,1.8305864110589027,0.00422232153170416
