iter,seeds,nodes,edges,bytes_moved,sample_s,gather_s,transfer_s,compute_s,wall_s,drift_pct
0,16384,1177741,1651186,1809010176,0.23988561506848782,1.417439927929081,0.17786613607313484,0.4271767883300781,2.2624329610262066,0.0028506314457065955
1,16384,1178053,1656958,1809489408,0.2598938619485125,1.4081552610732615,0.17739336797967553,0.35142108154296875,2.196928567951545,0.002958467019599721
2,16384,1181944,1659208,1815465984,0.23913546500261873,1.423442517989315,0.17813758901320398,0.4371615905761719,2.27794153499417,0.002825902766673884
3,6172,538455,677532,827066880,0.09923411800991744,0.6457348359981552,0.08113448403310031,0.15378807067871095,0.9799581510014832,0.006800523219410389
4,16384,1186048,1664339,1821769728,0.24905535101424903,1.4207792399683967,0.17897978599648923,0.5632310791015624,2.4121053139679134,0.0024815619313601025
5,16384,1169172,1641717,1795848192,0.23499848193023354,1.4022777590434998,0.1762815419351682,0.3377200927734375,2.151342388940975,0.002998744363878697
6,16384,1177844,1651379,1809168384,0.25210022495593876,1.423520187032409,0.17221436800900847,0.3535244140625,2.2014226659666747,0.0028832221907992353
7,16384,1176391,1654113,1806936576,0.22661099897231907,1.3936990729998797,0.17175791400950402,0.33586090087890624,2.1279876040061936,0.002759280433486628
8,16384,1182929,1660534,1816978944,0.24833189800847322,1.4104080290999264,0.17269423499237746,0.33850225830078123,2.169993187999353,0.00261602654369764
9,6172,538293,677904,826818048,0.08805502008181065,0.6380506600253284,0.07869667396880686,0.14504336547851562,0.9499044970143586,0.006187723090255226
10,16384,1183966,1663239,1818571776,0.250623774016276,1.4098256119759753,0.17266053997445852,0.3529066162109375,2.186074079014361,0.00263197104188092
11,16384,1169594,1643019,1796496384,0.24973061005584896,1.387939905980602,0.1708324250066653,0.3493197937011719,2.1578813730739057,0.0027174028354576022
12,16384,1176529,1650589,1807148544,0.2340230030240491,1.4018462200183421,0.17215624393429607,0.35139520263671875,2.1594801200553775,0.0027529978821942956
13,16384,1176349,1653568,1806872064,0.22921903303358704,1.3985932399518788,0.17165926401503384,0.3366943359375,2.1362228160724044,0.0026655990178648128
14,16384,1183380,1660966,1817671680,0.22599556611385196,1.4085223589790985,0.17326043301727623,0.3516568603515625,2.1594905080273747,0.00256030602495822
15,6172,537911,677288,826231296,0.09335083002224565,0.6392373869894072,0.07864670502021909,0.15061772155761718,0.9619112380314618,0.006091460381787491
16,16384,1185901,1663777,1821543936,0.27779375691898167,1.4060460950713605,0.1719820259604603,0.3403236083984375,2.196204198990017,0.0026733689337344146
17,16384,1167607,1639872,1793444352,0.24745636305306107,1.3919261869741604,0.16990962496493012,0.346985107421875,2.156338353990577,0.002832188948340713
18,16384,1176180,1649925,1806612480,0.23302153102122247,1.3968538249609992,0.17112014605663717,0.3519808044433594,2.1530355480499566,0.0027515369076078046
19,16384,1178162,1656579,1809656832,0.22842496202792972,1.3976151769747958,0.17142696701921523,0.35298626708984376,2.1505205400753766,0.0031232886336426346
20,16384,1183358,1661013,1817637888,0.22474817000329494,1.4064581759739667,0.1722681790124625,0.3411783447265625,2.14471282903105,0.002795680333134604
21,6172,537717,676658,825933312,0.09265630599111319,0.6411666529020295,0.07834521110635251,0.15014089965820313,0.9623773630009964,0.007096316468334678
22,16384,1186499,1665743,1822462464,0.24800053192302585,1.4060738460393623,0.17268386797513813,0.6210686645507812,2.4478871199535206,0.0024596503949196303
23,16384,1167652,1641140,1793513472,0.25008283695206046,1.3897630859864876,0.17076100606936961,0.3497402954101563,2.16040749498643,0.0027897777847714707
24,16384,1178180,1652009,1809684480,0.23521051101852208,1.4039016709430143,0.17211243405472487,0.35205047607421874,2.163334187003784,0.002731659013142977
25,16384,1177693,1655098,1808936448,0.2293450409779325,1.3984986250288785,0.17193659499753267,0.3381205139160156,2.1379593970486894,0.0027419664008223425
26,16384,1184698,1662351,1819696128,0.22601510595995933,1.412034654058516,0.17352592595852911,0.3541077880859375,2.1657404829747975,0.0026323057773462227
27,6172,537747,676648,825979392,0.09315898199565709,0.6412787369918078,0.0787603739881888,0.1510918426513672,0.9643511719768867,0.006350005231002637
28,16384,1187244,1666706,1823606784,0.25311963306739926,1.4128222749568522,0.17385473602917045,0.5945126342773438,2.4343670540256426,0.0023733353925081834
29,16384,1168796,1641269,1795270656,0.24625236296560615,1.393320968025364,0.1707305529853329,0.35346636962890626,2.1638271040283144,0.002627308947155132
30,16384,1179067,1653978,1811046912,0.23866320005618036,1.42754604795482,0.17599391308613122,0.3523912658691406,2.1946654760977253,0.0032373558625056983
31,16384,1177068,1654712,1807976448,0.25644940498750657,1.4185208859853446,0.17843192699365318,0.35386279296875,2.2073502100538462,0.003859791627249282
32,16384,1182863,1660210,1816877568,0.272179324994795,1.4263918600045145,0.17676785797812045,0.3437831115722656,2.219190898933448,0.003097722858616334
33,6172,538421,677134,827014656,0.11803331505507231,0.6529081499902532,0.07880041294265538,0.15351210021972655,1.0033257730538025,0.007155686420431148
34,16384,1186654,1665031,1822700544,0.3155268480768427,1.4313933979719877,0.17340488103218377,0.3413951416015625,2.261790630989708,0.0031109116010721535
35,16384,1168603,1641508,1794974208,0.31819505395833403,1.4080758020281792,0.17512958706356585,0.3342514343261719,2.235721532953903,0.003115574843527497
36,16384,1177228,1650824,1808222208,0.3197980650002137,1.4188913099933416,0.17646578000858426,0.334571533203125,2.249794670031406,0.003021690247864609
37,16384,1176595,1653761,1807249920,0.3169390729162842,1.4195986770791933,0.17635615495964885,0.33996469116210937,2.2529288840014488,0.0031198447812559585
38,16384,1182932,1660829,1816983552,0.3156788049964234,1.4067746150540188,0.17295885796193033,0.33750051879882814,2.2330024869879708,0.004016573080083915
39,6172,538215,677105,826698240,0.12186555389780551,0.6421941590961069,0.07881324889604002,0.15093043518066407,0.9938616139115766,0.005857640555303578
40,16384,1186905,1666073,1823086080,0.3085515379207209,1.4108266790863127,0.17320049297995865,0.3547181091308594,2.2473563129315153,0.0026472799760862836
41,16384,1169521,1642104,1796384256,0.293688144069165,1.3887488519540057,0.17091861402150244,0.34919735717773437,2.2026126860873774,0.0027112739950712057
42,16384,1178407,1652376,1810033152,0.275558850960806,1.4014656110666692,0.17234003194607794,0.3429513854980469,2.1923745759995654,0.0026773038060083736
43,16384,1177117,1655430,1808051712,0.2634794940240681,1.4007210310082883,0.1720290989615023,0.35409423828125,2.190382022061385,0.002655234826207776
44,16384,1182809,1662597,1816794624,0.24937506299465895,1.4085012490395457,0.17296817200258374,0.35613580322265626,2.187037628958933,0.0026218890214307496
45,6172,537627,677392,825795072,0.1005603390512988,0.6422922080382705,0.07874794793315232,0.14535337829589845,0.9670134480111301,0.006160689143732599
46,16384,1182867,1661307,1816883712,0.2610793709754944,1.4066036730073392,0.1729210310149938,0.35268829345703123,2.1933515639975667,0.002698862493350962
47,16384,1169021,1642360,1795616256,0.26185361796524376,1.3941364800557494,0.17102674103807658,0.33728665161132815,2.164364665048197,0.00282643580293313
48,16384,1176761,1650277,1807504896,0.2634630890097469,1.402269117999822,0.17203577898908406,0.35136077880859373,2.189189209952019,0.00276107448811481
49,16384,1176770,1655167,1807518720,0.24487733491696417,1.402034241007641,0.17218203702941537,0.33079196166992186,2.1499439959879965,0.0027173435290874675
50,16384,1182691,1661272,1816613376,0.2398813710315153,1.4085226339520887,0.173034894047305,0.35185556030273435,2.173352999961935,0.0026935628171128457
51,6172,537991,677000,826354176,0.09323360107373446,0.6434440969023854,0.07885904109571129,0.15112733459472658,0.9667228739708662,0.006082436434649301
52,16384,1185417,1665211,1820800512,0.26160406903363764,1.4107535179937258,0.1732825170038268,0.3330230712890625,2.178719452000223,0.002583016363977379
53,16384,1169388,1642238,1796179968,0.25889146397821605,1.4564844130072743,0.17320020799525082,0.34791796875,2.2365530430106446,0.002637508646968508
54,16384,1176497,1650983,1807099392,0.24828838102985173,1.454056925023906,0.1715842270059511,0.35194821166992185,2.225937642971985,0.002690921847862468
55,16384,1175656,1652663,1805807616,0.23953046591486782,1.3995121490443125,0.17180172505322844,0.3551486511230469,2.166052961954847,0.0027686681925463918
56,16384,1180053,1658290,1812561408,0.2345617190003395,1.4080033579375595,0.17263145803008229,0.35414703369140627,2.169401095015928,0.0026517160276498756
57,6172,537987,677467,826348032,0.09560048999264836,0.6434214359614998,0.07882698206230998,0.15350469970703126,0.9714121419237927,0.006025681353672996
58,16384,1185099,1663752,1820312064,0.25756405503489077,1.407793598016724,0.17329466599039733,0.3566537780761719,2.1953616230748594,0.0025292396519835843
59,16384,1167610,1641021,1793448960,0.25523032899945974,1.3896299530752003,0.17070989799685776,0.3491246337890625,2.1647525950102136,0.0026691802918533116
60,16384,1177914,1651188,1809275904,0.24257380201015621,1.40269249107223,0.17219624191056937,0.35547119140625,2.172991974046454,0.002680527491304486
61,16384,1177199,1655052,1808177664,0.23746832995675504,1.403271903982386,0.17206428409554064,0.35211532592773437,2.164978720014915,0.0027194748823328833
62,16384,1183153,1659484,1817323008,0.23778229509480298,1.4094586599385366,0.17288821400143206,0.35761691284179686,2.1778039400232956,0.0026567197195155566
63,6172,536889,675936,824661504,0.09299628995358944,0.6418227420654148,0.07869339792523533,0.1446376953125,0.9582091949414462,0.0061645917215605
64,16384,1186129,1665357,1821894144,0.27084273495711386,1.4085557869402692,0.17343490303028375,0.3329912109375,2.1858826068928465,0.0026520650055390934
65,16384,1167408,1641845,1793138688,0.23963842203374952,1.3929990149335936,0.17082098906394094,0.3539029846191406,2.157420902978629,0.0027575670617679747
66,16384,1177620,1651752,1808824320,0.23842912004329264,1.4017308179754764,0.17205885599832982,0.35207949829101565,2.1643657030072063,0.0031145706567980566
67,16384,1177542,1655382,1808704512,0.254468836938031,1.405763118993491,0.1721355760237202,0.3551959228515625,2.1876255959505215,0.0028405749060520804
68,16384,1182310,1661233,1816028160,0.23958643502555788,1.4086556079564616,0.17285881598945707,0.3527817687988281,2.1739417830249295,0.0027211057392095223
69,6172,537861,677102,826154496,0.09181206696666777,0.6430915050441399,0.07856000098399818,0.15040687561035157,0.9639294700464234,0.006123004130485049
70,16384,1186418,1664543,1822338048,0.2524604758946225,1.4126891060732305,0.17320744099561125,0.3537451171875,2.192161951912567,0.002728437173651875
71,16384,1169243,1642842,1795957248,0.25061389699112624,1.3770278020529076,0.17051488999277353,0.35279620361328123,2.1510117680300027,0.0027417506863689402
72,16384,1178602,1652102,1810332672,0.2401130150537938,1.4039921559160575,0.1724276600871235,0.35351239013671876,2.170104510965757,0.0027321159770826438
73,16384,1176666,1652757,1807358976,0.23619656602386385,1.4027057129424065,0.17207878304179758,0.35436880493164064,2.1654077330604196,0.002672296760912634
74,16384,1183303,1660964,1817553408,0.22436878504231572,1.4132614129921421,0.17448590300045907,0.3557579345703125,2.1679441640153527,0.003234788574699713
75,6172,537882,676116,826186752,0.10332007706165314,0.6453014949802309,0.08001891593448818,0.14480511474609375,0.9735173879889771,0.00737380424805465
76,16384,1184969,1663197,1820112384,0.2627294029807672,1.4132138860877603,0.17401535098906606,0.33487591552734375,2.184904827037826,0.0032162248908523994
77,16384,1168092,1641191,1794189312,0.29659755202010274,1.3985385140404105,0.17342412192374468,0.351054443359375,2.2196843930287287,0.003142865053917443
78,16384,1177331,1650850,1808380416,0.3292023480171338,1.40515557595063,0.17304637900087982,0.35041720581054686,2.257892188965343,0.0031303614272519334
79,16384,1174879,1652481,1804614144,0.3285304750315845,1.4088738859863952,0.17292472999542952,0.33039187622070315,2.240789393079467,0.003053649109820072
80,16384,1183444,1661933,1817769984,0.35977692890446633,1.4047715530032292,0.1732771600363776,0.3571130676269531,2.295037058996968,0.004285308838754589
81,6172,537043,675971,824898048,0.12472913402598351,0.6464924849569798,0.07880658004432917,0.15397523498535157,1.0040644760010764,0.006079488906478349
82,16384,1187113,1664363,1823405568,0.3279176609357819,1.4152118200436234,0.17353373894002289,0.35674462890625,2.2734658899717033,0.0025529807278368913
83,16384,1168099,1641231,1794200064,0.29240969789680094,1.395347253070213,0.17073018301744014,0.3490354309082031,2.2075778549769893,0.0025045587501069284
84,16384,1176360,1651310,1806888960,0.2701109539484605,1.4020126319956034,0.17197583499364555,0.35316201782226564,2.197318073012866,0.0025774262536909765
85,16384,1176432,1655894,1806999552,0.27370710601098835,1.4029759489931166,0.17156391800381243,0.3506539001464844,2.1989570209989324,0.002553385263763246
86,16384,1184217,1661039,1818957312,0.24009554798249155,1.4106538590276614,0.17355963203590363,0.35272442626953127,2.1771041840547696,0.00324829375185216
87,6172,537417,676194,825472512,0.10154757695272565,0.644937921082601,0.0788185530109331,0.15209552001953125,0.9774589310400188,0.006072886782530233
88,16384,1184447,1664329,1819310592,0.272798886988312,1.4098396309418604,0.17326254805084318,0.35859674072265624,2.2145574300084263,0.0026923349987136363
89,16384,1168455,1640715,1794746880,0.2690785280428827,1.3903102909680456,0.1708409310085699,0.35005548095703126,2.180353297968395,0.0031218331418578233
90,16384,1178847,1652383,1810708992,0.25376999599393457,1.4034029160393402,0.172251604963094,0.3528166809082031,2.182298999046907,0.0026486353318384004
91,16384,1174748,1653026,1804412928,0.2439966689562425,1.400851123034954,0.17159797996282578,0.36201962280273436,2.1785226239589974,0.002626973050971321
92,16384,1182545,1660528,1816389120,0.2481516560073942,1.408035759930499,0.17284517199732363,0.34190625,2.1709971859818324,0.0026876150274351353
93,6172,538282,677554,826801152,0.0950184310786426,0.6468812000239268,0.07888280297629535,0.15356661987304687,0.9744097921065986,0.006233327618319483
94,16384,1185644,1663868,1821149184,0.2634937319671735,1.4078397050034255,0.17308784206397831,0.3543604736328125,2.198842203943059,0.0027492320986391267
95,16384,1169392,1642215,1796186112,0.24148776195943356,1.3915671340655535,0.17101741093210876,0.33800616455078125,2.1421376690268517,0.0027634787357833836
96,16384,1178460,1653029,1810114560,0.23797307698987424,1.404636095976457,0.17213527206331491,0.34615341186523435,2.1609574749600142,0.0027588726675267816
97,16384,1177321,1655703,1808365056,0.23836107598617673,1.4076268600765616,0.17218156601302326,0.351404296875,2.169631552998908,0.0026619288453051107
98,16384,1181743,1658714,1815157248,0.2602463379735127,1.410245836013928,0.1726268749916926,0.34313674926757814,2.1863138700136915,0.0026561495939128013
99,6172,538107,676493,826532352,0.08680956298485398,0.6441775710554793,0.07880090293474495,0.14966217041015625,0.9595090280054137,0.006130283140891236
100,16384,1184968,1663517,1820110848,0.23374176991637796,1.4073757940204814,0.1730509849730879,0.3569332580566406,2.171161163947545,0.00273388184823309
101,16384,1169296,1642671,1796038656,0.22972010006196797,1.3940647130366415,0.1707773539237678,0.35094815063476564,2.145578377065249,0.003172077460941682
102,16384,1177586,1652397,1808772096,0.2328460910357535,1.4015203539747745,0.1722503890050575,0.3528620910644531,2.159537234925665,0.002700108369680879
103,16384,1175261,1652907,1805200896,0.24109672801569104,1.3792419579112902,0.17167781305033714,0.3537588195800781,2.145832545007579,0.0026668646775686354
104,16384,1182727,1661118,1816668672,0.21877004101406783,1.410852101049386,0.17291355098132044,0.3514299011230469,2.154029591009021,0.0029710288784729876
105,6172,537335,676428,825346560,0.08606656908523291,0.6464741239324212,0.07865475001744926,0.14542816162109376,0.9566830690018833,0.006215678693696876
106,16384,1185563,1662721,1821024768,0.22643090598285198,1.4153034719638526,0.173583475057967,0.3580273132324219,2.1734062409959733,0.002810094023270694
107,16384,1169128,1642118,1795780608,0.24820750497747213,1.3943365949671715,0.17086604703217745,0.34987741088867186,2.163345471955836,0.0026770615740161307
108,16384,1176585,1650134,1807234560,0.24309815897140652,1.4682186340214685,0.17370933096390218,0.3524269409179687,2.237515658023767,0.0027974395976528444
109,16384,1176357,1653303,1806884352,0.24680268694646657,1.398251831997186,0.17181828897446394,0.3563098449707031,2.173241287935525,0.00269804586499725
110,16384,1183750,1662003,1818240000,0.2277018530294299,1.4161287979222834,0.17301690205931664,0.35536846923828125,2.1722744959406555,0.002691818711369631
111,6172,537812,676550,826079232,0.1000171919586137,0.6421912020305172,0.07871480099856853,0.15461891174316406,0.9756062240339816,0.006572047362823978
112,16384,1186499,1664356,1822462464,0.24101855896878988,1.4094639690592885,0.1731756170047447,0.3553197937011719,2.1790372850373387,0.002723510228627007
113,16384,1169004,1641023,1795590144,0.2505997020052746,1.392951286979951,0.17086736008059233,0.34966976928710936,2.1641464499989524,0.0026953650029299375
114,16384,1177446,1651806,1808557056,0.2438103179447353,1.4005085839889944,0.17200298700481653,0.3546685791015625,2.171050569973886,0.002768334123976244
115,16384,1175900,1654025,1806182400,0.2386454000370577,1.3986678359797224,0.1717193080112338,0.35182196044921876,2.1609176660422236,0.0029229047447386397
116,16384,1182945,1660967,1817003520,0.23104044399224222,1.4096529870294034,0.17415880598127842,0.35745819091796877,2.172379291965626,0.0031699825618833094
117,6172,537790,676720,826045440,0.0983344609849155,0.6431218020152301,0.07984035299159586,0.14747398376464843,0.9688392810057849,0.007089024025096783
118,16384,1186379,1665483,1822278144,0.26857796497642994,1.4143566359998658,0.17458381201140583,0.353489990234375,2.211079588974826,0.003219502052494726
119,16384,1168655,1641154,1795054080,0.3028201060369611,1.3939559669233859,0.172009760979563,0.3534234619140625,2.2222802620381117,0.0031933948814489807
120,16384,1175637,1649722,1805778432,0.32373398600611836,1.4040702430065721,0.1729830129770562,0.3516960144042969,2.2525532610015944,0.003107789225799367
121,16384,1177069,1654869,1807977984,0.3282525429967791,1.4042030810378492,0.1733011439209804,0.33532440185546875,2.241153839044273,0.0032424919668328734
122,16384,1183168,1660904,1817346048,0.342713649966754,1.4030692339874804,0.17359641997609288,0.35655621337890625,2.2760259739588946,0.003974324137591359
123,6172,537770,676642,826014720,0.11687386594712734,0.6411212810780853,0.07877965189982206,0.14478367614746093,0.9816196339670569,0.00623040661015512
124,16384,1185961,1665455,1821636096,0.2944375410443172,1.4065617179730907,0.1735033979639411,0.34460699462890626,2.2191684200661257,0.0026482197267774163
125,16384,1169068,1641747,1795688448,0.2767008049413562,1.3562018050579354,0.17072680592536926,0.35027972412109376,2.1539690420031548,0.002781003637100777
126,16384,1177364,1651793,1808431104,0.26762421103194356,1.4033334689447656,0.1721421090187505,0.3528802490234375,2.196040245005861,0.0027416158288028738
127,16384,1176430,1654120,1806996480,0.2660184249980375,1.402438729070127,0.1720635429956019,0.3533074951171875,2.1938878149958327,0.0027176783822534605
128,16384,1182371,1661270,1816121856,0.2399918269366026,1.4055029470473528,0.17298406292684376,0.3538545227050781,2.1723918059142306,0.002690412392202049
129,6172,538028,676466,826411008,0.09350308193825185,0.6513867269968614,0.07878678105771542,0.15124000549316408,0.9749770319322124,0.006198755892730749
130,16384,1185831,1664962,1821436416,0.27120743598788977,1.4070051369490102,0.17326994298491627,0.3372494812011719,2.188791490974836,0.0027181141782315894
131,16384,1168511,1642198,1794832896,0.24126345198601484,1.3910221859114245,0.17062781110871583,0.3535968322753906,2.1565692429430783,0.002734049079373696
132,16384,1176667,1651872,1807360512,0.23992911691311747,1.3996209170436487,0.17203334404621273,0.35401373291015625,2.165657178964466,0.0027736638981551045
133,16384,1177186,1653857,1808157696,0.2250256419647485,1.400384426000528,0.17191432404797524,0.35641329956054685,2.1538004570174962,0.002914171714145637
134,16384,1182596,1659653,1816467456,0.2231766349868849,1.415817344095558,0.1727743869414553,0.35566598510742187,2.1674917209893465,0.0026468317027857043
135,6172,537870,676687,826168320,0.10281807801220566,0.644325116998516,0.07881323108449578,0.15515565490722658,0.9811718700220808,0.006093633690845972
136,16384,1185753,1664192,1821316608,0.24216845899354666,1.4091893349541351,0.1734927020734176,0.3540729675292969,2.1789809280307963,0.002637218144530792
137,16384,1168303,1641634,1794513408,0.2567779669770971,1.3887530249776319,0.1708813860313967,0.35413201904296876,2.1706012960057706,0.0026213462961045793
138,16384,1179424,1652682,1811595264,0.24584606802091002,1.4036029049893841,0.17208894004579633,0.3543987121582031,2.1759951600106433,0.0026900241979055934
139,16384,1178599,1657849,1810328064,0.22336470999289304,1.4019444740843028,0.17223109095357358,0.35214288330078125,2.149742384091951,0.00275501664007161
140,16384,1181479,1659281,1814751744,0.21913989598397166,1.407729211030528,0.17278773908037692,0.34421170043945315,2.1439270060509443,0.0027267493925705755
141,6172,538411,677216,826999296,0.09588528401218355,0.6303995810449123,0.07882345200050622,0.15271369934082032,0.9578817459987476,0.006235592292544315
142,16384,1184967,1664356,1820109312,0.2581481649540365,1.4064762439811602,0.17325932602398098,0.34874755859375,2.1866887039504945,0.0026254490391474836
143,16384,1167861,1641020,1793834496,0.2559272280195728,1.4001303480472416,0.17069334397092462,0.33345367431640627,2.1602644009981304,0.00276848722580259
144,16384,1177859,1652466,1809191424,0.2438376130303368,1.4031013660132885,0.1721627089427784,0.35179843139648437,2.1709600349422544,0.002759864686682093
145,16384,1176478,1655047,1807070208,0.2347624549875036,1.3999135789927095,0.171557227964513,0.3494954833984375,2.155788674019277,0.0027798956751110817
146,16384,1182543,1662451,1816386048,0.2376722760964185,1.405750367906876,0.17268818302545696,0.35636477661132815,2.172531776013784,0.00258557201899913
147,6172,537531,676710,825647616,0.08602300996426493,0.6420160040725023,0.07865765294991434,0.1454561309814453,0.9522152339341119,0.00655691736070432
148,16384,1186278,1664769,1822123008,0.2362574249273166,1.4086978370323777,0.17298186605330557,0.35691827392578124,2.174914859002456,0.002733765114025279
149,16384,1168127,1641146,1794243072,0.2270619550254196,1.3891403619199991,0.1707777250558138,0.33091705322265624,2.1179566929349676,0.0028139249153425775
150,16384,1177885,1652019,1809231360,0.22424657200463116,1.401825865963474,0.17219494003802538,0.356159912109375,2.154485314968042,0.0026932117909305607
151,16384,1176073,1653294,1806448128,0.22843448095954955,1.4012056560022756,0.17183616606052965,0.35608721923828124,2.1576216620160267,0.002694622343389002
152,16384,1182435,1659268,1816220160,0.25363477505743504,1.405811931937933,0.17287124297581613,0.35373309326171876,2.1861160959815606,0.0029757225051873213
153,6172,537559,676889,825690624,0.08478895097505301,0.642677008989267,0.0785284920129925,0.1550430450439453,0.9610961220460013,0.006099808687044351
154,16384,1186808,1665532,1822937088,0.22754669608548284,1.4100537749473006,0.17364083207212389,0.35907232666015626,2.1703734030015767,0.002754053124251759
155,16384,1169075,1641996,1795699200,0.22637639590539038,1.392905421089381,0.17081520101055503,0.3401337890625,2.1302897930145264,0.00276891655273259
156,16384,1176800,1650987,1807564800,0.22230837307870388,1.4042569278972223,0.17211880802642554,0.3535059814453125,2.1522492960793898,0.002750872393524736
157,16384,1176797,1655547,1807560192,0.23438831605017185,1.4068231669953093,0.17474980698898435,0.3531564025878906,2.169177194009535,0.002743039496425661
158,16384,1183771,1661948,1818272256,0.2519146070117131,1.4147633279208094,0.1738358570728451,0.3528626098632813,2.193447474972345,0.0032402464388638225
159,6172,537883,676950,826188288,0.0919254629407078,0.6435904420213774,0.07972444500774145,0.14938966369628906,0.9647003959398717,0.007295764991101407
160,16384,1186139,1665219,1821909504,0.26732461398933083,1.4148828400066122,0.17563008191064,0.34519998168945315,2.203105030930601,0.003064462820283918
161,16384,1168844,1642299,1795344384,0.2863085949793458,1.3986280789831653,0.17169811204075813,0.3488841552734375,2.205588676035404,0.0031617299932218085
162,16384,1178244,1651983,1809782784,0.3082903459435329,1.4087071120738983,0.17447856499347836,0.35038165283203127,2.2419280420290306,0.003138646056910263
163,16384,1176825,1654872,1807603200,0.3339315130142495,1.4040789830032736,0.1721723210066557,0.33123825073242186,2.2415345179615542,0.005061274053309711
164,16384,1183531,1661303,1817903616,0.3160729770315811,1.402997776051052,0.1732269919011742,0.35556768798828126,2.247944153030403,0.003501868950277579
165,6172,538094,676113,826512384,0.11692175001371652,0.6473257479956374,0.08674239693209529,0.15132316589355468,1.0023717229487374,0.00585233126498619
166,16384,1184444,1662771,1819305984,0.2967488559661433,1.419742814032361,0.17874552693683654,0.3546268310546875,2.2499243409838527,0.0026806676440600296
167,16384,1169997,1642312,1797115392,0.30311147100292146,1.4011926209786907,0.17655653902329504,0.33795733642578124,2.2188770909560844,0.0026645696436690728
168,16384,1177108,1650924,1808037888,0.28404723294079304,1.4163997899740934,0.17758469900581986,0.3562222595214844,2.2343150039669126,0.002731151364663882
169,16384,1177653,1655120,1808875008,0.28467299696058035,1.4134048810228705,0.17781590903177857,0.35089697265625,2.2268594909692183,0.0030864676472727995
170,16384,1183126,1660090,1817281536,0.2632581319194287,1.4190870980964974,0.17864671896677464,0.35603598022460936,2.2170869009569287,0.0026598754245136078
171,6172,537798,676738,826057728,0.10095593798905611,0.6477671039756387,0.08118678501341492,0.14734201049804688,0.9773121019825339,0.006166352207759987
172,16384,1186411,1663569,1822327296,0.279232093016617,1.4222461079480127,0.17916390602476895,0.3552429809570313,2.235943495063111,0.0026121910866857903
173,16384,1167998,1641231,1794044928,0.2439751730998978,1.4037115739192814,0.1764295200118795,0.35250604248046874,2.1766934460029006,0.003268098753347844
174,16384,1176734,1649596,1807463424,0.2470487179234624,1.4134936730843037,0.17769056290853769,0.35044021606445314,2.1887340740067884,0.0027826142405606652
175,16384,1177733,1656349,1808997888,0.25499904400203377,1.4130543989595026,0.17855970899108797,0.339547119140625,2.18622215394862,0.002830584040094337
176,16384,1183662,1662343,1818104832,0.25597011600621045,1.4219424750190228,0.17856388096697628,0.3526964111328125,2.209231354063377,0.0026466643363133946
177,6172,539029,677509,827948544,0.0901343310251832,0.6501301469979808,0.08136223000474274,0.1451688690185547,0.9668541409773752,0.006057162960967025
178,16384,1185267,1662420,1820570112,0.24214156798552722,1.4199497730005533,0.17970406205859035,0.3537587890625,2.195615292992443,0.0027828593409435377
179,16384,1169564,1641869,1796450304,0.23893345403485,1.4028034390648827,0.17654137290082872,0.350257080078125,2.1685939650051296,0.0027030844588263217
180,16384,1177661,1651856,1808887296,0.23894736298825592,1.415993049973622,0.17788366600871086,0.3334607849121094,2.166343496995978,0.0027065473855574116
181,16384,1175738,1653890,1805933568,0.24740864103659987,1.4120668430114165,0.17744676303118467,0.3542665710449219,2.1912490950198844,0.002750800714458835
182,16384,1184260,1662232,1819023360,0.22721155104227364,1.4209001460112631,0.17884158703964204,0.3396987609863281,2.1667116730241105,0.0027520018166725443
183,6172,538123,676885,826556928,0.08882933901622891,0.6571883249562234,0.081161729991436,0.15420758056640624,0.9814469029661268,0.0061061312284067994
184,16384,1187153,1665579,1823467008,0.26282447401899844,1.4221704059746116,0.17925337911583483,0.3519346008300781,2.216242997092195,0.00271347287958666
185,16384,1167980,1640577,1794017280,0.23265737807378173,1.4022319009527564,0.17636208201292902,0.35007470703125,2.1613858269993216,0.0027648431787684353
186,16384,1176782,1650941,1807537152,0.23356534296181053,1.4114781799726188,0.17754821106791496,0.35140487670898435,2.174057429889217,0.0027974963794623236
187,16384,1176547,1653890,1807176192,0.2193232700228691,1.4109927219105884,0.17765539209358394,0.354240966796875,2.162270972970873,0.0027111378587387812
188,16384,1182986,1662193,1817066496,0.21961523895151913,1.4282458999659866,0.17878006398677826,0.353019775390625,2.1797205669572577,0.0027337752944926745
189,6172,538196,676552,826669056,0.10375413205474615,0.650169915985316,0.08141251502092928,0.14974995422363283,0.9851473741000518,0.0061774326387613356
190,16384,1185728,1664560,1821278208,0.25593293097335845,1.400518466020003,0.17882123799063265,0.34831842041015626,2.1836506959516555,0.0027312315845954317
191,16384,1168560,1642470,1794908160,0.24586377199739218,1.402328075026162,0.17615751002449542,0.33090206909179687,2.155311595997773,0.0027917011182287603
192,16384,1176888,1651094,1807699968,0.23421041597612202,1.4112578899366781,0.17771979502867907,0.35009146118164064,2.173339357948862,0.002751334048376025
193,16384,1176765,1653956,1807511040,0.23304705298505723,1.4129910710034892,0.17764380504377186,0.3389996032714844,2.162741638952866,0.002779187674604033
194,16384,1182360,1659657,1816104960,0.2348063780227676,1.4187386709963903,0.17839616897981614,0.35489617919921873,2.186897783074528,0.002761257375750897
195,6172,538285,676834,826805760,0.09322273405268788,0.6505454659927636,0.08132493495941162,0.15010137939453125,0.9752654850017279,0.007277054650754321
196,16384,1185984,1664480,1821671424,0.24597861897200346,1.4219780740095302,0.1791418440407142,0.35779275512695313,2.204951694002375,0.002739373081872697
197,16384,1167544,1640196,1793347584,0.2314771570963785,1.4031560339499265,0.1761016669915989,0.35150570678710935,2.162299952004105,0.0027464820057303053
198,16384,1177596,1651283,1808787456,0.23973039002157748,1.4153648749925196,0.1774770050542429,0.3503871459960938,2.1830199430696666,0.002772627223351206
199,16384,1176904,1655036,1807724544,0.2411971939727664,1.4115346900653094,0.1777551859850064,0.35031613159179686,2.1808639699593186,0.0027864344258349298
200,16384,1181682,1659265,1815063552,0.22772501001600176,1.4229441249044612,0.18448415002785623,0.36375421142578124,2.198999865911901,0.004200524940117734
201,6172,539125,677454,828096000,0.10307913098949939,0.647538139950484,0.081497420091182,0.15215788269042968,0.9843347929418087,0.006320940868867807
202,16384,1186534,1665986,1822516224,0.2374193110736087,1.4168316439026967,0.1791867830324918,0.35874081420898435,2.192239888012409,0.0027978596212551443
203,16384,1168223,1641414,1794390528,0.22601260605733842,1.3979075469542295,0.17649098695255816,0.3549228515625,2.15539448405616,0.002806564180314528
204,16384,1176312,1650493,1806815232,0.23208085296209902,1.408061181078665,0.17751932598184794,0.35336587524414065,2.1710879469756037,0.0027963726175133053
205,16384,1177297,1655236,1808328192,0.24347125994972885,1.414136809995398,0.17769558902364224,0.35538272094726564,2.1907438499620184,0.00262331198532789
206,16384,1182202,1660262,1815862272,0.23235214804299176,1.40411173296161,0.17825055203866214,0.36348638916015624,2.178261428955011,0.002782345166907558
207,6172,537722,676671,825940992,0.0913099970202893,0.6479987809434533,0.08118992403615266,0.14997506713867187,0.9705335899489,0.00616370324039936
208,16384,1185443,1664105,1820840448,0.23633892205543816,1.4188472849782556,0.17902466503437608,0.3427985534667969,2.177077205036767,0.0031133255974177265
209,16384,1169413,1641424,1796218368,0.22526589198969305,1.404597811982967,0.1765577410114929,0.3514815673828125,2.1579612030182034,0.002696556877697055
210,16384,1177331,1651482,1808380416,0.2271892640274018,1.4140162010444328,0.17795694700907916,0.35154299926757815,2.170764010050334,0.0026994505883960866
211,16384,1178612,1655970,1810348032,0.222907799994573,1.4135066780727357,0.17841196490917355,0.3543337707519531,2.169218481052667,0.0026860975388462312
212,16384,1182834,1660829,1816833024,0.23604377103038132,1.4203259269706905,0.17859438701998442,0.3509266357421875,2.185949227074161,0.002676471630387082
213,6172,537829,676836,826105344,0.09004969499073923,0.6487105820560828,0.08130156889092177,0.15222438049316406,0.972346376045607,0.006186027549551337
214,16384,1185149,1664191,1820388864,0.2401702959323302,1.4215702309738845,0.17865533998701721,0.34362255859375,2.184078393969685,0.00274571109117473
215,16384,1167852,1641615,1793820672,0.22955440601799637,1.4010671509895474,0.17637874302454293,0.35354855346679687,2.1606202219845727,0.003303148094377909
216,16384,1178022,1652007,1809441792,0.23065591999329627,1.4133180720964447,0.17785890400409698,0.35328912353515624,2.1751816410105675,0.0027409840378139977
217,16384,1177058,1655681,1807961088,0.23067392909433693,1.4117432439234108,0.17785981204360723,0.33323165893554685,2.1535668610595167,0.0027032855894924515
218,16384,1183284,1661162,1817524224,0.24087151605635881,1.419120838982053,0.1787263690494001,0.35457305908203124,2.1933511199895293,0.0027053041870677085
219,6172,538265,676721,826775040,0.08965721703134477,0.6503876310307533,0.08134695899207145,0.15004841613769532,0.9715015289839357,0.006310416426722738
220,16384,1186290,1665010,1822141440,0.2413406359264627,1.419567714096047,0.17872584890574217,0.3561805114746094,2.195874423952773,0.002719351765314761
221,16384,1166978,1639755,1792478208,0.23107998096384108,1.4002405480714515,0.17573354998603463,0.3376451110839844,2.1447600240353495,0.0028363979818778907
222,16384,1179317,1653971,1811430912,0.23190127802081406,1.4159629959613085,0.18182485201396048,0.34043359375,2.1701873319689184,0.002977264768059577
223,16384,1177387,1653782,1808466432,0.22032010497059673,1.4123401480028406,0.1778082960518077,0.3513084106445313,2.1618356220424175,0.0027135445471969744
224,16384,1183399,1661705,1817700864,0.21457252593245357,1.4195929190609604,0.17872599593829364,0.356343017578125,2.169292979990132,0.0026977213700182926
225,6172,536132,676120,823498752,0.0915622569154948,0.6467405770672485,0.08111663197632879,0.1514000244140625,0.9708795849001035,0.006189699310141665
226,16384,1186388,1664322,1822291968,0.2305816870648414,1.4201463439967483,0.17926642997190356,0.35805056762695314,2.188104863045737,0.002734530063042981
227,16384,1168943,1642178,1795496448,0.2433289010077715,1.4044433939270675,0.17667226202320307,0.3317349243164063,2.156239414936863,0.002779545814770157
228,16384,1178653,1651983,1810411008,0.24069436907302588,1.4264575239503756,0.17799343494698405,0.3566141357421875,2.201820967020467,0.0027932928614491483
229,16384,1176696,1654717,1807405056,0.2347769879270345,1.4143782469909638,0.17769059108104557,0.3567450256347656,2.1836504199309275,0.002727922774376425
230,16384,1183088,1661437,1817223168,0.23109104903414845,1.4198860219912603,0.17872718500439078,0.35416986083984375,2.1839337550336495,0.0027307679946280304
231,6172,537728,676124,825950208,0.0886239220853895,0.6481851439457387,0.08119572000578046,0.150569091796875,0.9686388589907438,0.006708501972333895
232,16384,1184837,1662594,1819909632,0.24134304199833423,1.4188841270515695,0.1789922269526869,0.3528904418945312,2.1921694009797648,0.002717083935957104
233,16384,1168576,1641691,1794932736,0.2293300919700414,1.4014975900063291,0.17617672902997583,0.34761431884765626,2.154677542974241,0.002729555539766853
234,16384,1178025,1653371,1809446400,0.22767260193359107,1.4123328130226582,0.1779224859783426,0.3547389221191406,2.172726819990203,0.0027613658522790906
235,16384,1177023,1655337,1807907328,0.24085407704114914,1.414169994997792,0.17739182303193957,0.3391171569824219,2.171592087019235,0.002718510823697712
236,16384,1182904,1661075,1816940544,0.21941874199546874,1.4194116659928113,0.17816725303418934,0.35497076416015627,2.172027223976329,0.002707092851057981
237,6172,537920,677418,826245120,0.0854628310771659,0.6553743949625641,0.08256185206118971,0.1510188446044922,0.9744898020289838,0.0073760980794492234
238,16384,1186690,1664927,1822755840,0.23647980601526797,1.4279224389465526,0.180320653016679,0.33874905395507815,2.1835467419587076,0.0034251625437063233
239,16384,1168527,1641502,1794857472,0.2687406810000539,1.4031675950391218,0.17773460096213967,0.3519427490234375,2.201659322017804,0.0033472932126319965
240,16384,1178035,1653166,1809461760,0.3212924039689824,1.4195472579449415,0.17891603405587375,0.35606588745117185,2.2758938668994233,0.003176047859928096
241,16384,1177883,1656215,1809228288,0.32792578591033816,1.4193874530028552,0.17890649009495974,0.3566172790527344,2.282908394932747,0.003127014295363093
242,16384,1182929,1659923,1816978944,0.337447224999778,1.4183062700321898,0.1787680039415136,0.3559969787597656,2.2905833160039037,0.002830644500199542
243,6172,539019,677122,827933184,0.12620979803614318,0.6470609300304204,0.08135072700679302,0.15483293151855468,1.009516271064058,0.006130111412815042
244,16384,1185791,1664475,1821374976,0.3208260170649737,1.4166870679473504,0.1789079470327124,0.3373798828125,2.253861920093186,0.002706698006027719
245,16384,1169371,1642222,1796153856,0.31253501505125314,1.3999177489895374,0.17653702897951007,0.3531822204589844,2.242239107028581,0.0029922566726285123
246,16384,1175941,1650519,1806245376,0.291564240003936,1.4098122239811346,0.1776006059953943,0.3562574157714844,2.2352958489209414,0.002745192276088346
247,16384,1178009,1656207,1809421824,0.2709990030853078,1.4139283819822595,0.17797257495112717,0.3570131530761719,2.219974852981977,0.002781107498936163
248,16384,1183110,1660734,1817256960,0.26595462998375297,1.4189193790080026,0.17857425205875188,0.35968402099609376,2.223196794046089,0.0029017673856191364
249,6172,538067,676968,826470912,0.09643081901594996,0.6495609390549362,0.08136749896220863,0.15494674682617188,0.9823660691035911,0.006114344358347814
250,16384,1186530,1665603,1822510080,0.2419225360499695,1.4222680809907615,0.178892042953521,0.35486862182617185,2.198010744061321,0.002705275261189025
251,16384,1168176,1641118,1794318336,0.24332032003439963,1.4018249389482662,0.1759507500100881,0.34958840942382813,2.170744947041385,0.002788380315499004
252,16384,1178414,1651769,1810043904,0.2796285409713164,1.4147000689990819,0.1779317610198632,0.3519896240234375,2.2243103589862585,0.0027138286847302796
253,16384,1176560,1654671,1807196160,0.2616767029976472,1.4130249209702015,0.17762690503150225,0.33713323974609377,2.1895242580212653,0.0028540115777025143
254,16384,1182169,1660500,1815811584,0.2535128940362483,1.4199023259570822,0.17851683509070426,0.3664849853515625,2.218488991027698,0.0032432251136578355
255,6172,537280,676236,825262080,0.09506521106231958,0.6474561159266159,0.08118303201626986,0.15425701904296876,0.9780232140328735,0.006322547748581838
256,16384,1185312,1665328,1820639232,0.2559613810153678,1.419447073014453,0.17898228904232383,0.3393440856933594,2.1937929010018706,0.0026471157026634025
257,16384,1169277,1643058,1796009472,0.2562077799811959,1.4059748840518296,0.1766985049471259,0.35424514770507814,2.193186857039109,0.0027603828504197767
258,16384,1177107,1650814,1808036352,0.24570044002030045,1.412835135939531,0.17771316203288734,0.3522589111328125,2.1885735739488155,0.0030122278761224685
259,16384,1175210,1653837,1805122560,0.24272958701476455,1.409277678001672,0.1774610810680315,0.3504407958984375,2.1799688120372593,0.002737197616044105
260,16384,1181939,1659347,1815458304,0.23932130995672196,1.418269212008454,0.17832301300950348,0.36400924682617186,2.1999815499875695,0.0026713036170090553
261,6172,537591,676526,825739776,0.09434408799279481,0.6489037130959332,0.08130989293567836,0.15354226684570313,0.9781596410321072,0.006101270129553932
262,16384,1186123,1664093,1821884928,0.2548599570291117,1.4198364979820326,0.17903475102502853,0.358117919921875,2.211907636024989,0.0026452310208752734
263,16384,1168979,1641793,1795551744,0.25490020390134305,1.4049306620145217,0.17626874207053334,0.3294133911132813,2.165572720929049,0.002757784524744197
264,16384,1178111,1651789,1809578496,0.24267493502702564,1.4131391090340912,0.17782773601356894,0.3545681457519531,2.1882704210001975,0.0027645200052971285
265,16384,1176956,1654821,1807804416,0.23632976796943694,1.4137577670626342,0.17754008597694337,0.337247802734375,2.1649349729996175,0.002750625629432005
266,16384,1182639,1659670,1816533504,0.24098111398052424,1.4203939560102299,0.1780610040295869,0.3574421997070312,2.196938105043955,0.00272339564075883
267,6172,538873,676978,827708928,0.08872027799952775,0.6495597639586776,0.08143796504009515,0.1522662353515625,0.9720455929636955,0.006311495497391937
268,16384,1186199,1664976,1822001664,0.22418809798546135,1.4215687270043418,0.17901664495002478,0.3574826354980469,2.1823144369991496,0.0026729219348978826
269,16384,1169033,1641524,1795634688,0.22642595996148884,1.403117778012529,0.17651609797030687,0.35366708374023437,2.1597870260011405,0.0027829742404070577
270,16384,1178141,1652556,1809624576,0.2637313880259171,1.4142054209951311,0.17780630791094154,0.35392294311523437,2.2097247909987345,0.002657840096186779
271,16384,1176765,1655254,1807511040,0.24921960104256868,1.393910481943749,0.17717268399428576,0.35592959594726564,2.1762934420257807,0.002806565361654992
272,16384,1181737,1659642,1815148032,0.2440663530724123,1.4179917679866776,0.17844949499703944,0.3648056945800781,2.205371593008749,0.0026427461352394235
273,6172,537541,676902,825662976,0.09166167408693582,0.6482229490065947,0.08115280291531235,0.15285586547851562,0.9739541159942746,0.006245110105011622
274,16384,1184893,1663927,1819995648,0.24560745200142264,1.4204565969994292,0.17877777200192213,0.3577034606933594,2.2026047660037875,0.0027006346564007965
275,16384,1170653,1643272,1798123008,0.24768948706332594,1.4039977520005777,0.17681799293495715,0.33297930908203127,2.1615444279741496,0.0027705603679605076
276,16384,1177750,1651555,1809024000,0.23677273094654083,1.4162076980574057,0.17787918797694147,0.3533706359863281,2.184288679040037,0.0026748329276153975
277,16384,1177149,1656873,1808100864,0.24065103009343147,1.413135661976412,0.17771701095625758,0.3379429626464844,2.169505777070299,0.0027246480898222548
278,16384,1182052,1660768,1815631872,0.23605568800121546,1.4199559449916705,0.18070178001653403,0.3646442565917969,2.201428391970694,0.0032125673374198984
279,6172,537846,676372,826131456,0.0973505019210279,0.6505701229907572,0.08248124702367932,0.1523238067626953,0.9827996150124818,0.007523030452258168
280,16384,1185030,1663950,1820206080,0.29293658200185746,1.4253183309920132,0.1802323010051623,0.3581240234375,2.256681837956421,0.003128510129367055
281,16384,1168790,1640978,1795261440,0.3099894089391455,1.4083169210935012,0.17726603790652007,0.3528374938964844,2.2484832919435576,0.0032657617768260833
282,16384,1178140,1652165,1809623040,0.2994838320882991,1.4175756348995492,0.17911809706129134,0.33501577758789064,2.231266707065515,0.003288061810471899
283,16384,1177385,1654433,1808463360,0.3099050320452079,1.4163046350004151,0.1800640249857679,0.33127072143554687,2.2376265509519726,0.003670741438060042
284,16384,1181000,1658361,1814016000,0.3181283950107172,1.416310786968097,0.17839545896276832,0.33916372680664064,2.2520744999637827,0.0033805371696442113
285,6172,539230,676991,828257280,0.12364768597763032,0.6479019520338625,0.08139474096242338,0.1552836456298828,1.0082897660322487,0.006123381445474326
286,16384,1185196,1663344,1820461056,0.3267964069964364,1.4175067270407453,0.17907150299288332,0.35319287109375,2.27663057600148,0.0027702288781502114
287,16384,1169115,1641016,1795760640,0.30071895790752023,1.3708364310441539,0.1765903290361166,0.35022396850585935,2.1984326179372147,0.0028625595822799085
288,16384,1177700,1651197,1808947200,0.2626323529984802,1.4153072979534045,0.17782011802773923,0.35112753295898436,2.2069503859383985,0.0028584240131585685
289,16384,1177095,1654973,1808017920,0.2453983280574903,1.4132611639797688,0.17774585401639342,0.34744647216796876,2.1839106440311298,0.0026935996520380686
290,16384,1182940,1661032,1816995840,0.24105465901084244,1.4272985809948295,0.17848967504687607,0.3584678039550781,2.205370209994726,0.0026975510429070966
291,6172,537732,676392,825956352,0.09821163502056152,0.6476852740161121,0.08123460994102061,0.1454417266845703,0.9726318459725007,0.0060249220173947135
292,16384,1186396,1665534,1822304256,0.2770563679514453,1.4225222449749708,0.1790656300727278,0.35548193359375,2.234185670968145,0.0026629109668146523
293,16384,1168658,1642073,1795058688,0.26684476993978024,1.4001603500219062,0.17625340295489877,0.34816372680664065,2.1914817629149184,0.002715659911006833
294,16384,1178456,1652197,1810108416,0.23576116806361824,1.4156175699317828,0.17788154003210366,0.35247119140625,2.1817919180030003,0.0027705927749987077
295,16384,1176913,1656043,1807738368,0.2278601590078324,1.4121997059555724,0.1775753570254892,0.35783145141601563,2.1755263439845294,0.0027428111723231817
296,16384,1182852,1660399,1816860672,0.22887755802366883,1.4273181169992313,0.17832578695379198,0.3424703369140625,2.1770563350291923,0.0029643761348437637
297,6172,537034,675921,824884224,0.09418338804971427,0.6475782770430669,0.08118914696387947,0.14992819213867187,0.9729401910444722,0.006288860271451778
298,16384,1184338,1662754,1819143168,0.2647512110415846,1.4175190039677545,0.17870042694266886,0.3535802917480469,2.2146087429719046,0.0026103604997029725
299,16384,1167076,1639537,1792628736,0.2559885090449825,1.4018322450574487,0.1762484109494835,0.35858453369140625,2.192713413038291,0.002723305955763295
300,16384,1177907,1650950,1809265152,0.22705728199798614,1.4115959369810298,0.17781690298579633,0.3520542297363281,2.168583245947957,0.0027157936835837345
301,16384,1176642,1655327,1807322112,0.22138849110342562,1.411998902913183,0.1776403710246086,0.3536139221191406,2.1647009510779753,0.00273774156138449
302,16384,1181979,1659051,1815519744,0.2210475920001045,1.4246158209862188,0.1783577100140974,0.36225408935546877,2.1863351200008765,0.0027400943450496466
303,6172,538134,677362,826573824,0.08877217199187726,0.6339047949295491,0.08177546400111169,0.15136688232421874,0.9558915009256452,0.007551869518517404
304,16384,1186217,1665271,1822029312,0.2469873980153352,1.4214095949428156,0.1788311970885843,0.341773193359375,2.189060771954246,0.0027129693655182975
305,16384,1167778,1640823,1793707008,0.25269357091747224,1.4007674540625885,0.1762624690309167,0.3514401550292969,2.1812228829367086,0.002715627866269402
306,16384,1176938,1650651,1807776768,0.22315466799773276,1.4130001729354262,0.1776914520887658,0.33570333862304685,2.1496080339420587,0.002716881225074648
307,16384,1178171,1655176,1809670656,0.21815088798757643,1.4161384629551321,0.17782906198408455,0.350981689453125,2.163159283925779,0.0027358847913344386
308,16384,1184342,1662047,1819149312,0.2190898029366508,1.4270103070884943,0.17856102692894638,0.33856887817382814,2.1632919210242108,0.0028616524514939136
309,6172,537856,676582,826146816,0.09045329701621085,0.7411484860349447,0.0813140959944576,0.15002738952636718,1.063004541094415,0.005764088493112421
310,16384,1184880,1663025,1819975680,0.2597440410172567,1.420250856084749,0.1789198420010507,0.35569699096679686,2.214670960092917,0.0026744389632253024
311,16384,1167855,1641404,1793825280,0.24919633904937655,1.4014285700395703,0.17629119788762182,0.3485002136230469,2.1754771469859406,0.0027960020820889807
312,16384,1177887,1652398,1809234432,0.22252713597845286,1.4123915419913828,0.17757792095653713,0.3504258422851563,2.162980893976055,0.002702417052724636
313,16384,1175005,1653008,1804807680,0.2157928659580648,1.408839134965092,0.17750313901342452,0.3540853576660156,2.156281188945286,0.0028146302532534614
314,16384,1183830,1661463,1818362880,0.21727264707442373,1.4275435719173402,0.17871475708670914,0.35545294189453125,2.1790416260482743,0.002648323674963524
315,6172,538274,676967,826788864,0.08691544109024107,0.6492988609243184,0.08129371306858957,0.14584994506835938,0.9634225560585037,0.006704836480010203
316,16384,1185134,1664387,1820365824,0.24214598606340587,1.4183061129879206,0.17896219191607088,0.35410739135742186,2.193583209067583,0.002804851099761597
317,16384,1167306,1640472,1792982016,0.24836186901666224,1.3994366209954023,0.17625933093950152,0.3608034362792969,2.184921651962213,0.0027641600464704563
318,16384,1177975,1652418,1809369600,0.22122751211281866,1.4125048979185522,0.17779203201644123,0.35180816650390623,2.163391863112338,0.002738965678379597
319,16384,1175325,1652853,1805299200,0.21450092003215104,1.4117238429607823,0.18291384307667613,0.3516725158691406,2.1608766550198197,0.0030327080871310505
320,16384,1183104,1660809,1817247744,0.21573235502000898,1.432895262958482,0.17978813906665891,0.3548814697265625,2.1833675580564886,0.0032212297245599684
321,6172,537952,676899,826294272,0.10008035995997488,0.6493880719644949,0.08254751202184707,0.15368284606933594,0.9857693649828434,0.007159379231863138
322,16384,1186028,1665155,1821739008,0.2913407339947298,1.4241769439540803,0.18022383702918887,0.3389064636230469,2.234719321015291,0.0031924552481472144
323,16384,1169635,1642468,1796559360,0.3166071439627558,1.4102471030782908,0.17914252798072994,0.33385040283203127,2.2399199509527534,0.0032489151638943957
324,16384,1177404,1650308,1808492544,0.3268800649093464,1.4180388390086591,0.17880233807954937,0.35659854125976564,2.2803889609640464,0.003033592422601826
325,16384,1176700,1654336,1807411200,0.327400570968166,1.4104270070092753,0.17761783406604081,0.3513602294921875,2.266882388968952,0.0033855939618133287
326,16384,1184437,1662587,1819295232,0.33417093101888895,1.4178427699953318,0.17841520893853158,0.3586015319824219,2.28909166296944,0.0026744684477454875
327,6172,538257,676448,826762752,0.11718486400786787,0.6540877519873902,0.08138138998765498,0.15437142944335938,1.007085673045367,0.0059813798077791094
328,16384,1185853,1665606,1821470208,0.3141291729407385,1.417335416073911,0.17929670494049788,0.3566153259277344,2.267446313984692,0.0030736825556011613
329,16384,1168776,1640772,1795239936,0.2820492519531399,1.4034875130746514,0.1764849938917905,0.32836764526367185,2.1904492939356714,0.002734130964984265
330,16384,1177365,1650244,1808432640,0.2858976200222969,1.4142110550310463,0.17772651999257505,0.35730886840820314,2.2352052320493385,0.0027365986057980443
331,16384,1176030,1655013,1806382080,0.25654576905071735,1.4136869859648868,0.17741588002536446,0.3442255859375,2.191932026995346,0.0026372175854583726
332,16384,1182458,1660355,1816255488,0.24426154210232198,1.4202598439296708,0.17853740800637752,0.3572815246582031,2.2004003560869023,0.002728475759555504
333,6172,537884,676366,826189824,0.09303530096076429,0.6526871810201555,0.08129928004927933,0.14584307861328125,0.9729272089898586,0.006410381558034249
334,16384,1186894,1665480,1823069184,0.2721418300643563,1.4219873159890994,0.17934445501305163,0.33762432861328123,2.2111589130945504,0.0027579842588620488
335,16384,1169394,1642310,1796189184,0.26598751393612474,1.4045675750821829,0.17662525898776948,0.3536884765625,2.200941507006064,0.0033023338991723093
336,16384,1176903,1650846,1807723008,0.25355910300277174,1.413533102022484,0.17767680098768324,0.35528768920898435,2.200117739965208,0.0027746125662205237
337,16384,1175905,1654106,1806190080,0.24462975503411144,1.4102756039937958,0.17757986497599632,0.33085430908203123,2.1633981219492853,0.0027081868453250296
338,16384,1182773,1659888,1816739328,0.24938790302257985,1.4200991089455783,0.1785893130581826,0.3420712890625,2.190208347979933,0.002772973226419599
339,6172,537863,676405,826157568,0.09119983692653477,0.6477055810391903,0.0813234830275178,0.151269287109375,0.9715583940269426,0.006196840529070929
340,16384,1186359,1664185,1822247424,0.22917192697059363,1.419173651956953,0.17917883105110377,0.3367874755859375,2.164371046004817,0.0027333779177149352
341,16384,1168968,1642192,1795534848,0.22181675699539483,1.4052919609239325,0.1764959410065785,0.350625244140625,2.154289645026438,0.0027731628402441273
342,16384,1179103,1653555,1811102208,0.22689523606095463,1.4176462970208377,0.1778285289183259,0.3505415954589844,2.1729720620205626,0.002779813073329121
343,16384,1176476,1654679,1807067136,0.23847831797320396,1.4165146320592612,0.17768764297943562,0.3510360412597656,2.1837758099427447,0.002709786911685474
344,16384,1183663,1662515,1818106368,0.24599003500770777,1.4192827920196578,0.17854449292644858,0.35439300537109375,2.1982716829515994,0.0027911757753744195
345,6172,537572,676502,825710592,0.09403287910390645,0.6496012429706752,0.0811684699729085,0.1573720245361328,0.9822355810320005,0.00620670331586856
346,16384,1186030,1664355,1821742080,0.25208803603891283,1.4203996169380844,0.1791355781024322,0.35477188110351565,2.206458022003062,0.0028511677761128224
347,16384,1168189,1641009,1794338304,0.25127052201423794,1.4020402380265296,0.1763258429709822,0.35054080200195314,2.180237432010472,0.0027532320969930546
348,16384,1177909,1651064,1809268224,0.23703021393157542,1.4133929560193792,0.17795587796717882,0.34089892578125,2.1693381179356948,0.00277246943729179
349,16384,1178004,1656775,1809414144,0.2399324650177732,1.4155112149892375,0.17773254704661667,0.356763427734375,2.189999371068552,0.0027267715844437016
350,16384,1181953,1659868,1815479808,0.24298630899284035,1.418103548930958,0.1784349080407992,0.364018798828125,2.2036011609015986,0.0026137265625893517
351,6172,538301,676800,826830336,0.09395817900076509,0.6499034429434687,0.08128454501274973,0.15116867065429687,0.97637481498532,0.00614286369528317
352,16384,1185689,1664045,1821218304,0.2554282119963318,1.4060274199582636,0.17868484801147133,0.33794149780273436,2.1781429318943992,0.0027984447074380107
353,16384,1169992,1642241,1797107712,0.242413274012506,1.4059680370846763,0.1766136469086632,0.35169918823242186,2.1767539540305734,0.00274756787258593
354,16384,1179071,1652672,1811053056,0.23391176806762815,1.4143665309529752,0.17802475299686193,0.3368232727050781,2.163186744088307,0.0027930721158938186
355,16384,1176192,1654966,1806630912,0.2231714390218258,1.4108803060371429,0.17757045303005725,0.3514449768066406,2.1631269810022786,0.002764798698235741
356,16384,1182095,1658681,1815697920,0.23994966398458928,1.4211013469612226,0.17788089509122074,0.33935205078125,2.178344179992564,0.002764630806938509
357,6172,537687,676018,825887232,0.09279558807611465,0.6478389129042625,0.0809879470616579,0.15039254760742188,0.972078102058731,0.006491907300486671
358,16384,1184585,1662269,1819522560,0.24461698706727475,1.4173155720345676,0.17884835589211434,0.3427626647949219,2.183602544013411,0.002700318548995504
359,16384,1167607,1638803,1793444352,0.2292751669883728,1.4038280330132693,0.1762481890618801,0.3380771789550781,2.147499894956127,0.0033213942265639214
360,16384,1178287,1652388,1809848832,0.23074963595718145,1.4155368560459465,0.17801816295832396,0.35088406372070313,2.175248438026756,0.002745403401149044
361,16384,1177032,1655665,1807921152,0.2315358699997887,1.4133046100614592,0.17886724101845175,0.34252133178710936,2.1663011050550267,0.003326046783130228
362,16384,1183436,1660597,1817757696,0.24888187902979553,1.4269215159583837,0.17963047698140144,0.35651626586914065,2.2120214690221474,0.0032247057465361684
363,6172,537497,676533,825595392,0.1103504840284586,0.6498304399428889,0.08119033102411777,0.15080332946777344,0.9922480520326644,0.0074041535556780315
364,16384,1185198,1664248,1820464128,0.29788018902763724,1.4265740339178592,0.17992684105411172,0.35412957763671876,2.258582287002355,0.00317213884303384
365,16384,1167966,1640355,1793995776,0.3052667590091005,1.4078768519684672,0.17745366995222867,0.35060476684570313,2.2412747639464214,0.003244411265039782
366,16384,1177189,1651958,1808162304,0.3265132049564272,1.4164999910863116,0.18000800197478384,0.35628955078125,2.2793928630417213,0.003602461176384193
367,16384,1177477,1656408,1808604672,0.32556880498304963,1.4091589950257912,0.1779029470635578,0.3521384582519531,2.2648443389916793,0.003317387691250694
368,16384,1182407,1661275,1816177152,0.3289155119564384,1.415432102046907,0.1784104430116713,0.35563165283203124,2.27844898798503,0.0026016881788611754
369,6172,537941,676564,826277376,0.1164749989984557,0.6496304100146517,0.08128210599534214,0.15346707153320313,1.0009164341026917,0.006179093372009854
370,16384,1187140,1665827,1823447040,0.29781211900990456,1.417786241043359,0.17902573000174016,0.35504351806640627,2.2497272259788588,0.0026500038209133826
371,16384,1168807,1641204,1795287552,0.27132919302675873,1.4031554199755192,0.17697733000386506,0.3540314636230469,2.2055564139736816,0.0028567550615532598
372,16384,1176167,1650288,1806592512,0.25408130802679807,1.4120008789468557,0.17741605907212943,0.356740234375,2.2002983250422403,0.0027198412495214345
373,16384,1178830,1655806,1810682880,0.2576195430010557,1.4148875339888036,0.17790935200173408,0.34076397705078126,2.191240072948858,0.0027229744116228903
374,16384,1181707,1658749,1815101952,0.24383604293689132,1.4169376210775226,0.17840134701691568,0.3619860229492188,2.201220866991207,0.0027181738804914865
375,6172,537103,675916,824990208,0.09843538398854434,0.648057087091729,0.08113430195953697,0.15010102844238282,0.9777890250552446,0.006261429764761796
376,16384,1185676,1662500,1821198336,0.26837443897966295,1.4199437689967453,0.17893420404288918,0.35863705444335936,2.2259497380582616,0.0027076799881922704
377,16384,1168017,1641504,1794074112,0.2533047520555556,1.4034236969891936,0.17617702297866344,0.3517406311035156,2.184706817031838,0.002779041308265345
378,16384,1177084,1652147,1808001024,0.2452889810083434,1.4141616490669549,0.17772112297825515,0.3524606018066406,2.189693185966462,0.0027780652859321405
379,16384,1177233,1654099,1808229888,0.23093182500451803,1.416348104015924,0.17757213104050606,0.3562165832519531,2.181126910028979,0.0026714042089833055
380,16384,1182976,1659834,1817051136,0.24495177599601448,1.4222676390781999,0.17848962196148932,0.3579338684082031,2.203703417093493,0.0027459071450736984
381,6172,539095,677511,828049920,0.09259577107150108,0.6536923160310835,0.08147663995623589,0.14510105895996095,0.9729251350509003,0.0061000615546642255
382,16384,1187607,1665899,1824164352,0.2517914930358529,1.4213118539191782,0.179322095005773,0.34133578491210936,2.193822119035758,0.00277561987893544
383,16384,1167932,1641003,1793943552,0.23703496996313334,1.4007318330695853,0.1762820939766243,0.35507061767578124,2.1691789249889553,0.0027388383294138317
384,16384,1177473,1650895,1808598528,0.22477866907138377,1.385878450004384,0.1775924969697371,0.3539466857910156,2.142256011022255,0.00278721055873704
385,16384,1176104,1653433,1806495744,0.218936407007277,1.4107935960637406,0.17748640396166593,0.3529381408691406,2.1602156499866396,0.002828517829492366
386,16384,1182861,1662885,1816874496,0.2261184019735083,1.4186374910641462,0.17813648597802967,0.3579260864257813,2.180879945983179,0.0028190704319537656
387,6172,537560,676631,825692160,0.08699428895488381,0.6480442399624735,0.08098686602897942,0.1532403564453125,0.969325688900426,0.0061834231221855026
388,16384,1185993,1664479,1821685248,0.24220809806138277,1.4191858100239187,0.17902473092544824,0.3560119323730469,2.196496768039651,0.003013737912926272
389,16384,1167617,1640930,1793459712,0.2364692110568285,1.4035480879247189,0.17626158008351922,0.3520140075683594,2.1683533450122923,0.002788216182820768
390,16384,1178622,1652068,1810363392,0.2253345079952851,1.4137161700055003,0.17805977491661906,0.35605120849609373,2.173220577999018,0.002711026488359891
391,16384,1176462,1655081,1807045632,0.23787834192626178,1.4123417109949514,0.17756484099663794,0.3541175537109375,2.181963660987094,0.0028054251956534447
392,16384,1183397,1660599,1817697792,0.22513069200795144,1.422265573986806,0.17869748396333307,0.3546300048828125,2.180783155024983,0.0027238005733414943
393,6172,538019,677085,826397184,0.09142283699475229,0.6496100299991667,0.08136094198562205,0.14996263122558592,0.9724167439853773,0.0062014337600858815
394,16384,1186167,1663590,1821952512,0.2522250829497352,1.4203932549571618,0.1787237130338326,0.3588584899902344,2.2102590079884976,0.0026452581947334955
395,16384,1167217,1641268,1792845312,0.2392114830436185,1.401049820939079,0.1761561359744519,0.3579813842773438,2.1744582479586825,0.0027328059412089316
396,16384,1176417,1651555,1806976512,0.231468457961455,1.4104670590022579,0.1774570030393079,0.35438113403320315,2.1738318770658225,0.0026783593622266007
397,16384,1177538,1655248,1808698368,0.2214093350339681,1.4125899699283764,0.17788906604982913,0.3561833801269531,2.1681293309666216,0.0026557376754462007
398,16384,1183996,1661699,1818617856,0.23555181897245347,1.420892524998635,0.17871263402048498,0.355976318359375,2.1911905389279127,0.0026123961356767362
399,6172,538123,676479,826556928,0.08906957902945578,0.6538075529970229,0.08134412893559784,0.15077880859375,0.975061696022749,0.0063202633406480024
400,16384,1185473,1663680,1820886528,0.24220241303555667,1.4187224099878222,0.17901500000152737,0.35691366577148437,2.196928785997443,0.003427384698694089
401,16384,1168035,1641423,1794101760,0.22828500298783183,1.4006541509879753,0.1762771849753335,0.33794418334960935,2.143222259939648,0.0028805989958218432
402,16384,1176997,1650607,1807867392,0.22058380499947816,1.4148312670877203,0.1775877788895741,0.3540230407714844,2.1670854550320655,0.002748543379772422
403,16384,1177342,1655470,1808397312,0.21544632001314312,1.4200734659098089,0.17991964402608573,0.3504642333984375,2.1659760529873893,0.003342125588790277
404,16384,1182663,1659734,1816570368,0.24631578696426004,1.42514496401418,0.17974381905514747,0.35497225952148437,2.2062486490467563,0.00325527640393002
405,6172,539045,677229,827973120,0.1067923370283097,0.6580623299814761,0.08253761404193938,0.15028688049316405,0.9977513770572841,0.007237826381946928
406,16384,1186450,1664705,1822387200,0.31224528595339507,1.4262527920072898,0.1804116170387715,0.3439190368652344,2.2628986310446635,0.0030889222793116424
407,16384,1168652,1641008,1795049472,0.31747426209039986,1.4057132829912007,0.17752817296423018,0.33823370361328126,2.2390237090876326,0.0033178491241140358
408,16384,1177388,1650660,1808467968,0.3195554129779339,1.4151502100285143,0.17785536195151508,0.35539242553710937,2.268030822975561,0.0034132023120821108
409,16384,1176206,1654807,1806652416,0.3123058519558981,1.4084726619767025,0.17752765910699964,0.356232666015625,2.2545985259348527,0.0026473396012914947
410,16384,1183904,1660950,1818476544,0.29333365394268185,1.41733003500849,0.17880424007307738,0.35743792724609375,2.2469652029685676,0.002641193470472943
411,6172,537687,676533,825887232,0.10945791599806398,0.653797548962757,0.08124583400785923,0.15473919677734374,0.999301407020539,0.006095385645131764
412,16384,1186254,1665152,1822086144,0.2910250100539997,1.4195345760090277,0.17914594791363925,0.33475146484375,2.224516151007265,0.002659103500843616
413,16384,1169240,1640894,1795952640,0.26467751304153353,1.4039476459147409,0.17662063403986394,0.336815185546875,2.182124699000269,0.0029201107198499436
414,16384,1177819,1651505,1809129984,0.2448255530325696,1.415443024947308,0.17782264295965433,0.3517721557617188,2.189925240003504,0.0028249047558002406
415,16384,1178895,1655993,1810782720,0.23852161306422204,1.4167573399608955,0.17822642403189093,0.3555860595703125,2.189152371021919,0.0027834697760048613
416,16384,1182926,1661846,1816974336,0.2380159730091691,1.3952400629641488,0.17827989405486733,0.356026611328125,2.167622704990208,0.0027755583921237753
417,6172,537511,676774,825616896,0.09271153004374355,0.6566199490334839,0.08104067295789719,0.145306884765625,0.9757403270341456,0.0062814082494938245
418,16384,1187303,1665381,1823697408,0.2593311839736998,1.4220910430885851,0.17932292190380394,0.33894149780273436,2.1997449439950287,0.002650181165988441
419,16384,1169572,1643429,1796462592,0.243901242967695,1.4027028790442273,0.1766692219534889,0.3522563781738281,2.1755888339830562,0.0027170503402936764
420,16384,1176924,1650741,1807755264,0.240522287087515,1.4156992370262742,0.17760127899236977,0.33815936279296877,2.17203843803145,0.002590752140339117
421,16384,1177561,1653920,1808733696,0.23122013395186514,1.413023522007279,0.17790440504904836,0.3422767028808594,2.164483945001848,0.0027341904259804758
422,16384,1182290,1660054,1815997440,0.24799159809481353,1.4196361809736118,0.178544707945548,0.35817742919921874,2.204409694066271,0.002711739711542629
423,6172,537590,676839,825738240,0.0931134819984436,0.6534608009969816,0.08124007098376751,0.1454811248779297,0.9733558649895713,0.006203911089547915
424,16384,1186957,1664929,1823165952,0.2540459199808538,1.4229843340581283,0.17918258300051093,0.3403497314453125,2.196621926035732,0.0027022197230625144
425,16384,1168335,1641534,1794562560,0.23685123003087938,1.4030506779672578,0.17637439398095012,0.3545481567382813,2.1708853309974074,0.0028040301884967576
426,16384,1176971,1649755,1807827456,0.22293936798814684,1.4115997470216826,0.17776893195696175,0.3503129577636719,2.1626822570106015,0.0028322366792481565
427,16384,1175750,1654623,1805952000,0.22078088903799653,1.4133627959527075,0.17742106900550425,0.35040219116210936,2.162027772050351,0.002813418625782775
428,16384,1182702,1660135,1816630272,0.22533635701984167,1.4205557480454445,0.17840267694555223,0.35349392700195315,2.1778464959934354,0.002653400078933349
429,6172,538492,676950,827123712,0.08836506505031139,0.6528025720035657,0.0814056450035423,0.15361788940429688,0.9762645100709051,0.007512165855897226
430,16384,1185662,1664295,1821176832,0.2501822030171752,1.4181700060144067,0.1790367659414187,0.3439889831542969,2.1914373310282826,0.002709313204824863
431,16384,1167725,1641123,1793625600,0.23485095403157175,1.4019750079605728,0.17623304203152657,0.3415813903808594,2.1546975689707324,0.0026534845086971215
432,16384,1178586,1653301,1810308096,0.2222782450262457,1.4182034189580008,0.17780626902822405,0.3530515441894531,2.1713983369991183,0.002710686297926721
433,16384,1179483,1655869,1811685888,0.2271105779800564,1.4144549039192498,0.17795866599772125,0.35297589111328126,2.172559997998178,0.0027598311634484383
434,16384,1182170,1660019,1815813120,0.2200199409853667,1.4179128870600834,0.1783707649447024,0.36174520874023436,2.178106458974071,0.0026471269779463754
435,6172,538341,677122,826891776,0.08664488489739597,0.6570610560011119,0.08141572109889239,0.15068086242675782,0.97586397791747,0.006297342119660518
436,16384,1186243,1665558,1822069248,0.24526887305546552,1.4205799370538443,0.1789974789135158,0.354540283203125,2.1994457880500704,0.002692306600210244
437,16384,1168147,1641634,1794273792,0.22999474802054465,1.4014890919206664,0.1765499870525673,0.3516060791015625,2.1596997269662097,0.0027698698167127737
438,16384,1177886,1651913,1809232896,0.23229767906013876,1.415757023030892,0.1774938419694081,0.3536340026855469,2.1792401040438563,0.0026411636681835586
439,16384,1176855,1654668,1807649280,0.2210339839803055,1.4144206210039556,0.17762948700692505,0.3562848205566406,2.1694293959299102,0.0027879857347335706
440,16384,1183466,1662234,1817803776,0.2370394340250641,1.4200432549696416,0.17851728294044733,0.3566042175292969,2.1922642389545217,0.0027391538394398434
441,6172,537470,675980,825553920,0.08884006703738123,0.6518642449518666,0.08115818805526942,0.15223945617675783,0.9741614769445732,0.006109944265591735
442,16384,1183959,1661965,1818561024,0.24194530595559627,1.4172417239751667,0.1787124089896679,0.3420758361816406,2.180035030003637,0.002741006485818358
443,16384,1167286,1639715,1792951296,0.2285040479619056,1.4012773720314726,0.17628236999735236,0.3572465209960938,2.1633699929807335,0.0027587511199101116
444,16384,1178040,1652533,1809469440,0.23050014302134514,1.4149171889293939,0.17834984906949103,0.3497217712402344,2.1735619489336386,0.003358389357610739
445,16384,1177706,1655978,1808956416,0.22971309698186815,1.4188849050551653,0.18013769295066595,0.3515694580078125,2.180375286960043,0.00321660059855208
446,16384,1182881,1661195,1816905216,0.2733143250225112,1.4251216379925609,0.17943103006109595,0.3542095947265625,2.232145628076978,0.0030930004466978404
447,6172,538001,676520,826369536,0.11880876403301954,0.6499897169414908,0.08249934995546937,0.1532929229736328,1.0046589690027758,0.0067898760940776825
448,16384,1185868,1664685,1821493248,0.3169196479720995,1.4272480619838461,0.18137797806411982,0.3521134033203125,2.2777326479554176,0.003229378790608034
449,16384,1167313,1640810,1792992768,0.32242120802402496,1.3822283790213987,0.17839301901403815,0.3549638671875,2.238078513997607,0.003218866102970307
450,16384,1176937,1650900,1807775232,0.3374921859940514,1.4077508560149,0.17773765395395458,0.33810546875,2.261161812930368,0.0033455463925298524
451,16384,1177560,1655509,1808732160,0.3044217020506039,1.4099613489815965,0.17776016402058303,0.3348720703125,2.2270755920326337,0.002707885963362751
452,16384,1182984,1662214,1817063424,0.28730609896592796,1.415062334970571,0.17867712501902133,0.3534148864746094,2.2345213459338993,0.0027254384425793054
453,6172,536715,676126,824394240,0.10778755997307599,0.6521859149215743,0.08108216500841081,0.15377491760253906,0.994892340968363,0.0062100651717480835
454,16384,1186128,1665014,1821892608,0.2919454360380769,1.4205468639265746,0.1796904350630939,0.3365063781738281,2.2287458040518686,0.002543621178869424
455,16384,1169085,1642274,1795714560,0.2618838499765843,1.4055435040500015,0.17647837405093014,0.33903591918945314,2.1830028970725834,0.0028057592455164055
456,16384,1178454,1652907,1810105344,0.2527428090106696,1.4143221639096737,0.17785205808468163,0.35580291748046877,2.200781296007335,0.0027875337705255735
457,16384,1176018,1654640,1806363648,0.24252816895022988,1.4123427120503038,0.1774204559624195,0.35134445190429686,2.1836955780163407,0.0027379800413885637
458,16384,1182281,1660762,1815983616,0.25737834500614554,1.4183845529332757,0.1782372210873291,0.34412966918945315,2.198191241011955,0.0027956073431952295
459,6172,537910,676875,826229760,0.09950388292782009,0.6485853870399296,0.08130546601023525,0.1551110382080078,0.9845701599260792,0.006539477094371339
460,16384,1186505,1664189,1822471680,0.2653730979654938,1.4226507969433442,0.17949355603195727,0.35540057373046874,2.222976994002238,0.002652718905005652
461,16384,1169362,1642246,1796140032,0.2510773210087791,1.4059874239610508,0.17636876401957124,0.33546331787109374,2.168957239948213,0.002785351716737644
462,16384,1177610,1651166,1808808960,0.24253650405444205,1.4156465289415792,0.17735520703718066,0.34112109375,2.1767206409713253,0.0028164931672680963
463,16384,1177809,1654944,1809114624,0.23205294599756598,1.4130875440314412,0.177698437939398,0.33367764282226564,2.1565760020166636,0.0027558141209662796
464,16384,1182497,1659713,1816315392,0.2464346019551158,1.4200772100593895,0.17844952701125294,0.3584368591308594,2.203459318028763,0.002773814412869044
465,6172,537570,676052,825707520,0.0929220839170739,0.6427222620695829,0.08131042600143701,0.15132301330566406,0.9683506740257144,0.007527100864558138
466,16384,1187212,1663363,1823557632,0.250579472980462,1.4196717710001394,0.179096927982755,0.358136962890625,2.2075531739974394,0.0030821066626803874
467,16384,1168807,1641237,1795287552,0.23461212706752121,1.402045359951444,0.17649674403946847,0.3520545959472656,2.1652681350242347,0.002739061161804415
468,16384,1178253,1651014,1809796608,0.23520462505985051,1.412074587889947,0.17778478004038334,0.3525696716308594,2.1776952439686283,0.0028277302693646036
469,16384,1177413,1654866,1808506368,0.22688832611311227,1.4141678489977494,0.1776607478968799,0.35335601806640626,2.1721336010377854,0.002792644228167384
470,16384,1182660,1661343,1816565760,0.2412494730670005,1.4204563440289348,0.1785137199331075,0.34187701416015626,2.1821546950377524,0.002664515429882332
471,6172,537621,676256,825785856,0.09089949994813651,0.6534382030367851,0.08107283303979784,0.14959922790527344,0.9750718650175259,0.006368872876030552
472,16384,1184917,1663599,1820032512,0.2502191140083596,1.4185256320051849,0.17890812701079994,0.35795309448242185,2.2056669290177524,0.0027638584132482183
473,16384,1167823,1640942,1793776128,0.2316782029811293,1.4028390980092809,0.17629072105046362,0.3502244873046875,2.1610936369979754,0.0028285517743217824
474,16384,1177527,1651313,1808681472,0.23268909193575382,1.4140083440579474,0.17770152096636593,0.356302490234375,2.1807604109635577,0.002703816926373934
475,16384,1175977,1653511,1806300672,0.22277744999155402,1.412624315940775,0.17756861809175462,0.3528505554199219,2.1658795649418607,0.0027067755199479933
476,16384,1181815,1659342,1815267840,0.2365537378937006,1.4193940371042117,0.1782489879988134,0.3649481506347656,2.199205804965459,0.0027687874336266823
477,6172,537911,676677,826231296,0.09129976492840797,0.6517247020965442,0.08132638491224498,0.15375715637207032,0.9781676440034062,0.006096674174849892
478,16384,1184999,1663521,1820158464,0.24681803199928254,1.418613083078526,0.17895902902819216,0.34574490356445314,2.1901955370558426,0.002761825798892793
479,16384,1168222,1642012,1794388992,0.22944268502760679,1.4025226880330592,0.17634172295220196,0.3497008361816406,2.1580674360739067,0.0027572761816131376
480,16384,1177400,1651047,1808486400,0.23104848805814981,1.4117092000087723,0.1776123628951609,0.3320490417480469,2.152491559041664,0.0033666255846499264
481,16384,1177729,1655734,1808991744,0.22218428400810808,1.3967200849438086,0.17749992501921952,0.3552397155761719,2.151703984942287,0.0027873441420832833
482,16384,1183224,1661418,1817432064,0.23632242192979902,1.4191017140401527,0.17867506097536534,0.35239483642578123,2.1865521779982373,0.0026591922993602552
483,6172,537820,676499,826091520,0.08977826801128685,0.6534425270510837,0.0813739049481228,0.15349977111816407,0.9781610650243238,0.006808070577279273
484,16384,1185747,1663608,1821307392,0.24340445501729846,1.4183993109036237,0.17903115507215261,0.3447593688964844,2.1856544299516827,0.002751581462260499
485,16384,1168547,1641352,1794888192,0.2321828129934147,1.4041384590091184,0.17646690306719393,0.34214932250976565,2.1549976570531726,0.0027916259436797995
486,16384,1177927,1652452,1809295872,0.2291149110533297,1.4173670889576897,0.17989976902026683,0.35103558349609376,2.17749057803303,0.0033628391502060597
487,16384,1176202,1655138,1806646272,0.24289125704672188,1.4160655689192936,0.18024238396901637,0.34020773315429687,2.179494207026437,0.004003861851387842
488,16384,1183153,1661234,1817323008,0.28130849194712937,1.425915825064294,0.17964735790155828,0.3335956726074219,2.220538705936633,0.0032135632690624646
489,6172,537735,676481,825960960,0.1178631039801985,0.6531689470866695,0.08212139899842441,0.15077647399902344,1.004013346042484,0.00830885152045689
490,16384,1185061,1662760,1820253696,0.32651578600052744,1.4228791570058092,0.1799625949934125,0.35861865234375,2.288046775967814,0.003084972958429888
491,16384,1166646,1640110,1791968256,0.3265127210179344,1.4034863769775257,0.17609884100966156,0.3468109130859375,2.2529951579635963,0.0038307171780660072
492,16384,1178547,1651847,1810248192,0.3305579898878932,1.4133417600532994,0.17775105696637183,0.35645220947265627,2.278174555976875,0.0031402157691094025
493,16384,1177991,1656044,1809394176,0.30176537297666073,1.4094295270042494,0.17793436301872134,0.3558668518066406,2.245058152009733,0.002763278243169361
494,16384,1182944,1660913,1817001984,0.3014776729978621,1.4153596520191059,0.17864009190816432,0.35313504028320314,2.24867306498345,0.0026952684255625893
495,6172,537678,676376,825873408,0.11094512697309256,0.6518431910080835,0.08130288403481245,0.1525925750732422,0.9967447500675917,0.006117210886418571
496,16384,1187065,1665262,1823331840,0.28826864506118,1.42063452093862,0.17919641907792538,0.3366553344726563,2.2248132900567725,0.002623613705108935
497,16384,1169904,1641908,1796972544,0.25978998001664877,1.403278116020374,0.17660142900422215,0.3364352111816406,2.176174593041651,0.0032100741819594027
498,16384,1177478,1652279,1808606208,0.2521548729855567,1.4156993119977415,0.1776317999465391,0.35401507568359375,2.1995618960354477,0.0027657972310985517
499,16384,1178212,1656073,1809733632,0.24270749103743583,1.4167990860296413,0.1778399549657479,0.3550035400390625,2.1924107120139524,0.002765902471319441
500,16384,1183952,1661424,1818550272,0.253327255952172,1.4243549010716379,0.17869319289457053,0.35806427001953123,2.2144991899840534,0.0026900008097128186
501,6172,537353,675475,825374208,0.09895915107335895,0.6485514160012826,0.08112624299246818,0.1521727752685547,0.9808713010279462,0.006291925578521062
502,16384,1186612,1664192,1822636032,0.25811586005147547,1.4209544470068067,0.17902520904317498,0.3552076721191406,2.213362588081509,0.002683693183878406
503,16384,1169490,1642622,1796336640,0.24757969193160534,1.4056161750340834,0.17660483601503074,0.33298751831054685,2.162847075960599,0.0027211664655770206
504,16384,1178233,1651783,1809765888,0.24197680305223912,1.4150931539479643,0.17746799904853106,0.339251708984375,2.1738519240170717,0.002863993783302936
505,16384,1176561,1655182,1807197696,0.22757027193438262,1.411110537010245,0.1775774200214073,0.33807989501953123,2.1543979949783534,0.00277901264885081
506,16384,1183177,1661176,1817359872,0.2272757369792089,1.421015532920137,0.1786145840305835,0.35372467041015626,2.1806896378984675,0.00271077357154712
507,6172,537606,676483,825762816,0.09405764704570174,0.6523140260251239,0.08105838391929865,0.15126921081542968,0.9787585490848869,0.006056782787582719
508,16384,1185169,1663045,1820419584,0.25736749509815127,1.420246684923768,0.17904725403059274,0.3573861999511719,2.2141094650141895,0.0027925904966487405
509,16384,1168787,1641362,1795256832,0.2469298659125343,1.4025364980334416,0.17642048303969204,0.34946829223632814,2.1754166479222476,0.002827444586768797
510,16384,1178469,1652480,1810128384,0.2374341399408877,1.4162627010373399,0.17799024295527488,0.3527515869140625,2.1844979639863595,0.002714268439334235
511,16384,1176963,1655025,1807815168,0.23862089205067605,1.4128332999534905,0.1778130349703133,0.330887451171875,2.160211951006204,0.0026512611330677203
512,16384,1181849,1658883,1815320064,0.23782665107864887,1.4202404279494658,0.1783702860120684,0.36384356689453123,2.200340356095694,0.00270068041132168
513,6172,537480,676163,825569280,0.09355471900198609,0.6491225860081613,0.08127358800265938,0.15489602661132812,0.978906134958379,0.0060491330199437775
514,16384,1186989,1664669,1823215104,0.24522264197003096,1.4110740940086544,0.17905311100184917,0.358331787109375,2.1937420750036836,0.0027551513216877758
515,16384,1168764,1640920,1795221504,0.23339974600821733,1.4025149680674076,0.17659390694461763,0.3510400085449219,2.163611544063315,0.002907846296298126
516,16384,1177875,1651462,1809216000,0.23400912806391716,1.4127414539689198,0.1779407700523734,0.35490228271484375,2.1796523890225217,0.0026955776418116748
517,16384,1177295,1655709,1808325120,0.24686038098298013,1.4151765620335937,0.177904337993823,0.3508839416503906,2.190883831004612,0.0026751004775039857
518,16384,1183352,1661932,1817628672,0.2359598499024287,1.4181603590259328,0.17861893202643842,0.342498046875,2.175295399967581,0.0026760566763530296
519,6172,538535,677544,827189760,0.09309546602889895,0.6502573200268671,0.08148578996770084,0.151332763671875,0.9762299630092457,0.006005072178190461
520,16384,1185373,1664047,1820732928,0.24643629393540323,1.41979983903002,0.17890858999453485,0.3559236450195313,2.20112873299513,0.002742457300924556
521,16384,1168421,1640806,1794694656,0.2401621479075402,1.4026424731127918,0.1763927189167589,0.35133889770507815,2.170594817958772,0.002698813989541279
522,16384,1177719,1651080,1808976384,0.23350852890871465,1.4129190180683509,0.17737047700211406,0.35436785888671873,2.17822531494312,0.0027284632500434555
523,16384,1174910,1652426,1804661760,0.24084147706162184,1.4099646919639781,0.17740817996673286,0.3536424560546875,2.1819166730856523,0.00274382790921291
524,16384,1182905,1660659,1816942080,0.2326238580280915,1.4208397009642795,0.17846996104344726,0.35318487548828126,2.185176769969985,0.002671383234882398
525,6172,538422,677120,827016192,0.09194472001399845,0.6499023559736088,0.08133930002804846,0.1542760925292969,0.9775234820554033,0.006241641410234461
526,16384,1186419,1665154,1822339584,0.24338610307313502,1.420958615024574,0.17917373694945127,0.35551171875,2.199091679067351,0.0027968488433710802
527,16384,1167837,1639757,1793797632,0.2370963399298489,1.4023032420082018,0.17632935103029013,0.33985964965820314,2.155648202984594,0.0027657740241232697
528,16384,1176658,1650285,1807346688,0.23127486801240593,1.4189125560224056,0.18007516500074416,0.3432200012207031,2.1735523630632088,0.003210081713952005
529,16384,1176189,1655399,1806626304,0.27335475001018494,1.4161537549225613,0.17982270999345928,0.34000616455078125,2.2094070370076224,0.0031527703799628776
530,16384,1183267,1661020,1817498112,0.28883039799984545,1.3908838449278846,0.17977791104931384,0.35701910400390624,2.2165792220039293,0.003066167105808077
531,6172,538474,677123,827096064,0.1225456059910357,0.651437402004376,0.08140075393021107,0.150129638671875,1.005586547893472,0.007274092531100879
532,16384,1185117,1663168,1820339712,0.3306519769830629,1.4242551230126992,0.18009560590144247,0.355037109375,2.290111335925758,0.0031230208082613834
533,16384,1168354,1640247,1794591744,0.34093543991912156,1.3991345760878175,0.17637578293215483,0.34929962158203126,2.2658218529541045,0.0033732763623723367
534,16384,1176773,1651167,1807523328,0.31490040000062436,1.4071500389836729,0.17767399502918124,0.343191650390625,2.242977474932559,0.0027370104756529686
535,16384,1178150,1655637,1809638400,0.2911040709586814,1.41509181400761,0.177832096000202,0.35211505126953124,2.23620189295616,0.0026321737907782283
536,16384,1182448,1660180,1816240128,0.30258025194052607,1.417257369030267,0.17852325702551752,0.3442718200683594,2.24270305596292,0.003137191883833821
537,6172,537774,676898,826020864,0.10632984200492501,0.6545189389726147,0.08072038798127323,0.15205599975585937,0.9936845570337027,0.005976576631893101
538,16384,1185765,1665640,1821335040,0.2886247809510678,1.4202095200307667,0.17893618997186422,0.3429591369628906,2.2307911190437153,0.002756471755747677
539,16384,1169425,1640648,1796236800,0.2671931741060689,1.4035381489666179,0.17646122502628714,0.3531177978515625,2.2003702010260895,0.0027202275110309775
540,16384,1176133,1650114,1806540288,0.24337699194438756,1.4120113560929894,0.17763768695294857,0.34785382080078125,2.180941676022485,0.0028345660068619235
541,16384,1175748,1655941,1805948928,0.23624347592703998,1.4171671990770847,0.1775370219256729,0.35007290649414063,2.1810818429803476,0.0028077605893864002
542,16384,1182720,1660812,1816657920,0.260390319977887,1.4187883250415325,0.17849939595907927,0.35825274658203127,2.2159923859871924,0.002779721945438611
543,6172,539435,677721,828572160,0.09320115798618644,0.6565228400286287,0.08157350297551602,0.14564247131347657,0.9769991200882941,0.00605402638245079
544,16384,1186422,1665284,1822344192,0.26582897908519953,1.419834255008027,0.17904592398554087,0.3380458068847656,2.202815423021093,0.0027445811813574003
545,16384,1169583,1643030,1796479488,0.25318992498796433,1.4058176500257105,0.1765695430804044,0.33862908935546876,2.174264915054664,0.002700112792579028
546,16384,1176553,1650973,1807185408,0.23095374007243663,1.3802543049678206,0.17730211396701634,0.35657156372070314,2.145139651023783,0.002700444037679739
547,16384,1177356,1656512,1808418816,0.22479339002165943,1.4227018539095297,0.17791743099223822,0.3533886413574219,2.1788622189778835,0.002795160543126481
548,16384,1182938,1660301,1816992768,0.25143190403468907,1.4207095219753683,0.17868644802365452,0.3533089599609375,2.2041991819860414,0.002828600604767214
549,6172,537670,676802,825861120,0.09039112494792789,0.653433661093004,0.08110306097660214,0.15507449340820312,0.9800638039596379,0.006271380868506856
550,16384,1184899,1663819,1820004864,0.25787777197547257,1.4185074269771576,0.17891079897526652,0.3551134033203125,2.2104694799054414,0.0027179138992139383
551,16384,1168445,1641013,1794731520,0.24368067795876414,1.4014248050516471,0.1761515779653564,0.35012796020507814,2.1714439200004563,0.0027124264673801302
552,16384,1178821,1653307,1810669056,0.2243798109702766,1.415465565980412,0.17772934201639146,0.3392555847167969,2.1568896339740604,0.0027507337069510186
553,16384,1178395,1656361,1810014720,0.22198682697489858,1.4208230030490085,0.17793460690882057,0.3518518981933594,2.172660171985626,0.002938188878409934
554,16384,1182156,1660661,1815791616,0.24658335698768497,1.4184223159682006,0.178503782954067,0.34179278564453125,2.1853640199406072,0.002826915129925328
555,6172,537215,676167,825162240,0.08880615106318146,0.6543478210223839,0.08125777600798756,0.1545972137451172,0.9790714440168813,0.006381779245321913
556,16384,1185954,1664299,1821625344,0.2548692349810153,1.4202389909187332,0.17899650009348989,0.35810324096679685,2.2122665809001774,0.0026494971559033026
557,16384,1169034,1641132,1795636224,0.24152725702151656,1.405859314952977,0.1765224039554596,0.3533350524902344,2.1773043799912557,0.0027718481450190787
558,16384,1177607,1651859,1808804352,0.2224117669975385,1.415412149974145,0.17824265803210437,0.34908395385742186,2.1652095379540697,0.0027253294346657126
559,16384,1176994,1655783,1807862784,0.21892596397083253,1.4219672990730032,0.17774372594431043,0.3555957336425781,2.174299366073683,0.003065053690336918
560,16384,1183928,1662227,1818513408,0.24531187093816698,1.423155328957364,0.178757427027449,0.3402348327636719,2.1875294789206237,0.003200836132563214
561,6172,537461,676377,825540096,0.08779574395157397,0.6552628610515967,0.08125034696422517,0.1548395233154297,0.9792077549500391,0.006053839638612175
562,16384,1184422,1661944,1819272192,0.2513986869016662,1.4300707860384136,0.18130142998415977,0.35509185791015624,2.2179219250101596,0.0026675499753505915
563,16384,1168457,1641975,1794749952,0.2389902239665389,1.4020037190057337,0.17641396808903664,0.3527469482421875,2.1702169460477307,0.0028608542729735434
564,16384,1178376,1652534,1809985536,0.22071661206427962,1.4155927159590647,0.1779058719985187,0.35038787841796876,2.164659900008701,0.0026249651905588403
565,16384,1177537,1655301,1808696832,0.21637834003195167,1.4223889609565958,0.17788150301203132,0.35535269165039063,2.1720607400638983,0.002727567044330134
566,16384,1183737,1661300,1818220032,0.2423598199384287,1.4207909060642123,0.17859021096955985,0.33301071166992186,2.174815736943856,0.002946838237576866
567,6172,537758,676339,825996288,0.08755365398246795,0.6546916420338675,0.08151575096417218,0.15333699035644532,0.9771591740427539,0.006256575942273704
568,16384,1184551,1663639,1819470336,0.25084537290968,1.4176085570361465,0.17892567499075085,0.3430829772949219,2.190520276897587,0.002633833920471622
569,16384,1168738,1642326,1795181568,0.23902669199742377,1.4040038109524176,0.1776298190234229,0.32968453979492185,2.1504163469653577,0.0033242491516753334
570,16384,1177744,1651509,1809014784,0.2327527409652248,1.429008160950616,0.17895393399521708,0.3411888732910156,2.1819868619786575,0.0038108743014373322
571,16384,1178500,1656057,1810176000,0.2574284940492362,1.4256579040084034,0.18024270795285702,0.3542851257324219,2.2176861530169845,0.0032430772031576613
572,16384,1182758,1660928,1816716288,0.3076685779960826,1.423295496031642,0.18092209193855524,0.35557205200195313,2.2675291679333895,0.003128954906517827
573,6172,538770,677653,827550720,0.12235219997819513,0.6577830240130424,0.08261223300360143,0.15080288696289063,1.0136208219919354,0.006953096530445044
574,16384,1185926,1665558,1821582336,0.34885274595580995,1.424957980052568,0.18012455792631954,0.3566761474609375,2.31069338391535,0.003546663537678643
575,16384,1167641,1641168,1793496576,0.34032640396617353,1.3988688889658079,0.17627886205445975,0.34992337036132815,2.2654741789447144,0.003383556416462081
576,16384,1176538,1651539,1807162368,0.31798977591097355,1.4075496040750295,0.17763127794023603,0.33733108520507815,2.240561523940414,0.002668117275869687
577,16384,1175265,1653068,1805207040,0.3095734849339351,1.4070870110299438,0.17751751095056534,0.3470484619140625,2.241284837014973,0.0026042288558046295
578,16384,1182039,1660478,1815611904,0.28519185504410416,1.3860560419270769,0.17829169402830303,0.36330902099609375,2.212908267043531,0.0026957759090810397
579,6172,538163,676792,826618368,0.10881039407104254,0.6537801009835675,0.08119391393847764,0.154802978515625,0.9986470150761306,0.005970835191792654
580,16384,1186479,1664994,1822431744,0.27500864199828357,1.4218216519802809,0.17919383000116795,0.3586984558105469,2.2347826790064573,0.002689264452533167
581,16384,1169151,1642773,1795815936,0.2623760439455509,1.4031366759445518,0.17644928907975554,0.33480596923828126,2.1768280799733475,0.002760978956523796
582,16384,1177735,1651680,1809000960,0.2555657021002844,1.413837611908093,0.1775468160631135,0.3537086181640625,2.2007205029949546,0.0028061155115902798
583,16384,1177558,1655724,1808729088,0.2672246319707483,1.4162865889957175,0.17804079304914922,0.3551592102050781,2.2167711899382994,0.0027050927889316983
584,16384,1184120,1661425,1818808320,0.25528308108914644,1.4212874609511346,0.17866990505717695,0.35579345703125,2.2110953390365466,0.0027784829877796837
585,6172,537793,676458,826050048,0.09808143903501332,0.6492169289849699,0.08126970403827727,0.1504009552001953,0.9790284360060468,0.0060681329986182085
586,16384,1185935,1664896,1821596160,0.25741372304037213,1.42199665796943,0.17918176599778235,0.3551175231933594,2.213770139031112,0.0027314863951900283
587,16384,1168197,1641289,1794350592,0.25160643400158733,1.4130147290416062,0.1763265390181914,0.35401556396484374,2.195026984089054,0.0029028373358249053
588,16384,1176946,1650604,1807789056,0.2290031269658357,1.4138954139780253,0.17790984804742038,0.3560367126464844,2.1769060069927946,0.0027977944308587095
589,16384,1176950,1655092,1807795200,0.22535592794883996,1.4205790210980922,0.17808224901091307,0.35559930419921876,2.1796805299818516,0.0029374820716479913
590,16384,1182481,1660279,1816290816,0.25269360200036317,1.4206426149467006,0.1785975469974801,0.3543408508300781,2.2063338420121,0.0026844186654891525
591,6172,538174,676671,826635264,0.09025124204345047,0.654460099991411,0.0813519440125674,0.15465805053710938,0.9807835340034217,0.006341605127646091
592,16384,1185288,1664241,1820602368,0.2570084569742903,1.4218331780284643,0.17900031397584826,0.3518384094238281,2.2097419520141557,0.0027873667180283632
593,16384,1169788,1641993,1796794368,0.24456770392134786,1.4047259180806577,0.17663429491221905,0.3332076416015625,2.1591938720084727,0.0027007066591690125
594,16384,1177943,1652745,1809320448,0.23940613598097116,1.4189542590174824,0.18012095498852432,0.3410884704589844,2.179631522973068,0.002830869642670042
595,16384,1177971,1656121,1809363456,0.24636894301511347,1.4130168199772015,0.17779618501663208,0.34372503662109377,2.180967238964513,0.0027627345058473347
596,16384,1182817,1660617,1816806912,0.23690881801303476,1.4219494629651308,0.1783557600574568,0.35495150756835936,2.1922259429702535,0.002754933471399361
597,6172,538286,676674,826807296,0.09520590794272721,0.6513591191032901,0.08115333400201052,0.14639613342285157,0.9741775649599731,0.006474229274227722
598,16384,1186654,1665659,1822700544,0.24672767601441592,1.419996529002674,0.17897190002258867,0.35158059692382815,2.197334096999839,0.0026120304787002266
599,16384,1167997,1641299,1794043392,0.23259407689329237,1.401539400103502,0.17635020695161074,0.3473204040527344,2.1578641469823197,0.002783260534001784
600,16384,1177781,1651606,1809071616,0.2315397720085457,1.413032804033719,0.17742248403374106,0.35497674560546877,2.177033044048585,0.002812927772409894
601,16384,1177596,1656458,1808787456,0.22596830199472606,1.4149316569091752,0.1776431850157678,0.35089385986328125,2.1694972849218175,0.002778576368184704
602,16384,1183459,1662075,1817793024,0.2414465780602768,1.423520504962653,0.17897532496135682,0.341095703125,2.1850984799675643,0.002762752289248977
603,6172,537313,676372,825312768,0.09239131002686918,0.6496190059697255,0.08135679899714887,0.1497848358154297,0.9732096730731428,0.005931123124498272
604,16384,1187402,1664908,1823849472,0.23892862198408693,1.4234624180244282,0.17899036093149334,0.35634613037109375,2.197785635944456,0.0026437807401849373
605,16384,1167629,1641403,1793478144,0.22897012101020664,1.4015584150329232,0.17608400294557214,0.3365235900878906,2.143195790005848,0.0027837367697970067
606,16384,1177599,1651587,1808792064,0.23004898603539914,1.4133142429636791,0.17781249294057488,0.32989154052734376,2.1511259509716183,0.0027282690999530174
607,16384,1176413,1654385,1806970368,0.22430728503968567,1.4117081019794568,0.17766391998156905,0.3535751953125,2.167315462953411,0.0028127257541117447
608,16384,1183878,1661882,1818436608,0.2410060849506408,1.4231619180645794,0.17869947000872344,0.3350401611328125,2.177966070943512,0.002683089857797987
609,6172,536848,676077,824598528,0.09262560901697725,0.6482039999682456,0.08103792602196336,0.1532604217529297,0.9751885610166937,0.006214619305485961
610,16384,1185581,1664280,1821052416,0.24050376401282847,1.4213803849415854,0.1790070809656754,0.3461153564453125,2.1870619729161263,0.0025324637074918732
611,16384,1168849,1642589,1795352064,0.23598689609207213,1.3979122769087553,0.17749650101177394,0.3436124267578125,2.1550761110847816,0.0031558196027483935
612,16384,1177105,1652183,1808033280,0.2700452010612935,1.4174403959186748,0.1785922769922763,0.35317315673828126,2.219324794015847,0.0033236822983303722
613,16384,1177589,1655977,1808776704,0.29357762495055795,1.418803054955788,0.17894342401996255,0.35608807373046875,2.247485882951878,0.003279455308710244
614,16384,1182286,1661092,1815991296,0.3081730710109696,1.4238911119755358,0.17941030696965754,0.334078125,2.245625077979639,0.003226853146006596
615,6172,537732,676793,825956352,0.13012053607963026,0.6506620949367061,0.08114691008813679,0.15246829223632813,1.014466916094534,0.006809759158909275
616,16384,1186966,1664957,1823179776,0.34357552393339574,1.4194512940011919,0.17927561805117875,0.35567947387695314,2.2980613040272146,0.0034548323126137727
617,16384,1168335,1641645,1794562560,0.3251052179839462,1.3976700860075653,0.17644349799957126,0.35019320678710936,2.2494717630324885,0.002656368276259342
618,16384,1177721,1652419,1808979456,0.30796600703615695,1.4102316290372983,0.1778391229454428,0.35571444702148436,2.251811203081161,0.0026643903670120436
619,16384,1175910,1654054,1806197760,0.29380818095523864,1.4069313299842179,0.1775126060238108,0.3559466857910156,2.2342632019426674,0.002882345657782825
620,16384,1182910,1661656,1816949760,0.28162985702510923,1.4208621700527146,0.1786309559829533,0.3579571838378906,2.239139498095028,0.0026497320247731264
621,6172,537103,676227,824990208,0.107058190042153,0.6506099309772253,0.08130575297400355,0.15140792846679688,0.9904411759926006,0.005994655095231737
622,16384,1186127,1665314,1821891072,0.26436720695346594,1.4240209530107677,0.1791260059690103,0.3552188720703125,2.222793328925036,0.002712394386591821
623,16384,1168073,1641510,1794160128,0.2526145320152864,1.4040055020013824,0.17636263696476817,0.3545893249511719,2.1876341350143775,0.0028404695636249336
624,16384,1178174,1652373,1809675264,0.25162313994951546,1.4158210130408406,0.17764480703044683,0.34984866333007814,2.194998736027628,0.0027841782204271574
625,16384,1178410,1656697,1810037760,0.2518064540345222,1.4161169399740174,0.17796314309816808,0.3558293762207031,2.201775673078373,0.002714161651120612
626,16384,1182299,1660691,1816011264,0.24919433996547014,1.4214465470286086,0.17829453095328063,0.35406695556640627,2.2030729439575225,0.0032032731349294235
627,6172,536507,675600,824074752,0.09715886600315571,0.6488118030829355,0.08091255999170244,0.15277629089355468,0.9797201401088387,0.006187495286518635
628,16384,1186499,1665850,1822462464,0.24925018707290292,1.4228160369675606,0.17915006098337471,0.34617120361328124,2.1974456200841814,0.002645410040206881
629,16384,1167391,1640025,1793112576,0.24095019104424864,1.4028953969245777,0.17718073003925383,0.36008261108398437,2.1811714919749647,0.002868315633605975
630,16384,1178006,1651098,1809417216,0.24162208300549537,1.4133641510270536,0.17773520201444626,0.35338339233398436,2.1861652811057866,0.002765240365373823
631,16384,1175932,1654796,1806231552,0.24466779199428856,1.4122973630437627,0.17756125703454018,0.3533223266601562,2.187908330000937,0.00272366384698138
632,16384,1182860,1661057,1816872960,0.2422669599764049,1.4228003340540454,0.17856392299290746,0.35834274291992185,2.2020348659716547,0.0027658975484961624
633,6172,538192,676816,826662912,0.09513165894895792,0.6497352271107957,0.0813491849694401,0.15444227600097657,0.9807196540059522,0.006251223326815356
634,16384,1185261,1664440,1820560896,0.24358323100022972,1.4191679389914498,0.17888516699895263,0.3585757141113281,2.2002726839855313,0.002755698601022823
635,16384,1169736,1642573,1796714496,0.2356690940214321,1.4038057189900428,0.17652456602081656,0.35215704345703125,2.1682163230143487,0.002762663687663643
636,16384,1178056,1652170,1809494016,0.2374458200065419,1.4128513070754707,0.1778428009711206,0.35152224731445314,2.1797296829754487,0.0030970632913663735
637,16384,1177842,1656614,1809165312,0.24102342501282692,1.414693437051028,0.1777792889624834,0.3364217529296875,2.169976999051869,0.002723305171844204
638,16384,1182090,1660763,1815690240,0.23800310399383307,1.419819909031503,0.17835908895358443,0.36433187866210937,2.2005742950132117,0.002740846892499536
639,6172,536896,675602,824672256,0.09380196104757488,0.648394181043841,0.08116159494966269,0.1533492736816406,0.9767653200542554,0.00596963572918807
640,16384,1186146,1664334,1821920256,0.24136276403442025,1.4226153820054606,0.17899641604162753,0.358566162109375,2.2016000900184736,0.002696485517937722
641,16384,1168042,1640435,1794112512,0.23303898109588772,1.4019209779798985,0.17614886595401913,0.3499454040527344,2.161113587091677,0.0027466399495057097
642,16384,1177433,1650988,1808537088,0.23445993196219206,1.41408546094317,0.17746596899814904,0.35414935302734374,2.1802198379300535,0.0027117907180758388
643,16384,1176969,1656649,1807824384,0.2387906110379845,1.387376972939819,0.17762251500971615,0.35424935913085936,2.158096899976954,0.0026616904261900906
644,16384,1183734,1660696,1818215424,0.23707388993352652,1.4202868459979072,0.17860014806501567,0.3570884704589844,2.1931099019711837,0.0027608062731192626
645,6172,538888,677289,827731968,0.09306187205947936,0.6500962909776717,0.08145213697571307,0.150594970703125,0.9752649000147358,0.006114164340958805
646,16384,1185355,1664277,1820705280,0.23990396305453032,1.4184825209667906,0.1789275020128116,0.35568038940429686,2.193054276984185,0.002731421031585722
647,16384,1168733,1640871,1795173888,0.23211643693502992,1.4043103699805215,0.17653576203156263,0.3531612243652344,2.1661829029908404,0.0027287482700681888
648,16384,1178004,1652777,1809414144,0.23349892999976873,1.4161005578935146,0.1780389650957659,0.3567778015136719,2.1844805809669197,0.0029447029540510933
649,16384,1176951,1654645,1807796736,0.24998682492878288,1.4132969670463353,0.17770414997357875,0.35635205078125,2.1973991229897365,0.002690920332623921
650,16384,1182686,1661490,1816605696,0.24156508990563452,1.4205142410937697,0.17853254091460258,0.3571182861328125,2.1977897079195827,0.0027095346087476825
651,6172,537925,676552,826252800,0.09284298401325941,0.6487490279832855,0.08122057397849858,0.15062876892089844,0.9735007060226053,0.00609667012012969
652,16384,1185707,1663807,1821245952,0.2380377509398386,1.4222864221083,0.18139961594715714,0.35394467163085935,2.1957409030292183,0.0032992236453502177
653,16384,1167223,1640997,1792854528,0.24861780100036412,1.4045295340474695,0.17724215192720294,0.3589299621582031,2.1893913040403277,0.003281958184237818
654,16384,1176104,1650460,1806495744,0.27640005003195256,1.4176360860001296,0.17985173990018666,0.3502739562988281,2.2242367459693924,0.0033680649522193416
655,16384,1177093,1655781,1808014848,0.3164822879480198,1.4185209670104086,0.17885833408217877,0.33241607666015627,2.24634892703034,0.0031723179208210718
656,16384,1182849,1661421,1816856064,0.32231447799131274,1.4245143519947305,0.1795649689156562,0.35546893310546873,2.281935103936121,0.0031715156503786803
657,6172,537568,676161,825704448,0.1605794030474499,0.6505919469054788,0.08121774799656123,0.15232025146484374,1.044786129030399,0.007348835702547284
658,16384,1185937,1664556,1821599232,0.34298570500686765,1.4169303629314527,0.17889089207164943,0.33619027709960936,2.2750836019404233,0.0037961168007440015
659,16384,1171082,1643774,1798781952,0.31269457400776446,1.3775048409588635,0.17652536800596863,0.3528818359375,2.2196674089645967,0.0027387010438806895
660,16384,1177711,1651914,1808964096,0.2988290130160749,1.409701503929682,0.17767783207818866,0.3550007019042969,2.241268550977111,0.0026547487512107414
661,16384,1176361,1654313,1806890496,0.2894107709871605,1.409494944033213,0.17758360295556486,0.35183566284179685,2.2283856029389426,0.0027204502276192755
662,16384,1183054,1661531,1817170944,0.27617767301853746,1.41927242197562,0.17859985900577158,0.34504965209960936,2.2191601160448045,0.002726704793785204
663,6172,537419,676012,825475584,0.10458577307872474,0.650201741955243,0.08134922303725034,0.14985360717773438,0.9860551010351628,0.006567156961346859
664,16384,1186667,1665436,1822720512,0.2608408690430224,1.4211356920422986,0.1790378550067544,0.353515869140625,2.214591113035567,0.002746683236855862
665,16384,1168624,1640299,1795006464,0.25267326598986983,1.4032981819473207,0.17628777807112783,0.3309566345214844,2.163277338957414,0.002841911506410168
666,16384,1179276,1652568,1811367936,0.2511305439984426,1.414568537962623,0.17808800109196454,0.3399540100097656,2.1838015969842672,0.0027705777647183696
667,16384,1176954,1655983,1807801344,0.2533096850384027,1.4141697519226,0.177751669078134,0.35583786010742186,2.2011293990071863,0.0027455387518331717
668,16384,1182201,1660162,1815860736,0.2504670759662986,1.4210206919815391,0.17843880003783852,0.35133013916015626,2.201317735016346,0.0027723335683337074
669,6172,537482,675717,825572352,0.09756958403158933,0.6477624339750037,0.08089031395502388,0.15063990783691406,0.9769223219482228,0.006150146059931183
670,16384,1185885,1665837,1821519360,0.249429265037179,1.418842894025147,0.1790473199216649,0.35781829833984374,2.205195961985737,0.002638525686847949
671,16384,1169027,1641195,1795625472,0.24030050297733396,1.4042874810984358,0.1762966049136594,0.35335260009765623,2.1742968750186265,0.0027450681747699344
672,16384,1178587,1652661,1810309632,0.2421413379488513,1.4152035790029913,0.1776265240041539,0.3521066589355469,2.1871405460406095,0.0028551502636155047
673,16384,1177671,1656251,1808902656,0.24470468994695693,1.414559780037962,0.1777783459983766,0.3532696228027344,2.1903738180408254,0.002802227377359615
674,16384,1183079,1660944,1817209344,0.24075368302874267,1.4208906689891592,0.1785829170839861,0.3545049133300781,2.1947918980149552,0.002720785649114432
675,6172,538087,676795,826501632,0.09491942904423922,0.6412170859985054,0.0813090109732002,0.15423472595214843,0.9717415439663455,0.006307438292918733
676,16384,1185173,1664615,1820425728,0.24302285397425294,1.4225452000973746,0.17896702291909605,0.3540166015625,2.1986119620269164,0.0027418878244133975
677,16384,1168068,1640142,1794152448,0.23621530807577074,1.4043682079063728,0.17635543108917773,0.3507972717285156,2.1677965549752116,0.0027832951037828286
678,16384,1177788,1651870,1809082368,0.23616798291914165,1.4139709150185809,0.17815758206415921,0.35130328369140623,2.1796593979233876,0.002735942604455453
679,16384,1176299,1654655,1806795264,0.23953453300055116,1.412316408008337,0.17756377393379807,0.35410897827148435,2.1835858729900792,0.0028475992942501136
680,16384,1183127,1661806,1817283072,0.23854462895542383,1.4199515129439533,0.1785421910462901,0.354717529296875,2.1918162499787286,0.0027551459291719474
681,6172,537073,676400,824944128,0.09403415501583368,0.6475565540604293,0.08126435696613044,0.1550359649658203,0.9779518980067223,0.006223925597226408
682,16384,1186760,1665142,1822863360,0.2412802840117365,1.4202196249971166,0.17922947206534445,0.3572237854003906,2.1980236410163343,0.003206268596516393
683,16384,1169025,1642307,1795622400,0.2322320539969951,1.407254982041195,0.17646351200528443,0.35453955078125,2.1705490780295804,0.002717248158678875
684,16384,1178128,1651643,1809604608,0.2343945320462808,1.4156847189879045,0.17781011201441288,0.3499829406738281,2.177932796999812,0.0027775548203016055
685,16384,1176587,1655850,1807237632,0.23922885197680444,1.4125041330698878,0.17741156101692468,0.35201522827148435,2.181229492998682,0.0031963011597242546
686,16384,1182861,1659554,1816874496,0.23883920500520617,1.419382672989741,0.1784127471037209,0.35337942504882813,2.190073435078375,0.002711549755721113
687,6172,537389,676540,825429504,0.09295075305271894,0.6482264789519832,0.0809994200244546,0.154708740234375,0.9769478550879285,0.006393670252870568
688,16384,1187604,1665977,1824159744,0.23894836206454784,1.422774179955013,0.1789813389768824,0.3561506042480469,2.1969130620127544,0.002666321634535092
689,16384,1167909,1640510,1793908224,0.23073710803873837,1.403922748984769,0.17676661093719304,0.35025030517578126,2.161739498958923,0.0029016365048264918
690,16384,1177782,1650713,1809073152,0.23308434896171093,1.425476233009249,0.17779794603120536,0.353845947265625,2.1902657489990816,0.0027975478007406787
691,16384,1177820,1655462,1809131520,0.23370782902929932,1.3964556580176577,0.17767507291864604,0.3568722229003906,2.164773200987838,0.0028833561786520906
692,16384,1183405,1661573,1817710080,0.23358140396885574,1.4196695829741657,0.17850006907247007,0.33290362548828123,2.164715926977806,0.00282926148738116
693,6172,537686,676427,825885696,0.0925788430031389,0.6480899200541899,0.08126498700585216,0.15405641174316406,0.9760502260178328,0.006153803348091756
694,16384,1185959,1663999,1821633024,0.23947253893129528,1.4267822860274464,0.18028131499886513,0.34401092529296873,2.1906205100240186,0.0033526926780279775
695,16384,1169384,1643810,1796173824,0.25989593705162406,1.408752579940483,0.17845931404735893,0.35436285400390627,2.201543114031665,0.0032899191404023964
696,16384,1178330,1651110,1809914880,0.28574391605798155,1.4193386769620702,0.17888813698664308,0.3559392395019531,2.2399806700414047,0.0031563010209101437
697,16384,1176581,1654260,1807228416,0.3126866460079327,1.4170945399673656,0.17879256792366505,0.3526074523925781,2.261249546892941,0.003022249423714024
698,16384,1183406,1660705,1817711616,0.3286385789979249,1.437039040029049,0.17965536890551448,0.3541838989257812,2.2995855159824714,0.0029844127876445256
699,6172,537749,676106,825982464,0.1368605709867552,0.6458790999604389,0.08132164704147726,0.15128384399414063,1.0154278699774295,0.008145137341892443
700,16384,1184448,1662503,1819312128,0.3326295840088278,1.4159152900101617,0.17892524902708828,0.3570502624511719,2.28458205005154,0.002699161288121016
701,16384,1168612,1640818,1794988032,0.3053212759550661,1.3986579680349678,0.17636556003708392,0.3535325927734375,2.23393775196746,0.0027017389742202335
702,16384,1177079,1652373,1807993344,0.2912218139972538,1.4126492929644883,0.177471952047199,0.35153546142578124,2.2329379599541426,0.002661942270059497
703,16384,1176504,1654371,1807110144,0.283602990093641,1.4108944159233943,0.177546983002685,0.3562003173828125,2.228303553070873,0.0026408730650427756
704,16384,1183265,1660746,1817495040,0.2692782699596137,1.421516695059836,0.17853327898774296,0.343448486328125,2.212837439030409,0.0027434774023911033
705,6172,538183,676287,826649088,0.10160498903132975,0.6510329049779102,0.08118339197244495,0.15275276184082032,0.986636093002744,0.006288557724454375
706,16384,1185130,1663301,1820359680,0.2600819090148434,1.4316115319961682,0.17900511191692203,0.3354802551269531,2.2062383060110733,0.002696805509389144
707,16384,1169566,1642480,1796453376,0.2512665349058807,1.4036156689980999,0.1765497620217502,0.3497596435546875,2.1812646869802848,0.00335023531544361
708,16384,1177609,1651386,1808807424,0.2505573818925768,1.4127206450793892,0.17817573994398117,0.35446127319335935,2.1959742959588766,0.00269838538999627
709,16384,1177015,1655808,1807895040,0.2509829959599301,1.4144122480647638,0.17760799394454807,0.3512523193359375,2.1943184139672667,0.0028645187356209994
710,16384,1183446,1660272,1817773056,0.24730157596059144,1.4196086489828303,0.1785789349814877,0.34968426513671874,2.1952335849637166,0.0027404783937560974
711,6172,538460,677450,827074560,0.09676920797210187,0.6494336200412363,0.08143135695718229,0.15094630432128905,0.9786423470359296,0.006320771250845007
712,16384,1185557,1663991,1821015552,0.24977938795927912,1.4208654289832339,0.17898882599547505,0.35647418212890625,2.2061693869763985,0.002790443465844677
713,16384,1167971,1640261,1794003456,0.23985741997603327,1.4030213539954275,0.17619757598731667,0.3529542541503906,2.1720902079250664,0.0027440764513809637
714,16384,1177195,1650190,1808171520,0.2304338599788025,1.425083153997548,0.17781710007693619,0.35198373413085937,2.1853766380809247,0.0026901494119746737
715,16384,1176171,1653484,1806598656,0.2423829190665856,1.4141218150034547,0.17755604290869087,0.3313886108398437,2.1655086929677054,0.0027386243852656838
716,16384,1184158,1663124,1818866688,0.24715282407123595,1.4236258909804747,0.17858372593764216,0.35778546142578127,2.2072085209656507,0.002746389837694764
717,6172,538368,676892,826933248,0.09347114700358361,0.6531178820878267,0.08158109697978944,0.1534491271972656,0.9816831030184403,0.006504110112382809
718,16384,1185866,1664983,1821490176,0.2527750759618357,1.420107070938684,0.17886360210832208,0.3529559631347656,2.204759432002902,0.002617966316732266
719,16384,1167637,1640177,1793490432,0.23672789498232305,1.4022670449921861,0.17633026302792132,0.34853945922851565,2.1639247060520574,0.0027747648031931425
720,16384,1177663,1651674,1808890368,0.23741976090241224,1.4150238810107112,0.17766750906594098,0.3521277465820313,2.182299311971292,0.002768383322348073
721,16384,1177881,1656712,1809225216,0.2460131070110947,1.413898490020074,0.17785298801027238,0.34186959838867187,2.1796954380115494,0.0028102357957103066
722,16384,1182559,1660975,1816410624,0.23622206901200116,1.4317924540955573,0.17851086996961385,0.35707330322265624,2.203657231060788,0.002656255253066303
723,6172,537924,676261,826251264,0.09321746602654457,0.6485652109840885,0.08134425606112927,0.14755136108398437,0.9707381090847775,0.006161798787032043
724,16384,1185744,1664094,1821302784,0.23767111194320023,1.4023317830869928,0.1788765660021454,0.35704995727539063,2.1759913749992847,0.002847285713890416
725,16384,1168061,1640377,1794141696,0.23009501001797616,1.4087016589473933,0.16975216707214713,0.3509222412109375,2.1595271739643067,0.002597638803938526
726,16384,1178958,1653941,1810879488,0.22936676698736846,1.4008113540476188,0.17167937196791172,0.3390765380859375,2.140994766028598,0.002836762645342721
727,16384,1178093,1655249,1809550848,0.2304537600139156,1.3987874160520732,0.17146191198844463,0.3558250732421875,2.1565852760104463,0.0026483865238446855
728,16384,1181840,1660844,1815306240,0.2289510399568826,1.4058108200551942,0.17190535296685994,0.3597861328125,2.1665104469284415,0.0026356271249890163
729,6172,537876,677233,826177536,0.09084821201395243,0.6418949100188911,0.07842196500860155,0.1499081573486328,0.9611358910333365,0.006517979803174337
730,16384,1185028,1664529,1820203008,0.23292548500467092,1.4045299279969186,0.17251830198802054,0.358401611328125,2.168434996972792,0.0027517843578607633
731,16384,1169067,1642560,1795686912,0.22638050897512585,1.3888078050222248,0.1700984319904819,0.3496582641601563,2.135005345917307,0.002826024273590418
732,16384,1178136,1652083,1809616896,0.2208879089448601,1.3983543070498854,0.17117845604661852,0.3534138793945312,2.14389281894546,0.0027178368736500637
733,16384,1177524,1655826,1808676864,0.22960913099814206,1.4009458479704335,0.17115944193210453,0.35731640625,2.1590902399038896,0.0027517494225849006
734,16384,1182424,1659971,1816203264,0.23415309307165444,1.4030632749199867,0.17203386209439486,0.355409912109375,2.164719825028442,0.002757069637408258
735,6172,538352,677428,826908672,0.08868659404106438,0.6480731680057943,0.07850127201527357,0.15318048095703124,0.9685137319611385,0.0074564706304051185
736,16384,1187597,1664961,1824148992,0.25358352495823056,1.4115599130745977,0.17495041491929442,0.35608843994140627,2.196250424021855,0.003102156638467032
737,16384,1167116,1639038,1792690176,0.2656370729673654,1.3911576670361683,0.17085691494867206,0.3594421081542969,2.1871615099953488,0.003097479931717942
738,16384,1177588,1651167,1808775168,0.29005735903047025,1.4039000020129606,0.1737841060385108,0.35195529174804685,2.2197660650126636,0.003122229128892152
739,16384,1177286,1654728,1808311296,0.31937395699787885,1.4036615459481254,0.1724365510744974,0.35073468017578124,2.2462759129703045,0.003079709559374939
740,16384,1183389,1660186,1817685504,0.32605634594801813,1.3738048339728266,0.17168463207781315,0.3547200927734375,2.226349347969517,0.0037479831050787546
741,6172,537619,676205,825782784,0.13019536598585546,0.6398730330402032,0.07838974299374968,0.1501360626220703,0.9986534530762583,0.005932832275025624
742,16384,1183869,1662935,1818422784,0.3167635209392756,1.4012002371018752,0.17230843799188733,0.3518975219726562,2.2422264489578083,0.002530116979939747
743,16384,1168155,1641720,1794286080,0.2919953539967537,1.3843635059893131,0.17009692208375782,0.35442303466796876,2.200938626076095,0.002717446892562821
744,16384,1178245,1651330,1809784320,0.26738113001920283,1.3981451309518889,0.17160302097909153,0.35240191650390623,2.1895894380286336,0.0026598399468327582
745,16384,1176567,1656089,1807206912,0.2553801719332114,1.3981787890661508,0.1713226039428264,0.3498105163574219,2.1747506759129465,0.00269431406482577
746,16384,1183525,1661507,1817894400,0.25719734700396657,1.4044278840301558,0.17180013796314597,0.352802001953125,2.1862857680534944,0.0026710645037576444
747,6172,537226,676334,825179136,0.09741325897630304,0.646216575987637,0.07816189003642648,0.15403225708007812,0.9758851039223373,0.006263221115580035
748,16384,1185937,1665671,1821599232,0.26452974299900234,1.4040013189660385,0.17222524003591388,0.3413529968261719,2.1821657959371805,0.002589038383748456
749,16384,1169395,1641807,1796190720,0.246109802974388,1.391709476010874,0.1702520470134914,0.3491934204101563,2.157331609982066,0.0030993646432036087
750,16384,1177486,1651703,1808618496,0.24096359906252474,1.397676739958115,0.17136504198424518,0.3516044616699219,2.16166888398584,0.002731283753513882
751,16384,1175111,1653880,1804970496,0.2405065349303186,1.3952071090461686,0.17103052395395935,0.3529120178222656,2.1597152969334275,0.0027369894911168104
752,16384,1181672,1660601,1815048192,0.24674095096997917,1.4068524070316926,0.17166191793512553,0.3635406494140625,2.1888626739382744,0.0030494643729533765
753,6172,537790,676054,826045440,0.09286227193661034,0.6445108280749992,0.0784479099093005,0.15211993408203126,0.9680016449419782,0.006270747508958139
754,16384,1185385,1663856,1820751360,0.2527593009872362,1.4049411739688367,0.1722062110202387,0.35537081909179685,2.185337302973494,0.002736323829928129
755,16384,1167770,1640990,1793694720,0.23820391297340393,1.3866404889849946,0.16976998804602772,0.34945321655273437,2.144126713043079,0.002756669443021252
756,16384,1177810,1650900,1809116160,0.22423712792806327,1.3654493620852008,0.17141418193932623,0.3512748718261719,2.1124358809320256,0.0028562832987317744
757,16384,1176858,1656056,1807653888,0.2226391100557521,1.395427071955055,0.17108365602325648,0.356546630859375,2.145757268066518,0.002833459962319146
758,16384,1183604,1661985,1818015744,0.23438432603143156,1.407090091961436,0.17227298894431442,0.3540667114257813,2.1678722320357338,0.0026806779436373777
759,6172,537415,675755,825469440,0.09073964308481663,0.645774899981916,0.07842121401336044,0.15162921142578126,0.9666219390928745,0.005893781704741281
760,16384,1185431,1663233,1820822016,0.24756564397830516,1.4152411590330303,0.17217178596183658,0.35630718994140625,2.1913436219329014,0.0026396142414260673
761,16384,1167652,1641314,1793513472,0.23145125596784055,1.387975650955923,0.16998429200612009,0.3375625305175781,2.1270319930044934,0.0027391951425031922
762,16384,1176602,1651444,1807260672,0.22822799999266863,1.3967054389650002,0.17086918908171356,0.3503465881347656,2.1462080299388617,0.002740357127225036
763,16384,1175636,1652478,1805776896,0.22957367403432727,1.3964946089545265,0.17087481904309243,0.3550642700195312,2.1520686500007287,0.0028473975145374038
764,16384,1183545,1659662,1817925120,0.23886308597866446,1.4041385389864445,0.17211527796462178,0.3557170104980469,2.1708925999701023,0.00270333697418702
765,6172,538010,677463,826383360,0.08969841501675546,0.6450568169821054,0.07809908001217991,0.15021241760253906,0.9631261409958825,0.00616859825248505
766,16384,1186678,1666244,1822737408,0.24304726999253035,1.4081158500630409,0.1726423050276935,0.356357666015625,2.1802210840396583,0.0026599568820442152
767,16384,1167892,1640255,1793882112,0.22793056501541287,1.3860722390236333,0.17005153093487024,0.3466686401367188,2.1307923280401155,0.0032547953438509065
768,16384,1177711,1651515,1808964096,0.22451488801743835,1.399983807001263,0.17145678703673184,0.35367306518554686,2.149686025106348,0.0026737795518438543
769,16384,1177107,1655715,1808036352,0.22902415704447776,1.3991943749133497,0.17142395209521055,0.3505971374511719,2.150296785053797,0.0026584027834906584
770,16384,1182893,1660910,1816923648,0.23702036100439727,1.4051156119676307,0.17180322110652924,0.34413809204101564,2.1581348730251193,0.0026683645339383847
771,6172,538088,677333,826503168,0.08901716594118625,0.6456412409897894,0.07857112097553909,0.15179481506347656,0.9650836309883744,0.0061433036971464
772,16384,1186088,1664921,1821831168,0.24285571300424635,1.4059557589935139,0.17261895607225597,0.3368751220703125,2.158363519003615,0.002685778497256027
773,16384,1170128,1642684,1797316608,0.2276158940512687,1.3706848659785464,0.16996291396208107,0.3294407043457031,2.0977648759726435,0.002883909237739618
774,16384,1178661,1652770,1810423296,0.21472555701620877,1.4025496329413727,0.1715725890826434,0.3527760314941406,2.1416798470309004,0.002616474008131844
775,16384,1177402,1655474,1808489472,0.21637474210001528,1.4096941919997334,0.17098526493646204,0.3525533447265625,2.149667992023751,0.0028119812548893057
776,16384,1182637,1659249,1816530432,0.22884982207324356,1.4210920899640769,0.17537469102535397,0.3393741149902344,2.1647497180383652,0.0027254876147897495
777,6172,538459,677109,827073024,0.08955909602809697,0.6490950979059562,0.0795226451009512,0.1505773468017578,0.968828180921264,0.007637585895924857
778,16384,1186287,1665198,1822136832,0.2569690590025857,1.421085622976534,0.17691494594328105,0.35605133056640625,2.2110949399648234,0.003345920370910269
779,16384,1168381,1641027,1794633216,0.2674118170980364,1.3998102139448747,0.17437488003633916,0.3537752685546875,2.1954420671099797,0.0031832985752095603
780,16384,1177455,1651818,1808570880,0.27800927101634443,1.410297582973726,0.1756388139910996,0.3543469543457031,2.218367801979184,0.00338896247249897
781,16384,1178799,1656957,1810635264,0.29838302393909544,1.411199748981744,0.17706408502999693,0.3555303955078125,2.2422493839403614,0.0032168804339524027
782,16384,1183486,1662040,1817834496,0.33054699492640793,1.4158147810958326,0.17551639792509377,0.35172994995117185,2.2736982349306345,0.003963192245310204
783,6172,538439,676614,827042304,0.13134707603603601,0.6507386419689283,0.08011878398247063,0.15049046325683593,1.0127686340129003,0.007273997846621225
784,16384,1186195,1663865,1821995520,0.33595198998227715,1.4115592479938641,0.17589972109999508,0.334009033203125,2.257479052990675,0.0026162241166862916
785,16384,1168713,1642256,1795143168,0.3001938689267263,1.3915941719897091,0.17321324301883578,0.3499598083496094,2.21501795691438,0.002567231083697482
786,16384,1177200,1650532,1808179200,0.2749006289523095,1.4042777629802004,0.17467740003485233,0.35229202270507814,2.206207489944063,0.0027048802932123643
787,16384,1179328,1658326,1811447808,0.26252444402780384,1.407284613000229,0.17505797394551337,0.35432208251953123,2.1992495349841192,0.002747368594624246
788,16384,1182214,1661359,1815880704,0.26443894300609827,1.4132848229492083,0.17538422404322773,0.3643135986328125,2.217481366940774,0.0026957750499546603
789,6172,536802,676071,824527872,0.09911025105975568,0.6483511399710551,0.07970946002751589,0.15140966796875,0.978641138994135,0.006194299896345313
790,16384,1185915,1664205,1821565440,0.269436155911535,1.4143624750431627,0.1755618070019409,0.3543245849609375,2.213743894943036,0.002659387366101351
791,16384,1169350,1642476,1796121600,0.2503286370774731,1.4070851299911737,0.17348169698379934,0.348364990234375,2.179319688002579,0.0027179911274034766
792,16384,1176852,1649277,1807644672,0.2435642599593848,1.4046575120883062,0.17453748197294772,0.3454471740722656,2.168263887986541,0.0026500415357577894
793,16384,1176397,1654487,1806945792,0.24513003695756197,1.4052989289630204,0.1741658770479262,0.3504549255371094,2.175107617978938,0.002659614303307737
794,16384,1184115,1660613,1818800640,0.252200182992965,1.4142783649731427,0.17551335296593606,0.34331842041015626,2.1853707069531083,0.0027631747197816815
795,6172,538168,676895,826626048,0.09448218997567892,0.6488238219171762,0.07989414210896939,0.15120307922363282,0.9744618559489027,0.006015907455728086
796,16384,1186673,1664761,1822729728,0.2568149929866195,1.414954831940122,0.17606054909992963,0.35466925048828124,2.2025565640069544,0.0025851545850275183
797,16384,1167968,1642580,1793998848,0.24022854294162244,1.3961344700073823,0.17329856101423502,0.35222564697265624,2.161945182015188,0.0026809689613913855
798,16384,1176626,1650951,1807297536,0.23657173803076148,1.405330554000102,0.1744180709356442,0.3533272094726562,2.1697072939714417,0.0027525156247421704
799,16384,1176314,1655428,1806818304,0.2393244809936732,1.4148767810547724,0.17465982493013144,0.35253994750976564,2.181459611048922,0.00268520032563094
800,16384,1184579,1662305,1819513344,0.24605958897154778,1.412985090049915,0.17567922896705568,0.3552022705078125,2.1899913359666243,0.0029752387246177766
801,6172,537015,675061,824855040,0.09312387800309807,0.6471338840201497,0.07978893001563847,0.15038902282714844,0.9704974009655416,0.006356132375571675
802,16384,1185892,1664187,1821530112,0.25108390499372035,1.412063419003971,0.17596378398593515,0.345800048828125,2.1849710169481114,0.0027396306813869988
803,16384,1168270,1641145,1794462720,0.23440233105793595,1.3934134889859706,0.1733008159790188,0.347718017578125,2.1488954330561683,0.002828404499482382
804,16384,1178998,1652715,1810940928,0.22329810599330813,1.4096307780127972,0.17491805797908455,0.354469482421875,2.162375549902208,0.002734284298862581
805,16384,1176722,1654499,1807444992,0.22233932896051556,1.3822300870670006,0.17404766893014312,0.35035699462890624,2.129034152952954,0.002821625303924398
806,16384,1182187,1659717,1815839232,0.2358932700008154,1.4130992329446599,0.17528854706324637,0.34168716430664064,2.1660290269646794,0.0028075639135058056
807,6172,538616,677054,827314176,0.09070181008428335,0.6537638129666448,0.07997275597881526,0.1519130859375,0.9764119780156761,0.006197491406831765
808,16384,1185536,1663752,1820983296,0.2483003019588068,1.4114401580300182,0.17572444200050086,0.35758883666992186,2.1931132749887183,0.0027146946830974043
809,16384,1169109,1642446,1795751424,0.23263635800685734,1.3951031629694626,0.17325237300246954,0.3287099609375,2.1297618050593883,0.0028148754924733543
810,16384,1177363,1652132,1808429568,0.220112471957691,1.4072996750473976,0.17464010801631957,0.35557366943359375,2.1576839960180223,0.002691384054740281
811,16384,1176617,1654036,1807283712,0.22080273099709302,1.4051895409356803,0.17450075107626617,0.3556017150878906,2.15615529299248,0.0028084663357368688
812,16384,1181454,1658228,1814713344,0.23391363001428545,1.4119117360096425,0.1751882949611172,0.36601791381835935,2.187090519000776,0.002695096378472862
813,6172,537756,676702,825993216,0.09011168498545885,0.6481972970068455,0.0797624581027776,0.14519929504394533,0.9633306650212035,0.006221112267287834
814,16384,1185562,1663888,1821023232,0.2470677619567141,1.411088449996896,0.17591528699267656,0.3566500244140625,2.190783242927864,0.0028172375206097612
815,16384,1170138,1642664,1797331968,0.232043094933033,1.404985326109454,0.17368240398354828,0.3509980163574219,2.161769961938262,0.002827338518021274
816,16384,1177513,1651771,1808659968,0.2193999239243567,1.4062393680214882,0.17466975701972842,0.3543058166503906,2.1546742928912863,0.0027580630408294477
817,16384,1177646,1655428,1808864256,0.22040086390916258,1.4054088430712,0.17461452900897712,0.33609866333007815,2.1365830489667132,0.0028152262709601975
818,16384,1183450,1661451,1817779200,0.2323291900102049,1.4141781670041382,0.17534137493930757,0.356346923828125,2.178265789989382,0.00321972680876184
819,6172,538143,676831,826587648,0.08975343394558877,0.652342846035026,0.07994447695091367,0.15038937377929687,0.9731536189792678,0.07434471334560161
820,16384,1186100,1664181,1821849600,0.2516734478995204,1.4199482270050794,0.17705237108748406,0.3589334411621094,2.2076826869742945,0.003406278472213024
821,16384,1167638,1641150,1793491968,0.27030897489748895,1.4003687819931656,0.17427445808425546,0.35392471313476564,2.1989481049822643,0.003236860043557222
822,16384,1177806,1649718,1809110016,0.30396331602241844,1.4098623410100117,0.17579569504596293,0.33937396240234374,2.229065561085008,0.003151392471249133
823,16384,1177784,1655333,1809076224,0.32287255802657455,1.419655977981165,0.17710095702204853,0.3399395141601563,2.2596403140341863,0.003155672334169839
824,16384,1182483,1659231,1816293888,0.33087395795155317,1.4117135150590912,0.17530463193543255,0.35690802001953126,2.2748849750496447,0.0037298626070023616
825,6172,538163,676818,826618368,0.1323492769151926,0.6446088650263846,0.07998729101382196,0.1505140838623047,1.007519828970544,0.00598620008320998
826,16384,1186720,1665291,1822801920,0.32034028007183224,1.4103182799881324,0.1760294489795342,0.34593997192382814,2.2526879110373557,0.002660380682786894
827,16384,1168052,1640813,1794127872,0.29652100102975965,1.3918334689224139,0.17343928501941264,0.3504661865234375,2.212318224948831,0.002634496843624492
828,16384,1178371,1651795,1809977856,0.27949743205681443,1.4062372980406508,0.17477386188693345,0.35680426025390627,2.2173716200049967,0.0026503345745688446
829,16384,1177287,1656482,1808312832,0.27028939803130925,1.4052063489798456,0.1747860909672454,0.33965072631835935,2.189991126069799,0.002674064398809134
830,16384,1183115,1660208,1817264640,0.26778876897878945,1.4144285139627755,0.1753716180101037,0.3569314880371094,2.2145804029423743,0.002709946927946832
831,6172,538521,677474,827168256,0.09965935000218451,0.6503160969587043,0.07995421008672565,0.151880615234375,0.9818716689478606,0.00625302346659191
832,16384,1185225,1663052,1820505600,0.2674395180074498,1.4205094159115106,0.17589926708023995,0.34258389282226565,2.2064910269109532,0.002670896403763237
833,16384,1170234,1641552,1797479424,0.24892783793620765,1.3992386870086193,0.1736254160059616,0.3283252258300781,2.1501764439744875,0.002756852526538893
834,16384,1176294,1651107,1806787584,0.24786225601565093,1.4132794799515978,0.1710907550295815,0.35060513305664065,2.1828988379566,0.002804248280528563
835,16384,1177091,1653567,1808011776,0.25150638597551733,1.402641207096167,0.17118902096990496,0.33078741455078126,2.156188189983368,0.0029756860414866704
836,16384,1182482,1660497,1816292352,0.22812460095155984,1.408392139011994,0.17200454603880644,0.35295767211914064,2.161537288920954,0.0026985793745872184
837,6172,538405,677406,826990080,0.09498846798669547,0.6425732600037009,0.07852484006434679,0.14550230407714843,0.9616507369792089,0.0064331929398545274
838,16384,1185842,1664834,1821453312,0.24231416394468397,1.3943988520186394,0.17187299800571054,0.3436842346191406,2.1523279219400138,0.0026795801537139847
839,16384,1169016,1642123,1795608576,0.2370329099940136,1.3892267500050366,0.16993601503781974,0.34899148559570314,2.1452468530042097,0.0027825409254477224
840,16384,1177688,1651505,1808928768,0.2249414729885757,1.41106159996707,0.17138394399080426,0.3523507385253906,2.159797995002009,0.002789127979002575
841,16384,1177798,1655354,1809097728,0.23569408804178238,1.3990846739616245,0.17136655002832413,0.3535784301757813,2.159782247035764,0.002708829944873185
842,16384,1181214,1659767,1814344704,0.24263740598689765,1.4030367189552635,0.17165222007315606,0.36395266723632813,2.1813383729895577,0.002721298934969214
843,6172,538068,676833,826472448,0.09077166800852865,0.6474249600432813,0.07848830299917608,0.14543994140625,0.9621837170561776,0.006115734230215588
844,16384,1185575,1664464,1821043200,0.24206805101130158,1.405313043971546,0.172428515041247,0.35389471435546876,2.1737615689635277,0.0026334343555195648
845,16384,1168879,1640984,1795398144,0.2288116179406643,1.3886686869664118,0.17005022300872952,0.3293358154296875,2.1169255659915507,0.0027975781014133237
846,16384,1178002,1651790,1809411072,0.22864986001513898,1.4019775510532781,0.17095774598419666,0.35411489868164064,2.155760199064389,0.002789889625037112
847,16384,1176072,1654863,1806446592,0.23085451894439757,1.4019358350196853,0.17112257704138756,0.35535479736328124,2.159326337976381,0.002714254283783
848,16384,1182831,1660346,1816828416,0.23843634594231844,1.417423775070347,0.1718632800038904,0.3559530639648438,2.183737347018905,0.00278797436828938
849,6172,537860,676809,826152960,0.08950795896816999,0.6459203230915591,0.0784045709297061,0.14578172302246092,0.9596757270628586,0.0063720535216254485
850,16384,1184449,1663958,1819313664,0.24486790306400508,1.404821602976881,0.17229996400419623,0.3566501770019531,2.178698139032349,0.0026847218651166634
851,16384,1168209,1641853,1794369024,0.2286286629969254,1.3873420630116016,0.1698200600221753,0.35066177368164064,2.1365123750874773,0.002799673703358822
852,16384,1177995,1652230,1809400320,0.22646932303905487,1.3996177349472418,0.17135887197218835,0.3560906982421875,2.153598048025742,0.0028519632586855893
853,16384,1176178,1655254,1806609408,0.22853169403970242,1.3979409660678357,0.17101272195577621,0.35411309814453124,2.1516584740020335,0.0027882582163003575
854,16384,1182119,1660479,1815734784,0.23900921107269824,1.3746363639365882,0.1715153860859573,0.3415656433105469,2.1267853879835457,0.0027639637777920464
855,6172,538254,676195,826758144,0.08897389203775674,0.6472123969579116,0.0785124939866364,0.1551866912841797,0.9699423220008612,0.005860939675204949
856,16384,1186443,1666920,1822376448,0.2433029729872942,1.4056448619812727,0.17237122706137598,0.3542244567871094,2.1756002160254866,0.0026060490349625485
857,16384,1168850,1640699,1795353600,0.22677345492411405,1.3876613590400666,0.17013326298911124,0.3529476623535156,2.1375744759570807,0.002747817722095508
858,16384,1178004,1651551,1809414144,0.2241288210498169,1.3995480979792774,0.1714755540015176,0.33091537475585936,2.1261244530323893,0.0026623674751199635
859,16384,1177784,1656148,1809076224,0.22819633805193007,1.4031722049694508,0.1713761300779879,0.3510089721679687,2.153812885051593,0.0027504610389772377
860,16384,1181449,1658651,1814705664,0.23416602704674006,1.408361856942065,0.17180594499222934,0.3630035400390625,2.17739879200235,0.002820933973093046
861,6172,538116,676607,826546176,0.08830596599727869,0.6472868940327317,0.0795115620130673,0.14819874572753905,0.9633730070199817,0.00724945050941629
862,16384,1186453,1664443,1822391808,0.25467462197411805,1.4128248520428315,0.1735192019259557,0.35481292724609376,2.195901016937569,0.003161059994714685
863,16384,1169465,1641660,1796298240,0.2673489609733224,1.3954212149837986,0.17247762402985245,0.3308676147460938,2.1661862359615043,0.0032693970288215964
864,16384,1175984,1651108,1806311424,0.27765591302886605,1.4024785599904135,0.17323332000523806,0.35639385986328126,2.209835910005495,0.003360300072957361
865,16384,1175364,1653851,1805359104,0.29623597499448806,1.4030301930615678,0.1721004219725728,0.3415647277832031,2.2130031710257754,0.003246864481913311
866,16384,1182613,1661117,1816493568,0.3256306869443506,1.409309637034312,0.17205810302402824,0.3588744201660156,2.265955783892423,0.0036601210096987736
867,6172,537735,676203,825960960,0.12893745000474155,0.6424611940747127,0.07842739892657846,0.1542110137939453,1.0040950840339065,0.00577905766607655
868,16384,1184661,1663630,1819639296,0.3271531700156629,1.4011764019960538,0.17187283805105835,0.3582113037109375,2.2584698679856956,0.002486383049825699
869,16384,1167175,1640403,1792780800,0.29254142101854086,1.3835654290160164,0.1695988680003211,0.35783154296875,2.2035961599322036,0.0026728549289656706
870,16384,1178204,1651241,1809721344,0.267171666957438,1.4102325099520385,0.1764636990847066,0.3567202453613281,2.210648064967245,0.0027115854704958023
871,16384,1177145,1657032,1808094720,0.2542414501076564,1.4016542179742828,0.171196757000871,0.35648883056640623,2.183638504007831,0.0026216957847859687
872,16384,1183121,1661158,1817273856,0.25720443401951343,1.4058181109139696,0.17191148607525975,0.35708023071289063,2.1920754390303046,0.002790839566107827
873,6172,537914,676877,826235904,0.0975707289762795,0.6445521169807762,0.07840427209157497,0.15118051147460937,0.9717664810596034,0.0060561397733272775
874,16384,1185304,1664181,1820626944,0.2642012669239193,1.4090346960583702,0.172465572017245,0.3553682861328125,2.201129245921038,0.0026997409989106247
875,16384,1167887,1640555,1793874432,0.24647268000990152,1.3913581148954108,0.16984775301534683,0.34980130004882815,2.157538030995056,0.00269673232790053
876,16384,1176261,1651731,1806736896,0.24066492600832134,1.4015903070103377,0.17118098202627152,0.3560714416503906,2.169569044956006,0.0028295140377184672
877,16384,1176226,1653737,1806683136,0.24145471409428865,1.4002380300080404,0.17111135693266988,0.35098114013671877,2.1638457101071253,0.0027945123409373464
878,16384,1183480,1661073,1817825280,0.24772223003674299,1.40653603291139,0.17209646198898554,0.3534869689941406,2.1798990529496223,0.0026312694748593917
879,6172,536994,675575,824822784,0.09219296800438315,0.64467335306108,0.07831400400027633,0.15024919128417968,0.9654900380410254,0.0062684946215562825
880,16384,1185365,1664070,1820720640,0.2531812699744478,1.404873462044634,0.17243698704987764,0.35567767333984374,2.1862307119881734,0.0028048082498302583
881,16384,1168325,1641807,1794547200,0.23638652497902513,1.3897211300209165,0.17000333999749273,0.34839111328125,2.1445591970114037,0.0026620264341000854
882,16384,1178309,1651778,1809882624,0.23149481799919158,1.3992840789724141,0.1715219949837774,0.3559271850585938,2.1582865189993754,0.0027077955074153496
883,16384,1177690,1656902,1808931840,0.23458144499454647,1.3997346230316907,0.17107077699620277,0.3396466369628906,2.1450899080373347,0.0026304749182193706
884,16384,1183352,1659819,1817628672,0.24156786897219718,1.4093117220327258,0.17177146603353322,0.3428997802734375,2.1656080279499292,0.0026408582392305332
885,6172,538211,677449,826692096,0.09052525006700307,0.6457813539309427,0.07852122199255973,0.1534368896484375,0.9683235480915755,0.006075701943678421
886,16384,1185841,1663578,1821451776,0.24819526390638202,1.4102398180402815,0.17247340106405318,0.3336974182128906,2.1646639469545335,0.00268151234319466
887,16384,1167805,1641486,1793748480,0.23126340506132692,1.3672591960057616,0.16945022193249315,0.3286272888183594,2.0966579550877213,0.002758831961114037
888,16384,1176661,1651533,1807351296,0.21860096603631973,1.3964952330570668,0.17118994297925383,0.3420791015625,2.1284250060562044,0.002807823667466119
889,16384,1177601,1655334,1808795136,0.21964339399710298,1.3990773860132322,0.17137418198399246,0.35547119140625,2.145625823060982,0.0027809909706970996
890,16384,1183072,1660593,1817198592,0.23173318291082978,1.4058427580166608,0.1723339520394802,0.3528414306640625,2.162811125977896,0.0027650286307798312
891,6172,537750,676815,825984000,0.0897310859290883,0.6459279650589451,0.0783289949176833,0.1470642547607422,0.9611167159164324,0.0067021256530910775
892,16384,1185906,1664645,1821551616,0.23968585999682546,1.4054996420163661,0.17246602301020175,0.3585406494140625,2.176251641009003,0.0027325227665038402
893,16384,1168115,1640392,1794224640,0.2254443420097232,1.3884102270239964,0.17005129798781127,0.34987548828125,2.1338400209788233,0.0027493005785640496
894,16384,1176971,1650506,1807827456,0.22534402692690492,1.3990840499754995,0.1712692950386554,0.3492753601074219,2.145029665902257,0.0026542222086950993
895,16384,1177641,1656174,1808856576,0.21946430194657296,1.4007391619961709,0.17130317899864167,0.35289501953125,2.1444614809006453,0.0027894382129211325
896,16384,1184039,1661646,1818683904,0.2352360039949417,1.4116788589162752,0.17196371406316757,0.35625405883789063,2.175198668963276,0.003035729652776172
897,6172,538250,677289,826752000,0.08924329397268593,0.6471267709275708,0.07847595005296171,0.15109695434570314,0.9660029700025916,0.006211233871248883
898,16384,1185491,1663109,1820914176,0.23789634997956455,1.405043240985833,0.17244925093837082,0.340697998046875,2.156144788954407,0.0026876211681335273
899,16384,1167743,1640633,1793653248,0.22379836405161768,1.3874766259687021,0.16956390405539423,0.3510230407714844,2.1319231840316206,0.002872954564256276
900,16384,1175816,1649659,1806053376,0.22373034502379596,1.395900291041471,0.17072160996031016,0.34146115112304687,2.1318708300823346,0.0026940156457985137
901,16384,1176648,1653344,1807331328,0.21775404491927475,1.4023631400195882,0.1712387939915061,0.3562713928222656,2.1476858149981126,0.0027212195130980887
902,16384,1182207,1660026,1815869952,0.23364973801653832,1.404380774940364,0.17176879500038922,0.3595514526367187,2.1694120309548452,0.002824284182093803
903,6172,538020,676837,826398720,0.0906772289890796,0.64299458602909,0.07889581099152565,0.14548393249511718,0.9581306549953297,0.008255292752080845
904,16384,1185688,1663902,1821216768,0.24803461402188987,1.4118918370222673,0.17363302398007363,0.35669427490234373,2.1903223620029166,0.0031325104255198397
905,16384,1169235,1643011,1795944960,0.2619843879947439,1.3945855329511687,0.1712012899806723,0.35170819091796873,2.1795508719515055,0.0032791208441834137
906,16384,1176507,1650225,1807114752,0.28663379803765565,1.4033913500607014,0.17228509590495378,0.356017578125,2.2183983330614865,0.003178461330633725
907,16384,1176931,1656878,1807766016,0.3105511600151658,1.4056408549658954,0.17225859803147614,0.3551851806640625,2.2437040420481935,0.003041772458162167
908,16384,1182889,1660633,1816917504,0.3261742719914764,1.4089086109306663,0.17218680900987238,0.3536766662597656,2.261035223957151,0.003930313178175229
909,6172,537636,676676,825808896,0.13135607610456645,0.6392777359578758,0.07845029700547457,0.15279263305664062,1.0019465710502118,0.006969326276651784
910,16384,1185437,1664500,1820831232,0.3190274990629405,1.4352562429849058,0.1768159359926358,0.35424859619140625,2.285415922990069,0.0029600195526791897
911,16384,1167839,1640921,1793800704,0.3019657749682665,1.4225542809581384,0.1752072270028293,0.3285198974609375,2.228320919908583,0.003309196523381006
912,16384,1176865,1651562,1807664640,0.29525923705659807,1.4289904839824885,0.17097851005382836,0.350725830078125,2.2460161570925266,0.002764713926498254
913,16384,1176079,1655161,1806457344,0.26891029602847993,1.3972668249625713,0.1707288920879364,0.3452944030761719,2.1822594580007717,0.002705537391333277
914,16384,1182939,1660643,1816994304,0.2590609429171309,1.4058963269926608,0.1715982180321589,0.3431191711425781,2.1797349780099466,0.002767259599288239
915,6172,538969,677754,827856384,0.09930229594465345,0.6444850059924647,0.07852292305324227,0.15250816345214843,0.9748782969545573,0.006145229844130343
916,16384,1186167,1664165,1821952512,0.2535879599163309,1.4051030540140346,0.17252826306503266,0.3456192321777344,2.176898985984735,0.002778117496124302
917,16384,1169269,1642079,1795997184,0.24605946196243167,1.3892531039891765,0.16984699701424688,0.33294393920898435,2.1381617679726332,0.002725041606599899
918,16384,1178141,1651054,1809624576,0.23353884497191757,1.3996000610059127,0.1712741400115192,0.35446221923828125,2.1589330909773707,0.0026784410309787033
919,16384,1176984,1655401,1807847424,0.24352069105952978,1.371265126974322,0.17114297801163048,0.340945068359375,2.1269318150589243,0.002724612686532718
920,16384,1183261,1661765,1817488896,0.24829741299618036,1.4059858459513634,0.17205752804875374,0.33808294677734374,2.164481009938754,0.002646184690462797
921,6172,537246,676123,825209856,0.0926068089902401,0.6452823280123994,0.07831267197616398,0.1534352264404297,0.9696963749593124,0.00611939382383326
922,16384,1185483,1663897,1820901888,0.24703235004562885,1.4085901129292324,0.17216460406780243,0.3562459716796875,2.18408936902415,0.0025791207355332444
923,16384,1168843,1641537,1795342848,0.2352770270081237,1.387933130026795,0.17009968194179237,0.35292251586914064,2.146291807992384,0.002770040229884614
924,16384,1177291,1652481,1808318976,0.22315778594929725,1.4011891790432855,0.17125878599472344,0.35317019653320314,2.1488346030237153,0.0027296425291883485
925,16384,1177005,1655048,1807879680,0.2228017640300095,1.3989619930507615,0.17115358996670693,0.35528375244140625,2.148261983995326,0.0028341285604553466
926,16384,1182555,1661222,1816404480,0.23625717894174159,1.4052857219940051,0.1719932840205729,0.33304083251953126,2.146635222947225,0.002711474718761837
927,6172,537912,676764,826232832,0.09073850093409419,0.6446018120041117,0.07828050700481981,0.1464692840576172,0.9601502319565043,0.006262348730457298
928,16384,1186219,1664351,1822032384,0.2423268969869241,1.4061097550438717,0.1725369329797104,0.35541949462890626,2.176452985033393,0.002752432255253471
929,16384,1169645,1642159,1796574720,0.22869207302574068,1.391782850958407,0.16986743605230004,0.33696820068359373,2.127370155067183,0.0028013153705097396
930,16384,1179246,1653323,1811321856,0.2197719329269603,1.4004878799896687,0.17124638007953763,0.35688916015625,2.1484538529766724,0.002722880185433082
931,16384,1176952,1654720,1807798272,0.21784229297190905,1.3976808860898018,0.17122451600153,0.33857553100585935,2.1253818770637736,0.0027595508979505975
932,16384,1182720,1660549,1816657920,0.23666836903430521,1.4061279180459678,0.1718264709925279,0.3570186462402344,2.171701481100172,0.0027663464642554638
933,6172,537862,676692,826156032,0.08963759301695973,0.6462421320611611,0.07841504795942456,0.15463833618164063,0.9689923480618745,0.00611344793455112
934,16384,1185771,1664215,1821344256,0.23891290603205562,1.4055682739708573,0.17251568101346493,0.3451922302246094,2.1622456540353596,0.0026159282256717825
935,16384,1168854,1641396,1795359744,0.22589564602822065,1.3915996139403433,0.16989096300676465,0.3520575256347656,2.139500516001135,0.0026533011147326277
936,16384,1178036,1653123,1809463296,0.21742639900185168,1.3768056799890473,0.17087432800326496,0.3546148376464844,2.1197800119407475,0.002772330136527866
937,16384,1176865,1655070,1807664640,0.2162539140554145,1.3967766360146925,0.17159669601824135,0.34151068115234373,2.1261992889922112,0.0028859830702010923
938,16384,1182766,1660004,1816728576,0.23066757095512003,1.4193532740464434,0.17208445502910763,0.3375241394042969,2.1596850430360064,0.0025746162023911334
939,6172,538080,677023,826490880,0.08862620301079005,0.645321071962826,0.07849858806002885,0.15529440307617187,0.9677981019485742,0.005976023164445841
940,16384,1187061,1666787,1823325696,0.24307093594688922,1.4066498060710728,0.17261809995397925,0.3529134521484375,2.175310150021687,0.0026596621777308883
941,16384,1169524,1642042,1796388864,0.22758419206365943,1.3896284810034558,0.1703323769615963,0.35150784301757815,2.139112089993432,0.002767360692285433
942,16384,1177044,1650672,1807939584,0.21480280300602317,1.40061056392733,0.17114824010059237,0.33502066040039064,2.1216418959666044,0.002810489950336173
943,16384,1176432,1653673,1806999552,0.21515571896452457,1.3997367509873584,0.1712886120658368,0.3527485656738281,2.1389884039526805,0.0027469181704735173
944,16384,1181749,1660413,1815166464,0.2298397950362414,1.4068333900067955,0.17185936297755688,0.36346636962890627,2.1720576930092648,0.0027059759947295364
945,6172,537005,675599,824839680,0.08826073701493442,0.6450301749864593,0.07835344795603305,0.15402671813964844,0.9657322959974408,0.006339013473955511
946,16384,1185416,1664163,1820798976,0.2474977670935914,1.412209624890238,0.17348645499441773,0.358484375,2.1917479620315135,0.0031819376349029233
947,16384,1167870,1639884,1793848320,0.26228904200252146,1.3918487359769642,0.17100725299678743,0.35451492309570315,2.1797328050015494,0.0033421954014803486
948,16384,1176400,1651382,1806950400,0.2727735840016976,1.4052452209871262,0.17231141799129546,0.34492666625976565,2.195324731990695,0.0030903287254704405
949,16384,1177196,1655646,1808173056,0.2918276509735733,1.4060489990515634,0.1723979669623077,0.3561524658203125,2.2264941779430956,0.0030134880209182397
950,16384,1181810,1659691,1815260160,0.323268826934509,1.4093336970545352,0.1720307070063427,0.3634907531738281,2.2682437819894403,0.005281523140344527
951,6172,538012,677465,826386432,0.1305133339483291,0.6427516710245982,0.07871584105305374,0.15025517272949218,1.002320920000784,0.008470465258866734
952,16384,1185425,1664143,1820812800,0.32939061196520925,1.4024990500183776,0.1726929530268535,0.354057373046875,2.258708619978279,0.003038546909337571
953,16384,1169554,1642103,1796434944,0.2942615980282426,1.3877021169755608,0.17016169801354408,0.3540841064453125,2.2062678650254384,0.002644536672242785
954,16384,1177407,1649920,1808497152,0.2789318000432104,1.3960075569339097,0.17136231309268624,0.3566961975097656,2.2030562170548365,0.002648569510513953
955,16384,1176656,1654139,1807343616,0.2599144938867539,1.397187648108229,0.17147244198713452,0.3335491027832031,2.1621818229323253,0.0026887732746755195
956,16384,1182171,1660213,1815814656,0.2684100460028276,1.4068989109946415,0.17208258609753102,0.344936767578125,2.1923878639936447,0.002716367915435922
957,6172,537818,676952,826088448,0.09748265310190618,0.6454102729912847,0.07842098490800709,0.15036090087890625,0.9717364970128983,0.00634792796028158
958,16384,1185655,1665532,1821166080,0.2600069249747321,1.406134422053583,0.17263339296914637,0.3542196044921875,2.1930537790758535,0.002710128988704294
959,16384,1169595,1642432,1796497920,0.24472357507329434,1.389491404988803,0.17022364994045347,0.34358065795898435,2.1480826010229066,0.002947422102914844
960,16384,1177075,1651413,1807987200,0.24255341198295355,1.4019293850287795,0.17087623698171228,0.34106103515625,2.1564775420119986,0.002665126864685214
961,16384,1176951,1654614,1807796736,0.2329022861085832,1.4011795209953561,0.17139704897999763,0.35394064331054687,2.159478174056858,0.0027170759620993483
962,16384,1183022,1659827,1817121792,0.24963232199661434,1.4073231529910117,0.17217681708279997,0.35446197509765626,2.1836508670821786,0.0025919855114973217
963,6172,537744,676677,825974784,0.09280568093527108,0.6450675430241972,0.07850385108031332,0.15534669494628905,0.971784156979993,0.006214033588483829
964,16384,1184925,1664650,1820044800,0.2481095880502835,1.4049987560138106,0.17257906694430858,0.351470458984375,2.177216234966181,0.002680715514897834
965,16384,1168975,1641831,1795545600,0.23332077695522457,1.3922508470714092,0.17033310991246253,0.35394586181640625,2.149914184003137,0.0029577109685432227
966,16384,1178269,1652470,1809821184,0.2330502859549597,1.3992107840022072,0.17154702602420002,0.3569307861328125,2.160795992007479,0.002643002556049236
967,16384,1176842,1655717,1807629312,0.2261356470407918,1.3980662729591131,0.17152720096055418,0.33965802001953127,2.1354441239964217,0.0026684386536210618
968,16384,1184385,1661361,1819215360,0.24214295693673193,1.4078602730296552,0.17616280203219503,0.33866552734375,2.164890827029012,0.0027376755418896887
969,6172,537451,676812,825524736,0.09095269301906228,0.6461123490007594,0.07840673089958727,0.1533777618408203,0.9689075199421495,0.005984594063600765
970,16384,1185501,1664433,1820929536,0.2430960349738598,1.405532011995092,0.17261846200563014,0.3528941650390625,2.1741987549467012,0.002671371829492111
971,16384,1170967,1643144,1798605312,0.22933814499992877,1.3918448470067233,0.1705695450073108,0.3512870788574219,2.143097262014635,0.0026898519386749174
972,16384,1177549,1651911,1808715264,0.2294420530088246,1.4029855630360544,0.17148855794221163,0.3528453369140625,2.1568179220193997,0.0026154789271232606
973,16384,1176809,1656196,1807578624,0.22185902600176632,1.3970394609495997,0.17153334605973214,0.3510185546875,2.141508058994077,0.0026930225752138277
974,16384,1183598,1661577,1818006528,0.23771660099737346,1.4099394120275974,0.17217187804635614,0.3426508483886719,2.162534962990321,0.002599890003366275
975,6172,537328,676657,825335808,0.08959626604337245,0.6458745679119602,0.0783602730371058,0.14524412536621092,0.9591389610432088,0.00664436407527338
976,16384,1184775,1663328,1819814400,0.2414757260121405,1.4042071470757946,0.17213218193501234,0.3570578308105469,2.1749301130184904,0.002631219488551724
977,16384,1169749,1642656,1796734464,0.22596302698366344,1.388947852072306,0.17033747490495443,0.34026034545898437,2.125566340982914,0.002711821404696827
978,16384,1177729,1651948,1808991744,0.22813664306886494,1.4017562239896506,0.17144103697501123,0.3507314453125,2.15212485101074,0.0027647868424171777
979,16384,1175405,1653282,1805422080,0.21890493296086788,1.3987605100264773,0.17107684107031673,0.34397625732421877,2.1327791420044377,0.0028413923112553625
980,16384,1182828,1660300,1816823808,0.23747250298038125,1.4080587020143867,0.17204770597163588,0.34236358642578124,2.1600004100473598,0.0026811409342857146
981,6172,537508,676447,825612288,0.08886556001380086,0.6457615989493206,0.07844352209940553,0.1553134765625,0.9684439060511068,0.006169528839665767
982,16384,1184863,1662466,1819949568,0.2379702110774815,1.4067342749331146,0.17237297201063484,0.3516630859375,2.1687984690070152,0.002670835908081845
983,16384,1167139,1640681,1792725504,0.22331316000781953,1.3867351280059665,0.16989123402163386,0.3568372802734375,2.1368347939569503,0.002713904147243869
984,16384,1176930,1651247,1807764480,0.22645538300275803,1.4013408990576863,0.17121931700967252,0.33957720947265624,2.1386506400303915,0.002704111019154837
985,16384,1176101,1654945,1806491136,0.21899860596749932,1.3811732080066577,0.1710165860131383,0.3555000305175781,2.126747742993757,0.002788882183103626
986,16384,1183437,1661497,1817759232,0.23765982000622898,1.407025080989115,0.17230617604218423,0.358014404296875,2.1750635099597275,0.0026679048707649493
987,6172,538087,677179,826501632,0.08520779304672033,0.6485135710099712,0.07853094895835966,0.1544108123779297,0.9667238800320774,0.006284590703860364
988,16384,1185457,1665588,1820861952,0.2398867510491982,1.4127754430519417,0.17380200698971748,0.3550033874511719,2.181540591060184,0.0033463745049587077
989,16384,1168389,1641025,1794645504,0.25687677902169526,1.3939596869749948,0.17124687298201025,0.3522203979492188,2.174375367932953,0.003294325629792586
990,16384,1178390,1651943,1810007040,0.27985861396882683,1.4064691950334236,0.1736565959872678,0.3384761962890625,2.1985297419596463,0.0031448599373576944
991,16384,1177150,1655746,1808102400,0.30207107204478234,1.408404828980565,0.17224480805452913,0.35698541259765626,2.2397738760337234,0.003025053417911251
992,16384,1182254,1660126,1815942144,0.32062207895796746,1.4109091630671173,0.17341890197712928,0.3630509033203125,2.268073812010698,0.0032082151729794514
993,6172,537891,676778,826200576,0.13433276396244764,0.6401923679513857,0.07840313308406621,0.15009030151367186,1.0031191109446809,0.010023179900818144
994,16384,1186475,1663700,1822425600,0.32411144801881164,1.4065061879809946,0.1727890990441665,0.3551361694335938,2.2586012280080467,0.002582285432109479
995,16384,1167959,1640936,1793985024,0.2970436109462753,1.386885549989529,0.17009120201691985,0.35228872680664064,2.2063683179439977,0.002684419647938361
996,16384,1178346,1652309,1809939456,0.28460923803504556,1.4004220969509333,0.17159011005423963,0.3324550476074219,2.1891336920671165,0.0026128792263028027
997,16384,1175227,1654628,1805148672,0.27334517205599695,1.3962582109961659,0.17106178996618837,0.3399343566894531,2.1806581270648167,0.002687140927096432
998,16384,1182517,1659477,1816346112,0.2628848981112242,1.4056092809187248,0.17180619307328016,0.3549408264160156,2.1953005670802668,0.002704347728608067
999,6172,537729,676776,825951744,0.09996054996736348,0.6423526500584558,0.07843500294256955,0.1528676452636719,0.9736744869733229,0.006022417352692186
