iter,seeds,nodes,edges,bytes_moved,sample_s,gather_s,transfer_s,compute_s,wall_s,drift_pct
0,16384,1178767,1653012,1810586112,0.23570772598031908,1.3944988760631531,0.171613959944807,0.4310674438476563,2.232949809054844,0.0027677836133256743
1,16384,1176211,1654234,1806660096,0.22707322100177407,1.3956811190582812,0.1710491490084678,0.34321994018554686,2.1370878670131788,0.003015213370664314
2,16384,1183124,1661209,1817278464,0.24736584594938904,1.3776607930194587,0.17219438299071044,0.4318883056640625,2.229169844998978,0.002714794276146499
3,6172,537666,677019,825854976,0.08969901001546532,0.6400800369447097,0.07819799904245883,0.14983984375,0.9578822989715263,0.00682852360489906
4,16384,1185673,1665085,1821193728,0.22727198200300336,1.3999215390067548,0.17243266594596207,0.4325859375,2.2322726330021396,0.0027106252849686267
5,16384,1168606,1641358,1794978816,0.22383393603377044,1.382711158017628,0.17022664996329695,0.35045013427734373,2.12728373601567,0.002907826660995084
6,16384,1177877,1651058,1809219072,0.2240930600091815,1.3923777310410514,0.17133075394667685,0.3548838500976563,2.142748138983734,0.002928197114084764
7,16384,1177870,1656323,1809208320,0.23066945292521268,1.3934643199900165,0.17160479410085827,0.3510379638671875,2.146837141015567,0.0028232291650720103
8,16384,1183305,1660001,1817556480,0.22697296796832234,1.4004722910467535,0.17248273291625082,0.347564208984375,2.1475510799791664,0.0027416839587057385
9,6172,537767,677277,826010112,0.09661484800744802,0.6396925209555775,0.07824262697249651,0.15251580810546875,0.9671262289630249,0.006247883701692549
10,16384,1185489,1663625,1820911104,0.2296380279585719,1.399344732053578,0.17268921295180917,0.3540692443847656,2.155800143023953,0.002733355196158548
11,16384,1168967,1640945,1795533312,0.2374781760154292,1.3831723489565775,0.1702137440443039,0.3344415588378906,2.1253664779942483,0.0028536320994540787
12,16384,1176147,1650832,1806561792,0.2352264910005033,1.3902487029554322,0.1708197620464489,0.352111083984375,2.1484652489889413,0.002755874325167714
13,16384,1177800,1655799,1809100800,0.22253462602384388,1.3933498359983787,0.17128891905304044,0.3556363220214844,2.1428676759824157,0.0027053880329715907
14,16384,1182512,1658764,1816338432,0.21265979390591383,1.3987628991017118,0.1720935219200328,0.35399212646484374,2.137567107914947,0.0027492246782401513
15,6172,537551,676663,825678336,0.09258790093008429,0.6381138559663668,0.07833142601884902,0.14990130615234376,0.9589941559825093,0.00622182257244664
16,16384,1184806,1662600,1819862016,0.2545609809458256,1.3965319080743939,0.17246751091443002,0.35688449096679686,2.1805045779328793,0.0027373036515002482
17,16384,1169131,1641024,1795785216,0.2498820920009166,1.3834510570159182,0.16993672703392804,0.3494219055175781,2.152748942025937,0.002655231015572089
18,16384,1177530,1651879,1808686080,0.23650613508652896,1.3926209720084444,0.1712429519975558,0.33877069091796874,2.139201558078639,0.002842559080587712
19,16384,1174724,1652842,1804376064,0.23049233993515372,1.3720904680667445,0.17048946302384138,0.36194818115234373,2.135079620988108,0.0027712694853738377
20,16384,1183407,1660244,1817713152,0.2255155190359801,1.3991525360615924,0.1723978609079495,0.3559922790527344,2.1531189100351185,0.002819861763283579
21,6172,538571,677957,827245056,0.08938378596212715,0.6431068499805406,0.07855523098260164,0.15454908752441407,0.9656542559387162,0.00614106846918239
22,16384,1186895,1665245,1823070720,0.24601686105597764,1.4000003290129825,0.172699530958198,0.5495389404296875,2.368312999024056,0.0024210299581932907
23,16384,1168846,1640720,1795347456,0.23783200699836016,1.3843776100547984,0.17033478594385087,0.3483822021484375,2.1409844330046326,0.002700993911687013
24,16384,1177089,1651483,1808008704,0.2224422589642927,1.3975325629580766,0.1711952870246023,0.3383263854980469,2.129552945960313,0.0026508622573508094
25,16384,1176210,1654403,1806658560,0.25057670497335494,1.3939035150688142,0.17107894900254905,0.35362896728515625,2.169248939026147,0.002802937697865467
26,16384,1183498,1661514,1817852928,0.22470967599656433,1.3998535010032356,0.17236309393774718,0.3521596984863281,2.1491455528885126,0.002772425746465656
27,6172,537484,676071,825575424,0.08894485502969474,0.6383390970295295,0.07817314798012376,0.15224855041503907,0.9577677410561591,0.006482845382077922
28,16384,1184739,1663634,1819759104,0.22603015310596675,1.3988236020086333,0.17263772699516267,0.33821591186523436,2.1357656000182033,0.0027253010913589892
29,16384,1168464,1640977,1794760704,0.21268978400621563,1.3815035219304264,0.17019698198419064,0.332926513671875,2.09737812995445,0.002924048881145806
30,16384,1178724,1651310,1810520064,0.22473009605892003,1.4069647809956223,0.17178892891388386,0.35614187622070315,2.1596861809957772,0.002801277666185768
31,16384,1176269,1655503,1806749184,0.24330987606663257,1.3920475309714675,0.17131742800120264,0.3536375732421875,2.16037356806919,0.002830982039567627
32,16384,1182881,1660943,1816905216,0.22550442698411644,1.401865798048675,0.17246364895254374,0.3573812255859375,2.1572747320169583,0.002764249022175094
33,6172,538165,677607,826621440,0.0907351520145312,0.6436924500158057,0.07843512995168567,0.15489117431640625,0.9678125740028918,0.0060618869850278855
34,16384,1186379,1664327,1822278144,0.24643167201429605,1.4026823519961908,0.17290469200816005,0.3559266357421875,2.1780045490013435,0.00271795761566297
35,16384,1167075,1640009,1792627200,0.24736997904255986,1.383415631018579,0.16982037492562085,0.33790606689453123,2.138582078041509,0.0032744200438701685
36,16384,1177463,1651394,1808583168,0.2423366269795224,1.3957654041005298,0.17162879696115851,0.3487601318359375,2.15854987106286,0.0027292019749552256
37,16384,1176675,1654541,1807372800,0.24453573196660727,1.3951270630350336,0.17132023198064417,0.349843994140625,2.160886966972612,0.002774131669918365
38,16384,1183121,1660494,1817273856,0.23630838992539793,1.399656491004862,0.17245269706472754,0.35366928100585937,2.162148389965296,0.0028458252326487676
39,6172,538711,677089,827460096,0.08765197196044028,0.6420617050025612,0.07867745507974178,0.14816099548339845,0.9566116119967774,0.006218246766989956
40,16384,1188095,1666218,1824913920,0.24053788802120835,1.4037742220098153,0.17328049102798104,0.6136707153320312,2.4313212640117854,0.002383379835776325
41,16384,1169017,1642473,1795610112,0.24451900797430426,1.376635910011828,0.16994925600010902,0.35042730712890624,2.1415921510197222,0.0028329345784156236
42,16384,1178863,1652255,1810733568,0.2221447549527511,1.3938068569405004,0.17143353505525738,0.338184814453125,2.125629254966043,0.002789459369290744
43,16384,1178170,1657513,1809669120,0.23060418805107474,1.3862151378998533,0.17128167301416397,0.3527023620605469,2.140863748965785,0.002820727856938612
44,16384,1182907,1661286,1816945152,0.2354089729487896,1.397069405997172,0.1723145169671625,0.3548515930175781,2.1597038209438324,0.0027472291596077236
45,6172,536859,675667,824615424,0.0867107140365988,0.6381941370200366,0.07844960293732584,0.15427033996582032,0.9576823940733448,0.006014531949184976
46,16384,1185992,1665926,1821683712,0.23168683901894838,1.4008189970627427,0.17234286898747087,0.3331175537109375,2.1380264800973237,0.0028166778000481302
47,16384,1169029,1642064,1795628544,0.22270849195774645,1.3850037399679422,0.17030747001990676,0.3333394775390625,2.11141749098897,0.0027617230870091683
48,16384,1175236,1649789,1805162496,0.23021697800140828,1.3891192029695958,0.171479816082865,0.3520758056640625,2.142950620967895,0.0027447319311746272
49,16384,1178319,1656665,1809897984,0.23664321994874626,1.3961128760129213,0.17152460699435323,0.3548270263671875,2.1591679779812694,0.002790364560590212
50,16384,1182521,1660868,1816352256,0.22181162191554904,1.3998721030075103,0.17209431703668088,0.33373663330078124,2.1275742409052327,0.0027996975882721604
51,6172,538083,676847,826495488,0.08612416009418666,0.6402516739908606,0.07858019799459726,0.15308204650878907,0.9580963810440153,0.006085239098613725
52,16384,1187947,1666959,1824686592,0.228255873080343,1.3958614489529282,0.17301307199522853,0.5993380737304688,2.3965264660073444,0.002420096301818047
53,16384,1169343,1641536,1796110848,0.23254212096799165,1.3770947469165549,0.17001172702293843,0.33228250122070313,2.1119915508897975,0.002862452815388285
54,16384,1178784,1652776,1810612224,0.21989408403169364,1.3954978740075603,0.1715451249619946,0.3547617797851563,2.1417564880102873,0.0026905590904011964
55,16384,1177162,1654911,1808120832,0.22515437798574567,1.3943636699113995,0.17148051608819515,0.3394873962402344,2.13054572197143,0.0028049971065531917
56,16384,1183081,1661135,1817212416,0.24895670299883932,1.3982106170151383,0.17217181902378798,0.33427581787109373,2.1536751070525497,0.002792907040312037
57,6172,539202,678101,828214272,0.08881725301034749,0.6415941059822217,0.07834723498672247,0.15081869506835938,0.9596354969544336,0.006065626685059374
58,16384,1185884,1664502,1821517824,0.23546805197838694,1.398500179988332,0.1724539209390059,0.3462785949707031,2.152759963995777,0.0027507070151462955
59,16384,1169410,1642112,1796213760,0.2375253849895671,1.384050457039848,0.17029907391406596,0.34815164184570313,2.1400870740180835,0.00282774610593349
60,16384,1176854,1650427,1807647744,0.22274797200225294,1.3935808329842985,0.17150994902476668,0.35323095703125,2.141127871000208,0.0027163234119465716
61,16384,1174236,1653138,1803626496,0.22515424597077072,1.3906374380458146,0.17098564095795155,0.3420871276855469,2.1289248559623957,0.002837267935632898
62,16384,1183550,1661058,1817932800,0.2209424029570073,1.4016302780946717,0.17263624991755933,0.3551542053222656,2.1504230520222336,0.002786229931518655
63,6172,537888,676799,826195968,0.0896913839969784,0.6386406680103391,0.07834409805946052,0.1532065887451172,0.9599421180319041,0.006185708376939559
64,16384,1184655,1663549,1819630080,0.24605032498948276,1.3989094470161945,0.1724192580441013,0.35889239501953124,2.1763301820028573,0.002699817060545323
65,16384,1168652,1642187,1795049472,0.23815417604055256,1.3816067519364879,0.1700471380027011,0.33463494873046873,2.124502177000977,0.002784760185577787
66,16384,1177228,1651845,1808222208,0.2230245650280267,1.3931602450320497,0.17141603992786258,0.3519206848144531,2.1395806750515476,0.0027641046605652673
67,16384,1176372,1654498,1806907392,0.23417260602582246,1.3912348779849708,0.17125679505988955,0.35462078857421875,2.151347044040449,0.0028808181236427447
68,16384,1183607,1660815,1818020352,0.23906297306530178,1.385128473979421,0.17209258396178484,0.3500597229003906,2.146404077997431,0.00281047222894338
69,6172,538537,677071,827192832,0.08641471900045872,0.6395605889847502,0.07853614003397524,0.15374688720703125,0.9583198649343103,0.006420581514204373
70,16384,1184507,1662861,1819402752,0.2446117519866675,1.3996373750269413,0.17234864993952215,0.357435791015625,2.1740972149418667,0.002927512747504566
71,16384,1167939,1640537,1793954304,0.24012228602077812,1.382656918023713,0.17040007701143622,0.350563232421875,2.143802000093274,0.0027748185452359147
72,16384,1177574,1652028,1808753664,0.23522391298320144,1.3921101189916953,0.17140842601656914,0.355888427734375,2.154690069030039,0.0027467200526196276
73,16384,1177240,1654958,1808240640,0.22596168401651084,1.3926090149907395,0.17111181595828384,0.3538439636230469,2.143585443031043,0.0027507390784566065
74,16384,1182874,1660408,1816894464,0.24760737200267613,1.3983640790684149,0.17222011892590672,0.3577981872558594,2.176048633060418,0.0027056292155569254
75,6172,537725,676311,825945600,0.08929261693265289,0.6382301690755412,0.07846303202677518,0.15052032470703125,0.9565631819423288,0.005962930771856673
76,16384,1184707,1662831,1819709952,0.22827508999034762,1.398790413979441,0.17249742907006294,0.3338197021484375,2.133443003986031,0.0028296419275922317
77,16384,1168249,1642234,1794430464,0.23382682900410146,1.3835512220393866,0.17011973599437624,0.3509808959960937,2.1385414520045742,0.0029351299483797015
78,16384,1177349,1651081,1808408064,0.24125828896649182,1.391130018979311,0.17145971301943064,0.3394597473144531,2.143367604003288,0.0027916687501240585
79,16384,1177433,1655572,1808537088,0.23441918496973813,1.3955069419462234,0.17117241397500038,0.3503921203613281,2.1515495519852266,0.002737131147273538
80,16384,1182600,1659835,1816473600,0.2200927259400487,1.3993485890096053,0.17212366394232959,0.35712353515625,2.148748492007144,0.0027912973125152245
81,6172,537994,677200,826358784,0.09013244707603008,0.6390878059901297,0.07849825895391405,0.15021884155273438,0.9579958519898355,0.006106333018646533
82,16384,1186176,1665261,1821966336,0.24804915604181588,1.398727813968435,0.17274270893540233,0.3430340270996094,2.162611688952893,0.0026811520499293267
83,16384,1169851,1642779,1796891136,0.24491289001889527,1.3838454539654776,0.17033876501955092,0.34761529541015623,2.1467730960575864,0.002827110308857178
84,16384,1176947,1651739,1807790592,0.23866942792665213,1.3931551580317318,0.17140329303219914,0.3529893188476563,2.1562762579414994,0.0027389859273569076
85,16384,1175585,1654511,1805698560,0.2384199850494042,1.3649080549366772,0.17076560098212212,0.349215576171875,2.1233685769839212,0.0027955506399575934
86,16384,1182078,1661075,1815671808,0.24129107396584004,1.3973867390304804,0.1722635340411216,0.36192376708984375,2.1729290999937803,0.002944682663358417
87,6172,538591,677530,827275776,0.09091500495560467,0.6408562610158697,0.0785159959923476,0.1543046417236328,0.9646514269988984,0.006170447664068234
88,16384,1185425,1663769,1820812800,0.24546014808584005,1.4001845669699833,0.17307417700067163,0.3591865234375,2.177967648021877,0.0028573669557759055
89,16384,1167873,1641147,1793852928,0.24822356598451734,1.3828079689992592,0.1698369060177356,0.353661376953125,2.154590951045975,0.002837340949026142
90,16384,1177738,1652550,1809005568,0.23925590503495187,1.3947133369510993,0.17130009306129068,0.35592251586914064,2.1612530610291287,0.0028321585171932995
91,16384,1176807,1656155,1807575552,0.22288524999748915,1.3936739850323647,0.17110194999258965,0.3449701232910156,2.1326900500571355,0.0027543497788062457
92,16384,1182673,1659929,1816585728,0.23517898097634315,1.3981005740351975,0.17219491594005376,0.3540732421875,2.159608313930221,0.0028061010293245693
93,6172,537780,676942,826030080,0.08368493802845478,0.6400196200702339,0.07838540093507618,0.15247763061523437,0.9546333641046658,0.006890022718645205
94,16384,1186551,1664266,1822542336,0.22784267796669155,1.402444350067526,0.17284900695085526,0.355154541015625,2.158350195037201,0.0027622503818094508
95,16384,1167933,1640974,1793945088,0.23580533603671938,1.3811216320609674,0.17003871395718306,0.34799658203125,2.1350211350945756,0.002757396987224141
96,16384,1177245,1652643,1808248320,0.22206998709589243,1.3933945619501173,0.17128785396926105,0.3531346740722656,2.1399461870314553,0.002762216371483098
97,16384,1178661,1656195,1810423296,0.22264216106850654,1.3940406499896199,0.1717350980034098,0.3325682373046875,2.1210461530135944,0.0028291061599647477
98,16384,1183816,1661266,1818341376,0.21960183698683977,1.400267229997553,0.17222336295526475,0.3574280090332031,2.1495782509446144,0.0026894564888904258
99,6172,537952,676388,826294272,0.08802193601150066,0.6390356930205598,0.07847083499655128,0.14951705932617188,0.9551046800334007,0.006193737697414678
100,16384,1186905,1666110,1823086080,0.2366326879709959,1.3997789790155366,0.17287129303440452,0.3562463684082031,2.165594254969619,0.0029980934946644442
101,16384,1166116,1638689,1791154176,0.22204663802403957,1.3785721039166674,0.1742823850363493,0.3539326782226562,2.128902985015884,0.0032495523120838177
102,16384,1177641,1651895,1808856576,0.2323449969990179,1.4031339030480012,0.1714574119541794,0.352773681640625,2.159783211071044,0.0033900360390583394
103,16384,1177724,1655053,1808984064,0.24048191600013524,1.401364227058366,0.17130685690790415,0.355536376953125,2.168760427972302,0.0032761134819269885
104,16384,1180945,1659170,1813931520,0.2540059939492494,1.4060913160210475,0.17187201499473304,0.35850054931640624,2.1905419760150835,0.0032915020317619177
105,6172,537918,677190,826242048,0.09369144006632268,0.6458484450122342,0.07805123401340097,0.14583576965332032,0.963490610010922,0.006613584500120763
106,16384,1185065,1662654,1820259840,0.2613097830908373,1.4073099369416013,0.1723430110141635,0.35295413208007814,2.1939881150610745,0.00324759892295069
107,16384,1166669,1639070,1792003584,0.26099141396116465,1.3909795719664544,0.16986770706716925,0.35586300659179687,2.1777742069680244,0.0033294260354165416
108,16384,1177451,1652093,1808564736,0.257882495992817,1.4015247239731252,0.17107771197333932,0.330887939453125,2.161444230005145,0.0033014320586286935
109,16384,1177700,1655023,1808947200,0.2806752270553261,1.403778705978766,0.17148188198916614,0.3559610595703125,2.2119669429957867,0.003167696625746518
110,16384,1183537,1660343,1817912832,0.27201949001755565,1.4097688629990444,0.17218872206285596,0.35315386962890627,2.207201503100805,0.0031967354291575433
111,6172,537366,676284,825394176,0.10636678000446409,0.6462031599367037,0.07814690505620092,0.14975558471679687,0.9805323790060356,0.006113953312872978
112,16384,1186648,1665091,1822691328,0.3001200689468533,1.4110063340049237,0.17281377501785755,0.35319802856445315,2.2372077140025795,0.0031068848930274826
113,16384,1169614,1642472,1796527104,0.29718080593738705,1.3960324210347608,0.17029041203204542,0.3505955505371094,2.214173136977479,0.0033397314302671685
114,16384,1176245,1650848,1806712320,0.2951453540008515,1.3991723739309236,0.17144887906033546,0.339564453125,2.205409021000378,0.003534985235161388
115,16384,1176506,1654945,1807113216,0.2829343160847202,1.4010263920063153,0.17112594295758754,0.3537590942382812,2.208917135023512,0.0032318883979695168
116,16384,1182894,1660314,1816925184,0.26479160389862955,1.4075364200398326,0.17215399898122996,0.3559690246582031,2.2005245769396424,0.003341446967594228
117,6172,537584,676243,825729024,0.11013122601434588,0.6470876099774614,0.07838307204656303,0.15189894104003906,0.9875614590710029,0.006137338799198618
118,16384,1185771,1664224,1821344256,0.29540618997998536,1.392390304012224,0.17243330203928053,0.3539326171875,2.214235064922832,0.0032811197416560104
119,16384,1168783,1643006,1795250688,0.29122914106119424,1.382945801015012,0.16989776794798672,0.3364842834472656,2.1806647250195965,0.00494030773744715
120,16384,1177799,1651743,1809099264,0.2800773350754753,1.393726065987721,0.17165765794925392,0.3530550537109375,2.198597176000476,0.003687045447574796
121,16384,1177487,1655875,1808620032,0.24585104291327298,1.3945400189841166,0.17132216703612357,0.3536041564941406,2.1653801649808884,0.002899239322957023
122,16384,1182298,1660118,1816009728,0.23994401504751295,1.3986784059088677,0.1722358550177887,0.35756253051757814,2.168482703040354,0.0028543713316122746
123,6172,538336,676864,826884096,0.1027045090449974,0.6421402409905568,0.07840275601483881,0.15142013549804687,0.9747287750942633,0.0062718519638927704
124,16384,1185520,1664090,1820958720,0.26826423604507,1.4054287789622322,0.1725686660502106,0.35609381103515625,2.202415424049832,0.002721192219613265
125,16384,1166852,1640265,1792284672,0.2584681170992553,1.386567968991585,0.16995746095199138,0.3550846862792969,2.1701469940599054,0.003168482962892305
126,16384,1178128,1652410,1809604608,0.22955809603445232,1.4000571849755943,0.17141480301506817,0.3523107604980469,2.1533998700324446,0.002741038025698876
127,16384,1177062,1653982,1807967232,0.23626287002116442,1.3995813080109656,0.17142282496206462,0.3532330627441406,2.1605630309786648,0.002914297774555079
128,16384,1184419,1660899,1819267584,0.23736418597400188,1.4040223740739748,0.17239939596038312,0.3571282958984375,2.1709769470617175,0.0028878775062504587
129,6172,536961,676221,824772096,0.09368043998256326,0.6403461809968576,0.07839462207630277,0.15133766174316407,0.9638196689775214,0.006304517389452811
130,16384,1185634,1664320,1821133824,0.245835391106084,1.405314177973196,0.17278680996969342,0.35708154296875,2.1810779829975218,0.0027537291314980576
131,16384,1170168,1643233,1797378048,0.23211084003560245,1.3883820519549772,0.17065036098938435,0.330657958984375,2.1218602600274608,0.002782844103078299
132,16384,1177584,1651535,1808769024,0.23743324994575232,1.3985800789669156,0.17155794298741966,0.35435650634765625,2.1619882059749216,0.0027950072535375525
133,16384,1177037,1655070,1807928832,0.23357696807943285,1.3966577369719744,0.17117618001066148,0.3540859375,2.1555559689877555,0.0027439058200244785
134,16384,1183633,1661763,1818060288,0.24198736995458603,1.3823592190165073,0.17195382702630013,0.33563946533203126,2.132000242942013,0.0028312197800208416
135,6172,537865,676909,826160640,0.09047087992075831,0.6415751440217718,0.07844219403341413,0.15168544006347656,0.9622345899697393,0.006332336309000896
136,16384,1185693,1665636,1821224448,0.2406226039165631,1.4063248099992052,0.1726203280268237,0.35556829833984377,2.1751996679231524,0.0029251402367768678
137,16384,1168750,1641669,1795200000,0.22999003692530096,1.3863938259892166,0.17028997803572565,0.35261715698242185,2.1393520429264754,0.0028534337774085523
138,16384,1176511,1650792,1807120896,0.22768321598414332,1.3956663680728525,0.17133539193309844,0.3393881530761719,2.1341341170482337,0.002857738952793438
139,16384,1177677,1655433,1808911872,0.2167544240364805,1.3966088689630851,0.17148747597821057,0.3533432922363281,2.1382534690201283,0.0027783331997162236
140,16384,1182445,1659942,1816235520,0.21310178807470948,1.4047313659684733,0.17212446103803813,0.35248760986328126,2.1425056729931384,0.0028213716956891825
141,6172,538030,677116,826414080,0.09425111103337258,0.6418122830800712,0.07852128695230931,0.15123939514160156,0.9658938430948183,0.007223038842455949
142,16384,1185719,1664602,1821264384,0.23883489007130265,1.4064349309774116,0.17247013293672353,0.35297299194335935,2.1707725409651175,0.002745337671075123
143,16384,1167842,1640997,1793805312,0.2261426489567384,1.386436922941357,0.17008244607131928,0.3384789123535156,2.121200385969132,0.0028029245419332366
144,16384,1177348,1651854,1808406528,0.22644798702094704,1.3991711370181292,0.17135388997849077,0.3528867492675781,2.149923407007009,0.0029602785688229907
145,16384,1178052,1656815,1809487872,0.24460080091375858,1.399850044050254,0.17152290395461023,0.3519141845703125,2.1679521430050954,0.002961758928452969
146,16384,1182377,1659161,1816131072,0.2353646740084514,1.4014218399534002,0.17223020701203495,0.355997802734375,2.1650773989968,0.002904066550595365
147,6172,537932,677262,826263552,0.08495565596967936,0.6420540390536189,0.07848718692548573,0.14552662658691407,0.9510850019287318,0.006465604326536123
148,16384,1185729,1665696,1821279744,0.22599441092461348,1.4028377030044794,0.17285555799026042,0.354337646484375,2.156083759968169,0.002710542397552488
149,16384,1168967,1642352,1795533312,0.22258698602672666,1.3877994149224833,0.1700110810343176,0.3543713073730469,2.1348303169943392,0.0028820856287681816
150,16384,1178519,1652689,1810205184,0.22571289108600467,1.3988884469727054,0.18846451898571104,0.3527066650390625,2.165831670979969,0.002731001549111795
151,16384,1177882,1655171,1809226752,0.2470589509466663,1.4146672210190445,0.17788191698491573,0.35501507568359375,2.194683850975707,0.002765151867305374
152,16384,1181521,1660375,1814816256,0.22930588491726667,1.4161729030311108,0.17847579799126834,0.36240570068359373,2.1864199889823794,0.0027305988529576822
153,6172,538022,676601,826401792,0.08598908199928701,0.6488545759348199,0.0813070860458538,0.15057594299316407,0.9667877529282123,0.0063163765679202545
154,16384,1187587,1665712,1824133632,0.2177283869823441,1.4203334269113839,0.1794654279947281,0.33386160278320315,2.1514579999493435,0.003214344769267687
155,16384,1169109,1641436,1795751424,0.2150939740240574,1.403092977940105,0.17673455900512636,0.3540970764160156,2.149078569957055,0.0027910832386217254
156,16384,1178476,1654690,1810139136,0.22161344496998936,1.4172699650516734,0.17931064893491566,0.3521498413085937,2.17041414801497,0.003236605781540464
157,16384,1176184,1654402,1806618624,0.26545147493015975,1.419772437075153,0.17845862999092788,0.33763235473632813,2.201389321940951,0.0033808289901575105
158,16384,1182235,1659077,1815912960,0.2660096390172839,1.4233955399831757,0.17985473305452615,0.3641548156738281,2.2334863300202414,0.003205853130379526
159,6172,538211,676767,826692096,0.11319496494252235,0.6546110000927001,0.08251191291492432,0.15198348999023437,1.0023739769821987,0.007243707786199307
160,16384,1185631,1663510,1821129216,0.3085425850003958,1.423471179092303,0.1803605699678883,0.3589163818359375,2.271360582089983,0.0030759622232382376
161,16384,1168615,1642291,1794992640,0.3218817700399086,1.4063831439707428,0.17899330402724445,0.34013232421875,2.247473110095598,0.0036738076456123963
162,16384,1175742,1650278,1805939712,0.33435271098278463,1.406980155967176,0.17767807806376368,0.3389122924804687,2.2580199940130115,0.004285016035061523
163,16384,1176761,1656077,1807504896,0.32686573709361255,1.4084680509986356,0.17769200692418963,0.35566378784179686,2.2687539980979636,0.0028392342132682086
164,16384,1181470,1659701,1814737920,0.30031205795239657,1.415337297017686,0.17809607496019453,0.3592678527832031,2.2530718479538336,0.0025993507666650876
165,6172,538476,677094,827099136,0.11408069997560233,0.6521741850301623,0.08134777704253793,0.15130677795410155,0.998972553992644,0.0063178903151630385
166,16384,1187575,1666117,1824115200,0.30775489297229797,1.4226514790207148,0.1793292589718476,0.35938357543945315,2.269188835984096,0.0030684788625009907
167,16384,1168119,1643061,1794230784,0.276249295915477,1.4013981620082632,0.1763016670010984,0.3471981506347656,2.2012097139377147,0.002836548363163007
168,16384,1177343,1650735,1808398848,0.24214773904532194,1.4133638909552246,0.17785674205515534,0.33068853759765626,2.1641171720111743,0.002784616221119957
169,16384,1176355,1653760,1806881280,0.2424324790481478,1.4108792280312628,0.17741665593348444,0.35127032470703123,2.182057684054598,0.002703701882075999
170,16384,1183445,1660560,1817771520,0.25995049998164177,1.4204978359630331,0.1787915980676189,0.3545721740722656,2.2138710470171645,0.0026622568050891386
171,6172,538241,676714,826738176,0.0984955079620704,0.6503686410142109,0.08139686705544591,0.15320870971679687,0.983530318015255,0.006160691299604786
172,16384,1186500,1664666,1822464000,0.2590021979995072,1.4220345510402694,0.17900967691093683,0.34507308959960936,2.2051901689264923,0.003203958423414422
173,16384,1167608,1640896,1793445888,0.2420089360093698,1.4033827419625595,0.17639539705123752,0.3353485107421875,2.1571956230327487,0.0027831165033631844
174,16384,1177749,1651012,1809022464,0.23183742503169924,1.413682307000272,0.17775442800484598,0.3308515319824219,2.1541894380934536,0.002959167522016751
175,16384,1177555,1655399,1808724480,0.22603080293629318,1.4126057900721207,0.1780210699653253,0.3561955871582031,2.172916206996888,0.002897344349635072
176,16384,1182594,1660675,1816464384,0.23364771995693445,1.4196182270534337,0.17859784595202655,0.33328948974609374,2.165215270011686,0.002862870221544931
177,6172,538156,677210,826607616,0.09506804496049881,0.6534082209691405,0.08128349005710334,0.15198509216308595,0.9818062969716266,0.006258752056028299
178,16384,1184740,1662419,1819760640,0.26668524206615984,1.4175258699106053,0.178970116074197,0.35393179321289064,2.217173060053028,0.002707898190587804
179,16384,1170087,1641857,1797253632,0.2570694669848308,1.4050243640085682,0.17711611604318023,0.35421282958984374,2.193483534036204,0.0027699049862145893
180,16384,1177824,1653738,1809137664,0.2427691239863634,1.4122156569501385,0.17779427208006382,0.3311061096191406,2.1639470119262114,0.002858170286252447
181,16384,1177547,1656205,1808712192,0.23283569398336112,1.4185941849136725,0.1779040420660749,0.35098110961914064,2.180376441916451,0.0028165473182200523
182,16384,1183641,1662088,1818072576,0.24611751502379775,1.4235508668934926,0.17861880699638277,0.35531900024414065,2.2036869489820674,0.0036647593838645023
183,6172,537847,676436,826132992,0.09980078798253089,0.6506400399375707,0.08129256998654455,0.14565737915039062,0.9774625699501485,0.007344822739905803
184,16384,1185841,1664985,1821451776,0.2556649639736861,1.4186291539808735,0.1791488319868222,0.3540504150390625,2.207553769927472,0.0027362842912496492
185,16384,1169198,1641638,1795888128,0.23374284198507667,1.4041043220786378,0.1768414539983496,0.34842422485351565,2.163176767062396,0.0029551050930846975
186,16384,1177981,1651418,1809378816,0.23580758494790643,1.412408604985103,0.17807731998618692,0.342239501953125,2.1685923459008336,0.002736061880157897
187,16384,1176166,1654112,1806590976,0.22533807496074587,1.4132756550097838,0.17748294107150286,0.3543174133300781,2.170481320936233,0.003097772068966992
188,16384,1183107,1661092,1817252352,0.23756036697886884,1.4224065960152075,0.17884548695292324,0.3370085754394531,2.1758823910495266,0.0028202656231126355
189,6172,538162,676959,826616832,0.10245371190831065,0.6491132900118828,0.08133364003151655,0.15573898315429688,0.9887009320082143,0.0062007529499217414
190,16384,1185296,1664577,1820614656,0.2356454679975286,1.4172330630244687,0.1790077779442072,0.3582838134765625,2.1902323629474267,0.002841730663488583
191,16384,1168642,1642182,1795034112,0.22849892894737422,1.4026645369594917,0.17667815298773348,0.33486810302734377,2.142772122984752,0.002912165140642629
192,16384,1177281,1651954,1808303616,0.2293348709354177,1.4134182380512357,0.1778638110263273,0.35283544921875,2.1735134889604524,0.002812024357434506
193,16384,1176987,1653909,1807852032,0.21765180001966655,1.4120697060134262,0.17779511294793338,0.3564573974609375,2.1640351379755884,0.0028244242689037043
194,16384,1183115,1659981,1817264640,0.21758942503947765,1.4188768620369956,0.1785486089065671,0.35334884643554687,2.1684255260042846,0.0028492371518589027
195,6172,538343,676757,826894848,0.0867332830093801,0.65324450598564,0.08125353103969246,0.15295216369628906,0.9742476249812171,0.006583670164627152
196,16384,1185520,1663003,1820958720,0.23144921101629734,1.4249461370054632,0.1790875099832192,0.3374194641113281,2.172968161990866,0.003029951184272406
197,16384,1167527,1641450,1793321472,0.24007330799940974,1.4000574139645323,0.17632550897542387,0.34860028076171873,2.1651233059819788,0.0030850104799917994
198,16384,1177250,1650872,1808256000,0.23307496297638863,1.4183468269184232,0.1789986580843106,0.33165625,2.1621496179141104,0.003372566559865736
199,16384,1176010,1654212,1806351360,0.24846747005358338,1.403879757039249,0.17837662599049509,0.3508114318847656,2.1816089040366933,0.0033745309924319115
200,16384,1183669,1661310,1818115584,0.29115568194538355,1.4256436650175601,0.1805250010220334,0.3494276123046875,2.246825851034373,0.003288672536620132
201,6172,538024,676922,826404864,0.11701907496899366,0.6513591679977253,0.08257777197286487,0.1526504364013672,1.0036817470099777,0.007501946633078914
202,16384,1185235,1664513,1820520960,0.30534797499421984,1.4245385840767995,0.1812908959109336,0.35327523803710936,2.2645245970925316,0.0031752392339608215
203,16384,1169496,1642724,1796345856,0.319427503971383,1.4030410300474614,0.1769837880274281,0.35492361450195314,2.2544790679821745,0.004574512818214168
204,16384,1176762,1650396,1807506432,0.3165065749781206,1.4072648290311918,0.1778790430398658,0.3353390197753906,2.2370487820589915,0.0026514949025038545
205,16384,1177588,1656274,1808775168,0.3227994709741324,1.4099681139923632,0.1778831739211455,0.35466851806640626,2.2653799529653043,0.002678403292890304
206,16384,1183070,1660767,1817195520,0.29541025089565665,1.4159647830529138,0.17859883001074195,0.35547250366210936,2.2455066909315065,0.002686400816728427
207,6172,537637,676508,825810432,0.109150993055664,0.6491378720384091,0.08106622996274382,0.14521420288085937,0.9846310029970482,0.006266820685520173
208,16384,1185692,1664724,1821222912,0.28276801807805896,1.42155244294554,0.17915860400535166,0.35713766479492187,2.2406796000432223,0.002805854944566147
209,16384,1167961,1639459,1793988096,0.25764466810505837,1.4030501019442454,0.17679002101067454,0.3475157165527344,2.1850644670194015,0.0029271176047236114
210,16384,1178009,1652017,1809421824,0.25681588402949274,1.413924740976654,0.17786148795858026,0.33938748168945315,2.1880493889329955,0.0027327664136766053
211,16384,1176136,1654249,1806544896,0.27057573304045945,1.4113166789757088,0.17737611406482756,0.3535294494628906,2.212858735001646,0.0027457449858269037
212,16384,1183669,1661094,1818115584,0.24042798799928278,1.4197000119602308,0.17863540002144873,0.3528571472167969,2.191680260002613,0.0027245217262663415
213,6172,537303,676281,825297408,0.09259960800409317,0.6534621680621058,0.08123346196953207,0.15058134460449218,0.9779377420200035,0.006253913429501336
214,16384,1185111,1663851,1820330496,0.24899167905095965,1.4233201439492404,0.17918362107593566,0.3562474670410156,2.207804984995164,0.0028115652620904334
215,16384,1167532,1640831,1793329152,0.25253719300962985,1.3786855379585177,0.1763155380031094,0.33844232177734374,2.146039044018835,0.0027237747792735753
216,16384,1176988,1651507,1807853568,0.2435099199647084,1.411094896029681,0.17798205697908998,0.3556461181640625,2.1882938829949126,0.002782617903552964
217,16384,1178000,1654926,1809408000,0.24567250802647322,1.4151110789971426,0.17758423299528658,0.35348870849609376,2.1919180310796946,0.0028058788616331285
218,16384,1180570,1659387,1813355520,0.24945272994227707,1.4154539989540353,0.17853585304692388,0.3388297424316406,2.182333663920872,0.002810731787217169
219,6172,537240,676679,825200640,0.0897316139889881,0.6487254520179704,0.08130279497709125,0.1524422149658203,0.9722633080091327,0.0062978885203489885
220,16384,1185547,1663079,1821000192,0.2447659169556573,1.4178078100085258,0.17885291308630258,0.3417796630859375,2.1832676760386676,0.002811057156108251
221,16384,1168353,1641612,1794590208,0.23678181204013526,1.4015875640325248,0.17656877695117146,0.3390662841796875,2.1540639890590683,0.0027646279707354616
222,16384,1177250,1651257,1808256000,0.2483553399797529,1.4113295880379155,0.17775123903993517,0.35209088134765626,2.1895864990074188,0.0027151520246357177
223,16384,1176598,1654661,1807254528,0.2267106280196458,1.4111906560137868,0.17772017791867256,0.33124267578125,2.146924956003204,0.002832808369880731
224,16384,1184137,1661422,1818834432,0.2215428800554946,1.4306777839083225,0.17198658909182996,0.35263565063476565,2.1769032400334254,0.002771659387652665
225,6172,537695,676612,825899520,0.08627464505843818,0.6411494889762253,0.07817436696495861,0.14545350646972657,0.9511106499703601,0.006165686506962697
226,16384,1185407,1663222,1820785152,0.2305439030751586,1.403815193916671,0.1726161070400849,0.35841769409179686,2.165456059970893,0.0029167919104602816
227,16384,1167125,1640344,1792704000,0.22850636392831802,1.3858600130770355,0.169714662944898,0.36049383544921876,2.144634565920569,0.0027832490461215074
228,16384,1179094,1653051,1811088384,0.24043381307274103,1.3984090769663453,0.17175121896434575,0.3516844177246094,2.162339123082347,0.0028023520297550766
229,16384,1177593,1656360,1808782848,0.23013194801751524,1.3969121830305085,0.17140038299839944,0.3515138549804688,2.1500201070448384,0.0028715088637593124
230,16384,1183572,1660961,1817966592,0.2309423660626635,1.4056487689958885,0.17260846693534404,0.35551824951171873,2.1647785450331867,0.0028036829776892564
231,6172,537882,676620,826186752,0.08938114298507571,0.6424083510646597,0.0785093039739877,0.14981100463867186,0.9601703560911119,0.006306529704118368
232,16384,1184029,1661158,1818668544,0.2396400140132755,1.40160616801586,0.17266658192966133,0.34407461547851564,2.1580461700214073,0.002724250523989698
233,16384,1169731,1641877,1796706816,0.2503526168875396,1.3869517240673304,0.1703756629722193,0.3315537414550781,2.13929386890959,0.0028104379812534767
234,16384,1177666,1651515,1808894976,0.22735148190986365,1.3996346840867773,0.1715316529152915,0.3567274780273437,2.1553053389070556,0.0027857754859861206
235,16384,1177811,1655808,1809117696,0.23137846996542066,1.3970417140517384,0.17124774598050863,0.3564652099609375,2.1562046790495515,0.0033178246778406075
236,16384,1184351,1661084,1819163136,0.23385868803597987,1.4062107889913023,0.17232027591671795,0.3553658142089844,2.167814148007892,0.002702300608252333
237,6172,537270,675897,825246720,0.09149281505960971,0.6400731869507581,0.07859196804929525,0.15186729431152343,0.9620842910371721,0.0061352904870662145
238,16384,1186652,1664185,1822697472,0.23667860100977123,1.4040701059857383,0.17266851698514074,0.3582289733886719,2.1717047160491347,0.0026945965250288204
239,16384,1169653,1642313,1796587008,0.22340201202314347,1.3879775919485837,0.17044776503462344,0.35438253784179685,2.136269500013441,0.002789590231605236
240,16384,1178161,1651839,1809655296,0.2244789550313726,1.406123194959946,0.1723814159631729,0.3557806701660156,2.1588419169420376,0.003598263537535981
241,16384,1176801,1654393,1807566336,0.2668023389996961,1.4004234749590978,0.17247558804228902,0.3506344909667969,2.1904071250464767,0.0032520017754885406
242,16384,1184727,1663331,1819740672,0.2787134969839826,1.4082084139809012,0.17354928608983755,0.3560176391601563,2.216561733977869,0.003288776571114478
243,6172,537953,676627,826295808,0.11810773494653404,0.6424600440077484,0.0796332040335983,0.15121058654785155,0.9914811400230974,0.007016824078316891
244,16384,1185729,1664350,1821279744,0.3118514069356024,1.4282619639998302,0.17455406801309437,0.3323478698730469,2.2470887979725376,0.0032704159724364305
245,16384,1168292,1641854,1794496512,0.34997846803162247,1.3899457469815388,0.17094262200407684,0.328557373046875,2.2395239390898496,0.004453135061232034
246,16384,1176330,1649443,1806842880,0.3194712420227006,1.3965325478930026,0.17205757705960423,0.34967996215820313,2.237802336923778,0.0027262367752951774
247,16384,1175528,1653720,1805611008,0.289463190943934,1.39620980003383,0.17166217893827707,0.3566917724609375,2.2141019799746573,0.003389075948499545
248,16384,1182567,1660455,1816422912,0.287030640989542,1.42284373100847,0.17187700304202735,0.3574960021972656,2.2393055269494653,0.0025967743776049847
249,6172,537801,676537,826062336,0.10684098000638187,0.6418675819877535,0.07833052903879434,0.15306134033203125,0.9801613700110465,0.006217205446986502
250,16384,1186583,1666764,1822591488,0.2895346919540316,1.4049716390436515,0.1724466069135815,0.3480812072753906,2.2150940009159967,0.0027021755878832367
251,16384,1168733,1642327,1795173888,0.25010310602374375,1.3881774010369554,0.17001396603882313,0.35360189819335935,2.1619547141017392,0.002698613827424923
252,16384,1177356,1652010,1808418816,0.24776464002206922,1.3997502169804648,0.17089347704313695,0.35106097412109377,2.1695303809829056,0.0028150247019399837
253,16384,1176542,1654388,1807168512,0.2339283439796418,1.3997785190586,0.17097997094970196,0.3489578857421875,2.1537119440035895,0.0031213214768685115
254,16384,1182199,1659152,1815857664,0.25171240291092545,1.4052286570658907,0.17179759801365435,0.35860064697265626,2.1873991849133745,0.0027374953168394413
255,6172,537660,676827,825845760,0.09653563494794071,0.6419176809722558,0.07812799804378301,0.1526129608154297,0.9692542640259489,0.006189216675782464
256,16384,1185495,1664373,1820920320,0.25737116392701864,1.4055955370422453,0.17235972604248673,0.3330472717285156,2.168433170998469,0.002742637356686022
257,16384,1168560,1640706,1794908160,0.24697345099411905,1.386730931000784,0.16991894890088588,0.34848358154296877,2.152164215920493,0.0026625980169808884
258,16384,1178824,1652501,1810673664,0.2388953500194475,1.3999621029943228,0.17147166293580085,0.35233203125,2.162723497953266,0.0028829738870349755
259,16384,1177910,1657667,1809269760,0.24442574405111372,1.3981311289826408,0.17121745296753943,0.35598773193359373,2.169821953983046,0.002760413039818471
260,16384,1182642,1659248,1816538112,0.23495407903101295,1.4064019659999758,0.17169425496831536,0.35433001708984374,2.167445086990483,0.0029883064500206926
261,6172,538089,677064,826504704,0.09246551198884845,0.6444094879552722,0.07840517407748848,0.15226332092285155,0.9676066390238702,0.0065258005539575205
262,16384,1185574,1664654,1821041664,0.24243121210020036,1.4025282469810918,0.17241026798728853,0.3449783630371094,2.162411735043861,0.0029432386598429974
263,16384,1168965,1641923,1795530240,0.24900400405749679,1.3872274770401418,0.16976684192195535,0.3497127685546875,2.155770728015341,0.002766362873575225
264,16384,1179381,1653663,1811529216,0.23114565596915781,1.3764765750383958,0.171325649949722,0.3540177917480469,2.133026923984289,0.0028715661428314497
265,16384,1177267,1654992,1808282112,0.23573047295212746,1.4010544690536335,0.17111630889121443,0.3539557800292969,2.1619171919301152,0.002782761711117391
266,16384,1182670,1661496,1816581120,0.2324905110290274,1.4032100370386615,0.17213637696113437,0.35647845458984373,2.16437534999568,0.002770793754111939
267,6172,536531,674991,824111616,0.08999711403157562,0.6414823499508202,0.07820851798169315,0.15057391357421876,0.9603218629490584,0.006244511664713695
268,16384,1185686,1663329,1821213696,0.25283999100793153,1.4039083910174668,0.17219309299252927,0.33920379638671877,2.1682051080279052,0.0027597307578224807
269,16384,1168272,1640764,1794465792,0.22659976105205715,1.3887280710041523,0.16977426898665726,0.35115869140625,2.1363217970356345,0.0028555897619249623
270,16384,1177897,1651750,1809249792,0.22698119701817632,1.399078525020741,0.17098727694246918,0.3557472229003906,2.1528557010460645,0.0028557029743133937
271,16384,1175179,1652840,1805074944,0.24197524203918874,1.3982229169923812,0.1708922740072012,0.33839639282226563,2.149551896029152,0.0030271503672593975
272,16384,1183828,1661697,1818359808,0.23044893401674926,1.4073982739355415,0.17180818202905357,0.3525195007324219,2.1622454719617963,0.0032642569470212783
273,6172,538379,676877,826950144,0.09095116192474961,0.6433658919995651,0.07812410907354206,0.1500498809814453,0.9625502809649333,0.0061541705199937916
274,16384,1185981,1663801,1821666816,0.23132945597171783,1.4069829009240493,0.17247995000798255,0.3578659973144531,2.1687191519886255,0.002805700791958504
275,16384,1168640,1642089,1795031040,0.222148495959118,1.3863526670029387,0.17000495200045407,0.330531982421875,2.109100151923485,0.002942228184026727
276,16384,1178371,1652486,1809977856,0.22583569295238703,1.401491791009903,0.17147576296702027,0.35377615356445313,2.1526408239733428,0.0028534012221377793
277,16384,1178181,1656562,1809686016,0.23854549799580127,1.3982355520129204,0.17125987692270428,0.351686279296875,2.159787721000612,0.002801885190962792
278,16384,1183063,1660250,1817184768,0.2361703250790015,1.4037612889660522,0.1718490810599178,0.3535413818359375,2.165383725077845,0.002846984403837875
279,6172,537373,675537,825404928,0.09806775697506964,0.6410289390478283,0.07820719794835895,0.151901123046875,0.9692665160400793,0.00634490317468738
280,16384,1184319,1663067,1819113984,0.2315456880023703,1.402261291979812,0.1722619120264426,0.3502307739257812,2.156358590000309,0.0027325726888037007
281,16384,1168494,1641120,1794806784,0.24589221097994596,1.3868854530155659,0.16967749292962253,0.35181503295898436,2.1543319419724867,0.0028664147416194823
282,16384,1176246,1649623,1806713856,0.22331856796517968,1.403077999013476,0.17356316500809044,0.35124578857421873,2.151277784956619,0.0033591382832769017
283,16384,1176579,1655083,1807225344,0.25890277000144124,1.399981033988297,0.17322906595654786,0.3501641540527344,2.1823490909300745,0.0033022641223347496
284,16384,1183084,1661225,1817217024,0.29079589899629354,1.408444082015194,0.17306943994481117,0.3576707458496094,2.230049083940685,0.0030903864526140657
285,6172,538185,676971,826652160,0.12085517402738333,0.6448688519885764,0.07820997200906277,0.15011756896972656,0.9941203499911353,0.006918980824300108
286,16384,1185324,1664506,1820657664,0.3392622630344704,1.410207372973673,0.17427732609212399,0.3555885009765625,2.2794070650124922,0.0031412526863412705
287,16384,1168314,1640830,1794530304,0.3386007259832695,1.3852147470461205,0.17004087194800377,0.3537803955078125,2.2477372409775853,0.0044711850899064
288,16384,1175930,1650763,1806228480,0.31843784800730646,1.3931145670358092,0.17074287997093052,0.35438076782226563,2.2367356920149177,0.0026659018684589237
289,16384,1176337,1654098,1806853632,0.28855225699953735,1.3930586650967598,0.17102738900575787,0.33425082397460937,2.1869506190996617,0.002811404265846613
290,16384,1183150,1660870,1817318400,0.2852222709916532,1.4027754049748182,0.1719399819849059,0.3556813659667969,2.215680232970044,0.0027625399621692285
291,6172,537261,676567,825232896,0.11106518504675478,0.6412214860320091,0.07828213996253908,0.15211929321289064,0.9827480340609327,0.006098186377584019
292,16384,1185796,1664214,1821382656,0.2925695829326287,1.4056640909984708,0.17247318499721587,0.3438900451660156,2.2146595269441605,0.002827651341770045
293,16384,1167527,1639663,1793321472,0.26111048902384937,1.3898727420018986,0.16952146298717707,0.3288476257324219,2.149415949941613,0.002960348194470739
294,16384,1178191,1651704,1809701376,0.2592144870432094,1.3990816610166803,0.17136321298312396,0.35369781494140623,2.1834160620346665,0.0026969688127944837
295,16384,1176001,1653609,1806337536,0.24600193789228797,1.3962089420529082,0.171209875959903,0.34039215087890623,2.1538739989046007,0.0028363832158385563
296,16384,1183556,1660409,1817942016,0.24122801003977656,1.4047449430217966,0.1721840719692409,0.35374691772460937,2.171973917982541,0.003221734227020533
297,6172,538351,677176,826907136,0.09650973707903177,0.6442488989559934,0.07838871295098215,0.1502769012451172,0.9694865180645138,0.0064227642395351696
298,16384,1186257,1664889,1822090752,0.26261885394342244,1.4033990160096437,0.17248541896697134,0.33513946533203126,2.173703828942962,0.002809706183515095
299,16384,1168091,1640771,1794187776,0.25306302797980607,1.3887702380307019,0.16988232801668346,0.35108944702148437,2.1628659970592707,0.002818298067377257
300,16384,1176996,1650640,1807865856,0.24510145804379135,1.3973770029842854,0.17156908102333546,0.35578564453125,2.1698945889947936,0.0028297417046284487
301,16384,1176641,1654567,1807320576,0.26304888899903744,1.3967874170048162,0.17068302701227367,0.3500490112304688,2.1806297909934074,0.0028178440496860464
302,16384,1182598,1660329,1816470528,0.23350930796004832,1.4051270260242745,0.1719912299886346,0.35063259887695314,2.1613207899499685,0.0028050949373163688
303,6172,537362,676161,825388032,0.09395653801038861,0.6415356990182772,0.07827691698912531,0.1475067901611328,0.9613375200424343,0.006405228364299378
304,16384,1185091,1663179,1820299776,0.25903297995682806,1.402883950038813,0.1722638059873134,0.35832330322265626,2.1925641369307414,0.0027409791174789143
305,16384,1168771,1642567,1795232256,0.2432185070356354,1.3890689319232479,0.16999169101472944,0.35020730590820315,2.1525483479490504,0.002876221911285057
306,16384,1178185,1652325,1809692160,0.2312034140340984,1.39954404393211,0.1711747810477391,0.3444828491210937,2.1464641590137035,0.002752008619116517
307,16384,1177872,1655002,1809211392,0.2199662229977548,1.4014411559328437,0.17122933000791818,0.350536376953125,2.1432334089186043,0.0028145803770807123
308,16384,1182755,1659474,1816711680,0.23079385701566935,1.404054670012556,0.17196475598029792,0.35317938232421875,2.160052313003689,0.002761399369257002
309,6172,536915,676053,824701440,0.09411081299185753,0.6419833140680566,0.07811293797567487,0.14710777282714843,0.9613744610687718,0.0062018712217590055
310,16384,1185646,1664409,1821152256,0.25893250200897455,1.4031585570191965,0.172423550975509,0.35499896240234374,2.189572889939882,0.0027090915370146093
311,16384,1167522,1640985,1793313792,0.23812101897783577,1.3885745910229161,0.16971669299528003,0.35140716552734375,2.1478831259300932,0.002963727679077828
312,16384,1176991,1651048,1807858176,0.2321960689732805,1.398301784065552,0.17124813399277627,0.339784423828125,2.1415903519373387,0.0027989049143204033
313,16384,1175578,1654976,1805687808,0.22944307199213654,1.3738587060943246,0.1703870949568227,0.355330322265625,2.1290792730869725,0.0028217727175741504
314,16384,1183465,1661660,1817802240,0.22550080297514796,1.4066107789985836,0.1720911959419027,0.35824017333984376,2.162503356928937,0.0027933216041339743
315,6172,538527,676595,827177472,0.09111138200387359,0.6448740089545026,0.0784911890514195,0.1530833282470703,0.9676177790388465,0.005980748104688604
316,16384,1186336,1665273,1822212096,0.24917481699958444,1.4043104070005938,0.1721483140718192,0.355293212890625,2.180986859020777,0.002756002765729862
317,16384,1167785,1639253,1793717760,0.24197820399422199,1.3872529020300135,0.16999891900923103,0.3430570068359375,2.1423459050711244,0.0027480717087291708
318,16384,1176074,1649035,1806449664,0.23562907800078392,1.3961128570372239,0.17107021296396852,0.3503407897949219,2.1532132510328665,0.0028010804753914667
319,16384,1176487,1654597,1807084032,0.2291582819307223,1.3980236520292237,0.17088350106496364,0.3559599609375,2.1540901929838583,0.0030080923101322068
320,16384,1181284,1659016,1814452224,0.2246753900544718,1.4016039869748056,0.17193011997733265,0.3628585510253906,2.1611288930289447,0.002815426564337999
321,6172,537296,676187,825286656,0.09151269297581166,0.6422113929875195,0.07808802800718695,0.1516926727294922,0.9635751869063824,0.007306145626081531
322,16384,1185836,1664863,1821444096,0.2500477869762108,1.4048746830085292,0.17256835207808763,0.3563643798828125,2.1839150589657947,0.0027408126478599333
323,16384,1168194,1641027,1794345984,0.2529147870372981,1.3903512929100543,0.1697247960837558,0.35421636962890624,2.1672685119556263,0.0028268899434426412
324,16384,1176367,1650801,1806899712,0.2382126949960366,1.403484334005043,0.1734205960528925,0.353078857421875,2.168266243999824,0.003217387355917861
325,16384,1176094,1654278,1806480384,0.2833303519291803,1.4020297849783674,0.17191923910286278,0.3434285583496094,2.2007817269768566,0.0033530184266826555
326,16384,1181851,1659103,1815323136,0.2900026710703969,1.4075650649610907,0.17263372102752328,0.3635423278808594,2.2338160530198365,0.003235184914569065
327,6172,538270,677660,826782720,0.1234185709618032,0.6448135969694704,0.07843914197292179,0.1551678009033203,1.0019100059289485,0.007075996947154512
328,16384,1185840,1664284,1821450240,0.338216551928781,1.4099949840456247,0.17330010398291051,0.35555426025390624,2.2771382560022175,0.0031774878316879734
329,16384,1168925,1641353,1795468800,0.33366218802984804,1.3884962010197341,0.17001251492183656,0.34884234619140625,2.241120849037543,0.0048011188135760954
330,16384,1176409,1652770,1806964224,0.31720816204324365,1.3950656140223145,0.17112287401687354,0.35245083618164064,2.2359074730193242,0.0026828818265444156
331,16384,1175921,1655125,1806214656,0.3139096440281719,1.3953999750083312,0.17058847402222455,0.35483120727539064,2.2347930381074548,0.0028520660414508114
332,16384,1183265,1662015,1817495040,0.3024006530176848,1.4050964720081538,0.17242337600328028,0.35748995971679687,2.237472768058069,0.0027847182340173995
333,6172,537932,676603,826263552,0.10297338792588562,0.6483654280891642,0.07831059000454843,0.1451743927001953,0.9748859609244391,0.006376356531656787
334,16384,1184249,1662016,1819006464,0.2900600190041587,1.4024060639785603,0.1720277810236439,0.3363443298339844,2.200898736016825,0.0027507933684858877
335,16384,1168297,1639835,1794504192,0.24878055800218135,1.3888822180451825,0.16993291897233576,0.3501956787109375,2.157851647003554,0.0027932074478051253
336,16384,1176800,1650896,1807564800,0.2471687839133665,1.3962110340362415,0.17092030006460845,0.3519798889160156,2.166338198003359,0.0026861490593132905
337,16384,1176832,1655490,1807613952,0.23453946900554,1.3963794810697436,0.17109886393882334,0.35666082763671875,2.1587368979817256,0.0026986304331109816
338,16384,1181479,1660110,1814751744,0.25252445496153086,1.4023157210322097,0.17177069594617933,0.36301791381835935,2.18968855694402,0.002729666077456761
339,6172,537910,675990,826229760,0.09542331309057772,0.6428955879528075,0.07832323503680527,0.15123773193359374,0.9679417130537331,0.006389335133998729
340,16384,1186154,1664919,1821932544,0.2539088010089472,1.407702779979445,0.17245400208048522,0.3526292724609375,2.186756005976349,0.0027964000723840997
341,16384,1167610,1638888,1793448960,0.23862450697924942,1.3888839039718732,0.16974066104739904,0.35332827758789065,2.1506363810040057,0.002744834883043625
342,16384,1177492,1650827,1808627712,0.23906226200051606,1.3963662669993937,0.17144513095263392,0.3550155029296875,2.1619484910042956,0.002744196834998572
343,16384,1176886,1654614,1807696896,0.24594561604317278,1.3986502810148522,0.17114859691355377,0.34893295288085935,2.1647407190175727,0.0029228518953305746
344,16384,1181996,1660116,1815545856,0.22929048398509622,1.4021942360559478,0.17199774691835046,0.3470888671875,2.150629415991716,0.0027006905229610195
345,6172,537653,676423,825835008,0.09153367404360324,0.642496224027127,0.07823002897202969,0.15338578796386718,0.9657061590114608,0.006259047254664969
346,16384,1185506,1664798,1820937216,0.2561328859301284,1.3834646809846163,0.17202304501552135,0.3525577697753906,2.164242106024176,0.00294441727854441
347,16384,1169810,1641292,1796828160,0.2507394060958177,1.3918065869947895,0.1700329160084948,0.3484635925292969,2.1611016769893467,0.0027382034625150946
348,16384,1177301,1651800,1808334336,0.23479744896758348,1.3983168719569221,0.17112767603248358,0.3504877319335937,2.1547997560119256,0.003249820367166038
349,16384,1176789,1654421,1807547904,0.21540766290854663,1.3953042071079835,0.1709719969658181,0.347569580078125,2.1293119569309056,0.0027478298913299753
350,16384,1182911,1659930,1816951296,0.2272639030124992,1.406545607955195,0.17203367105685174,0.35805047607421875,2.163952340022661,0.002711793730887651
351,6172,538356,677097,826914816,0.09263256296981126,0.6428259660024196,0.07838988793082535,0.15419056701660155,0.9680969530018046,0.005987941803473365
352,16384,1187586,1666127,1824132096,0.25957253004889935,1.4074093179078773,0.17288047005422413,0.3466451110839844,2.186566530028358,0.002702910364783533
353,16384,1169120,1641912,1795768320,0.25258975895121694,1.3882751390337944,0.16997527494095266,0.3449668273925781,2.155867605935782,0.00281119383553236
354,16384,1177371,1651451,1808441856,0.23658067407086492,1.3968968249391764,0.1710640040691942,0.3524261169433594,2.157030898029916,0.002933569814826571
355,16384,1176559,1655218,1807194624,0.23401613300666213,1.3967303269309923,0.17110855598002672,0.3535360412597656,2.1554511949652806,0.0027900324523445806
356,16384,1184163,1661158,1818874368,0.23056154209189117,1.4045721009606495,0.17199972597882152,0.35635321044921875,2.1635472381021827,0.0028036652277977853
357,6172,538596,677654,827283456,0.09114847099408507,0.6442936410894617,0.07845719298347831,0.15118783569335936,0.9651501270709559,0.006526063542321216
358,16384,1186288,1664881,1822138368,0.24082517006900162,1.4040631839307025,0.17258820706047118,0.34253857421875,2.1600742019945756,0.002734476232140802
359,16384,1168690,1640053,1795107840,0.2287073879269883,1.38767841598019,0.16997095302212983,0.3535060119628906,2.139922762988135,0.002803563613329406
360,16384,1177504,1650879,1808646144,0.2541586299194023,1.398798427078873,0.17131721298210323,0.3557320251464844,2.180069844936952,0.002915035508450617
361,16384,1176619,1654219,1807286784,0.23938159900717437,1.4001038989517838,0.17094525007996708,0.35415313720703123,2.1646435860311612,0.0027579960779708017
362,16384,1182273,1660980,1815971328,0.22790297598112375,1.3722134319832548,0.1716021429747343,0.3329814147949219,2.104760516900569,0.0028768672753207197
363,6172,538369,677399,826934784,0.09001444501336664,0.6450462070060894,0.07835642003919929,0.14565235900878906,0.9591302119661123,0.006337085195482078
364,16384,1187092,1665386,1823373312,0.25590173597447574,1.4046966140158474,0.1725762920686975,0.3583087158203125,2.19154230307322,0.0026896671720262285
365,16384,1168015,1640389,1794071040,0.22409998904913664,1.3874629869824275,0.1698676230153069,0.3542846984863281,2.1357758350204676,0.0028344494902405953
366,16384,1177494,1651055,1808630784,0.22775800700765103,1.407709681079723,0.1722568878903985,0.3380003967285156,2.145798592013307,0.0034308582032350414
367,16384,1175797,1654689,1806024192,0.2490998189896345,1.4019585769856349,0.17202682397328317,0.34640777587890625,2.169613742036745,0.005565332065647238
368,16384,1184131,1661396,1818825216,0.29015032306779176,1.4109274490037933,0.173408729955554,0.35360433959960935,2.2281622709706426,0.0032057514313267987
369,6172,537150,676437,825062400,0.12024967197794467,0.6430474939988926,0.07922084897290915,0.15095468139648438,0.9935426759766415,0.007043444846682273
370,16384,1184604,1662253,1819551744,0.3253422040725127,1.4066955730086192,0.17333901394158602,0.3587026672363281,2.2641508250962943,0.0031520354764905125
371,16384,1168371,1641783,1794617856,0.32730990706477314,1.3870029300451279,0.17003968392964453,0.3532808532714844,2.237732569104992,0.004432826126385381
372,16384,1177030,1651644,1807918080,0.3200273319380358,1.3970600289758295,0.17117819504346699,0.3547308654785156,2.243056025938131,0.0026572899470142094
373,16384,1176919,1655072,1807747584,0.3068699729628861,1.3951328960247338,0.17089972598478198,0.33976950073242185,2.2127345169428736,0.002820999879201273
374,16384,1182088,1659343,1815687168,0.27818096603732556,1.404710286995396,0.17176050296984613,0.3584237976074219,2.213133782031946,0.002631039407959735
375,6172,537257,675384,825226752,0.10710665595252067,0.6416336910333484,0.07829747605137527,0.151012451171875,0.9781121700070798,0.006328087908363921
376,16384,1184319,1663106,1819113984,0.2859104669187218,1.401772573008202,0.172036960022524,0.3426278381347656,2.2024078239919618,0.0027236512282205767
377,16384,1168236,1641051,1794410496,0.25153270503506064,1.38672929990571,0.16943937807809561,0.35008978271484376,2.1578498110175133,0.0027177648557357146
378,16384,1178590,1652219,1810314240,0.2378481300547719,1.3710737189976498,0.1732365199131891,0.35209808349609373,2.134316944051534,0.0028342364988400834
379,16384,1176293,1655617,1806786048,0.23623971606139094,1.4005347760394216,0.17084903200156987,0.34466903686523437,2.1523521030321717,0.0027663719365873416
380,16384,1183561,1661206,1817949696,0.25906279601622373,1.4046977810794488,0.17199183988850564,0.35427978515625,2.1900934249861166,0.002795444476922334
381,6172,538324,677166,826865664,0.09431240207049996,0.6465489739784971,0.07846957899164408,0.15411293029785156,0.973503977060318,0.006172724841532191
382,16384,1186613,1666448,1822637568,0.2730978929903358,1.4075769170885906,0.17250305297784507,0.35535659790039065,2.2085960740223527,0.00278969368439068
383,16384,1168228,1640430,1794398208,0.26097133895382285,1.387064935057424,0.16983029805123806,0.3324234924316406,2.1503504660213366,0.0028089154844950504
384,16384,1178242,1652343,1809779712,0.2442852279637009,1.3998299640370533,0.17106643202714622,0.3531474914550781,2.168392283958383,0.0029131479516660507
385,16384,1178011,1656247,1809424896,0.23920800897758454,1.3973465710878372,0.17134971695486456,0.3541205139160156,2.1620941780274734,0.0032083288450849208
386,16384,1181959,1659544,1815489024,0.22843470389489084,1.4022767320275307,0.17190438602119684,0.36316119384765627,2.165835339925252,0.0026929163497313043
387,6172,537963,676910,826311168,0.08770061004906893,0.6502701570279896,0.07806937291752547,0.14653890991210938,0.9626405030721799,0.006383812574925402
388,16384,1186250,1663988,1822080000,0.2636317959986627,1.4041545859072357,0.17249939206521958,0.35387680053710935,2.1942204209044576,0.002636307441098629
389,16384,1167590,1641192,1793418240,0.23092490108683705,1.3860762749100104,0.16981023701373488,0.33701779174804686,2.1238889780361205,0.0028143315450721894
390,16384,1176180,1651795,1806612480,0.23070291010662913,1.3946711509488523,0.1709260819479823,0.3563482666015625,2.152708498062566,0.002791295597780376
391,16384,1177763,1655744,1809043968,0.2196891369530931,1.3978393860161304,0.17104771092999727,0.35420751953125,2.14284535497427,0.0028747545246726957
392,16384,1183424,1661093,1817739264,0.24014348501805216,1.4075068270321935,0.17174890998285264,0.3563144836425781,2.1757755309809,0.002841529576145632
393,6172,537565,676424,825699840,0.09088463301304728,0.6411855110200122,0.07827589195221663,0.15424032592773437,0.964645946980454,0.006176884651828762
394,16384,1187293,1665702,1823682048,0.24238789698574692,1.4054631360340863,0.17246734688524157,0.35894873046875,2.179325512959622,0.0026798468356156475
395,16384,1167442,1639974,1793190912,0.22939438407775015,1.359632110921666,0.16952177905477583,0.3530207824707031,2.11163086805027,0.0029271936828436664
396,16384,1177488,1651859,1808621568,0.2306389530422166,1.3982351389713585,0.17125061200931668,0.3537097778320312,2.153897279058583,0.0029155152509246075
397,16384,1176831,1655494,1807612416,0.2374333170009777,1.3964552910765633,0.17097355797886848,0.35423916625976565,2.1591614270582795,0.0027832445203603067
398,16384,1183381,1661576,1817673216,0.22195726702921093,1.4040091859642416,0.1720464590471238,0.3380890808105469,2.136166461976245,0.0030179822719565374
399,6172,537418,675939,825474048,0.08937815600074828,0.6415197741007432,0.07830747892148793,0.1520609893798828,0.9613289700355381,0.0065088678929081135
400,16384,1185738,1664414,1821293568,0.2518230649875477,1.4065155979478732,0.17223537003155798,0.35857949829101565,2.18921215494629,0.002677844089385814
401,16384,1167998,1640358,1794044928,0.22639855206944048,1.3868827929254621,0.16989617701619864,0.35211715698242185,2.135353340068832,0.00274713670136387
402,16384,1178517,1652382,1810202112,0.21639287995640188,1.3987961990060285,0.1713356910040602,0.353136962890625,2.139722710940987,0.002849812434077532
403,16384,1176527,1655548,1807145472,0.21681523497682065,1.3975286920322105,0.17119932593777776,0.35562152099609373,2.141224322025664,0.00278102962632691
404,16384,1182116,1659542,1815730176,0.2415917970938608,1.4043200149899349,0.17190695099998266,0.36278659057617185,2.180667646112852,0.00285657711356058
405,6172,537963,676547,826311168,0.08850955893285573,0.6469244899926707,0.07837830297648907,0.15226608276367187,0.9661378589225933,0.006150701616447174
406,16384,1184854,1662507,1819935744,0.2586199149955064,1.4021490280283615,0.1720607690513134,0.3562736511230469,2.1891631330363452,0.0027302596693268327
407,16384,1168835,1641340,1795330560,0.2244429369457066,1.388156161061488,0.16981411294545978,0.3398568115234375,2.1223293360089883,0.002794737456151916
408,16384,1177298,1651990,1808329728,0.22726973798125982,1.4048407130176201,0.17226955993101,0.3532344665527344,2.157687983941287,0.003406723270909847
409,16384,1176528,1654096,1807147008,0.24730098398867995,1.4020139740314335,0.1722693699412048,0.3523176879882812,2.173975983983837,0.003402431065595342
410,16384,1182723,1659192,1816662528,0.28943921998143196,1.409537689993158,0.17403308302164078,0.3565232849121094,2.2296036649495363,0.0031569306376267254
411,6172,538272,677318,826785792,0.12041391001548618,0.6376656159991398,0.08004485303536057,0.1499552001953125,0.9881503360811621,0.0071605335017751225
412,16384,1184601,1663409,1819547136,0.3273227880708873,1.4077158579602838,0.17332962597720325,0.35838555908203124,2.2668241430073977,0.003101780842115374
413,16384,1168304,1642006,1794514944,0.3273257929831743,1.3859384510433301,0.16990787000395358,0.3518757019042969,2.2351509280269966,0.004613204904801292
414,16384,1177877,1652916,1809219072,0.3208372200606391,1.3962876279838383,0.1715915040113032,0.35625701904296875,2.245035744039342,0.002778260469037836
415,16384,1176188,1653279,1806624768,0.3083985160337761,1.3934044539928436,0.1708133069332689,0.3390886535644531,2.2117661889642477,0.0027696616492132843
416,16384,1182749,1660044,1816702464,0.278973217937164,1.4022035649977624,0.1718976830597967,0.35781771850585936,2.210951672983356,0.0026906279092423677
417,6172,538425,677318,827020800,0.10713898192625493,0.6445191130042076,0.0784767980221659,0.15431231689453126,0.9845099520171061,0.0063729340488479546
418,16384,1186711,1665454,1822788096,0.28838774596806616,1.407859900034964,0.17249976994935423,0.3583162841796875,2.227126262965612,0.002809128273522094
419,16384,1167788,1639918,1793722368,0.2710344159277156,1.3883236079709604,0.1694912320235744,0.35383660888671875,2.1827483559027314,0.002862954567957253
420,16384,1178130,1650961,1809607680,0.2482898939633742,1.4001903829630464,0.1710253159981221,0.3530693359375,2.1726373030105606,0.0028708955899495866
421,16384,1176458,1655440,1807039488,0.23037594591733068,1.3977382919983938,0.17074665101245046,0.3509093322753906,2.149828991969116,0.0027337414171151415
422,16384,1181751,1660065,1815169536,0.24053832900244743,1.40656667703297,0.17135039996355772,0.3654131164550781,2.183930200058967,0.0028241564181829665
423,6172,538856,677568,827682816,0.09651302092242986,0.6442119370913133,0.07844824995845556,0.1455758056640625,0.9648094329750165,0.00626230804657772
424,16384,1185957,1663282,1821629952,0.27255305903963745,1.4047383869765326,0.17277592595200986,0.35183917236328127,2.2019688229775056,0.0028283164318390094
425,16384,1168327,1640598,1794550272,0.2621875930344686,1.3886539159575477,0.16988093697000295,0.3488016052246094,2.169586403062567,0.0028739060979723193
426,16384,1178405,1652485,1810030080,0.24475226702634245,1.4027496819617227,0.17162926704622805,0.3433031005859375,2.1624963090289384,0.0028667058736198494
427,16384,1177355,1656781,1808417280,0.24093826895114034,1.3635828290134668,0.17117591900750995,0.33731649780273437,2.113076829002239,0.0029963050334067417
428,16384,1182077,1659397,1815670272,0.23050288599915802,1.4037897520465776,0.17184941400773823,0.3599200439453125,2.1661221099784598,0.0027705723235503395
429,6172,537949,676693,826289664,0.08861853601410985,0.6491438309894875,0.07846188393887132,0.15213241577148437,0.968418407952413,0.006375471382299088
430,16384,1185484,1664222,1820903424,0.2655916669173166,1.4045203370042145,0.1722165970131755,0.33944940185546874,2.181837674928829,0.002734948586668954
431,16384,1169128,1643357,1795780608,0.2546351319178939,1.3906808270839974,0.16994459193665534,0.34885723876953123,2.1641798689961433,0.0028684902283316505
432,16384,1178027,1652636,1809449472,0.2387928020907566,1.3997009159065783,0.17132771806791425,0.35053118896484375,2.1604150070343167,0.002887500967197388
433,16384,1177110,1655030,1808040960,0.23580584290903062,1.3982492490904406,0.17126213992014527,0.3508232421875,2.156202747952193,0.0028881256707313173
434,16384,1181893,1659739,1815387648,0.23272878397256136,1.4030055860057473,0.17175992706324905,0.3604540710449219,2.1680099109653383,0.0028386806973332377
435,6172,536950,676515,824755200,0.09190486697480083,0.6415214199805632,0.07832794997375458,0.15280323791503905,0.9646209629718214,0.00658166576311731
436,16384,1185642,1663065,1821146112,0.23881049000192434,1.403947606915608,0.172501526074484,0.34627584838867187,2.1615942229982466,0.0027179762479674027
437,16384,1168349,1641094,1794584064,0.22779466304928064,1.3875908219488338,0.16979432106018066,0.35196636962890626,2.137207063031383,0.0028489211567210245
438,16384,1176124,1650694,1806526464,0.2289105060044676,1.39866596495267,0.17073336604516953,0.35377102661132814,2.1521394359879196,0.0027215882625744267
439,16384,1177275,1654714,1808294400,0.2398401090176776,1.4019116390263662,0.17127669497858733,0.3561048583984375,2.169193266076036,0.0027643758582997844
440,16384,1182859,1660243,1816871424,0.23793484107591212,1.4055728719104081,0.17199736600741744,0.3562718811035156,2.1718366880668327,0.0027501132984681957
441,6172,538333,677629,826879488,0.09185957896988839,0.6423449220601469,0.07842457399237901,0.1519020538330078,0.9645932109560817,0.006436091396297132
442,16384,1185572,1664145,1821038592,0.23923989897593856,1.4049763550283387,0.17927788302768022,0.35916384887695313,2.1827152830082923,0.002625037714609572
443,16384,1167314,1640471,1792994304,0.22563329397235066,1.3858059979975224,0.1699623930035159,0.3577008056640625,2.1391646770061925,0.0029070398090222773
444,16384,1176961,1650679,1807812096,0.22795212699566036,1.371566205052659,0.17105231003370136,0.35261868286132814,2.1232496839948,0.002842767476014578
445,16384,1175144,1654310,1805021184,0.24269265495240688,1.3945052630733699,0.17088907992001623,0.3524303283691406,2.1605783289996907,0.002823442406052142
446,16384,1181938,1660302,1815456768,0.23389742500148714,1.4022588080260903,0.17216803994961083,0.36259405517578125,2.1709796770010144,0.0028258600803444315
447,6172,537779,677089,826028544,0.09284825599752367,0.6408823629608378,0.07846426498144865,0.1547364501953125,0.9669938859296963,0.006468685633255712
448,16384,1185765,1664111,1821335040,0.22912802698556334,1.4062409340403974,0.17258734500501305,0.332642578125,2.1406611170386896,0.0029071805070039927
449,16384,1169405,1642031,1796206080,0.22786002501379699,1.3885229689767584,0.17046411707997322,0.35033331298828124,2.13724267098587,0.0029124875665919397
450,16384,1178435,1651373,1810076160,0.23092359805013984,1.404322781949304,0.1739930500043556,0.3402176513671875,2.149528300971724,0.003313266482914628
451,16384,1176463,1655131,1807047168,0.25380731897894293,1.400291100027971,0.17253927793353796,0.3378031921386719,2.1645146049559116,0.0034056539336477375
452,16384,1182710,1659390,1816642560,0.2778935140231624,1.4103350690566003,0.1732245309976861,0.3579791259765625,2.219502200023271,0.0031520567656668635
453,6172,537249,676028,825214464,0.11896910099312663,0.642549711978063,0.07944767898879945,0.15001922607421875,0.9910575739340857,0.007250426389715682
454,16384,1186993,1664268,1823221248,0.3165714700007811,1.4034562279703096,0.17374027497135103,0.3425732421875,2.236416390980594,0.0033614424825032297
455,16384,1169316,1641885,1796069376,0.3462670489680022,1.388922878075391,0.17031082999892533,0.32878594970703123,2.2343849560711533,0.004397152851240813
456,16384,1178950,1652354,1810867200,0.32399642502423376,1.388409766019322,0.17147284094244242,0.3504352722167969,2.234374874038622,0.002710817980039236
457,16384,1177099,1654578,1808024064,0.28706719202455133,1.3970106430351734,0.17150431498885155,0.34143988037109374,2.1970835180254653,0.0027986012043203705
458,16384,1183282,1660770,1817521152,0.2864638209575787,1.3957960410043597,0.17233739199582487,0.35520205688476564,2.209860672010109,0.002776698475027264
459,6172,537251,676714,825217536,0.10978652897756547,0.6414864669786766,0.07839481008704752,0.15036312866210938,0.9800918019609526,0.00621036268559338
460,16384,1185014,1662557,1820181504,0.2906610679347068,1.36955557402689,0.17211508797481656,0.35567416381835937,2.1880675789434463,0.0028191628662232507
461,16384,1169899,1642010,1796964864,0.25154688803013414,1.3900549649260938,0.17052641708869487,0.3501131591796875,2.1623019879916683,0.0028006618591768537
462,16384,1177828,1652158,1809143808,0.24717017903458327,1.4003912409534678,0.1715757279889658,0.3530294494628906,2.172226288006641,0.00274789818459287
463,16384,1175694,1654495,1805865984,0.23610719200223684,1.396686405991204,0.17139751301147044,0.35234722900390625,2.1565988489892334,0.0028057596545551754
464,16384,1182558,1660185,1816409088,0.25403237401042134,1.404545763041824,0.17240438295993954,0.35409576416015626,2.185138249071315,0.002744215337375032
465,6172,537652,677043,825833472,0.09824986499734223,0.6407709199702367,0.07859983202069998,0.1527197723388672,0.9704137479420751,0.007559519337462468
466,16384,1186413,1665451,1822330368,0.25449603609740734,1.4045582839753479,0.17285598197486252,0.35648049926757813,2.1884533900301903,0.002859951931325009
467,16384,1168890,1642150,1795415040,0.23969717998988926,1.3889799140160903,0.1703521410236135,0.34837042236328125,2.1474611669545993,0.002864292154448275
468,16384,1176645,1651012,1807326720,0.26299848000053316,1.3957263769116253,0.17104161507450044,0.35146627807617187,2.1813033670186996,0.0032373743577716915
469,16384,1178031,1656533,1809455616,0.24720653996337205,1.401162556023337,0.17151314998045564,0.3401385498046875,2.160082748043351,0.002868050844568377
470,16384,1181094,1658908,1814160384,0.2299910590518266,1.4020572059089318,0.1721306201070547,0.3612874145507812,2.1655247310409322,0.002698256985958355
471,6172,537285,675860,825269760,0.09197833796497434,0.6414496370125562,0.07853705994784832,0.14543093872070312,0.9574572199489921,0.006396766522207547
472,16384,1188423,1666114,1825417728,0.25781147205270827,1.4059471850050613,0.1731757610104978,0.36196725463867185,2.198964538052678,0.0028588612799786543
473,16384,1168768,1640690,1795227648,0.2512266749981791,1.3868325570365414,0.17041582602541894,0.35295834350585936,2.1614928590133786,0.0027507584460364325
474,16384,1179126,1653373,1811137536,0.23271425801794976,1.400860212976113,0.171670685056597,0.35355438232421876,2.1588586850557476,0.0027397198935932396
475,16384,1175670,1653561,1805829120,0.22249163396190852,1.3969838690245524,0.1712333579780534,0.3377572631835937,2.1285273869289085,0.0028781767703121314
476,16384,1182438,1659709,1816224768,0.24615548399742693,1.384666376048699,0.17202217306476086,0.35421197509765623,2.1571161990286782,0.0027903374033490017
477,6172,537369,676094,825398784,0.09233491297345608,0.6410511509748176,0.07844119903165847,0.14524386596679686,0.9571314019849524,0.006297258464033927
478,16384,1186619,1664505,1822646784,0.25085261301137507,1.4057678480166942,0.17283407493960112,0.35297412109375,2.1824914100579917,0.0028752918010284093
479,16384,1169416,1642300,1796222976,0.25247585703618824,1.3876430139644071,0.17070064297877252,0.35177017211914063,2.1626479560509324,0.00269437992721139
480,16384,1177640,1650938,1808855040,0.24063336104154587,1.397582622943446,0.17163750296458602,0.35299880981445314,2.1629124720348045,0.0027821408194474103
481,16384,1177739,1655431,1809007104,0.23051977704744786,1.3975245909532532,0.17158522200770676,0.33911087036132814,2.138802614994347,0.0029060477191947803
482,16384,1183826,1661439,1818356736,0.24282250192482024,1.4063446710351855,0.17245488497428596,0.3433578186035156,2.1650409899884835,0.002822738736063313
483,6172,537454,675979,825529344,0.0908281629672274,0.6420435620239004,0.07832913799211383,0.15095564270019532,0.9622172679519281,0.006314817922607721
484,16384,1186420,1665355,1822341120,0.2552307149162516,1.411439425079152,0.17285535298287868,0.3373588562011719,2.176946360967122,0.0028485675522299143
485,16384,1169009,1641154,1795597824,0.2722198669798672,1.3902684259228408,0.17020206106826663,0.3466902160644531,2.179442555992864,0.0028441198078739812
486,16384,1177173,1651055,1808137728,0.2359742079861462,1.3977820000145584,0.17139954201411456,0.35114117431640623,2.1563588379649445,0.0028712120000130162
487,16384,1175936,1653359,1806237696,0.23072864499408752,1.395312033011578,0.17148865398485214,0.3519480895996094,2.149539208970964,0.002874447722525751
488,16384,1183198,1660683,1817392128,0.22907638095784932,1.4072617009514943,0.17248092009685934,0.35378680419921876,2.1626664740033448,0.002805231349928296
489,6172,537213,675780,825159168,0.0853394540026784,0.6463406620314345,0.07834883697796613,0.15256466674804686,0.9626544980565086,0.006324002693135392
490,16384,1184884,1662650,1819981824,0.25698148692026734,1.4024454100290313,0.1726584950229153,0.3590858154296875,2.1912316270172596,0.0027573358568308546
491,16384,1167973,1639924,1794006528,0.27745562698692083,1.3861490220297128,0.16996564203873277,0.34699005126953125,2.1806213810341433,0.0027991429313019164
492,16384,1176508,1649458,1807116288,0.23268311598803848,1.4030009859707206,0.17240310402121395,0.35348968505859374,2.1616502900142223,0.0033955064792247796
493,16384,1176984,1656382,1807847424,0.257358654984273,1.3755036529619247,0.17238820006605238,0.3533761291503906,2.158696944010444,0.0032569114436491655
494,16384,1182816,1661043,1816805376,0.2704003480030224,1.4098695300053805,0.17365907004568726,0.3554861755371094,2.2094852690352127,0.003174741420381659
495,6172,537558,675739,825689088,0.1139693179866299,0.6489984199870378,0.07822708203457296,0.15223472595214843,0.993501537013799,0.007246194467531731
496,16384,1186210,1665567,1822018560,0.3426072869915515,1.4123376889619976,0.17392719502095133,0.35424505615234375,2.2831888269865885,0.0031359587476062095
497,16384,1169472,1642103,1796308992,0.3247678820043802,1.387544792960398,0.17072385898791254,0.3467476806640625,2.2298850609222427,0.0045224889505177685
498,16384,1178173,1651568,1809673728,0.3209295260021463,1.3967998690204695,0.17123373597860336,0.35150607299804687,2.240529941045679,0.0027108339549721605
499,16384,1176369,1654217,1806902784,0.2913304810645059,1.3948031109757721,0.1713972589932382,0.3553288879394531,2.2129250089637935,0.0029494895018917374
500,16384,1183071,1661542,1817197056,0.2974288100376725,1.4021601909771562,0.17233889806084335,0.34234820556640627,2.2143374329898506,0.0027696026295940166
501,6172,538113,676915,826541568,0.10868394107092172,0.6424942829180509,0.07855848502367735,0.15011036682128906,0.9799087910214439,0.006298054275085298
502,16384,1184436,1661685,1819293696,0.27598946599755436,1.4019999699667096,0.1724232230335474,0.35899462890625,2.209466567961499,0.002683003141913626
503,16384,1168673,1642034,1795081728,0.25539218494668603,1.3864332709927112,0.17023121600504965,0.3504026794433594,2.162520451936871,0.002825432194640923
504,16384,1178378,1652626,1809988608,0.2520502320257947,1.3992653660243377,0.17170368193183094,0.35309417724609377,2.1761748479912058,0.002821040009963504
505,16384,1176150,1655267,1806566400,0.2573007659520954,1.3991268200334162,0.17151948099490255,0.35074624633789064,2.1787524439860135,0.0027139690822665166
506,16384,1182633,1661518,1816524288,0.23934517602901906,1.4027037399355322,0.17232446710113436,0.3556587829589844,2.1700923980679363,0.0027755520142807646
507,6172,537937,676906,826271232,0.09477765997871757,0.6418241210049018,0.0785641330294311,0.14516998291015626,0.9603976799407974,0.006433066101788338
508,16384,1186546,1664776,1822534656,0.2656119870953262,1.4043919619871303,0.17293012992013246,0.3544396667480469,2.197434210102074,0.002751588701048302
509,16384,1169339,1642220,1796104704,0.23864567698910832,1.350081422016956,0.17015316698234528,0.33417724609375,2.0931178299942985,0.0028817255901427033
510,16384,1178944,1653097,1810857984,0.22705799993127584,1.3993766700150445,0.17163615801837295,0.3565892944335938,2.1547203130321577,0.002793431402990719
511,16384,1177197,1655881,1808174592,0.22760646091774106,1.3968964450759813,0.1715409349417314,0.34139376831054685,2.13749867095612,0.0028566899689351486
512,16384,1182565,1659674,1816419840,0.2500198319321498,1.4029016640270129,0.1721132789971307,0.3379873962402344,2.1630829779896885,0.0028111169927093975
513,6172,537096,675878,824979456,0.09156442596577108,0.6412804420106113,0.0783310680417344,0.15375053405761718,0.9649884810205549,0.006426081351288592
514,16384,1185880,1663764,1821511680,0.23942598106805235,1.4031250999541953,0.1724959440762177,0.35663250732421875,2.171738906065002,0.0027339217505369237
515,16384,1168984,1641115,1795559424,0.23336887499317527,1.3865170769859105,0.1704640929820016,0.35171438598632815,2.142124759964645,0.00281631669438366
516,16384,1176973,1651745,1807830528,0.23602105805184692,1.3964173248969018,0.1714964520651847,0.33996511840820315,2.143969714990817,0.0032538504715182693
517,16384,1177366,1654862,1808434176,0.23082438006531447,1.400763459969312,0.1714737709844485,0.34988223266601565,2.153004997060634,0.0028403731355456504
518,16384,1181825,1659638,1815283200,0.23060397000517696,1.4033265850739554,0.17219115397892892,0.35957821655273436,2.1657606380758807,0.002803286014978942
519,6172,539118,677373,828085248,0.0866482489509508,0.6493523999815807,0.07868472009431571,0.15122773742675782,0.9659726589452475,0.006165028698378795
520,16384,1185689,1663856,1821218304,0.2603676139842719,1.4031783699756488,0.17261589493136853,0.35330908203125,2.1895357439061627,0.002958754329708322
521,16384,1168167,1640804,1794304512,0.25159606197848916,1.3867894649738446,0.17011931200977415,0.3459303283691406,2.15449547895696,0.0027993386990352335
522,16384,1178659,1652527,1810420224,0.23989625996910036,1.398788821999915,0.1718347929418087,0.3532857666015625,2.1638657219009474,0.0027765303527387884
523,16384,1176879,1653345,1807686144,0.23035444202832878,1.3987651569768786,0.1715340930968523,0.3556138305664063,2.1563288990873843,0.0028463384664706047
524,16384,1183632,1661129,1818058752,0.2416045410791412,1.4053486780030653,0.17254739894997329,0.3582420349121094,2.177803624072112,0.002799661418001952
525,6172,537802,675903,826063872,0.09159685298800468,0.6430144340265542,0.07845526305027306,0.1528672637939453,0.96600308699999,0.007171109714346621
526,16384,1183599,1662174,1818008064,0.25044272001832724,1.3829222619533539,0.17218381795100868,0.341685302734375,2.147294307942502,0.0028037742760643938
527,16384,1168399,1642726,1794660864,0.24968288210220635,1.389848660910502,0.17018400505185127,0.3539273376464844,2.1637128840666264,0.003235103700587291
528,16384,1178943,1651376,1810856448,0.23064735508523881,1.4009476319188252,0.1713410629890859,0.35699078369140624,2.1599915070692077,0.0029941499510528755
529,16384,1177088,1655439,1808007168,0.2500124939251691,1.3979751070728526,0.17126376496162266,0.35566259765625,2.174973663990386,0.002744878040592617
530,16384,1183353,1661426,1817630208,0.22862238402012736,1.4066878010053188,0.1723373259883374,0.35680001831054686,2.1645076139830053,0.0027759042420075312
531,6172,538269,677252,826781184,0.08943305199500173,0.6425226809224114,0.07859568507410586,0.15353587341308594,0.9641480939462781,0.006306348791741231
532,16384,1186142,1664935,1821914112,0.25416560797020793,1.403508319053799,0.17291713797021657,0.3538197021484375,2.1844700439833105,0.0027135570392732658
533,16384,1167714,1641532,1793608704,0.24083237000741065,1.3879675589269027,0.17022164002992213,0.3508638000488281,2.1499467979883775,0.0028572323450749095
534,16384,1177552,1651403,1808719872,0.22900125698652118,1.402609481010586,0.17267836292739958,0.35462173461914065,2.1589812099700794,0.0032596127334091674
535,16384,1177189,1654256,1808162304,0.26812407991383225,1.4023818920832127,0.17370877892244607,0.35433416748046875,2.1986224309075624,0.0033435712548526984
536,16384,1181599,1659770,1814936064,0.27926687395665795,1.4071687090909109,0.17340653692372143,0.3613910217285156,2.221305374056101,0.003251797665399207
537,6172,538117,677079,826547712,0.11799444304779172,0.648542862967588,0.07978616398759186,0.153884765625,1.0002806390402839,0.007238309878891719
538,16384,1185044,1663468,1820227584,0.33808827796019614,1.4065944070462137,0.17493207193911076,0.3594564208984375,2.2791446070186794,0.0032217865639134003
539,16384,1168537,1640055,1794872832,0.34644684300292283,1.3863876690156758,0.17046020890120417,0.3506455993652344,2.254039875930175,0.004416765036017313
540,16384,1177977,1651557,1809372672,0.32278791698627174,1.3936395680066198,0.1715605859644711,0.35388955688476564,2.241939248982817,0.0027485642493081854
541,16384,1177005,1655567,1807879680,0.31749254604801536,1.393736348953098,0.17180145101156086,0.3552357177734375,2.238335053087212,0.0030821704286486283
542,16384,1183958,1661373,1818559488,0.2979646169114858,1.4026389140635729,0.172507185023278,0.3538755798339844,2.227048433967866,0.0027901564508994244
543,6172,537853,676789,826142208,0.1115934019908309,0.6412635390879586,0.07834976899903268,0.14685804748535156,0.9781248810468242,0.0061468105776042335
544,16384,1185623,1664799,1821116928,0.29147448600269854,1.4044058830477297,0.17255240201484412,0.3424876403808594,2.2109807430533692,0.0027287260383055175
545,16384,1170439,1642973,1797794304,0.26471858099102974,1.3925318950787187,0.17046388692688197,0.3361028137207031,2.1638784430688247,0.0028313213104653643
546,16384,1177881,1652460,1809225216,0.24874328600708395,1.3982131259981543,0.17158757406286895,0.3531116943359375,2.1717165530426428,0.0028029734595398734
547,16384,1177166,1655116,1808126976,0.25812691007740796,1.398139389930293,0.17152987199369818,0.33495211791992185,2.1628074829932302,0.002736862729338243
548,16384,1182037,1660705,1815608832,0.24677606706973165,1.4020054109860212,0.17233894299715757,0.36381146240234374,2.1849916570354253,0.0027356434052652305
549,6172,537805,676771,826068480,0.09480505995452404,0.6454692780971527,0.07848509994801134,0.15015887451171875,0.9689795729937032,0.0063221644711363816
550,16384,1185703,1664019,1821239808,0.26685218000784516,1.4061368399998173,0.17282557697035372,0.3574505310058594,2.2033248719526455,0.0027115369835138035
551,16384,1168726,1641925,1795163136,0.2570170300314203,1.3881001640111208,0.17028784996364266,0.34930776977539063,2.1647718850290403,0.002728751600779674
552,16384,1179299,1652569,1811403264,0.23934549593832344,1.3986895330017433,0.1718540859874338,0.3535584716796875,2.163508538971655,0.002817292530595172
553,16384,1177291,1655107,1808318976,0.2490265000378713,1.397057502064854,0.1715019929688424,0.3548015747070313,2.172447332064621,0.002750919902178598
554,16384,1182457,1660650,1816253952,0.24606018897611648,1.40379119804129,0.17260107002221048,0.35787982177734373,2.1803931769682094,0.0027929894430120993
555,6172,538045,677671,826437120,0.09149594395421445,0.6422395650297403,0.07859256805386394,0.15368975830078124,0.9660806170431897,0.006498598924578663
556,16384,1183858,1662867,1818405888,0.25750466005411,1.4034489080077037,0.17248564900364727,0.3577669677734375,2.191266093053855,0.0027339543630181596
557,16384,1168804,1642660,1795282944,0.2534459369489923,1.3897790620103478,0.1703579060267657,0.34965139770507814,2.163294567959383,0.0027858096207285825
558,16384,1177629,1652958,1808838144,0.24086467700544745,1.370141099090688,0.1710064389044419,0.35589712524414063,2.13796965603251,0.0028211713679902515
559,16384,1176377,1654585,1806915072,0.23330633400473744,1.3990150979952887,0.17121919698547572,0.3541192321777344,2.157720052986406,0.002789602992586223
560,16384,1182566,1661528,1816421376,0.24915530206635594,1.4041007129708305,0.17231439298484474,0.34729647827148435,2.1729287611087784,0.002847530778294487
561,6172,537561,676008,825693696,0.08632368198595941,0.6420481990789995,0.07859585096593946,0.14986898803710938,0.9568980190670118,0.006406011694313717
562,16384,1187196,1666253,1823533056,0.23539716703817248,1.4055057329824194,0.17301095998845994,0.35819168090820314,2.172166834003292,0.002821748545156602
563,16384,1168797,1641422,1795272192,0.2499259349424392,1.3874087249860168,0.17049057607073337,0.34862744140625,2.156513719004579,0.002830568551539441
564,16384,1178268,1652207,1809819648,0.24468989705201238,1.3986784790176898,0.17171523091383278,0.35306402587890623,2.16820853902027,0.0028090544213170065
565,16384,1177702,1655466,1808950272,0.2450789239956066,1.3988808549474925,0.17128178803250194,0.353628173828125,2.1689271789509803,0.0026482284795855647
566,16384,1184089,1661544,1818760704,0.23768219794146717,1.4058862329693511,0.1724674180150032,0.3564796447753906,2.1725742779672146,0.002705742519306551
567,6172,537248,675908,825212928,0.09090016304980963,0.6407226889859885,0.07843163807410747,0.15367356872558594,0.9637928130105138,0.006718682080644262
568,16384,1187495,1665372,1823992320,0.24657717498485,1.4045331970555708,0.17293961497489363,0.3589608459472656,2.1830707100452855,0.002742791721306268
569,16384,1168459,1642140,1794753024,0.2277352730743587,1.3878367060096934,0.1703500469448045,0.35275567626953125,2.138738012057729,0.0028198759736454003
570,16384,1176543,1650740,1807170048,0.2234179729130119,1.398417167016305,0.17136766901239753,0.35008309936523435,2.143344576936215,0.0027372467263361375
571,16384,1177554,1654621,1808722944,0.22758787497878075,1.3970016139792278,0.1713272340130061,0.3552623596191406,2.151241960003972,0.0029228424782503687
572,16384,1184524,1661769,1819428864,0.2455481340875849,1.4068700770149007,0.1725669379811734,0.35713766479492187,2.182181105017662,0.0026712328755355654
573,6172,537415,676509,825469440,0.08500342792831361,0.6414972780039534,0.0783375019673258,0.1527004852294922,0.9576030109310523,0.006716541325900414
574,16384,1183750,1661849,1818240000,0.2313990700058639,1.401966260978952,0.1722619499778375,0.33881103515625,2.144496819935739,0.002728090631406428
575,16384,1167434,1641372,1793178624,0.2542280659545213,1.3859879119554535,0.17001954407896847,0.34702267456054686,2.15731900697574,0.0028187962027602597
576,16384,1177172,1649985,1808136192,0.24074555898550898,1.4038151069544256,0.17247052304446697,0.351236328125,2.1683378299931064,0.003242708895825558
577,16384,1176272,1654159,1806753792,0.2768743190681562,1.4005347460042685,0.17263360298238695,0.35553311157226564,2.2056476360885426,0.003257839570099566
578,16384,1183761,1662291,1818256896,0.2883780200500041,1.4094951209845021,0.17369258601684123,0.3443921203613281,2.2160292339976877,0.0032213737940350175
579,6172,538054,677040,826450944,0.12041886209044605,0.6437708999728784,0.07960359193384647,0.15222402954101563,0.9960878069978207,0.007070005188237815
580,16384,1184439,1663085,1819298304,0.3319601899711415,1.40805657801684,0.17360839899629354,0.3584792785644531,2.2721764229936525,0.0031677753626821264
581,16384,1169601,1643203,1796507136,0.32824952399823815,1.3884692220017314,0.1706675780005753,0.351680419921875,2.239166836021468,0.0044700599096937944
582,16384,1177665,1651461,1808893440,0.31634183891583234,1.3946099410532042,0.17162319901399314,0.3548760070800781,2.237509980914183,0.0026366296274961663
583,16384,1177167,1654814,1808128512,0.3016959789674729,1.3960817629704252,0.1715721379732713,0.35390994262695313,2.2233150309184566,0.0024831559885244246
584,16384,1183166,1659711,1817342976,0.3043821509927511,1.400613122037612,0.17237239703536034,0.35725759887695313,2.2346928380429745,0.0030236415111622515
585,6172,536428,675225,823953408,0.10341353609692305,0.6398639539256692,0.07832259603310376,0.1498197784423828,0.9714804961113259,0.006241155997448805
586,16384,1186672,1665607,1822728192,0.26803461997769773,1.4051662409910932,0.1729320960585028,0.358677490234375,2.204871810041368,0.0027830542991117272
587,16384,1167377,1639993,1793091072,0.27393921092152596,1.3891406140755862,0.1701755910180509,0.335993408203125,2.16931426897645,0.003016840809927352
588,16384,1177962,1651952,1809349632,0.2644398749107495,1.397757334052585,0.1717017920454964,0.35360504150390626,2.1875636029290035,0.0027226827227691953
589,16384,1176381,1654886,1806921216,0.2627079279627651,1.3975040570367128,0.17118356097489595,0.33967462158203127,2.1711287159705535,0.002696680934564335
590,16384,1183078,1661619,1817207808,0.2543924219207838,1.4026932900305837,0.1779373469762504,0.3581437683105469,2.1932275119470432,0.002766913534864446
591,6172,538906,677156,827759616,0.0959640130167827,0.6438850130653009,0.07860225392505527,0.1499020538330078,0.9684130990644917,0.006171459721348923
592,16384,1186628,1664394,1822660608,0.2597579649882391,1.4045295800315216,0.1728131469571963,0.35776620483398436,2.19492811197415,0.0027889370442120928
593,16384,1169981,1642435,1797090816,0.23859098297543824,1.3883716700365767,0.17045604600571096,0.35442367553710935,2.151901878998615,0.002765202463930928
594,16384,1175846,1649483,1806099456,0.23630756710190326,1.3979796289931983,0.17123481899034232,0.335503662109375,2.1410879420582205,0.0029080946269683366
595,16384,1175435,1653871,1805468160,0.2293502240208909,1.3965164870023727,0.17120485892519355,0.35327572631835935,2.1504103370243683,0.002931568755345409
596,16384,1183262,1660011,1817490432,0.253372801002115,1.405335246003233,0.17254330101422966,0.3544316711425781,2.185742842964828,0.0027370009635445756
597,6172,537159,676086,825076224,0.08878724102396518,0.6417010510340333,0.07832108694128692,0.15220591735839845,0.9610782370436937,0.00654896589931823
598,16384,1185856,1663126,1821474816,0.23429995798505843,1.4159434280591086,0.17284241295419633,0.35800665283203126,2.181153591023758,0.0028030668548606943
599,16384,1167831,1640936,1793788416,0.22566773497965187,1.3892711930675432,0.1702051799511537,0.3517848815917969,2.136988910031505,0.0028039659484475838
600,16384,1177489,1652166,1808623104,0.2319917909335345,1.3979279410559684,0.17162564396858215,0.33572146606445313,2.1373276099329814,0.002843172481409524
601,16384,1177566,1655839,1808741376,0.23331315000541508,1.3973077579867095,0.17156856891233474,0.35547393798828125,2.157725405995734,0.0028729838755795862
602,16384,1184407,1660843,1819249152,0.2500899879960343,1.4069734499789774,0.17254193499684334,0.34573370361328126,2.175401089945808,0.0028506633079332234
603,6172,537714,676669,825928704,0.08605337992776185,0.6420076790964231,0.0784661709330976,0.14676953125,0.9533558499533683,0.006197973829879356
604,16384,1186598,1665383,1822614528,0.23055339301936328,1.4055300739128143,0.17336186207830906,0.35839022827148437,2.167901385924779,0.0030365146327828454
605,16384,1167941,1641212,1793957376,0.2267395630478859,1.3864235009532422,0.16992898599710315,0.3492922058105469,2.132442948059179,0.0027523479797707906
606,16384,1177230,1650543,1808225280,0.2248181849718094,1.4063159640645608,0.17151163693051785,0.349664794921875,2.15236853598617,0.002692619615922813
607,16384,1176464,1654571,1807048704,0.22926970897242427,1.3848380140261725,0.1712057499680668,0.33660791015625,2.1219839439727366,0.002948224467058474
608,16384,1182971,1661180,1817043456,0.24642518104519695,1.4064819919876754,0.17230161593761295,0.34490704345703127,2.1701764540048316,0.0027933939290065704
609,6172,537849,676609,826136064,0.08583313308190554,0.6414357189787552,0.07847530301660299,0.14958758544921874,0.9553929350804538,0.006405171288616574
610,16384,1186214,1664893,1822024704,0.232749487971887,1.4044154019793496,0.17280822806060314,0.3581498107910156,2.168183148954995,0.0027774476602035626
611,16384,1167638,1640846,1793491968,0.2489107809960842,1.3887227330124006,0.1700253119925037,0.3530581970214844,2.160782342078164,0.0030229354627445953
612,16384,1176425,1650749,1806988800,0.24181417492218316,1.3956033650320023,0.17156667006202042,0.353421875,2.162465467932634,0.0027460746684164956
613,16384,1176744,1654946,1807478784,0.24179279699455947,1.3961096359416842,0.17142148199491203,0.35153378295898435,2.160921296919696,0.0029431441879333073
614,16384,1183308,1660734,1817561088,0.24364489794243127,1.4133946060901508,0.17240270494949073,0.3540233154296875,2.1835251610027626,0.002731206952293611
615,6172,538658,676889,827378688,0.09021531499456614,0.6427663590293378,0.07861721597146243,0.15238752746582032,0.9640488020377234,0.006471101504910388
616,16384,1186029,1662480,1821740544,0.2514896580250934,1.4048615789506584,0.1728715329663828,0.3592607727050781,2.188545180950314,0.0028164053288753945
617,16384,1168677,1641030,1795087872,0.24366400495637208,1.389787927037105,0.1703042759327218,0.3536965637207031,2.1575161579530686,0.0029379296156313646
618,16384,1176710,1651751,1807426560,0.2340534410905093,1.4046380219515413,0.17256807698868215,0.3437667236328125,2.1550979770254344,0.0033276149230232056
619,16384,1175919,1654123,1806211584,0.27346699801273644,1.4001273479079828,0.1743597510503605,0.3534348449707031,2.2014603529823944,0.0032438031652369686
620,16384,1182745,1660930,1816696320,0.2937056199880317,1.409471446997486,0.1730165460612625,0.35588467407226565,2.232151028001681,0.0032587796131434946
621,6172,537357,676238,825380352,0.12174268998205662,0.643038774956949,0.07954883098136634,0.15155229187011718,0.9959545519668609,0.007225648623178287
622,16384,1185601,1665193,1821083136,0.3380232199560851,1.4084530050167814,0.17510631494224072,0.34586343383789064,2.2675192579627037,0.003231911237297504
623,16384,1167921,1640471,1793926656,0.346945213037543,1.3823104200419039,0.1755093049723655,0.35395269775390625,2.2588173430413008,0.0044141344978307195
624,16384,1175807,1650174,1806039552,0.3157761440379545,1.3918543059844524,0.17127215396612883,0.35275244140625,2.2317164649721235,0.0027521227853923814
625,16384,1176524,1655973,1807140864,0.2887821109034121,1.3936735690804198,0.1715677089523524,0.35404440307617185,2.208127900958061,0.002722167754810348
626,16384,1182555,1660217,1816404480,0.29774381895549595,1.4035113339778036,0.17233028705231845,0.3508545227050781,2.2245005880249664,0.0027253458415094833
627,6172,538132,676974,826570752,0.10646641498897225,0.6437902660109103,0.0781686200061813,0.15468077087402343,0.983177050948143,0.007219357692218755
628,16384,1186005,1663630,1821703680,0.2673652459634468,1.4037148050265387,0.17278323497157544,0.3433182067871094,2.18724056892097,0.0027009453436105716
629,16384,1168796,1642110,1795270656,0.2488488940289244,1.3903910639928654,0.17033738794270903,0.3542846374511719,2.1639215090544894,0.0027508224568162003
630,16384,1177204,1650710,1808185344,0.24882621003780514,1.3967996179126203,0.17166944104246795,0.3510525512695313,2.1684085950255394,0.0028027357599449973
631,16384,1178385,1656463,1809999360,0.2546436539851129,1.399918450973928,0.1716679020319134,0.33083544921875,2.157126592937857,0.0028341743295269674
632,16384,1183385,1660881,1817679360,0.24547452898696065,1.407932574977167,0.1724168029613793,0.3517063293457031,2.1775904829846695,0.0027666686610795977
633,6172,537321,676061,825325056,0.09112431399989873,0.6405099399853498,0.0784168359823525,0.15296185302734375,0.9630730289500207,0.006238982223539453
634,16384,1186322,1664581,1822190592,0.24839446402620524,1.4048190480098128,0.1727415369823575,0.3531643981933594,2.1791797330370173,0.0027664457579405265
635,16384,1169855,1642170,1796897280,0.2461970599833876,1.3908493840135634,0.16997661697678268,0.34848025512695313,2.155562919913791,0.0027651159033018637
636,16384,1177616,1652346,1808818176,0.2384593909373507,1.399031350039877,0.17218494997359812,0.351683837890625,2.161424201913178,0.002992150808252294
637,16384,1175573,1653559,1805680128,0.24561462202109396,1.396007837029174,0.17121718591079116,0.35340472412109375,2.1663037809776142,0.002742546820221859
638,16384,1183005,1661207,1817095680,0.23621741309762,1.4031130810035393,0.17234468495007604,0.35728170776367185,2.1690151829971,0.0026876797658977485
639,6172,538053,676601,826449408,0.09371467505116016,0.6421845749719068,0.07861801504623145,0.15154794311523437,0.9661246750038117,0.0061551910242532495
640,16384,1186412,1665734,1822328832,0.24957820493727922,1.393983892048709,0.1727075839880854,0.3435645446777344,2.1598945800215006,0.0027943201603871457
641,16384,1167240,1639792,1792880640,0.24799332802649587,1.3857638789340854,0.16992295207455754,0.3552648010253906,2.1590035060653463,0.002711714207621871
642,16384,1177400,1651344,1808486400,0.23276311997324228,1.3972624980378896,0.1713923349743709,0.34995437622070313,2.151431801961735,0.002764333755546921
643,16384,1177397,1655042,1808481792,0.24182943103369325,1.3967675119638443,0.1713313750224188,0.35137969970703126,2.161367533961311,0.0027536378421703267
644,16384,1183034,1659847,1817140224,0.23203318007290363,1.4060556729091331,0.1723545250715688,0.3554375,2.1659444640390575,0.0029357163356585176
645,6172,536850,676389,824601600,0.09235666005406529,0.640815309016034,0.07845437596552074,0.15270352172851562,0.9643906420096755,0.006301932317922042
646,16384,1185374,1663422,1820734464,0.24962918495293707,1.403870735084638,0.173013208899647,0.3574591064453125,2.1840323959477246,0.0027545637739442054
647,16384,1168552,1641730,1794895872,0.24472690804395825,1.3877328189555556,0.1699386399704963,0.3537747497558594,2.1562328239670023,0.0027690535302757322
648,16384,1177339,1651432,1808392704,0.23039321694523096,1.4011762089794502,0.1715887919999659,0.33635906982421876,2.1395771239185706,0.0027966353274170804
649,16384,1176324,1654056,1806833664,0.23851222393568605,1.3960464700357988,0.17125802102964371,0.3566826477050781,2.1625591989140958,0.0027669165273722755
650,16384,1182030,1660043,1815598080,0.2297733590239659,1.4023799669230357,0.17198734998237342,0.36045709228515627,2.164658635039814,0.0028118440615692406
651,6172,537798,676867,826057728,0.09282611100934446,0.6413563020760193,0.07841643795836717,0.14683526611328124,0.959492604015395,0.0060956028361314075
652,16384,1185119,1663892,1820342784,0.24803655094001442,1.4070501560345292,0.17266934795770794,0.35588751220703124,2.1837031559552997,0.002728796533291557
653,16384,1168082,1640629,1794173952,0.22477983601856977,1.3894079059828073,0.17006509902421385,0.3359453430175781,2.120257480069995,0.002796642737183733
654,16384,1178231,1651145,1809762816,0.21234594495035708,1.397840054007247,0.17159144603647292,0.3521445007324219,2.1339841979788616,0.0029171843175662938
655,16384,1178090,1655565,1809546240,0.2132549110101536,1.3976519129937515,0.17159743304364383,0.33710031127929685,2.119664020021446,0.002804769720042581
656,16384,1182323,1660733,1816048128,0.22021099703852087,1.3821380899753422,0.1721365039702505,0.33794976806640625,2.1124940930167213,0.0027803138667163284
657,6172,538071,677064,826477056,0.0967768490081653,0.6433965080650523,0.07854266196954995,0.15066668701171876,0.9694427660433576,0.006195310437590773
658,16384,1185581,1664485,1821052416,0.24728910403791815,1.4040530739584938,0.17248735507018864,0.35288348388671875,2.176774853025563,0.0028407197077834024
659,16384,1167953,1641616,1793975808,0.22390374902170151,1.3886091969907284,0.17008591501507908,0.3510400085449219,2.1337030139984563,0.0030062490236268547
660,16384,1177508,1651673,1808652288,0.21596239798236638,1.4049795729806647,0.1727416591020301,0.33158740234375,2.1253408490447327,0.0032849618428407432
661,16384,1175715,1657000,1805898240,0.24637277494184673,1.3994264600332826,0.17250967805739492,0.3535884704589844,2.1719700179528445,0.0033441742167428113
662,16384,1183681,1660755,1818134016,0.2764271340565756,1.4090554929571226,0.1748120110714808,0.35835650634765626,2.218722242047079,0.003204439604747999
663,6172,537984,675876,826343424,0.12788224196992815,0.6440668560098857,0.07972456503193825,0.15420442199707032,1.005949049955234,0.007054526908158413
664,16384,1186370,1664963,1822264320,0.3361788139445707,1.4109197329962626,0.17401658406015486,0.3572010803222656,2.2783856799360365,0.0030490278004479546
665,16384,1167867,1641058,1793843712,0.32745596300810575,1.3841310049174353,0.17000555503182113,0.3515738525390625,2.2332691389601678,0.004601481386644977
666,16384,1177008,1650350,1807884288,0.3019360980251804,1.3957700720056891,0.17150565097108483,0.3442383728027344,2.2135102580068633,0.0027135271660643223
667,16384,1175951,1652072,1806260736,0.2839922739658505,1.3944814009591937,0.17138514202088118,0.354525634765625,2.204444856964983,0.002740157153021399
668,16384,1182372,1661268,1816123392,0.27949861297383904,1.3998706740094349,0.17218292003963143,0.3361231689453125,2.187735219951719,0.002735430821579882
669,6172,537729,677161,825951744,0.11496365594211966,0.641521571087651,0.07852782600093633,0.1501866912841797,0.9852607429493219,0.006191115892084508
670,16384,1187886,1666551,1824592896,0.2826949239242822,1.4085166720906273,0.1731976019218564,0.3634847412109375,2.2279535809066147,0.002676974934409785
671,16384,1168811,1641678,1795293696,0.2476066800300032,1.3880986629519612,0.1704279580153525,0.35206494140625,2.1582559919916093,0.0026757524712806117
672,16384,1179264,1653043,1811349504,0.24527468206360936,1.3842168539995328,0.17178173502907157,0.3562608642578125,2.1575966239906847,0.00289621516661479
673,16384,1176111,1654090,1806506496,0.241688990034163,1.3958143510390073,0.17132283991668373,0.33796826171875,2.146856064093299,0.002870308155538501
674,16384,1184356,1662677,1819170816,0.24566771707031876,1.4068155409768224,0.18025815300643444,0.3578735046386719,2.1906729110050946,0.002647374354970084
675,6172,537843,676169,826126848,0.09632436302490532,0.6444463060470298,0.07850960793439299,0.15162425231933593,0.9709647940471768,0.006206684514437955
676,16384,1184811,1664982,1819869696,0.2611509369453415,1.4052591969957575,0.1728266190038994,0.3553638610839844,2.194660822977312,0.002743428401276789
677,16384,1168667,1641869,1795072512,0.25341872905846685,1.3884683409705758,0.17024947796016932,0.34978167724609377,2.1619806580711156,0.0028877610711534507
678,16384,1174913,1648896,1804666368,0.2378778379643336,1.397066685021855,0.17131557501852512,0.3506577453613281,2.1569777670083568,0.002778129808820281
679,16384,1177662,1655601,1808888832,0.24520936305634677,1.399855358991772,0.1716659360099584,0.35623171997070313,2.173022433067672,0.002763664009065719
680,16384,1183643,1660914,1818075648,0.23578700807411224,1.4065464179730043,0.17226126603782177,0.35438909912109373,2.169043103000149,0.002734468210196588
681,6172,537754,676048,825990144,0.09466262301430106,0.6427075630053878,0.07852170697879046,0.1509661102294922,0.9669197270413861,0.006383550949311128
682,16384,1185715,1664319,1821258240,0.25091857300139964,1.4059729379368946,0.17314433201681823,0.35688922119140626,2.186985214939341,0.002750397780985739
683,16384,1168709,1641963,1795137024,0.2434344720095396,1.3875583949266002,0.17037863400764763,0.33500921630859376,2.1364422210026532,0.0028787930545290954
684,16384,1177787,1650450,1809080832,0.23223169706761837,1.3989325009752065,0.17171686398796737,0.3564176025390625,2.1593567960662767,0.002692074627396623
685,16384,1175996,1653531,1806329856,0.22124338406138122,1.3985923719592392,0.17145337094552815,0.3532229309082031,2.144583950052038,0.0033522668900119973
686,16384,1183431,1662419,1817750016,0.23432724201120436,1.4062024230370298,0.17257452593185008,0.3583172302246094,2.1714813769795,0.0027610540639136055
687,6172,537246,675582,825209856,0.09145441791042686,0.6417503890115768,0.07841356296557933,0.15234498596191406,0.9640262828906998,0.006527523400515414
688,16384,1185177,1662872,1820431872,0.24443728604819626,1.4079736049752682,0.17271474399603903,0.356043701171875,2.1812316600698978,0.00285727919964936
689,16384,1167639,1641300,1793493504,0.245149053982459,1.370430230977945,0.16982359008397907,0.33539111328125,2.1208560600643978,0.002926730386531095
690,16384,1179090,1652964,1811082240,0.23339892004150897,1.400277490960434,0.17187672900035977,0.35392596435546875,2.1595382570521906,0.0027391362123810937
691,16384,1176021,1654293,1806368256,0.22219703695736825,1.3987426210660487,0.17147297400515527,0.35457205200195313,2.1470469379564747,0.002899513971903993
692,16384,1182541,1660968,1816382976,0.24192265700548887,1.4069687280571088,0.17218296194914728,0.3559036865234375,2.1770484830485657,0.0032360103108187706
693,6172,538450,676883,827059200,0.09243065305054188,0.6432774689747021,0.07868554396554828,0.1507647705078125,0.9652218470582739,0.006569532161164034
694,16384,1185185,1663731,1820444160,0.2542310730786994,1.4077571539673954,0.17286735598463565,0.353373046875,2.188289912068285,0.0028004590350106675
695,16384,1167907,1640792,1793905152,0.23530099098570645,1.3874482170213014,0.17011749104131013,0.33062454223632814,2.1235521290218458,0.0028672588898369005
696,16384,1179014,1652214,1810965504,0.2304066549986601,1.4000054739881307,0.1718092910014093,0.3524020690917969,2.1546912420308217,0.00314443895734137
697,16384,1178150,1656458,1809638400,0.2367600069846958,1.3991529999766499,0.1723994630156085,0.3523939208984375,2.16076671006158,0.0027915640271215024
698,16384,1184506,1662684,1819401216,0.22882190393283963,1.4085121700773016,0.17263396794442087,0.35822775268554685,2.168256086995825,0.00278068425946707
699,6172,537281,676542,825263616,0.09009902994148433,0.6413465179502964,0.07851352507714182,0.1504153594970703,0.9604346259729937,0.0062673195419038295
700,16384,1186226,1664871,1822043136,0.23922564391978085,1.4065768760628998,0.17294685496017337,0.3435196533203125,2.162330803927034,0.00285690162463836
701,16384,1168257,1641697,1794442752,0.23434029298368841,1.3889292239909992,0.17030019499361515,0.34667889404296875,2.1403181109344587,0.0032474108793477505
702,16384,1178829,1652526,1810681344,0.23611342103686184,1.4080756560433656,0.1740762769477442,0.35550897216796873,2.173846121993847,0.0033027083739021216
703,16384,1176801,1654430,1807566336,0.27415417903102934,1.4063371570082381,0.17241900798399,0.34010418701171874,2.193088017986156,0.0033508436769124224
704,16384,1180985,1658596,1813992960,0.27338143694214523,1.4105074179824442,0.17430288798641413,0.35894622802734377,2.2172064419137314,0.0030881641912020525
705,6172,537560,676259,825692160,0.12240185402333736,0.6253994830185547,0.07959732692688704,0.15180575561523438,0.9792756750248373,0.007276341345040705
706,16384,1186039,1664931,1821755904,0.3294081420172006,1.4127543460344896,0.17411421600263566,0.34060174560546874,2.256950789014809,0.003205180873515577
707,16384,1168220,1642507,1794385920,0.3391118560684845,1.3840304289478809,0.1704634130001068,0.33042269897460935,2.2241264970507473,0.004410723031981367
708,16384,1176822,1649680,1807598592,0.31754371896386147,1.3968100550118834,0.1715500740101561,0.34941937255859373,2.235381389968097,0.0026022147210951947
709,16384,1177156,1655155,1808111616,0.30931705492548645,1.3954736390151083,0.1715516340918839,0.35431292724609376,2.230715951998718,0.0027209524409031703
710,16384,1184389,1662388,1819221504,0.27340129599906504,1.4052461209939793,0.1726538089569658,0.344469970703125,2.195831488003023,0.002745718431360658
711,6172,537907,676919,826225152,0.10844840598292649,0.6429435249883682,0.07843300502281636,0.15070831298828125,0.9805952550377697,0.006323307711196289
712,16384,1185663,1663644,1821178368,0.2718270180048421,1.4079016130417585,0.17286036792211235,0.356765380859375,2.2094166800379753,0.0028197582850840773
713,16384,1169647,1641849,1796577792,0.2591529079945758,1.3924353370675817,0.1704983520321548,0.3498958740234375,2.1720448140986264,0.002870243766229324
714,16384,1177217,1651174,1808205312,0.2503525969805196,1.3991042519919574,0.1716829010983929,0.35298016357421874,2.1741788600338623,0.002711202369650766
715,16384,1177088,1655302,1808007168,0.25651668501086533,1.3985107680782676,0.17143760796170682,0.3513420715332031,2.1778674001106992,0.002767272546219712
716,16384,1182586,1660110,1816452096,0.23416722903493792,1.4040904840221629,0.17243505199439824,0.35590740966796874,2.166660406976007,0.002779958333357324
717,6172,538194,676394,826665984,0.09674561908468604,0.6432383198989555,0.07862606004346162,0.15093682861328125,0.9696090649813414,0.006418807662250149
718,16384,1186568,1663860,1822568448,0.25247382605448365,1.4068312449380755,0.17318500101100653,0.3545035705566406,2.1870556409703568,0.002834788881874796
719,16384,1168306,1641416,1794518016,0.24574485106859356,1.387417537975125,0.1703546199714765,0.3496617431640625,2.1532385799800977,0.0027785031067333803
720,16384,1176921,1652465,1807750656,0.23851193604059517,1.3978800439508632,0.17175284097902477,0.35248291015625,2.160687508992851,0.0027666132130977875
721,16384,1178002,1656869,1809411072,0.24702272901777178,1.3888098560273647,0.17167220497503877,0.35600982666015624,2.1635753250448033,0.0028059279364660147
722,16384,1183227,1660973,1817436672,0.2247969899326563,1.4085949290310964,0.17253352503757924,0.3579144592285156,2.163900905987248,0.002819110488441854
723,6172,537926,676957,826254336,0.09350847499445081,0.6418897890252993,0.07852964207995683,0.15167088317871094,0.9656602160539478,0.006361116934175628
724,16384,1186190,1666050,1821987840,0.24677878199145198,1.4046531689818949,0.1729322699829936,0.3443252868652344,2.168749908916652,0.002785065019678391
725,16384,1169074,1641631,1795697664,0.239611487952061,1.3882909669773653,0.17026677506510168,0.34759939575195314,2.1458283480023965,0.0027831795572523612
726,16384,1177929,1650781,1809298944,0.23410960589535534,1.4018191510112956,0.17148121807258576,0.350673828125,2.1581454009283334,0.0028542017637014205
727,16384,1175991,1654590,1806322176,0.24311350006610155,1.3965761389117688,0.1714522890979424,0.35269769287109376,2.163899856968783,0.00278367881407385
728,16384,1181519,1659507,1814813184,0.22085574106313288,1.402894889935851,0.17223764397203922,0.3623311767578125,2.158378849970177,0.002751984033844071
729,6172,537241,675886,825202176,0.09196196892298758,0.6418447780888528,0.07848990196362138,0.15134991455078126,0.96370720397681,0.006292414367842842
730,16384,1185780,1664640,1821358080,0.24096586497034878,1.4051760080037639,0.17288334004115313,0.34379595947265623,2.162880850955844,0.0027592119970789725
731,16384,1169189,1642585,1795874304,0.23896351200528443,1.389225619030185,0.17051358497701585,0.3488435668945313,2.1476085979957134,0.0029016036141246856
732,16384,1178770,1651983,1810590720,0.23092913895379752,1.4010634280275553,0.17191831895615906,0.35328762817382814,2.15725816891063,0.002765306450098116
733,16384,1177715,1655524,1808970240,0.23986899806186557,1.3999661300331354,0.17166248289868236,0.3533393249511719,2.1648992190603167,0.0028769521884977065
734,16384,1182626,1660441,1816513536,0.21907381201162934,1.4057572439778596,0.1725821829168126,0.35740802001953126,2.154880809946917,0.0027635412970053058
735,6172,537870,676671,826168320,0.09097441704943776,0.6422186240088195,0.07853375899139792,0.1545845184326172,0.9663720020325854,0.006279522811654522
736,16384,1184219,1664253,1818960384,0.23975563293788582,1.4081709110178053,0.17242442397400737,0.3428553771972656,2.163267876021564,0.002844349295894257
737,16384,1167633,1640455,1793484288,0.23639523203019053,1.3900183769874275,0.16984370094724,0.3501309814453125,2.146450127940625,0.002880874316593459
738,16384,1177615,1651499,1808816640,0.2291911100037396,1.3710089769447222,0.17147190496325493,0.34182843017578124,2.1135615919483826,0.002894160317711327
739,16384,1177920,1655212,1809285120,0.23872949997894466,1.3989796860842034,0.17165005893912166,0.3537877197265625,2.1632084629964083,0.0028429191466360637
740,16384,1183607,1661755,1818020352,0.2175543620251119,1.4077491229400039,0.17254239099565893,0.355217041015625,2.1531216650037095,0.0027285047688858613
741,6172,537460,676980,825538560,0.09188888792414218,0.6419747340260074,0.07825636002235115,0.14515321350097657,0.957336762920022,0.006640029820948004
742,16384,1186688,1666282,1822752768,0.23784865194465965,1.4090953030390665,0.17279082792811096,0.3569991760253906,2.1767960169818252,0.0028508892938623677
743,16384,1168085,1640436,1794178560,0.23343595291953534,1.3898263110313565,0.17021333298180252,0.3289957580566406,2.1225390610052273,0.00318985959487546
744,16384,1176074,1650283,1806449664,0.2339162559946999,1.4044548980891705,0.1724898829124868,0.3548143005371094,2.1657473790692165,0.003326405306846372
745,16384,1177178,1654412,1808145408,0.26944813900627196,1.40389751305338,0.1727699600160122,0.3358714904785156,2.182060427032411,0.003360332157762721
746,16384,1183568,1660647,1817960448,0.2865413640392944,1.4109470070106909,0.17346404993440956,0.355844482421875,2.226870347978547,0.0032981072447200786
747,6172,539477,677696,828636672,0.12256184092257172,0.645329098100774,0.07863636291585863,0.1552725067138672,1.001871261978522,0.007131986729446212
748,16384,1187265,1666194,1823639040,0.31673983996734023,1.4130870529916137,0.1742138189729303,0.35424136352539065,2.25835201703012,0.003097018193686127
749,16384,1167552,1640509,1793359872,0.3244530250085518,1.385102184023708,0.17029486293904483,0.3340782165527344,2.2140247540082783,0.004357019227748398
750,16384,1177422,1651550,1808520192,0.3128134199650958,1.3947040090570226,0.17161969793960452,0.3552265625,2.234426849987358,0.0028266991884423683
751,16384,1175839,1654483,1806088704,0.3001858990173787,1.3943042700411752,0.171403054962866,0.35638165283203127,2.2223369650309905,0.002793823732235446
752,16384,1181650,1660297,1815014400,0.29586531105451286,1.400394950993359,0.1721937779802829,0.3612433166503906,2.2297573330579326,0.0026898164431496735
753,6172,537689,675678,825890304,0.10882889607455581,0.6416320559801534,0.07840436499100178,0.15049635314941406,0.979424724006094,0.006437841461774854
754,16384,1186001,1662680,1821697536,0.2813642049441114,1.3941882740473375,0.17266715306323022,0.35650723266601564,2.2047860310412943,0.002683540251378715
755,16384,1169429,1644644,1796242944,0.2601209190906957,1.3894187299301848,0.17049477098044008,0.3293453369140625,2.149442206020467,0.002905363303516632
756,16384,1177758,1651885,1809036288,0.2516613609623164,1.4015732540283352,0.1713795819086954,0.3500242919921875,2.174702576943673,0.0029469800982441815
757,16384,1176764,1654238,1807509504,0.25710531999357045,1.399607898085378,0.17134629597421736,0.3360090026855469,2.164131592027843,0.0029145773465331084
758,16384,1183290,1660157,1817533440,0.23394701699726284,1.4071983300382271,0.17221268499270082,0.355427734375,2.1688451630761847,0.002738631323481448
759,6172,537307,675808,825303552,0.09673898294568062,0.6415276030311361,0.07843961101025343,0.14513970947265625,0.9619058809475973,0.006234964257811861
760,16384,1186203,1663357,1822007808,0.25209793192334473,1.4051846340298653,0.17289553198497742,0.3540863037109375,2.1843229749938473,0.002681533152057973
761,16384,1168470,1640736,1794769920,0.24528351100161672,1.388340246048756,0.1702441070228815,0.3512386169433594,2.155165786971338,0.0027518047605896018
762,16384,1177580,1652147,1808762880,0.2391522420803085,1.3987852280260995,0.17167928395792842,0.3516084289550781,2.1612844350747764,0.0027415204773671925
763,16384,1176202,1654302,1806646272,0.24788552790414542,1.3993174580391496,0.17129872704390436,0.35490621948242185,2.1734706789720803,0.0028869265670914443
764,16384,1181580,1660076,1814906880,0.22668536007404327,1.403250211966224,0.1722492390545085,0.36247030639648437,2.164715613005683,0.0027946171801652305
765,6172,538960,677692,827842560,0.0933569900225848,0.6427779379300773,0.07866686605848372,0.15241561889648436,0.967277624993585,0.006224902178964141
766,16384,1185013,1664157,1820179968,0.2458986019482836,1.4041510879760608,0.1726292030652985,0.34541915893554687,2.1681593459798023,0.0028270087586484607
767,16384,1167004,1640073,1792518144,0.2399827700573951,1.3852507260162383,0.16984232096001506,0.3546293640136719,2.149766347021796,0.002845238253930362
768,16384,1176930,1651063,1807764480,0.23447308805771172,1.398509528953582,0.17136155103798956,0.34950872802734373,2.1539133640471846,0.002807353887425927
769,16384,1176592,1653289,1807245312,0.24119041895028204,1.3991182149620727,0.1715391700854525,0.35210562133789064,2.1640130169689655,0.00275375576765184
770,16384,1182875,1661203,1816896000,0.2213311999803409,1.3911393709713593,0.1722458889707923,0.34105145263671877,2.1258279340108857,0.0028234388453708442
771,6172,537627,676306,825795072,0.09196730190888047,0.6413248120807111,0.07834508293308318,0.15099606323242187,0.962701627984643,0.00710166343952882
772,16384,1185644,1663872,1821149184,0.24279493605718017,1.4061372979776934,0.17244285205379128,0.35217153930664064,2.173606278025545,0.0027444082602700493
773,16384,1168658,1642322,1795058688,0.23660918604582548,1.3868191710207611,0.17018714488949627,0.354629150390625,2.148305376060307,0.002826586679710259
774,16384,1177149,1651056,1808100864,0.23103799193631858,1.3985813290346414,0.17155590502079576,0.35588916015625,2.157128490973264,0.0029717666576918773
775,16384,1176350,1653504,1806873600,0.239694596035406,1.400159780983813,0.17132183397188783,0.3384153137207031,2.149652475025505,0.002835356617077059
776,16384,1182809,1661028,1816794624,0.21876565890852362,1.4060505090747029,0.17244384693913162,0.3535466613769531,2.1508643849520013,0.0026830446909635445
777,6172,538808,678290,827609088,0.09152750298380852,0.6443700799718499,0.07876072102226317,0.14521061706542968,0.9599297549575567,0.006337329777646669
778,16384,1185850,1664977,1821465600,0.23959949996788055,1.4083433389896527,0.17288257298059762,0.35626812744140623,2.1771546700038016,0.0028078218376775235
779,16384,1169565,1642512,1796451840,0.23488037893548608,1.389758461038582,0.17005041905213147,0.339038330078125,2.1337872579460964,0.002796381951825369
780,16384,1177779,1651391,1809068544,0.22908048192039132,1.3974764359882101,0.17169487406499684,0.3506130676269531,2.1489252869505435,0.002811980032957848
781,16384,1175925,1654705,1806220800,0.23803620401304215,1.3962960459757596,0.1714010430732742,0.35196389770507813,2.157759224064648,0.002874894325652582
782,16384,1182041,1659717,1815614976,0.21669299399945885,1.4027604600414634,0.17232102795969695,0.3600281066894531,2.151860980084166,0.0027135300390738635
783,6172,537742,676699,825971712,0.09056192205753177,0.6418828039895743,0.07859675504732877,0.15078005981445314,0.9618827200029045,0.006360348589733463
784,16384,1187748,1667183,1824380928,0.24142307101283222,1.4065686539979652,0.1733398069627583,0.6916398315429687,2.513031054986641,0.002375277854130894
785,16384,1170097,1642218,1797268992,0.23483760107774287,1.387980927946046,0.17044845095369965,0.3526351623535156,2.1459654490463436,0.002950034231324936
786,16384,1176767,1650453,1807514112,0.22816471301484853,1.40826462500263,0.1726349910022691,0.4348024597167969,2.2439377600094303,0.003162800419446171
787,16384,1176618,1654644,1807285248,0.3048275629989803,1.3958927700296044,0.17204503004904836,0.3527373046875,2.225571500021033,0.003092790139489139
788,16384,1181628,1660153,1814980608,0.2705943180480972,1.4085735079133883,0.17309049901086837,0.4428300476074219,2.295159350032918,0.003092484761087377
789,6172,537720,676110,825937920,0.12060901895165443,0.6366752539761364,0.07939969201106578,0.14946998596191408,0.9862248590216041,0.007189853326519189
790,16384,1186784,1664802,1822900224,0.3274749330012128,1.4122565099969506,0.173878837027587,0.4393236389160156,2.353005895973183,0.003058939696684842
791,16384,1169038,1641438,1795642368,0.3356008380651474,1.3808796149678528,0.1702148780459538,0.3398047180175781,2.226598603068851,0.004426211899297067
792,16384,1177940,1652850,1809315840,0.322451506042853,1.3952692369930446,0.17157028103247285,0.35314895629882814,2.242499406100251,0.0026499776495155837
793,16384,1178130,1657047,1809607680,0.30948187690228224,1.3917402559891343,0.17124010308180004,0.35579513549804687,2.2283176539931446,0.0027052930165914046
794,16384,1182619,1661152,1816502784,0.28445740905590355,1.4025469929911196,0.17179424699861556,0.35851455688476563,2.2173745590262115,0.0027669252160217924
795,6172,537662,676596,825848832,0.1083158750552684,0.6379284739959985,0.07829690200742334,0.14495907592773438,0.9695601230487227,0.006167339278567572
796,16384,1186887,1665459,1823058432,0.2694496170151979,1.4062836690573022,0.1728982109343633,0.3557637939453125,2.2044548460980877,0.002701581573200713
797,16384,1169039,1641406,1795643904,0.24910903698764741,1.3832104119937867,0.17008752806577832,0.35036257934570314,2.1528295769821852,0.00278798609567274
798,16384,1176745,1651384,1807480320,0.24928105797152966,1.398821230046451,0.17127584700938314,0.3511532287597656,2.1705907279392704,0.00273493069773935
799,16384,1177368,1656100,1808437248,0.2604280010564253,1.3941757489228621,0.17124610801693052,0.35396762084960937,2.1798776070354506,0.0027583286983291553
800,16384,1182220,1661381,1815889920,0.24377897998783737,1.4043080219998956,0.17199321708176285,0.36452874755859377,2.1846676860004663,0.002687794246839948
801,6172,538039,677401,826427904,0.09594026696868241,0.6438177290838212,0.07844844402279705,0.1504947814941406,0.9687620800687,0.006282089329345614
802,16384,1186568,1665076,1822568448,0.2488784419838339,1.407670711982064,0.17246476805303246,0.35054400634765626,2.1796180530218408,0.002758495011119523
803,16384,1167852,1640473,1793820672,0.23477096506394446,1.3744828950148076,0.16978172992821783,0.34954754638671875,2.128643357078545,0.0028290640917305104
804,16384,1178829,1652307,1810681344,0.2370879229856655,1.400666867964901,0.17172584403306246,0.35449786376953124,2.164045864949003,0.0031129744953055814
805,16384,1175276,1654584,1805223936,0.2494737959932536,1.3952416030224413,0.17109384993091226,0.35533889770507815,2.1712061680154875,0.0026723101959234318
806,16384,1183105,1661506,1817249280,0.23443693399894983,1.4057079670019448,0.17224034608807415,0.35483392333984376,2.167280981084332,0.0028519908613012616
807,6172,537496,676221,825593856,0.0924605360487476,0.6424202369526029,0.07836760196369141,0.1504122314453125,0.9637217139825225,0.006340790217917523
808,16384,1185478,1663333,1820894208,0.24086710205301642,1.405883010942489,0.17255900998134166,0.33957421875,2.1589444370474666,0.002829869985122881
809,16384,1170007,1642810,1797130752,0.22897131799254566,1.3901577630313113,0.17016834602691233,0.3540780029296875,2.1434346850728616,0.002764492560349329
810,16384,1177388,1651328,1808467968,0.23404590296559036,1.4015394280431792,0.1714246339397505,0.3556116943359375,2.1626871050102636,0.0030261301163089496
811,16384,1176778,1654252,1807531008,0.23950153193436563,1.3959882269846275,0.17122850706800818,0.3534879760742187,2.16026619495824,0.0027752550662361766
812,16384,1183303,1662163,1817553408,0.22522114706225693,1.4060113359009847,0.17228230310138315,0.35539208984375,2.158966714050621,0.0027716102270893793
813,6172,537864,677154,826159104,0.08723480300977826,0.6417260220041499,0.07841915299650282,0.1540172119140625,0.9614575339946896,0.006276311543938191
814,16384,1185491,1663775,1820914176,0.2344667409779504,1.407540639047511,0.17257372103631496,0.3560584411621094,2.1707041810732335,0.002977782505387283
815,16384,1167348,1640720,1793046528,0.22692243102937937,1.3889077770290896,0.16995382797904313,0.3595089111328125,2.14535368909128,0.002831324329603484
816,16384,1177659,1651635,1808884224,0.22862792306113988,1.3976324539398775,0.17121341009624302,0.3551810302734375,2.1527187520405278,0.0029699499653309948
817,16384,1175373,1653422,1805372928,0.2188545869430527,1.3990640140837058,0.17089757998473942,0.3536858215332031,2.142562633031048,0.0028298116195960466
818,16384,1183695,1661020,1818155520,0.23716308805160224,1.4079231190262362,0.17230408999603242,0.33401434326171875,2.151468711090274,0.0029780007654366183
819,6172,537405,675932,825454080,0.09284229192417115,0.6422153380699456,0.08102773292921484,0.14986746215820312,0.9660159900086001,0.006538704091721196
820,16384,1186861,1665372,1823018496,0.24256662500556558,1.4058367230463773,0.17283616797067225,0.3568629455566406,2.1781633170321584,0.0027938884300743945
821,16384,1168187,1640394,1794335232,0.22927155101206154,1.3866073590470478,0.17016295692883432,0.351677978515625,2.1377797070890665,0.00280017558868954
822,16384,1177930,1652843,1809300480,0.25294304091949016,1.3998037310084328,0.17140867398120463,0.3553880615234375,2.179601968964562,0.002682211377543705
823,16384,1177405,1655596,1808494080,0.2262179220560938,1.3993137929355726,0.1713001059833914,0.3392599487304688,2.1361509460257366,0.0027702312105021237
824,16384,1183654,1661572,1818092544,0.21841392398346215,1.4081870299996808,0.17218229093123227,0.353274658203125,2.152116591925733,0.0027270273577637435
825,6172,538603,677789,827294208,0.08961707900743932,0.644893474993296,0.07851890497840941,0.147502685546875,0.960592053947039,0.006236718362703805
826,16384,1186698,1664879,1822768128,0.2421109959250316,1.4084533040877432,0.17276576498989016,0.354778564453125,2.178169197984971,0.002780708185436075
827,16384,1170237,1643790,1797484032,0.23292823403608054,1.391445267945528,0.17047100502531976,0.33975662231445314,2.134660069947131,0.0027611246670700054
828,16384,1178011,1652897,1809424896,0.22260868304874748,1.406126280897297,0.17263384407851845,0.3527740173339844,2.1542127289576456,0.003244971963950605
829,16384,1177342,1654643,1808397312,0.2556918660411611,1.4045254429802299,0.17261826305184513,0.3456012268066406,2.178508611046709,0.0032963912315271543
830,16384,1183613,1661244,1818029568,0.28002311498858035,1.4095085599692538,0.1733832450117916,0.3547793273925781,2.217765689943917,0.0032213764527584928
831,6172,539065,677256,828003840,0.1215312440181151,0.6449631709838286,0.07969912397675216,0.15058352661132812,0.9968493670457974,0.007252997109050093
832,16384,1185072,1663537,1820270592,0.32775444898288697,1.4086581609444693,0.17328858305700123,0.3579996337890625,2.267772177932784,0.0031463107298990143
833,16384,1166249,1638077,1791358464,0.323971756035462,1.383888500975445,0.16983339900616556,0.3389678955078125,2.216759750037454,0.004429822066523984
834,16384,1176500,1650316,1807104000,0.3206883149687201,1.3926023830426857,0.17118620092514902,0.3537288208007813,2.238266287953593,0.0027060326370745976
835,16384,1176217,1654250,1806669312,0.29133411205839366,1.3948970260098577,0.17536418396048248,0.3537239990234375,2.2153822790132836,0.002841855408380492
836,16384,1183286,1661672,1817527296,0.29769221402239054,1.4014567260164768,0.17216046201065183,0.35806076049804686,2.2294301809743047,0.00269209716684293
837,6172,537608,676610,825765888,0.11085338098928332,0.6417372510768473,0.07836199097801,0.14471699523925782,0.975731955957599,0.006388811375898561
838,16384,1186083,1664355,1821823488,0.2818153649568558,1.4086462430423126,0.17283052299171686,0.3369317626953125,2.200284104910679,0.0027365204496559515
839,16384,1168416,1641716,1794686976,0.2545523770386353,1.387254167930223,0.17006383405532688,0.3500458984375,2.161979380995035,0.0029187851606972594
840,16384,1176945,1650365,1807787520,0.24425469303969294,1.399857604992576,0.1714358190074563,0.3499239501953125,2.165532320039347,0.002782355347524732
841,16384,1176916,1656149,1807742976,0.24371256190352142,1.3989010460209101,0.17151988903060555,0.35537496948242187,2.16956880397629,0.002781084366648007
842,16384,1182239,1661294,1815919104,0.2454680879600346,1.4039320660522208,0.17196288495324552,0.36386370849609373,2.185286834021099,0.0027495960058404796
843,6172,538049,677392,826443264,0.09774717199616134,0.6430199419846758,0.07841547403950244,0.14964183044433593,0.9688844390911981,0.006194817885501357
844,16384,1186294,1664679,1822147584,0.25605186098255217,1.40546360402368,0.1724679139442742,0.3474892272949219,2.1815318959997967,0.0027178036900136846
845,16384,1169016,1642534,1795608576,0.23740784893743694,1.3885778050171211,0.1702060450334102,0.34755206298828123,2.1438022759975865,0.0027294504718227866
846,16384,1176970,1651395,1807825920,0.23613521200604737,1.3974679108941928,0.17123421700671315,0.3562052917480469,2.1611021999269724,0.0027563838477611935
847,16384,1175405,1653451,1805422080,0.23255990399047732,1.3959752849768847,0.17087970406282693,0.34269583129882814,2.142171530984342,0.002838552116188883
848,16384,1184096,1662237,1818771456,0.23637354199308902,1.4052324949298054,0.17245774704497308,0.3367699279785156,2.1508921969216317,0.0027191030462717924
849,6172,537689,676801,825890304,0.09450843394733965,0.6418653409928083,0.07836493209470063,0.1536356201171875,0.9684346569702029,0.006229621971137586
850,16384,1186315,1665199,1822179840,0.24826030398253351,1.404741507023573,0.17271191102918237,0.35360198974609375,2.1793746890034527,0.002706153391962753
851,16384,1168972,1642317,1795540992,0.23160904203541577,1.390083584934473,0.17026176303625107,0.35212335205078127,2.1441408009268343,0.002940985493399254
852,16384,1178304,1651273,1809874944,0.22761808696668595,1.3984957949724048,0.1714257369749248,0.3392487487792969,2.136845277971588,0.0026632849304711373
853,16384,1178107,1656680,1809572352,0.2304430321091786,1.392185243894346,0.1713005960918963,0.3554281921386719,2.1494179730070755,0.0028337333058297874
854,16384,1182802,1661275,1816783872,0.2218262500828132,1.405211475910619,0.17221092304680496,0.3540559997558594,2.1533664350863546,0.002869288257288534
855,6172,538603,677494,827294208,0.09073541103862226,0.6373634620103985,0.07839506294112653,0.1509302062988281,0.9574843160808086,0.006284572062706073
856,16384,1187617,1666416,1824179712,0.24504788499325514,1.4048542560776696,0.17292521800845861,0.3468115234375,2.1696977131068707,0.002711464810592565
857,16384,1168775,1642024,1795238400,0.2288783969124779,1.392690809094347,0.17006698995828629,0.34972964477539065,2.1414267289219424,0.0028433464763464884
858,16384,1177751,1652142,1809025536,0.22518252301961184,1.3996535460464656,0.17157471692189574,0.3532837829589844,2.149752678000368,0.0027030576123978508
859,16384,1176098,1654038,1806486528,0.2279391490155831,1.38985520391725,0.1709384780842811,0.334808349609375,2.1236005160026252,0.002794093130458232
860,16384,1183988,1659804,1818605568,0.2196154489647597,1.4063166419509798,0.1724401880055666,0.35474734497070315,2.153183050919324,0.0029457331687468705
861,6172,538721,677668,827475456,0.0911737399874255,0.6369379389798269,0.07841564598493278,0.1490529022216797,0.9556404799222946,0.006304959835387079
862,16384,1186120,1665008,1821880320,0.2424579010112211,1.4046374360332265,0.17252899997401983,0.35617413330078124,2.175859109032899,0.002786886034974699
863,16384,1168661,1641170,1795063296,0.22804125805851072,1.3892371099209413,0.1760969670722261,0.3279593200683594,2.121394627960399,0.0028270478095379793
864,16384,1178729,1651520,1810527744,0.2226367510156706,1.40226827992592,0.17169167601969093,0.3566106262207031,2.1532710490282625,0.002959025818253966
865,16384,1177538,1655482,1808698368,0.22505249409005046,1.3991964439628646,0.1715054139494896,0.3384418029785156,2.134259461075999,0.002966185519291325
866,16384,1182726,1661786,1816667136,0.21843666303902864,1.4070616390090436,0.1724200650351122,0.351572265625,2.1495566060766578,0.003069161718590494
867,6172,538250,677093,826752000,0.08974429999943823,0.6454643319593742,0.07850432500708848,0.14759461975097657,0.9613688830286264,0.006376981076796271
868,16384,1185734,1665321,1821287424,0.2421446549706161,1.4070259369909763,0.17277885600924492,0.356962646484375,2.178981992066838,0.0032078104307345224
869,16384,1168927,1642786,1795471872,0.2254381839884445,1.3934241509996355,0.17138932703528553,0.3362059020996094,2.126523114973679,0.0030825364766927056
870,16384,1178300,1652779,1809868800,0.22532265703193843,1.4075184100074694,0.17273197893518955,0.35121511840820313,2.156860638060607,0.003360146526285185
871,16384,1176256,1655000,1806729216,0.25299310591071844,1.4017781059956178,0.1739384800894186,0.35280413818359374,2.181584426900372,0.0032360297475894553
872,16384,1182571,1660522,1816429056,0.26950916601344943,1.41062058089301,0.17354626499582082,0.35435638427734373,2.2081060559721664,0.0033358810978822502
873,6172,538287,677827,826808832,0.11898597294930369,0.6435569809982553,0.07974141906015575,0.15093104553222655,0.9932848589960486,0.006990991101729408
874,16384,1185876,1663434,1821505536,0.3258106429129839,1.4104134200606495,0.17384106200188398,0.349702880859375,2.259840299957432,0.003199081038641033
875,16384,1166416,1640675,1791614976,0.3259605010971427,1.3856068039312959,0.169983868021518,0.35750091552734375,2.239150637993589,0.0044011963561837964
876,16384,1176450,1650122,1807027200,0.3174114590510726,1.3944559609517455,0.17143367801327258,0.3527909545898438,2.2361526750028133,0.002711013320179357
877,16384,1177582,1655584,1808765952,0.30178148904815316,1.3971322909928858,0.17144746403209865,0.35693719482421876,2.227362609002739,0.0028809905097340028
878,16384,1182574,1659514,1816433664,0.2790921500418335,1.4025888399919495,0.1723142380360514,0.3529593200683594,2.2070147331105545,0.0027269855274443147
879,6172,537893,676681,826203648,0.10888809897005558,0.6421484149759635,0.07856560498476028,0.14753497314453126,0.9772032719338313,0.006772373816317329
880,16384,1186516,1666049,1822488576,0.28069308097474277,1.4094292359659448,0.1726076629711315,0.33817459106445313,2.200965069932863,0.002748746784652492
881,16384,1168427,1640937,1794703872,0.2536892939824611,1.3901948030106723,0.17039928899612278,0.3525420227050781,2.1668858350021765,0.00278862443356407
882,16384,1177355,1651741,1808417280,0.24544400395825505,1.4017393990652636,0.17157879495061934,0.3504864501953125,2.1693086250452325,0.0027647922056550384
883,16384,1176612,1655774,1807276032,0.24659048405010253,1.398491850006394,0.17140163492877036,0.35564642333984375,2.172194104990922,0.00293310186528859
884,16384,1182366,1660281,1816114176,0.23632099700625986,1.4056969489902258,0.17635328799951822,0.35314389038085936,2.171574419015087,0.002730490730810097
885,6172,537757,676936,825994752,0.09545030409935862,0.6422361090080813,0.07845037500374019,0.1512118682861328,0.9674108880572021,0.006432805404356617
886,16384,1186402,1663571,1822313472,0.2566870240261778,1.4201675149379298,0.17294480500277132,0.3459461669921875,2.1958043170161545,0.002678110095337068
887,16384,1167883,1640336,1793868288,0.2374461020808667,1.3871359069598839,0.17032816400751472,0.3506403198242187,2.145611565094441,0.002846378298406497
888,16384,1177348,1653108,1808406528,0.236474493984133,1.3991155739640817,0.17165294499136508,0.35413092041015626,2.1614336390048265,0.002762317288542975
889,16384,1176453,1655010,1807031808,0.235943722887896,1.3972234220709652,0.1713405599584803,0.35407452392578126,2.15864557295572,0.0029344378433889136
890,16384,1184062,1661989,1818719232,0.22793743398506194,1.4101374869933352,0.17205962201114744,0.3545024719238281,2.1646983459359035,0.002833236448207845
891,6172,538900,677758,827750400,0.09248799399938434,0.6435176960658282,0.07857785699889064,0.1497487030029297,0.964392802095972,0.006278772384818154
892,16384,1185820,1664175,1821419520,0.2491355889942497,1.4058364810189232,0.17261402204167098,0.356978759765625,2.18462672107853,0.0028320288067625317
893,16384,1170811,1643087,1798365696,0.23202355904504657,1.3915461089927703,0.17044662905391306,0.33115771484375,2.125235107028857,0.0028747451599475072
894,16384,1177348,1652115,1808406528,0.23155829799361527,1.4135422511026263,0.17143894790206105,0.35643362426757813,2.173031176091172,0.0026716057242913457
895,16384,1177029,1655519,1807916544,0.23035802494268864,1.3976361780660227,0.17130573198664933,0.3534619140625,2.1528321240330115,0.0032643035360794405
896,16384,1184139,1661638,1818837504,0.2226961359847337,1.4201333579840139,0.17241213703528047,0.3547734985351563,2.1700742460088804,0.002724168069598904
897,6172,537651,677035,825831936,0.09076461102813482,0.6418543859617785,0.0783293170388788,0.15382077026367189,0.9648301359266043,0.006327708045897806
898,16384,1184230,1663228,1818977280,0.24476074893027544,1.3976278309710324,0.17217067105229944,0.3591383666992187,2.1737583689391613,0.0027947580192623812
899,16384,1170136,1642293,1797328896,0.22971842403057963,1.3909914139658213,0.17051226901821792,0.32945263671875,2.1207373730139807,0.0029531841805965535
900,16384,1176940,1650160,1807779840,0.22500671294983476,1.3932825260562822,0.1712489000055939,0.3529049377441406,2.1425057069864124,0.0029232235114533276
901,16384,1176963,1654118,1807815168,0.2276543490588665,1.3783605319913477,0.17099167394917458,0.3562637939453125,2.1333299120888114,0.002792026857765464
902,16384,1182879,1659983,1816902144,0.22001117700710893,1.3995927199721336,0.17212250002194196,0.354872802734375,2.146668114932254,0.0032103330838722894
903,6172,537164,676230,825083904,0.09022284601815045,0.6414740009931847,0.07832606101874262,0.15068556213378906,0.9607712920987979,0.006538698173815968
904,16384,1186452,1664716,1822390272,0.24754009896423668,1.4109570770524442,0.17260590195655823,0.35947158813476565,2.1906375859398395,0.0028722154791063067
905,16384,1168530,1641587,1794862080,0.22626514895819128,1.3878541339654475,0.17012544500175864,0.3507742614746094,2.135077656013891,0.0027477508239084187
906,16384,1176682,1651525,1807383552,0.22264350904151797,1.3971917929593474,0.17128768505062908,0.355455810546875,2.1466394920134917,0.0028274153786909226
907,16384,1177556,1655829,1808726016,0.22616655007004738,1.3984651400242,0.1713285209843889,0.35564962768554687,2.1516711179865524,0.0028479827542908817
908,16384,1183820,1661175,1818347520,0.21929445303976536,1.4067861350486055,0.17220192193053663,0.35494677734375,2.153287054039538,0.0026827206698618353
909,6172,538241,676793,826738176,0.08963693701662123,0.6425830719526857,0.0784017750993371,0.15007904052734375,0.9607606870122254,0.006230731236904192
910,16384,1184491,1663283,1819378176,0.24214440304785967,1.4049961999990046,0.17246555793099105,0.33483071899414063,2.1544975240249187,0.0028147654961889344
911,16384,1169279,1642912,1796012544,0.22525148198474199,1.3930341290542856,0.16951471101492643,0.34986434936523436,2.1377251730300486,0.0028301865751338305
912,16384,1177126,1652062,1808065536,0.2222686450695619,1.407571543008089,0.17247788899112493,0.34709701538085935,2.149489503004588,0.0034617780104912585
913,16384,1176864,1654512,1807663104,0.2544916559709236,1.412618568050675,0.17234376398846507,0.35288070678710937,2.192406522925012,0.0032762230493014652
914,16384,1181643,1660484,1815003648,0.269063078914769,1.4078861289890483,0.17434202902950346,0.3643459777832031,2.2157073660055175,0.003166089984177854
915,6172,538444,676148,827049984,0.11810682690702379,0.6442837840877473,0.07961537595838308,0.1513961944580078,0.9934727689251304,0.007105128210484276
916,16384,1185797,1665309,1821384192,0.3266698200022802,1.4122041260125116,0.17363058007322252,0.35554302978515623,2.2681187480920926,0.00313882238230043
917,16384,1168560,1641280,1794908160,0.32684943499043584,1.3865865810075775,0.17025354504585266,0.35057754516601564,2.234374006977305,0.004784372136858676
918,16384,1177658,1652433,1808882688,0.31735367595683783,1.39630975399632,0.17152149102184922,0.3542533569335938,2.23949782398995,0.0026589032912384424
919,16384,1176480,1654431,1807073280,0.30174088198691607,1.3939914039801806,0.17114858503919095,0.34012811279296873,2.2070681230397895,0.002679538520618134
920,16384,1183297,1662586,1817544192,0.2791883680038154,1.402619257918559,0.172020843019709,0.35702099609375,2.210918103926815,0.003104542445951387
921,6172,537561,676621,825693696,0.10824949899688363,0.6414328690152615,0.0782969209831208,0.15353593444824218,0.9815745010273531,0.006039030535420278
922,16384,1185832,1663684,1821437952,0.27921951399184763,1.4041939150774851,0.1727019950048998,0.35829327392578125,2.2144675670424476,0.002658383591154045
923,16384,1169369,1642020,1796150784,0.2530160369351506,1.3893698980100453,0.17010480596218258,0.33763092041015624,2.1501809009350836,0.002755099234811388
924,16384,1177120,1649846,1808056320,0.24501269403845072,1.3972119459649548,0.17108448001090437,0.35448794555664065,2.167857544030994,0.0027897801776715393
925,16384,1175662,1654050,1805816832,0.24548268096987158,1.396029977942817,0.17106002406217158,0.33360528564453124,2.1462404059711844,0.0029091499544748687
926,16384,1183580,1661647,1817978880,0.23624896293040365,1.4086746200919151,0.1722537250025198,0.3583311462402344,2.1755690129939467,0.002783581146453454
927,6172,537543,676470,825666048,0.09544637298677117,0.6415104960324243,0.07833590498194098,0.1513628845214844,0.9667175189824775,0.006399021290292631
928,16384,1187158,1666187,1823474688,0.2585422629490495,1.4089860350359231,0.17288447101600468,0.33956088256835937,2.180032438947819,0.0026966286112192484
929,16384,1169625,1642263,1796544000,0.2385712719988078,1.3887113130185753,0.17002904904074967,0.35334133911132815,2.150713023962453,0.002792134158435818
930,16384,1176823,1650806,1807600128,0.23351955297403038,1.3974951690761372,0.17129822599235922,0.355976318359375,2.158347151009366,0.002681895145415901
931,16384,1177467,1656116,1808589312,0.23543713800609112,1.4016188740497455,0.17121172591578215,0.3545911560058594,2.162921458017081,0.0028925710349263236
932,16384,1183633,1661697,1818060288,0.2277602709364146,1.404598135035485,0.17232478503137827,0.3464903564453125,2.1512315860018134,0.0026979221391416016
933,6172,538153,676536,826603008,0.09250947798136622,0.6435994090279564,0.0784462810261175,0.1537958984375,0.9684138159500435,0.006479613990412379
934,16384,1184751,1663565,1819777536,0.2489339370513335,1.3932381600607187,0.17247409489937127,0.3576072692871094,2.172312689013779,0.0027264820366794122
935,16384,1167715,1641611,1793610240,0.2309831220190972,1.3880147589370608,0.17002969700843096,0.35155865478515624,2.140647775027901,0.0028749371509752264
936,16384,1176204,1650978,1806649344,0.2274877818999812,1.3985051580239087,0.17117945197969675,0.35327218627929685,2.1505041029304266,0.002767943918911496
937,16384,1177222,1654439,1808212992,0.23083530296571553,1.3980634569888934,0.1713432560209185,0.3356598205566406,2.135961661930196,0.002800864785835861
938,16384,1182750,1659804,1816704000,0.22620174300391227,1.4079648099141195,0.17209312308114022,0.35507730102539065,2.161397130927071,0.0027831027277556695
939,6172,538722,677210,827476992,0.09289318800438195,0.6433862679405138,0.07836097001563758,0.14528265380859376,0.9599850899539888,0.006459494580765868
940,16384,1185679,1664564,1821202944,0.2450583119643852,1.4044126729713753,0.17260740511119366,0.3567770385742188,2.1789161330088973,0.002785990098697103
941,16384,1168636,1642458,1795024896,0.23369972000364214,1.3889598329551518,0.1702295170398429,0.3313842468261719,2.124335019965656,0.0029045861536666144
942,16384,1177446,1651464,1808557056,0.22492210299242288,1.3986314800567925,0.17150069400668144,0.35297048950195314,2.148084081010893,0.002761272408622641
943,16384,1177798,1656417,1809097728,0.228066568961367,1.4012702939799055,0.1713690480682999,0.35638629150390627,2.157156937988475,0.003000962695669494
944,16384,1183182,1660874,1817367552,0.21974137902725488,1.4079962039832026,0.17225800000596792,0.33753018188476563,2.1375847361050546,0.002758777365294992
945,6172,538379,676865,826950144,0.09019907296169549,0.6428619010839611,0.07843609794508666,0.15399635314941407,0.9655548429582268,0.006360883435816469
946,16384,1185400,1663899,1820774400,0.24266978399828076,1.4075533989816904,0.17314516892656684,0.3552054748535156,2.1786342149134725,0.002771835354726193
947,16384,1167132,1639124,1792714752,0.22781287506222725,1.3865512569900602,0.16995259304530919,0.3583983459472656,2.1427743420936167,0.0027660891578741784
948,16384,1176473,1650315,1807062528,0.22392903792206198,1.3972647540504113,0.1713163850363344,0.3342086181640625,2.1267787979450077,0.002821298209083004
949,16384,1176773,1654731,1807523328,0.22658367198891938,1.3967698590131477,0.17131307895760983,0.3524926147460937,2.1472208050545305,0.002867909467663734
950,16384,1181645,1659466,1815006720,0.22084772097878158,1.3910854669520631,0.17200158699415624,0.3518799743652344,2.1358726549660787,0.0027111015120001897
951,6172,537900,676775,826214400,0.08927965199109167,0.6429750120732933,0.07845245802309364,0.15327267456054688,0.9640396060422063,0.006204039108555295
952,16384,1186435,1665060,1822364160,0.24112099199555814,1.4070850319694728,0.17271436494775116,0.34610107421875,2.167081015999429,0.0027480683673997853
953,16384,1167886,1640096,1793872896,0.2249375970568508,1.3881139799486846,0.16999088798183948,0.3496922607421875,2.1327940119663253,0.002779745086977762
954,16384,1177880,1651058,1809223680,0.2223374790046364,1.4046993990195915,0.17239300697110593,0.3524305419921875,2.151932967011817,0.003370923974276147
955,16384,1177808,1656143,1809113088,0.25227007700596005,1.4012171420035884,0.1735993199981749,0.3369908752441406,2.1641493779607117,0.0033252653250673606
956,16384,1183386,1660331,1817680896,0.2669784229947254,1.4108786119613796,0.17328096297569573,0.35536306762695313,2.2065736489603296,0.0032894166759394896
957,6172,537559,676500,825690624,0.11966369801666588,0.6423335600411519,0.07952176395338029,0.15463632202148436,0.996224427013658,0.006934479731902219
958,16384,1187079,1665644,1823353344,0.32629987003747374,1.4109198648948222,0.17397576803341508,0.33779598999023436,2.2490640420001,0.0032257438116309527
959,16384,1169890,1641449,1796951040,0.3268548840424046,1.39070912997704,0.170804659021087,0.3547903747558594,2.2432688910048455,0.004896568971056554
960,16384,1178218,1653593,1809742848,0.31884712900500745,1.396921299980022,0.1715476110111922,0.34096875,2.228344574919902,0.0026829299361043842
961,16384,1175439,1653588,1805474304,0.3014807410072535,1.3941625020233914,0.17086209799163043,0.3514842529296875,2.2180483610136434,0.0026494941550171043
962,16384,1182630,1661758,1816519680,0.2794125030050054,1.4037982039153576,0.17220849206205457,0.35453851318359375,2.210018961923197,0.0027714584463287987
963,6172,537468,676081,825550848,0.10883045999798924,0.640564498025924,0.07829791901167482,0.1503401336669922,0.9780929480912164,0.006127984947970299
964,16384,1185563,1664546,1821024768,0.2798801369499415,1.4073553730268031,0.1726249719504267,0.3584469909667969,2.2183652939274907,0.0026064703446611872
965,16384,1169268,1642330,1795995648,0.25354428496211767,1.3892839109757915,0.17020448297262192,0.35198532104492186,2.1650776779279113,0.0027563894389018946
966,16384,1177450,1651880,1808563200,0.24598265707027167,1.4005208839662373,0.17326517403125763,0.3561937561035156,2.1760284500196576,0.003032076550968417
967,16384,1177352,1655594,1808412672,0.24683802190702409,1.3978254670510069,0.171324010938406,0.35274057006835935,2.168798239901662,0.0032354294454178716
968,16384,1181308,1658881,1814489088,0.23970554897096008,1.405237031984143,0.17184847104363143,0.36061505126953125,2.1774681659881026,0.002850223980588069
969,6172,537523,677021,825635328,0.09546921506989747,0.6428823790047318,0.0782225530128926,0.15067181396484375,0.9673074120655656,0.00635279048144227
970,16384,1186053,1662751,1821777408,0.25619939202442765,1.4047828699694946,0.17266163299791515,0.3391817626953125,2.1728848370257765,0.0027235377419923042
971,16384,1167859,1640450,1793831424,0.23896416393108666,1.3866246240213513,0.16993819002527744,0.35412860107421873,2.149717252003029,0.00286888664253278
972,16384,1178858,1652510,1810725888,0.23402952391188592,1.3993922780500725,0.17166780296247452,0.3579337463378906,2.1630809230264276,0.002661563120046661
973,16384,1175675,1654141,1805836800,0.23497469094581902,1.3961218320764601,0.17104551289230585,0.33759881591796875,2.139799144002609,0.0027241888669202563
974,16384,1183695,1661105,1818155520,0.22683720907662064,1.4041572059504688,0.17228695296216756,0.3562040405273437,2.15954344405327,0.0026873984327145045
975,6172,537987,676452,826348032,0.0924555390374735,0.6422175659099594,0.07844252011273056,0.15156253051757812,0.9647377870278433,0.006181104431029464
976,16384,1185772,1664522,1821345792,0.24879560503177345,1.4044343789573759,0.17259449406992644,0.3539793701171875,2.1798625690862536,0.002693789545416084
977,16384,1169514,1641491,1796373504,0.2333886519772932,1.3933717840118334,0.17012238898314536,0.35372784423828124,2.15067026601173,0.0027710803519522932
978,16384,1177518,1650989,1808667648,0.22829980100505054,1.4001608419930562,0.1714049190049991,0.3552990417480469,2.155222345958464,0.002679176346673459
979,16384,1177432,1655336,1808535552,0.23148176493123174,1.3989048131043091,0.17135043197777122,0.3314640808105469,2.1332601309986785,0.0027676031610660116
980,16384,1182563,1660010,1816416768,0.22211457404773682,1.4046790319262072,0.1721761510707438,0.3558779602050781,2.154906118987128,0.002710175485027981
981,6172,537613,676489,825773568,0.09087867697235197,0.6409768169978634,0.07832612097263336,0.1521555480957031,0.9623978409217671,0.0063048648526862336
982,16384,1185751,1665111,1821313536,0.24559287796728313,1.4047431950457394,0.1726496060146019,0.3542247619628906,2.1772702239686623,0.002745776683543191
983,16384,1168303,1640633,1794513408,0.22849932604003698,1.3783828989835456,0.17092801199760288,0.3547192993164062,2.1325931110186502,0.0029810975534989717
984,16384,1177237,1651359,1808236032,0.22676447895355523,1.3977679640520364,0.1718845049617812,0.3531893005371094,2.149665656965226,0.0027636139857941176
985,16384,1177236,1654193,1808234496,0.237532829050906,1.4005848410306498,0.172053718008101,0.3559498291015625,2.1661807920318097,0.0027502247646935068
986,16384,1182585,1661302,1816450560,0.22081063291989267,1.3989089480601251,0.17292169097345322,0.35440533447265626,2.147106120013632,0.0027718046607030414
987,6172,538074,676580,826481664,0.09036899299826473,0.6448525260202587,0.0788182660471648,0.1496043243408203,0.9637060950044543,0.006432002274044363
988,16384,1186882,1666212,1823050752,0.24451979505829513,1.4007436509709805,0.17348854301963001,0.34600604248046873,2.164827098022215,0.003190393029703885
989,16384,1167964,1641119,1793992704,0.2285322870593518,1.388405506964773,0.17079746699891984,0.3536603088378906,2.141455548000522,0.00280081179564597
990,16384,1178226,1653069,1809755136,0.2254909659968689,1.3997983559966087,0.1726930260192603,0.3537699584960938,2.1518132840283215,0.002833773726668008
991,16384,1175935,1654474,1806236160,0.22707922791596502,1.3979012550553307,0.1720105529529974,0.34882086181640626,2.145873605972156,0.002875669437609994
992,16384,1181624,1660858,1814974464,0.21906094392761588,1.4005033900029957,0.17265965999104083,0.36162762451171876,2.1539119919762015,0.0028029716652908285
993,6172,537731,676953,825954816,0.08996323496103287,0.6426682539749891,0.07873326307162642,0.15012060546875,0.9615465939277783,0.006368537080429557
994,16384,1186296,1664175,1822150656,0.24229203897994012,1.4016791000030935,0.1734491449315101,0.3562154541015625,2.1736956269014627,0.002755164274864673
995,16384,1169026,1641745,1795623936,0.2262383010238409,1.3903312190668657,0.17108101199846715,0.33625729370117186,2.12396906001959,0.002883009474910552
996,16384,1178032,1651164,1809457152,0.2230244040256366,1.4066032679984346,0.17335193196777254,0.34789715576171876,2.150948273949325,0.0033247752458157157
997,16384,1177722,1654494,1808980992,0.2531738899415359,1.4053957300493494,0.17346697696484625,0.3502876892089844,2.1823968359967694,0.0033243189715484863
998,16384,1183845,1660834,1818385920,0.2660352389793843,1.4127769169863313,0.17543113394640386,0.3586354064941406,2.212950623012148,0.0032502580554565753
999,6172,537739,675851,825967104,0.1180802769958973,0.6446429319912568,0.07986269507091492,0.1501168975830078,0.992775663966313,0.007339253759009404
1000,16384,1186636,1665744,1822672896,0.3294129759306088,1.4255333150504157,0.17365685605909675,0.3604426879882813,2.2891166679328308,0.0030943335226366487
1001,16384,1168231,1640784,1794402816,0.3239527940750122,1.3893229449167848,0.17070889007300138,0.35278460693359376,2.236891003092751,0.005443586396940276
1002,16384,1178579,1652275,1810297344,0.3225404620170593,1.3948958909604698,0.17166823102161288,0.35342138671875,2.2426081519806758,0.0036645395545907814
1003,16384,1177748,1655493,1809020928,0.30328380200080574,1.3951559220440686,0.17128315393347293,0.3371033020019531,2.2068862189771608,0.0027205297828260112
1004,16384,1181645,1659075,1815006720,0.28043778298888355,1.3990799009334296,0.1720610960619524,0.36652737426757814,2.218166232923977,0.0027084837575047723
1005,6172,537945,676465,826283520,0.1088856509886682,0.6411166150355712,0.07848679297603667,0.150214111328125,0.978764730039984,0.006289531048021441
1006,16384,1183821,1662083,1818349056,0.28008353197947145,1.4039025900419801,0.17229801299981773,0.3388637390136719,2.195209017023444,0.002785292335661524
1007,16384,1169242,1641141,1795955712,0.25371134793385863,1.3876908880192786,0.17008041008375585,0.34973162841796873,2.161274640006013,0.002793053230447012
1008,16384,1176862,1651952,1807660032,0.24515405297279358,1.397501358995214,0.17133756598923355,0.3534775085449219,2.1675314599415287,0.0028130359578334777
1009,16384,1177403,1656649,1808491008,0.24630293098744005,1.3969509999733418,0.17142799100838602,0.35297833251953126,2.1677200299454853,0.002757526616001784
1010,16384,1182733,1660970,1816677888,0.23717313609085977,1.4053915129043162,0.17220101004932076,0.35693267822265623,2.1717566250590608,0.0026839007297222665
1011,6172,539112,677085,828076032,0.09565888892393559,0.6438999340170994,0.07857710798271,0.15232649230957032,0.9705239399336278,0.006338504160620797
1012,16384,1186995,1664633,1823224320,0.25738196703605354,1.4086541789583862,0.1726000690832734,0.34793734741210935,2.186632735072635,0.002706105230367968
1013,16384,1166636,1639772,1791952896,0.23744256200734526,1.38366350508295,0.16996678395662457,0.3559044494628906,2.1470362790860236,0.0027469762289331827
1014,16384,1178067,1652340,1809510912,0.23305835796054453,1.4004244309617206,0.17125376302283257,0.35342791748046876,2.1582245039753616,0.0027816638020925406
1015,16384,1177481,1655891,1808610816,0.2363927239784971,1.3980599379865453,0.17120496509596705,0.35493658447265625,2.160663658985868,0.0032141722712581665
1016,16384,1182063,1659382,1815648768,0.2273734170012176,1.4019640180049464,0.17225891503039747,0.3430755615234375,2.1447347630746663,0.002930502911108086
1017,6172,537439,676952,825506304,0.09281488403212279,0.6415917030535638,0.07832441793289036,0.1497508544921875,0.9625411520246416,0.00615999780917769
1018,16384,1185746,1663612,1821305856,0.2487600710010156,1.4026798779377714,0.17275452404282987,0.3531685485839844,2.177422502893023,0.002731731087682759
1019,16384,1168533,1639756,1794866688,0.2315981169231236,1.3884158190339804,0.17003554699476808,0.35211309814453123,2.1422234849305823,0.0028430196292511586
1020,16384,1177879,1651896,1809222144,0.2303360120858997,1.3975332159316167,0.17140576406382024,0.3418675842285156,2.1412011940265074,0.0027376090027786543
1021,16384,1178039,1656002,1809467904,0.2223275100113824,1.3978306030621752,0.171433275914751,0.3545234375,2.146176908048801,0.0028926581149737495
1022,16384,1184119,1661323,1818806784,0.23835881100967526,1.4137028710683808,0.17217445897404104,0.34472409057617187,2.1690174450632185,0.0026377581738638452
1023,6172,538537,677076,827192832,0.09225679002702236,0.6436532229417935,0.0786567380419001,0.15038192749023438,0.9650115779368207,0.006517998053953193
1024,16384,1185658,1664218,1821170688,0.2370782810030505,1.4055198909481987,0.17273795208893716,0.35604229736328125,2.17143727093935,0.002710165136715443
1025,16384,1168397,1641746,1794657792,0.22669986390974373,1.3889622429851443,0.1705199700081721,0.33682382202148436,2.1230641559232026,0.0027440055683428553
1026,16384,1178319,1652981,1809897984,0.2288940988946706,1.3983765860321,0.17170629696920514,0.35134130859375,2.15037746692542,0.002751909216128164
1027,16384,1176636,1654861,1807312896,0.23768102005124092,1.3954774149460718,0.17124548205174506,0.3543626708984375,2.158827339997515,0.002814122690333139
1028,16384,1184720,1662137,1819729920,0.23196241806726903,1.405985206947662,0.17255036102142185,0.356413818359375,2.166971998056397,0.002777777503503353
1029,6172,537595,676507,825745920,0.08616843807976693,0.6406939959852025,0.07803791493643075,0.15198326110839844,0.9569422340719029,0.00612617564749636
1030,16384,1186359,1663969,1822247424,0.23227073508314788,1.4065753869945183,0.17253618000540882,0.3371227111816406,2.148563057067804,0.002701517318630386
1031,16384,1167962,1640824,1793989632,0.22670890006702393,1.3884786439593881,0.17005927592981607,0.35266488647460936,2.137973304023035,0.002881120736245144
1032,16384,1177345,1650789,1808401920,0.2253844040678814,1.3934041919419542,0.1710750050842762,0.348103515625,2.1380279210861772,0.0028439463519474377
1033,16384,1175832,1654199,1806077952,0.21726580301765352,1.3967677059117705,0.1712883070576936,0.3506968078613281,2.1360803690040484,0.0028905820445057793
1034,16384,1183303,1660659,1817553408,0.23429200402460992,1.40443190804217,0.17227334692142904,0.3576570129394531,2.1687139910645783,0.0027536658665964875
1035,6172,537381,676627,825417216,0.09164293005596846,0.6425103589426726,0.07835907605476677,0.15375296020507812,0.9663260630331933,0.006285432736517257
1036,16384,1185191,1664043,1820453376,0.24035722797270864,1.4047874889802188,0.17269714002031833,0.3566658935546875,2.1745683669578284,0.0027875154819748584
1037,16384,1168463,1641208,1794759168,0.22595652495510876,1.389724572072737,0.17025936290156096,0.33602749633789064,2.122028942918405,0.0028739782890991397
1038,16384,1177744,1651118,1809014784,0.22597212297841907,1.4039726520422846,0.1721107850316912,0.35286459350585936,2.154995435033925,0.0034933473383163575
1039,16384,1178274,1656895,1809828864,0.23693051107693464,1.4026619689539075,0.17244236904662102,0.35215277099609377,2.164264798979275,0.003566056508163894
1040,16384,1184098,1661601,1818774528,0.2801724199671298,1.4094166030408815,0.1745642180321738,0.342295166015625,2.206519764033146,0.003233915168104425
1041,6172,538498,677021,827132928,0.11864620796404779,0.6481889339629561,0.079697092063725,0.14986344909667967,0.9964656520169228,0.007021710118422267
1042,16384,1183778,1661630,1818283008,0.31283474806696177,1.4076004669768736,0.17462414398323745,0.3565177917480469,2.2516455099685118,0.003035966056355555
1043,16384,1168758,1641311,1795212288,0.31960135407280177,1.3930105119943619,0.1703830499900505,0.3537379150390625,2.23686492908746,0.005905496995623282
1044,16384,1178201,1652385,1809716736,0.334949714015238,1.3953980499645695,0.1716621540253982,0.35687210083007814,2.258968956070021,0.0038485360546170544
1045,16384,1176419,1653421,1806979584,0.3155355399940163,1.394275175058283,0.17068237497005612,0.3550545959472656,2.2356071280082688,0.002658876772354652
1046,16384,1182512,1660926,1816338432,0.2944670179858804,1.4011036059819162,0.17238696396816522,0.3562444152832031,2.2242626619990915,0.002727141041518943
1047,6172,537887,676570,826194432,0.10600886994507164,0.6406773820053786,0.07834677398204803,0.15308058166503907,0.9781722070183605,0.005990705972081579
1048,16384,1186810,1664743,1822940160,0.27091209299396724,1.4076948020374402,0.17292598891071975,0.35312347412109374,2.2047274300130084,0.0032236161631642698
1049,16384,1168207,1639988,1794365952,0.25499576702713966,1.3872736140619963,0.17029365291818976,0.3478246765136719,2.160447809030302,0.0027817616816762183
1050,16384,1177390,1651007,1808471040,0.24842473794706166,1.4067085350397974,0.17132020404096693,0.3503517456054687,2.1768711779732257,0.0030298228300459583
1051,16384,1176903,1653512,1807723008,0.23783991404343396,1.3980430549709126,0.17115082102827728,0.35084716796875,2.1579405090305954,0.002759622842817258
1052,16384,1183013,1660207,1817107968,0.25931457499973476,1.4035350430058315,0.17242924007587135,0.35505587768554686,2.1903955560410395,0.002776679941990889
1053,6172,537883,677231,826188288,0.09791740996297449,0.6420321520417929,0.07844031404238194,0.1539923858642578,0.9724466180196032,0.006617957942737072
1054,16384,1185034,1664875,1820212224,0.25631491909734905,1.4193810119759291,0.17273312294855714,0.3550864562988281,2.203573247999884,0.0026201842517919287
1055,16384,1168362,1641408,1794604032,0.23724947997834533,1.3914793480653316,0.1702664679614827,0.3392067565917969,2.1382641920354217,0.0029060692638664246
1056,16384,1176474,1650497,1807064064,0.23507375293411314,1.400395215023309,0.171283739968203,0.351142333984375,2.157954210997559,0.0027419065361689245
1057,16384,1176086,1654370,1806468096,0.22627377999015152,1.4008622720139101,0.1713278660317883,0.3540926818847656,2.1526159920031205,0.0027590653755977797
1058,16384,1183202,1660672,1817398272,0.24416783696506172,1.4166263550287113,0.17228953004814684,0.3527021179199219,2.185846140026115,0.0027586600524708983
1059,6172,538046,676144,826438656,0.09432760498020798,0.6425267149461433,0.07851438003126532,0.14975257873535155,0.9651852899696678,0.006632019505980014
1060,16384,1184994,1664334,1820150784,0.24840769998263568,1.4058379450580105,0.17250839003827423,0.35481475830078124,2.181661435053684,0.004246381793866683
1061,16384,1167915,1641670,1793917440,0.23178609705064446,1.3879520769696683,0.170062999939546,0.35236306762695313,2.142223890987225,0.00278446154315458
1062,16384,1176809,1650533,1807578624,0.23006662901025265,1.401280265999958,0.17112297599669546,0.33564288330078124,2.138172711012885,0.0028041095505861517
1063,16384,1176974,1655076,1807832064,0.22218919696751982,1.3995034999679774,0.17147233395371586,0.3517646484375,2.1449896229896694,0.002794589881182047
1064,16384,1183785,1661758,1818293760,0.23821821704041213,1.408962644985877,0.17239630594849586,0.35693328857421874,2.1765893229749054,0.0036233948714633475
1065,6172,539032,677955,827953152,0.09280379803385586,0.6453298759879544,0.0786621900042519,0.15077583312988282,0.9676336309639737,0.0064005431443053965
1066,16384,1186278,1665576,1822123008,0.23768633604049683,1.4138165389886126,0.17286232998594642,0.35496517944335937,2.179390265024267,0.002747583432533011
1067,16384,1169160,1641809,1795829760,0.2268450369592756,1.3900193209992722,0.1702871510060504,0.33779373168945315,2.1250047659268603,0.002801183026198757
1068,16384,1177247,1651073,1808251392,0.22815166297368705,1.400950537994504,0.17160575895104557,0.35143280029296875,2.1521992589114234,0.002718089367228164
1069,16384,1174552,1653386,1804111872,0.23884699202608317,1.3956649419851601,0.171180477947928,0.35821865844726564,2.1639732860494405,0.0028750652055073932
1070,16384,1184258,1662417,1819020288,0.23281651106663048,1.4101355689344928,0.17261026008054614,0.3547578125,2.1703833980718628,0.0029140238655353395
1071,6172,538128,677264,826564608,0.08679396007210016,0.6432160729309544,0.07842634106054902,0.15236163330078126,0.9608581170905381,0.006255837889505035
1072,16384,1185920,1663520,1821573120,0.23289719701278955,1.4106678849784657,0.17280839895829558,0.35860586547851564,2.1750396100105718,0.00277068896712238
1073,16384,1168849,1641289,1795352064,0.226775860064663,1.3903982399497181,0.17045079602394253,0.34323046875,2.130914092063904,0.002755966361996156
1074,16384,1177851,1652223,1809179136,0.22520389000419527,1.4075264789862558,0.1715338610811159,0.3490082092285156,2.1533343070186675,0.002873112567007141
1075,16384,1176504,1654535,1807110144,0.21787738299462944,1.3993709370261058,0.1713435249403119,0.3537044677734375,2.1423565399600193,0.0028112606100525774
1076,16384,1181172,1659865,1814280192,0.2355031119659543,1.4055646429769695,0.17191096302121878,0.3652105712890625,2.1782504039583728,0.002805678587577261
1077,6172,537546,676353,825670656,0.0918771269498393,0.6417383330408484,0.07836053799837828,0.14923561096191407,0.961273429915309,0.006431152927464857
1078,16384,1186537,1665154,1822520832,0.2418607760919258,1.4099855079548433,0.17296535498462617,0.35578878784179685,2.180661163991317,0.002785261604511958
1079,16384,1168630,1641340,1795015680,0.23020427802111953,1.3880019859643653,0.17043321894016117,0.349208740234375,2.137907700962387,0.0027820566032458636
1080,16384,1178402,1652026,1810025472,0.22427941905334592,1.4052947009913623,0.17379045102279633,0.3509942321777344,2.154428796027787,0.003248786066965582
1081,16384,1176440,1654578,1807011840,0.23779732000548393,1.3924505510367453,0.17368557397276163,0.3532725830078125,2.1572812990052626,0.0034891593643404666
1082,16384,1182976,1662750,1817051136,0.28183712996542454,1.4173348090844229,0.17427585390396416,0.35779522705078126,2.2313145749503747,0.0032068515387848376
1083,6172,537113,676597,825005568,0.11952722095884383,0.6439997529378161,0.07957250310573727,0.1503038330078125,0.9934757369337603,0.007290255902396912
1084,16384,1185638,1664019,1821139968,0.32156541803851724,1.4143627209123224,0.17384987801779062,0.3546084289550781,2.264463276951574,0.0033929023556093286
1085,16384,1167198,1641082,1792816128,0.320319551974535,1.391413765028119,0.17023242299910635,0.356335693359375,2.238414243911393,0.005039753055742129
1086,16384,1177125,1651644,1808064000,0.32461814989801496,1.397672032006085,0.1714524890994653,0.34596096801757814,2.239788617938757,0.0037940597131900945
1087,16384,1177280,1655695,1808302080,0.2987715309718624,1.3998574879951775,0.17163094005081803,0.35614996337890625,2.2264707600697875,0.0027324712326980034
1088,16384,1182791,1660463,1816766976,0.29829426400829107,1.4021293710684404,0.17226921301335096,0.3543482971191406,2.2271011651027948,0.0026949783203430526
1089,6172,537060,676884,824924160,0.11087066493928432,0.6411741280462593,0.07846988795790821,0.14893536376953126,0.9795128299156204,0.006409839740717799
1090,16384,1186649,1665105,1822692864,0.273771470063366,1.416313505033031,0.17290366895031184,0.3564707641601563,2.2195220380090177,0.0028217697810568815
1091,16384,1168264,1640697,1794453504,0.25740591308567673,1.3884678019676358,0.1700085559859872,0.3529449462890625,2.168888896005228,0.0028437914445276144
1092,16384,1177316,1651851,1808357376,0.2489387720124796,1.3996178889647126,0.17170557798817754,0.3563505554199219,2.176671689026989,0.002705720021727731
1093,16384,1176663,1653803,1807354368,0.2563612840604037,1.3974827439524233,0.17146076203789562,0.3562247009277344,2.1815919460495934,0.0028628209436327855
1094,16384,1183412,1659695,1817720832,0.2481818839441985,1.4080358949722722,0.17265213909558952,0.35438775634765624,2.1833177709486336,0.0027525351424747624
1095,6172,537194,675957,825129984,0.0918051271000877,0.6418578129960224,0.07835940993390977,0.1516174774169922,0.9637001270893961,0.006257096029051645
1096,16384,1185377,1664041,1820739072,0.2473968849517405,1.406982234097086,0.17265637393575162,0.35066116333007813,2.177757726982236,0.002804291167158597
1097,16384,1167283,1642413,1792946688,0.23844006098806858,1.3893187459325418,0.17462416901253164,0.3581935729980469,2.1606366239720955,0.002780432407756252
1098,16384,1178172,1652614,1809672192,0.23686674400232732,1.4123544399626553,0.17148431099485606,0.3523352966308594,2.173102156026289,0.0028238173442749316
1099,16384,1177042,1653606,1807936512,0.22731275402475148,1.3996533959871158,0.17145018000155687,0.3551763000488281,2.1536516790511087,0.0027418077598487475
1100,16384,1184049,1660596,1818699264,0.24424967600498348,1.4065810189349577,0.17241517908405513,0.3580736999511719,2.1813798539806157,0.002763388748533003
1101,6172,538017,676611,826394112,0.09472340706270188,0.6435079360380769,0.0785860070027411,0.15074374389648437,0.9676223180722445,0.006327269544823023
1102,16384,1187397,1665227,1823841792,0.24907607398927212,1.4096702700480819,0.17305684799794108,0.35741229248046874,2.1892835630569607,0.003109626470760895
1103,16384,1167388,1640915,1793107968,0.23151089705061167,1.3904554569162428,0.17013433203101158,0.3590395812988281,2.1512006639968604,0.002807580955919926
1104,16384,1177517,1651503,1808666112,0.23018840397708118,1.3994092920329422,0.17157119989860803,0.3392891845703125,2.1405185079202056,0.0028230282073385625
1105,16384,1177400,1654289,1808486400,0.2216130429878831,1.4015475939959288,0.171511922031641,0.356869384765625,2.1516015069792047,0.0027683192233043273
1106,16384,1180827,1658511,1813750272,0.24094075406901538,1.403791007003747,0.171887559001334,0.36232568359375,2.1790057540638372,0.0027879869466967823
1107,6172,538540,677141,827197440,0.0937528550857678,0.6434348449110985,0.07858373899944127,0.151308349609375,0.9671418190700933,0.006413791978349213
1108,16384,1186118,1664419,1821877248,0.24500031699426472,1.4052603539312258,0.17267633497249335,0.35143414306640625,2.17444562795572,0.0034251944666862538
1109,16384,1170784,1643737,1798324224,0.2287792229326442,1.3909219859633595,0.17062177299521863,0.35066021728515623,2.1410437179729342,0.002826602560604568
1110,16384,1177130,1651688,1808071680,0.22828864795155823,1.4011647460283712,0.1714897999772802,0.3376556396484375,2.138658720999956,0.002800231459134068
1111,16384,1176805,1655347,1807572480,0.21964545000810176,1.3969929110025987,0.1716060769977048,0.35307980346679685,2.1413833369733766,0.0027596879621766372
1112,16384,1184205,1663160,1818938880,0.2368810650659725,1.4119046829873696,0.172654440975748,0.35492181396484374,2.17642293300014,0.0027995480695577144
1113,6172,537701,676487,825908736,0.09262268501333892,0.6422233689809218,0.07840343692805618,0.15145574951171875,0.9647657159948722,0.006268419351331775
1114,16384,1186523,1664311,1822499328,0.2427709000185132,1.408436601050198,0.17272317595779896,0.3553541259765625,2.1793435210129246,0.0026942980436786288
1115,16384,1167406,1639966,1793135616,0.2269810460275039,1.3894433269742876,0.1702402060618624,0.3386927795410156,2.125418924028054,0.0028966253517459326
1116,16384,1176722,1651784,1807444992,0.2262122769607231,1.399046586942859,0.17133075708989054,0.34927557373046875,2.1459267779719085,0.002869773964287011
1117,16384,1176710,1655211,1807426560,0.21812451898586005,1.3974352369550616,0.1713688790332526,0.34034527587890623,2.12733282498084,0.002769389306083516
1118,16384,1182608,1660495,1816485888,0.23463961796369404,1.4060986971016973,0.1722357019316405,0.3559085693359375,2.168951772968285,0.0031898650849593118
1119,6172,537405,675941,825454080,0.09090753307100385,0.6419645299902186,0.07845401193480939,0.15295074462890626,0.9643382780486718,0.006373118762649293
1120,16384,1187160,1666419,1823477760,0.234433074016124,1.4067941070534289,0.17291562701575458,0.3546951904296875,2.168898837058805,0.0028050429448519274
1121,16384,1170554,1642839,1797970944,0.2248637001030147,1.3922246049623936,0.17024010501336306,0.35322195434570314,2.140611923066899,0.0028757497686087916
1122,16384,1177878,1651031,1809220608,0.22590190405026078,1.4046219260198995,0.17260250390972942,0.34136813354492185,2.1445663219783455,0.003350535387852882
1123,16384,1176832,1654885,1807613952,0.25779258203692734,1.404378515901044,0.17256594100035727,0.3536488037109375,2.188458179938607,0.0033053996646525245
1124,16384,1182740,1660576,1816688640,0.2776469789678231,1.4106906320666894,0.17344864504411817,0.33493133544921877,2.1967870600055903,0.0031622763537555876
1125,6172,538855,677430,827681280,0.11461150599643588,0.6503441620152444,0.07978191901929677,0.15523341369628907,1.0000413410598412,0.007033742475145044
1126,16384,1186623,1665413,1822652928,0.3129282660083845,1.414658872061409,0.17405493999831378,0.3417168884277344,2.24343117501121,0.0032186641682028115
1127,16384,1170224,1644424,1797464064,0.32316866505425423,1.3939305379753932,0.17061867797747254,0.32890628051757814,2.2167355930432677,0.0050268294928561144
1128,16384,1178232,1653582,1809764352,0.32505898107774556,1.3975191729841754,0.17168501496780664,0.35641973876953126,2.2507661330746487,0.0036976420680483436
1129,16384,1177171,1653434,1808134656,0.2955222720047459,1.3997129800263792,0.17158116004429758,0.351400390625,2.2182756960392,0.0026549152065473286
1130,16384,1183422,1661604,1817736192,0.2987636319594458,1.3898129790322855,0.17224847304169089,0.3584060363769531,2.2192919809604064,0.0027423408255116376
1131,6172,538825,676817,827635200,0.11161765200085938,0.6485693838912994,0.07861652504652739,0.147302490234375,0.9861661859322339,0.006097832194066116
1132,16384,1185865,1664680,1821488640,0.2803769250167534,1.4065345650305972,0.1728842599550262,0.34814794921875,2.208002825966105,0.002677838283673889
1133,16384,1168344,1641037,1794576384,0.25381101795937866,1.3872879591071978,0.17004209593869746,0.348039306640625,2.159240745007992,0.0027956753887927377
1134,16384,1177245,1650804,1808248320,0.24772095202933997,1.401007564039901,0.171404646942392,0.3492135925292969,2.1694083210313693,0.0028378931638919557
1135,16384,1177233,1655542,1808229888,0.23724530800245702,1.3983043059706688,0.171550665050745,0.34995343017578123,2.157114255009219,0.002806796599958803
1136,16384,1182770,1660680,1816734720,0.2530700310599059,1.4063764050370082,0.1719810429494828,0.352866943359375,2.184354128083214,0.0027333332390778614
1137,6172,538216,676609,826699776,0.09799807798117399,0.6433380669914186,0.07847369101364166,0.15130717468261717,0.9711772330338135,0.006200965479189058
1138,16384,1186126,1665135,1821889536,0.25616343901492655,1.4051390379900113,0.17285546706989408,0.33342178344726564,2.1676411600783467,0.002834074079259034
1139,16384,1168778,1642041,1795243008,0.23812360607553273,1.39018327195663,0.1702405719552189,0.35236727905273435,2.1509748060489073,0.0027930131316436604
1140,16384,1177494,1650608,1808630784,0.23573610198218375,1.407461115042679,0.17157171096187085,0.350752197265625,2.1655798859428614,0.0027133928830853577
1141,16384,1177788,1655716,1809082368,0.22771857504267246,1.4093198769260198,0.17164868908002973,0.3531435852050781,2.1618911280529574,0.0027939334397402895
1142,16384,1182160,1661645,1815797760,0.24336613796185702,1.4042873670114204,0.17243140493519604,0.35985888671875,2.1800019089132547,0.0026656988598795605
1143,6172,537545,676853,825669120,0.09368445200379938,0.6416962960502133,0.07846806291490793,0.1516840057373047,0.9655979230301455,0.006742591545339607
1144,16384,1185740,1664041,1821296640,0.24212520092260092,1.405795205035247,0.17276438104454428,0.35708639526367186,2.1778319439617917,0.0027900084713258057
1145,16384,1168348,1641252,1794582528,0.23078408394940197,1.3876729980111122,0.1703967610374093,0.3513517456054687,2.1402670580428094,0.0028720452985627368
1146,16384,1179259,1653967,1811341824,0.23157835600432009,1.3948763000080362,0.17448002600576729,0.35140530395507813,2.1524010610301048,0.0028375314437809425
1147,16384,1177035,1654558,1807925760,0.24067121802363545,1.3987292179372162,0.17148426407948136,0.35463336181640626,2.1655794240068644,0.002833521109632309
1148,16384,1183358,1661971,1817637888,0.23477487999480218,1.4094329590443522,0.17251776694320142,0.3532896728515625,2.1700744699919596,0.002727609529521101
1149,6172,537755,676335,825991680,0.08740500395651907,0.6464397080708295,0.0784982469631359,0.14829452514648436,0.960697214002721,0.006217345577940995
1150,16384,1185387,1664639,1820754432,0.23480760806705803,1.4048770848894492,0.17279985500499606,0.3589504699707031,2.171492013032548,0.0026246976732795706
1151,16384,1167882,1640102,1793866752,0.22769279801286757,1.3880085749551654,0.17017282801680267,0.35048406982421876,2.1364230420440435,0.0030317607381400817
1152,16384,1177926,1651458,1809294336,0.22845573897939175,1.4009283130289987,0.17136439797468483,0.35028466796875,2.151094430941157,0.0028503160275045797
1153,16384,1175382,1653648,1805386752,0.21691447997000068,1.3989745969884098,0.17130501905921847,0.3528713073730469,2.1401303010061383,0.003032414214777329
1154,16384,1183354,1660518,1817631744,0.23600350494962186,1.4054602150572464,0.17240883701015264,0.35792462158203125,2.1718556149862707,0.0026906202610915255
1155,6172,537738,676972,825965568,0.09285800589714199,0.6427771180169657,0.07857497199438512,0.152271484375,0.9665498429676518,0.007062510501213018
1156,16384,1185527,1664454,1820969472,0.24315582599956542,1.4054417129373178,0.17278919997625053,0.34202310180664064,2.163469875929877,0.0027749501285280766
1157,16384,1168147,1641550,1794273792,0.22689318703487515,1.3965270110638812,0.17027495498768985,0.3532311096191406,2.1469835030147806,0.0026660805317541875
1158,16384,1177654,1651812,1808876544,0.22634211904369295,1.4023538939654827,0.1714845789829269,0.35467877197265624,2.1549194239778444,0.002787111778624841
1159,16384,1176302,1655094,1806799872,0.2172144780633971,1.396873410907574,0.1711304010823369,0.3345618896484375,2.119844106025994,0.0030156144061075805
1160,16384,1183001,1661673,1817089536,0.23519337398465723,1.406274102977477,0.1723407469689846,0.35288775634765623,2.1667564780218527,0.0027920877907147974
1161,6172,538588,676919,827271168,0.09183284803293645,0.6436158329015598,0.07866893301252276,0.15124079895019532,0.9654189009452239,0.006265471698377537
1162,16384,1186292,1664604,1822144512,0.24116303003393114,1.40538623300381,0.1729321489110589,0.35375811767578125,2.173300003982149,0.002782605137672377
1163,16384,1167837,1640471,1793797632,0.22585545503534377,1.3727975640213117,0.17018969194032252,0.3320821838378906,2.1009851479902864,0.0028678525155471234
1164,16384,1177447,1651191,1808558592,0.22491138405166566,1.405504732974805,0.17241189104970545,0.35490423583984376,2.1578086300287396,0.0035399855045775024
1165,16384,1177331,1655980,1808380416,0.23663380788639188,1.412421428016387,0.1727034510113299,0.356038330078125,2.1778695149114355,0.003328845860844313
1166,16384,1180465,1658024,1813194240,0.27802644309122115,1.4083689119433984,0.17277096002362669,0.3633203125,2.22256014298182,0.003307691078944649
1167,6172,538348,676906,826902528,0.1203287208918482,0.6441546670394018,0.07967114099301398,0.15247750854492187,0.9967023589415476,0.007055413457264444
1168,16384,1186967,1665330,1823181312,0.32252665399573743,1.4140543029643595,0.1740160370245576,0.33394952392578126,2.2446187488967553,0.0032179623535068904
1169,16384,1168500,1640537,1794816000,0.32016581401694566,1.3935759229352698,0.1713682170957327,0.349008056640625,2.2342011779546738,0.003722460936875773
1170,16384,1177714,1651567,1808968704,0.3255715270061046,1.3948606570484117,0.1716741459676996,0.34965899658203126,2.241858668043278,0.004163573750722512
1171,16384,1179176,1656327,1811214336,0.2971635890426114,1.3980520169716328,0.1718499989947304,0.35231396484375,2.219439647044055,0.002706863032325439
1172,16384,1183591,1660872,1817995776,0.29924923297949135,1.405504791997373,0.1723585439613089,0.35789071655273436,2.2350636589108035,0.00270119464629764
1173,6172,538449,677321,827057664,0.1108963480219245,0.6464420079719275,0.07874602801166475,0.14858522033691407,0.9847315549850464,0.006291119879523453
1174,16384,1185728,1664453,1821278208,0.2759502310073003,1.4054475199664012,0.17309427307918668,0.3563355712890625,2.2108880250016227,0.0027332754526177274
1175,16384,1169728,1642766,1796702208,0.25396556698251516,1.3903799880063161,0.1704921779455617,0.33053228759765624,2.145434955949895,0.0030266784674980955
1176,16384,1178149,1651220,1809636864,0.24932714202441275,1.4021298559382558,0.17175916803535074,0.35281121826171874,2.1760869059944525,0.0027352645958388703
1177,16384,1175632,1653216,1805770752,0.25632932398002595,1.396894488018006,0.17122799006756395,0.3492777099609375,2.173789174063131,0.0027446100711909943
1178,16384,1184209,1661153,1818945024,0.2484827289590612,1.4114077750127763,0.17255239409860224,0.34619830322265627,2.178703943034634,0.0028797736259111193
1179,6172,537708,676740,825919488,0.09249899501446635,0.6301381090888754,0.07847892493009567,0.15211532592773438,0.9532919880002737,0.006360384841706928
1180,16384,1186413,1664843,1822330368,0.24671268905512989,1.4087218049680814,0.17287630296777934,0.3536059875488281,2.1819767160341144,0.0027466605787003053
1181,16384,1168572,1641364,1794926592,0.23808622697833925,1.3899881000397727,0.17029918998014182,0.351282470703125,2.1497164400061592,0.0028121059901517103
1182,16384,1178706,1653081,1810492416,0.23688935104291886,1.4138968819752336,0.17165530705824494,0.3575777587890625,2.180080133024603,0.002790455186555069
1183,16384,1176951,1654729,1807796736,0.22730405593756586,1.3981060080695897,0.17167138296645135,0.3545289306640625,2.1516729549039155,0.0029083075150209705
1184,16384,1183170,1661726,1817349120,0.2482510539703071,1.409124294994399,0.17235942103434354,0.35635330200195314,2.1861461509251967,0.0026566807607707756
1185,6172,538117,676975,826547712,0.09445656696334481,0.6444278500275686,0.0785622299881652,0.1467474822998047,0.9642549830023199,0.006310957631464359
1186,16384,1186540,1665364,1822525440,0.24876093806233257,1.408476268989034,0.17299627396278083,0.356562744140625,2.186856801970862,0.0027700403627212576
1187,16384,1168094,1641552,1794192384,0.23291691695339978,1.3879002130124718,0.17026507703121752,0.3541725769042969,2.14531544491183,0.0028276033059837745
1188,16384,1177527,1650932,1808681472,0.2304962599882856,1.401612040004693,0.17140704509802163,0.33488336181640627,2.1384559160796925,0.0026752560974467304
1189,16384,1174974,1652748,1804760064,0.22009532200172544,1.398298281012103,0.17173667391762137,0.35305325317382813,2.1432452759472653,0.002880950802986392
1190,16384,1181560,1660303,1814876160,0.2440013779560104,1.403729696990922,0.17214335303287953,0.3651767272949219,2.1851108969422057,0.0027340336618746535
1191,6172,536953,676292,824759808,0.09382737404666841,0.6414854329777882,0.07840006705373526,0.14918345642089845,0.9629565780051053,0.006256513262495831
1192,16384,1185999,1664343,1821694464,0.24426196399144828,1.40932309103664,0.17283694096840918,0.3581645812988281,2.184649644070305,0.0028868141466265418
1193,16384,1168739,1641405,1795183104,0.229326592059806,1.3991223599296063,0.17040110297966748,0.3516532287597656,2.150565429008566,0.002889718158871925
1194,16384,1176891,1651526,1807704576,0.2269083629362285,1.4011267990572378,0.17135156597942114,0.33989944458007815,2.139345365925692,0.002766891857169417
1195,16384,1176646,1654600,1807328256,0.21969540196005255,1.3866373490309343,0.17430969094857574,0.3545786743164063,2.1352818509330973,0.0028443400622674316
1196,16384,1180918,1658813,1813890048,0.2354806950315833,1.4044026710325852,0.1718746169935912,0.36184307861328124,2.173660795087926,0.002748056045370158
1197,6172,538523,677390,827171328,0.09224637201987207,0.6441629679175094,0.0783776770113036,0.15374195861816406,0.9685918840114027,0.006494834985923566
1198,16384,1185332,1663238,1820669952,0.2434520130045712,1.4066582550294697,0.17246452602557838,0.3558907775878906,2.1785274620633572,0.0028409288808664782
1199,16384,1168726,1642151,1795163136,0.22660633199848235,1.391071358928457,0.17049864504951984,0.3364041748046875,2.124642499955371,0.0029176284587030202
1200,16384,1177641,1651500,1808856576,0.22560667002107948,1.3994747180258855,0.17165574000682682,0.3545635070800781,2.1513608710374683,0.0027998977023940353
1201,16384,1176982,1653594,1807844352,0.21737715497147292,1.401240787934512,0.17161090404260904,0.35235348510742187,2.1426436660112813,0.0028625364188498343
1202,16384,1183110,1661053,1817256960,0.2364986629690975,1.4054685429437086,0.17234363709576428,0.3582406921386719,2.1726130199385807,0.002829992767879638
1203,6172,538676,677980,827406336,0.09249925194308162,0.6489389480557293,0.07861758989747614,0.15186277770996093,0.9719802798936144,0.006349129570113764
1204,16384,1185700,1663730,1821235200,0.24105804204009473,1.4084045980125666,0.17276511702220887,0.35655917358398437,2.178846294991672,0.002724576440015879
1205,16384,1168388,1642280,1794643968,0.2254337869817391,1.3913192839827389,0.17004935909062624,0.3489832458496094,2.1358448980608955,0.0027727741951426863
1206,16384,1177366,1650937,1808434176,0.2242310360306874,1.4026903230696917,0.1725337489042431,0.35187445068359374,2.151402095099911,0.0033715878524320122
1207,16384,1175687,1652979,1805855232,0.23598801100160927,1.4012050179298967,0.17258744104765356,0.35077984619140623,2.1606321400031447,0.003324204581122918
1208,16384,1183284,1661679,1817524224,0.27952103910502046,1.4095552728977054,0.1744725110474974,0.3423116149902344,2.205935427104123,0.0033994224284145816
1209,6172,536875,675338,824640000,0.1185784989502281,0.6432188289472833,0.07824710803106427,0.15281385803222655,0.992930248961784,0.007246732694155341
1210,16384,1186687,1665464,1822751232,0.32183049398008734,1.4149909670231864,0.1753441699547693,0.35775506591796874,2.2699916129931808,0.003124069567609441
1211,16384,1168600,1640503,1794969600,0.3219841690734029,1.3924611930269748,0.17047025391366333,0.3488959045410156,2.2339244660688564,0.00505592357822944
1212,16384,1178082,1652310,1809533952,0.32392362400423735,1.3857996560400352,0.1713345879688859,0.3535664672851562,2.2347087080124766,0.0037755575865183392
1213,16384,1175960,1654752,1806274560,0.2966649660374969,1.405767448944971,0.17171839403454214,0.3537200622558594,2.227930021006614,0.0026549188343915286
1214,16384,1182911,1661486,1816951296,0.2999495849944651,1.3989737529773265,0.17219071905128658,0.3381026611328125,2.2092750549782068,0.002640541393181357
1215,6172,537685,676504,825884160,0.11118471901863813,0.6405050429748371,0.07845545408781618,0.15430560302734375,0.9845100790262222,0.006019229142443518
1216,16384,1185447,1664850,1820846592,0.2823327590012923,1.4056150879478082,0.17268097097985446,0.35713995361328127,2.2178274739999324,0.002646845094323446
1217,16384,1169262,1640713,1795986432,0.2562121939845383,1.3914097310043871,0.1704357780981809,0.35305892944335937,2.1711759550962597,0.0027322781304131762
1218,16384,1176122,1649728,1806523392,0.24583689600694925,1.3953185130376369,0.17134021793026477,0.35275448608398435,2.16530693101231,0.002624013836617832
1219,16384,1176289,1654347,1806779904,0.2465536539675668,1.395642856019549,0.1712622110499069,0.35371511840820313,2.1672350339358672,0.0028236204049509384
1220,16384,1182100,1659235,1815705600,0.23806623497512192,1.4034601229941472,0.17211905599106103,0.3645718383789063,2.178276658989489,0.0027272316400778276
1221,6172,538958,678186,827839488,0.09603143599815667,0.6484732360113412,0.0786692249821499,0.15409829711914064,0.9773315950296819,0.006077867450058702
1222,16384,1185994,1664515,1821686784,0.2573264610255137,1.404535342939198,0.17273848701734096,0.3562061767578125,2.190865839016624,0.0027099457986495745
1223,16384,1168762,1642002,1795218432,0.23783195100259036,1.3883967340225354,0.1702665810007602,0.35109127807617185,2.1476469830377027,0.002814193213431479
1224,16384,1177665,1652642,1808893440,0.23578911100048572,1.39804343204014,0.17146574996877462,0.35255123901367186,2.1579128759913146,0.0029354275117876717
1225,16384,1176569,1656022,1807209984,0.22663988801650703,1.3987500428920612,0.1714215570827946,0.35704559326171875,2.153915992937982,0.0027350966840734986
1226,16384,1183431,1661239,1817750016,0.24274795700330287,1.4065917889820412,0.1721688670804724,0.3591763916015625,2.180746497004293,0.002819783821662238
1227,6172,537854,676482,826143744,0.09478305408265442,0.6422911849804223,0.07833855296485126,0.14627151489257811,0.9617450319929048,0.006314051061215708
1228,16384,1185646,1664981,1821152256,0.2702361160190776,1.393996667000465,0.17236006597522646,0.358015625,2.1946671759942546,0.002674756342438497
1229,16384,1168527,1641030,1794857472,0.2605338440043852,1.3888568700058386,0.1701033249264583,0.3515380554199219,2.171091523952782,0.0027373141814970386
1230,16384,1176605,1651072,1807265280,0.2301830700598657,1.3989230960141867,0.17106587497983128,0.35370904541015624,2.1539420230546966,0.002829072927882967
1231,16384,1175144,1654229,1805021184,0.22327664808835834,1.3938860530033708,0.17142573790624738,0.3299790649414063,2.118628789088689,0.002892679907950998
1232,16384,1184436,1661826,1819293696,0.2387350850040093,1.4063290170161054,0.17221488093491644,0.357571044921875,2.17490911798086,0.0027168999139027443
1233,6172,538165,676780,826621440,0.09321286296471953,0.6425529839470983,0.07848058606032282,0.151440673828125,0.9657478029839694,0.006284889648862515
1234,16384,1187128,1666520,1823428608,0.2446720190346241,1.4076551790349185,0.17297474795486778,0.3536019287109375,2.1789629330160096,0.002710384824221763
1235,16384,1169025,1641739,1795622400,0.228503510938026,1.399375683045946,0.17018432298209518,0.35357098388671876,2.1516947339987382,0.0027993351008640914
1236,16384,1178428,1654338,1810065408,0.22768250305671245,1.3986865039914846,0.17154083400964737,0.3527514953613281,2.150719929020852,0.002724325045245297
1237,16384,1178562,1657350,1810271232,0.21925468102563173,1.4015378409530967,0.17152769095264375,0.35306842041015624,2.145449345931411,0.002829830962790878
1238,16384,1183929,1662138,1818514944,0.23560169502161443,1.4045742289163172,0.17239450407214463,0.3542098388671875,2.166839287034236,0.0027237902379518854
1239,6172,538150,676778,826598400,0.09262416802812368,0.6419248620513827,0.07857327989768237,0.1499829406738281,0.9631641790037975,0.006118204358638147
1240,16384,1186441,1665551,1822373376,0.23545891093090177,1.4037863539997488,0.17275466211140156,0.3582252197265625,2.170283754938282,0.0027004841894186092
1241,16384,1168602,1639430,1794972672,0.22507701895665377,1.3869072189554572,0.17030315101146698,0.33065460205078123,2.113003332982771,0.0029030720138671093
1242,16384,1177286,1651158,1808311296,0.22713166195899248,1.4009062380064279,0.17122897505760193,0.35129052734375,2.1506180060096085,0.0028179640766868626
1243,16384,1176919,1655260,1807747584,0.2362986229127273,1.4063364120665938,0.1711941339308396,0.35456829833984377,2.1684552249498665,0.002663541271103401
1244,16384,1182850,1660419,1816857600,0.23075903102289885,1.4049153899541125,0.17237890197429806,0.35721234130859375,2.1653311590198427,0.0030246994630184322
1245,6172,536262,675072,823698432,0.08562536200042814,0.6395874610170722,0.07808229001238942,0.1497857666015625,0.9531402690336108,0.006230919423723899
1246,16384,1185731,1664760,1821282816,0.23230741498991847,1.4038834680104628,0.17274091893341392,0.3568592529296875,2.165859451983124,0.003157966671324116
1247,16384,1168220,1640280,1794385920,0.22568920103367418,1.3855588319711387,0.16998576000332832,0.35252685546875,2.133822389994748,0.00289347033502125
1248,16384,1175922,1649654,1806216192,0.2246437460416928,1.3990249519702047,0.17233844799920917,0.35328131103515625,2.149358241003938,0.0032467345993704897
1249,16384,1177747,1654942,1809019392,0.23926928592845798,1.4023364490130916,0.17271384608466178,0.35535015869140624,2.1697407219326124,0.0032714606992978075
1250,16384,1182411,1659024,1816183296,0.28186663892120123,1.408534076064825,0.17314800200983882,0.35582098388671873,2.2194409529911354,0.003210362882395968
1251,6172,538049,676410,826443264,0.11849005206022412,0.6425567049300298,0.07961393997538835,0.15193980407714844,0.9926689739804715,0.00689786217516047
1252,16384,1185107,1664033,1820324352,0.3147114870371297,1.4081026980420575,0.17354469595011324,0.3583617858886719,2.254789557075128,0.0030552810101304555
1253,16384,1167684,1641005,1793562624,0.3197698809672147,1.3916743440786377,0.1703355039935559,0.35253912353515626,2.2344304609578103,0.004994936526137836
1254,16384,1178014,1652332,1809429504,0.3252642499282956,1.3938641810091212,0.17166278208605945,0.3537697143554687,2.244650428998284,0.003987329972752263
1255,16384,1176255,1655843,1806727680,0.3160976100480184,1.3935954429907724,0.17124707205221057,0.35379843139648437,2.234808593057096,0.003133895664624202
1256,16384,1182688,1659477,1816608768,0.29376182798296213,1.4022883709985763,0.17231073894072324,0.34514828491210936,2.2135699728969485,0.002744438320051186
1257,6172,538054,677355,826450944,0.10642459406517446,0.6405516819795594,0.07839248201344162,0.15006300354003907,0.9754923100117594,0.006206959596035025
1258,16384,1185317,1663391,1820646912,0.27124508295673877,1.4064962660195306,0.17239876394160092,0.35627566528320315,2.2064774729078636,0.0027960723618290534
1259,16384,1168424,1640862,1794699264,0.2545162859605625,1.386235228041187,0.17018098896369338,0.3519764404296875,2.1629700909834355,0.0028270195949597976
1260,16384,1177283,1650474,1808306688,0.24809733591973782,1.3994393220636994,0.17132702702656388,0.35552664184570315,2.1744479779154062,0.002651296342228099
1261,16384,1177663,1654814,1808890368,0.24747714097611606,1.4005785869667307,0.17155934602487832,0.3531871032714844,2.172862263978459,0.00276532664981223
1262,16384,1181183,1659394,1814297088,0.25268289202358574,1.4019673729781061,0.17201602400746197,0.36194845581054685,2.188674553995952,0.0027326664963482363
1263,6172,537314,676038,825314304,0.0966948710847646,0.6422999179922044,0.0783760059857741,0.15136886596679688,0.9688005660427734,0.006286640962875464
1264,16384,1186284,1665549,1822132224,0.2492288260255009,1.4072444189805537,0.17283620999660343,0.3588018798828125,2.188174133072607,0.0028698898404595488
1265,16384,1168395,1641322,1794654720,0.23597815399989486,1.3866447031032294,0.1701164699625224,0.3505188293457031,2.143319665105082,0.002869786282164288
1266,16384,1178045,1651511,1809477120,0.2373560310807079,1.3996898499317467,0.17158928606659174,0.35195013427734373,2.1606454440625384,0.0027835527718558873
1267,16384,1174977,1654565,1804764672,0.24647586699575186,1.3936559569556266,0.1712034229421988,0.35234799194335936,2.1637469528941438,0.002944616842641579
1268,16384,1181417,1659479,1814656512,0.23853338207118213,1.4016398650128394,0.17211369692813605,0.364295166015625,2.1766417759936303,0.0027411936362552497
1269,6172,537156,676365,825071616,0.08904512692242861,0.6411876090569422,0.07826411002315581,0.15354421997070314,0.962101066019386,0.006236355854443262
1270,16384,1186204,1664500,1822009344,0.2380797319347039,1.4034528540214524,0.1725768460892141,0.34191580200195315,2.1560846499633044,0.0027557320619128562
1271,16384,1167919,1642104,1793923584,0.23131279496010393,1.3857858179835603,0.1700892939697951,0.35075927734375,2.138005774933845,0.0027404358455266507
1272,16384,1178063,1653590,1809504768,0.23058860399760306,1.3997380579821765,0.17142372904345393,0.3554854736328125,2.15729578002356,0.0027773367040743184
1273,16384,1177059,1654064,1807962624,0.2210903640370816,1.396173796034418,0.1711334129795432,0.3364949951171875,2.124953916994855,0.0028870662151263844
1274,16384,1183269,1660828,1817501184,0.2389795749913901,1.4047850909410045,0.17225450405385345,0.35852072143554686,2.1746021599974483,0.0028634467857593946
1275,6172,537673,676443,825865728,0.0927238839212805,0.64097411907278,0.0784313699696213,0.1449283447265625,0.9571184379747137,0.006344072171250584
1276,16384,1186574,1665092,1822577664,0.24464213207829744,1.404017205000855,0.17286751698702574,0.3592725524902344,2.1808572210138664,0.0026509969060248655
1277,16384,1167551,1640482,1793358336,0.22819948999676853,1.3678500090027228,0.1699414870236069,0.343061767578125,2.109111953061074,0.0028068429352338447
1278,16384,1176550,1651055,1807180800,0.2277308499906212,1.3960572089999914,0.1711954630445689,0.35363522338867187,2.148679365986027,0.0028212940065991637
1279,16384,1177903,1656825,1809259008,0.21906151599250734,1.3989221319789067,0.17156594898551702,0.3413847961425781,2.130995583953336,0.002871467885122995
1280,16384,1181880,1659484,1815367680,0.23604967002756894,1.4039112279424444,0.17195675906259567,0.36013461303710936,2.172116318019107,0.002948642706525644
1281,6172,538046,676341,826438656,0.09163434500806034,0.6416839599842206,0.07848775305319577,0.15117091369628907,0.9630380319431424,0.006340372794357538
1282,16384,1186039,1664326,1821755904,0.2348964399425313,1.4031697530299425,0.1726823210483417,0.3583825988769531,2.169191331951879,0.002776106156397421
1283,16384,1168729,1642281,1795167744,0.22490898799151182,1.3870525839738548,0.17047861102037132,0.35092562866210936,2.133426693966612,0.00285373380474176
1284,16384,1176161,1649882,1806583296,0.22604996792506427,1.398935451055877,0.17126633296720684,0.33822738647460937,2.134544175933115,0.003046903928763125
1285,16384,1175882,1654329,1806154752,0.2357583639677614,1.397254175040871,0.17106822598725557,0.3528021545410156,2.1569436120335013,0.002813819344149321
1286,16384,1184052,1661544,1818703872,0.23053237900603563,1.4061878659995273,0.17246744700241834,0.3546649475097656,2.1639130089897662,0.00278982897042513
1287,6172,537537,676700,825656832,0.08601433294825256,0.6409305899869651,0.07839478505775332,0.15193157958984374,0.9573316549649462,0.006305796096731457
1288,16384,1185033,1663818,1820210688,0.23094999499153346,1.4032697909278795,0.17231215699575841,0.3322222595214844,2.1388140509370714,0.002798209614776684
1289,16384,1168472,1641599,1794772992,0.22647018590942025,1.3873495180159807,0.16991482803132385,0.33756704711914065,2.121361391968094,0.002819552220329549
1290,16384,1176024,1650235,1806372864,0.2233348781010136,1.3975610259221867,0.17344679904635996,0.35409945678710936,2.1485145370243117,0.0033687073740978042
1291,16384,1176755,1654530,1807495680,0.23365850292611867,1.4000445579877123,0.17258221900556237,0.35557855224609375,2.1619349549291655,0.003289773520536775
1292,16384,1182714,1660535,1816648704,0.2761739540146664,1.409041067934595,0.17328399000689387,0.35546609497070314,2.2140379949705675,0.0032920863993598283
1293,6172,537584,676580,825729024,0.11693527805618942,0.6428987709805369,0.07833843200933188,0.1512274169921875,0.9894718809518963,0.007274882190828532
1294,16384,1185652,1663116,1821161472,0.31316149001941085,1.3935670899227262,0.17344528704416007,0.35668096923828124,2.236928257974796,0.0032822577101476944
1295,16384,1167755,1640629,1793671680,0.31809681199956685,1.390397205017507,0.17224425892345607,0.35380087280273437,2.234619722003117,0.0036056810498734286
1296,16384,1178728,1653491,1810526208,0.3282012160634622,1.3961712149903178,0.17165917402599007,0.35236334228515626,2.2484912869986147,0.00428463451228129
1297,16384,1175902,1654351,1806185472,0.31803215597756207,1.391159874969162,0.17120456998236477,0.35432666015625,2.2347813539672643,0.0025994883938980015
1298,16384,1183358,1660399,1817637888,0.2954776280093938,1.4029779150150716,0.17235147301107645,0.3390630187988281,2.2099292679922655,0.0026803191737118375
1299,6172,537527,676425,825641472,0.10669845505617559,0.6398687260225415,0.0783167949412018,0.1501182098388672,0.9750630720518529,0.006244333808966172
1300,16384,1185340,1664006,1820682240,0.2725515849888325,1.403077922994271,0.17265623901039362,0.35812619018554687,2.206470104982145,0.0026362379879955925
1301,16384,1167847,1640148,1793812992,0.2555128079839051,1.387315581087023,0.17004746198654175,0.3517046203613281,2.164641155046411,0.0028034035789820683
1302,16384,1177206,1650474,1808188416,0.2480802231002599,1.3964773359475657,0.17136535700410604,0.3543224792480469,2.170304669998586,0.002731169472519652
1303,16384,1176215,1654897,1806666240,0.23791459295898676,1.3976655909791589,0.17157622997183353,0.35519033813476564,2.162407314986922,0.002800718521301759
1304,16384,1183545,1662822,1817925120,0.2539648440433666,1.4041875230614096,0.17206827795598656,0.35518661499023435,2.18546587403398,0.002681990310587667
1305,6172,537319,675866,825321984,0.09770520601887256,0.6408046120777726,0.0783962399000302,0.146457763671875,0.9634260020684451,0.006454091934533254
1306,16384,1186008,1664490,1821708288,0.25970539392437786,1.4028098280541599,0.17274122894741595,0.35911395263671875,2.1944315480068326,0.0027863454759303663
1307,16384,1168362,1642056,1794604032,0.2378927399404347,1.386311435024254,0.17012557899579406,0.3408312072753906,2.1352208629250526,0.0028054095114578366
1308,16384,1178321,1651522,1809901056,0.23510372499004006,1.3977277650265023,0.17152662097942084,0.3534000549316406,2.157819060026668,0.0028220206314850007
1309,16384,1176720,1655310,1807441920,0.2268858690513298,1.3952781909611076,0.17139341006986797,0.349830810546875,2.1434481859905645,0.0027948126656793288
1310,16384,1183170,1660747,1817349120,0.24475395900662988,1.3850048059830442,0.17179909301921725,0.3585904846191406,2.160208366927691,0.0027786347177261826
1311,6172,538068,677079,826472448,0.09438617003615946,0.6432995320064947,0.07838035305030644,0.14828469848632814,0.9644111940870062,0.006267088985272638
1312,16384,1184321,1661989,1819117056,0.24868181301280856,1.4039458350744098,0.17252791591454297,0.35348736572265627,2.1787042029900476,0.002812371938610188
1313,16384,1169502,1643129,1796355072,0.23237307998351753,1.3866838039830327,0.17033029603771865,0.32874920654296874,2.1181970809120685,0.002865378551309366
1314,16384,1177036,1651263,1807927296,0.23005616490263492,1.396219098009169,0.17129243107046932,0.354246337890625,2.151873923954554,0.002783252354552482
1315,16384,1176248,1654670,1806716928,0.22112954198382795,1.39874171896372,0.17133958102203906,0.34577362060546873,2.137043063994497,0.0027421730721671556
1316,16384,1183186,1660686,1817373696,0.24087144201621413,1.4056366609875113,0.17225151602178812,0.33218658447265625,2.1510063919704407,0.0027981540406272895
1317,6172,538038,676573,826426368,0.09261318692006171,0.6422117099864408,0.07843409304041415,0.14615731811523439,0.9594776890007779,0.006397328393406021
1318,16384,1186753,1666369,1822852608,0.24447538901586086,1.4052110690390691,0.17279114399570972,0.3561485900878906,2.1786887740017846,0.00287245539615566
1319,16384,1168127,1640230,1794243072,0.22868593595921993,1.3889619170222431,0.1697306929854676,0.3366341857910156,2.1240709690609947,0.0027417776475793395
1320,16384,1177313,1652331,1808352768,0.22775541699957103,1.3964881730498746,0.1713218200020492,0.3551278381347656,2.1507591659901664,0.0030648621634780295
1321,16384,1177400,1655111,1808486400,0.2196534579852596,1.3973446360323578,0.17148136103060097,0.3408511047363281,2.1293900130549446,0.0027920329311875713
1322,16384,1183512,1661375,1817874432,0.23652893106918782,1.4033857859903947,0.1722859339788556,0.3544982604980469,2.1667556239990517,0.002617390809505698
1323,6172,538400,677007,826982400,0.0917304529575631,0.6429523610277101,0.0785659069661051,0.15376162719726563,0.9670727249467745,0.006450062805155149
1324,16384,1185050,1663774,1820236800,0.23485373600851744,1.404585496056825,0.17256651492789388,0.3529757385253906,2.1650416280608624,0.002777893110979521
1325,16384,1168213,1641667,1794375168,0.22580310399644077,1.3899025650462136,0.17041652800980955,0.35101498413085935,2.1371979110408574,0.002841564518691758
1326,16384,1178220,1651715,1809745920,0.22717510105576366,1.398495184024796,0.17557794891763479,0.33976950073242185,2.14108416903764,0.0031028349088154652
1327,16384,1176626,1655499,1807297536,0.23737829294987023,1.3968778220005333,0.17135212302673608,0.35108819580078127,2.1567543789278716,0.002686682847006755
1328,16384,1183113,1660774,1817261568,0.23614114499650896,1.405362949008122,0.17246448004152626,0.356573486328125,2.170603650971316,0.0028374870283678242
1329,6172,537242,676139,825203712,0.08552019798662513,0.6410522370133549,0.07839603198226541,0.14510694885253905,0.95013549097348,0.00632279703960923
1330,16384,1185472,1664916,1820884992,0.2311790940584615,1.4035159680061042,0.17272974597290158,0.3455400085449219,2.153024579049088,0.002775744749059733
1331,16384,1169929,1642152,1797010944,0.2251542710000649,1.391003442928195,0.1704151910962537,0.3481690673828125,2.1348013379611075,0.002780846757290071
1332,16384,1177696,1651607,1808941056,0.2244094389025122,1.3993739020079374,0.17255811905488372,0.35261489868164064,2.149027531966567,0.003311884958864335
1333,16384,1176633,1655446,1807308288,0.2290842019720003,1.4035898440051824,0.1723407389363274,0.338911865234375,2.144858415937051,0.043441831975599206
1334,16384,1183660,1661563,1818101760,0.274045747006312,1.412092235055752,0.17322748398873955,0.35437109375,2.213818677002564,0.003709301155205549
1335,6172,538874,678078,827710464,0.11593100300524384,0.6446393879596144,0.07981863908935338,0.15386703491210937,0.9943243280285969,0.006865271255231345
1336,16384,1185457,1665355,1820861952,0.31700138305313885,1.410190045950003,0.17362688202410936,0.349353515625,2.250243265996687,0.0031747387278350555
1337,16384,1169178,1640270,1795857408,0.3168654270702973,1.392093836911954,0.17141920805443078,0.3470791320800781,2.2275293390266597,0.003220380025641224
1338,16384,1177995,1651642,1809400320,0.32734321791213006,1.3929059230722487,0.17161457997281104,0.3516053161621094,2.243567230994813,0.004376685225084917
1339,16384,1176073,1655069,1806448128,0.30084062297828496,1.3922447530785576,0.17132336692884564,0.35190573120117186,2.216373134055175,0.0026466603214704725
1340,16384,1182272,1660640,1815969792,0.30128351296298206,1.399044816964306,0.1721316750627011,0.3621055603027344,2.234625630895607,0.002687949249890482
1341,6172,537770,676632,826014720,0.11260146892163903,0.6407962770899758,0.0784426509635523,0.14471676635742187,0.976617248961702,0.00615242349825
1342,16384,1185576,1664596,1821044736,0.28343531605787575,1.404225604957901,0.1726762750186026,0.33531967163085935,2.195717768976465,0.0027736402230982633
1343,16384,1168847,1641998,1795348992,0.25670625001657754,1.3730177050456405,0.1701779830036685,0.34856060791015625,2.1485225920332596,0.002794760336209981
1344,16384,1177604,1651730,1808799744,0.24949598603416234,1.3967465199530125,0.17146491608582437,0.3557371826171875,2.1735063130035996,0.0028391136038443242
1345,16384,1176870,1654106,1807672320,0.2385561439441517,1.395306570106186,0.17136502999346703,0.3554003601074219,2.1606885249493644,0.002796367798502238
1346,16384,1183670,1661687,1818117120,0.2530665500089526,1.4088543850230053,0.17215439793653786,0.3518648986816406,2.1860044170171022,0.002936195666677778
1347,6172,538088,676904,826503168,0.09949961304664612,0.6488145079929382,0.07852592098060995,0.1527034912109375,0.9796054350445047,0.0063190557298350575
1348,16384,1185927,1662929,1821583872,0.25774475699290633,1.4097196230432019,0.17344343394506723,0.34820199584960937,2.1891733979573473,0.0029046637704358285
1349,16384,1168671,1641717,1795078656,0.23986178007908165,1.3885389129864052,0.17052191600669175,0.3473027648925781,2.146285993978381,0.0028244145372269165
1350,16384,1177719,1652185,1808976384,0.2487788830185309,1.407315026037395,0.17123255599290133,0.3512874755859375,2.1786700930679217,0.002577372009452336
1351,16384,1177051,1655403,1807950336,0.22640053695067763,1.399935783003457,0.1711833990411833,0.3558934326171875,2.1534717340255156,0.002720370650088284
1352,16384,1183516,1660596,1817880576,0.24342381104361266,1.4089689529500902,0.17202294908929616,0.35703048706054685,2.1815074710175395,0.0028086483685048876
1353,6172,537219,676281,825168384,0.0943529250798747,0.6427497209515423,0.07830103300511837,0.14457548522949218,0.9600392540451139,0.006259096056047693
1354,16384,1185945,1664360,1821611520,0.24991630495060235,1.4059176350710914,0.1727490680059418,0.3540782775878906,2.182722149998881,0.002788462258224247
1355,16384,1167433,1640121,1793177088,0.2326195250498131,1.387135035940446,0.17001082398928702,0.33762411499023437,2.1274498290149495,0.00283574467169533
1356,16384,1179319,1652848,1811433984,0.23220982099883258,1.4028741479851305,0.17152880609501153,0.35182647705078124,2.158499123994261,0.0027737729350799122
1357,16384,1177210,1655056,1808194560,0.22280996898189187,1.4010693880263716,0.17133466503582895,0.35471038818359374,2.1499865050427616,0.00288814906186307
1358,16384,1182276,1661453,1815975936,0.2390701910480857,1.4056581440381706,0.172144359908998,0.3545570373535156,2.1714893620228395,0.0027460265342509303
1359,6172,537384,676111,825421824,0.09255535993725061,0.6311477550771087,0.07825681590475142,0.150533447265625,0.9525539909955114,0.006363189000161814
1360,16384,1187902,1665901,1824617472,0.2464806940406561,1.4109118690248579,0.17287091398611665,0.522756103515625,2.353080496075563,0.0025887558206943435
1361,16384,1169027,1640561,1795625472,0.23001655703410506,1.389786534011364,0.1701640150276944,0.3506429443359375,2.1406701060477644,0.002805459771392876
1362,16384,1177785,1652321,1809077760,0.22744111996144056,1.3995296210050583,0.17133683094289154,0.3406324157714844,2.138998423004523,0.0027319012029131413
1363,16384,1175667,1654456,1805824512,0.21978682198096067,1.3976436299271882,0.17118556599598378,0.34950347900390627,2.138180300942622,0.0028437281251024746
1364,16384,1182718,1660414,1816654848,0.2374862260185182,1.4058237290009856,0.17193164094351232,0.3512870788574219,2.166587312007323,0.002706430826015298
1365,6172,536987,676180,824812032,0.09201876597944647,0.6411536759696901,0.07808752497658134,0.14693548583984375,0.9582557058893144,0.006287791805724513
1366,16384,1186345,1665085,1822225920,0.24161722196731716,1.4061909570591524,0.1728115000296384,0.355280517578125,2.1759655670030043,0.0030042005150590274
1367,16384,1168876,1642893,1795393536,0.23267193301580846,1.389066220028326,0.16952828003559262,0.32961138916015625,2.120937677100301,0.0028220942587623113
1368,16384,1177045,1650723,1807941120,0.22603971301577985,1.398417680989951,0.1712677989853546,0.3536610412597656,2.1494467029115185,0.0028132198200424784
1369,16384,1177259,1655618,1808269824,0.2182151679880917,1.4005545789841563,0.17145782499574125,0.35345599365234376,2.143743803957477,0.0028099597084776723
1370,16384,1183397,1660972,1817697792,0.23564980505034328,1.4043721680063754,0.17223669192753732,0.3353045349121094,2.147631212021224,0.0031668437522204104
1371,6172,538373,677453,826940928,0.0908999009989202,0.6428044260246679,0.07852802006527781,0.1461600646972656,0.9584567820420489,0.006716031137072087
1372,16384,1186025,1664047,1821734400,0.2334229430416599,1.4073935450287536,0.17280303593724966,0.35783380126953124,2.1715116139966995,0.002684246270183417
1373,16384,1167784,1641783,1793716224,0.22385628195479512,1.387405990040861,0.17013012000825256,0.3496326599121094,2.1310848649591208,0.0028066945660363244
1374,16384,1176230,1651108,1806689280,0.2250094460323453,1.3988392560277134,0.17288433201611042,0.35449533081054685,2.1512987540336326,0.003271937325511163
1375,16384,1176291,1653806,1806782976,0.24608535994775593,1.4035948080709204,0.1771146139362827,0.35168832397460936,2.178552213939838,0.003172198941468401
1376,16384,1181753,1660616,1815172608,0.26896131597459316,1.4075295580551028,0.17431146698072553,0.359710693359375,2.210582492989488,0.003142095801070918
1377,6172,537888,676969,826195968,0.11123270203825086,0.6442400249652565,0.07849311304744333,0.14537359619140625,0.9794099970022216,0.007204414911094628
1378,16384,1185564,1664023,1821026304,0.3057153499685228,1.4106540259672329,0.174728122074157,0.35739285278320315,2.2485607319977134,0.003130055755049624
1379,16384,1167627,1640628,1793475072,0.31656606995966285,1.392537462990731,0.17100439895875752,0.352357421875,2.2325351489707828,0.0031262749284688006
1380,16384,1177547,1650036,1808712192,0.32972810498904437,1.3952040540752932,0.17135906196199358,0.35197222900390623,2.2483628110494465,0.004419260927129615
1381,16384,1177456,1656039,1808572416,0.30295386200305074,1.3947128420695662,0.17139526503160596,0.34404342651367187,2.213165467022918,0.002714275363422453
1382,16384,1182345,1659592,1816081920,0.3032226680079475,1.4026236990466714,0.17201253096573055,0.33326150512695313,2.211184126092121,0.0028818470640533957
1383,6172,538351,676819,826907136,0.11294757900759578,0.6421078379498795,0.07842759601771832,0.14965151977539062,0.983193724998273,0.006020405356930404
1384,16384,1185668,1664388,1821186048,0.2843115810537711,1.4045327779604122,0.17254193197004497,0.3555224609375,2.216968900989741,0.0027131218659017086
1385,16384,1168506,1640640,1794825216,0.2573001419659704,1.3878439030377194,0.17014209588523954,0.3521365051269531,2.1674880268983543,0.0030164356924059824
1386,16384,1176924,1652272,1807755264,0.24779647204559296,1.4017137589398772,0.17117622506339103,0.35403790283203124,2.174783018999733,0.0026972860431645385
1387,16384,1177143,1655244,1808091648,0.23848122404888272,1.3982811109162867,0.17124779208097607,0.3565140380859375,2.1645885100588202,0.002972617032660213
1388,16384,1182812,1660184,1816799232,0.2535940690431744,1.408292221953161,0.1720910220174119,0.35207559204101563,2.1861140630207956,0.0027975651896351168
1389,6172,536993,676141,824821248,0.09737062500789762,0.6423985289875418,0.07835643202997744,0.1498057861328125,0.9679925249656662,0.006317487569345943
1390,16384,1187384,1665609,1823821824,0.24902251700405031,1.4072718359529972,0.1729550709715113,0.35641171264648436,2.185719014960341,0.002648024970348489
1391,16384,1169234,1642715,1795943424,0.2368056089617312,1.390977089991793,0.17029332602396607,0.3516570739746094,2.149792511947453,0.002763661842856625
1392,16384,1177751,1652585,1809025536,0.24752636591438204,1.3997907791053876,0.17125876992940903,0.3521893310546875,2.170826409943402,0.0028175417092407597
1393,16384,1177826,1655334,1809140736,0.24872548796702176,1.400817874004133,0.17156759602949023,0.3557417907714844,2.1769129569875076,0.002765761266887751
1394,16384,1183468,1660396,1817806848,0.23882482410408556,1.4052162069128826,0.17208347003906965,0.35480029296875,2.1709872210631147,0.002875513854758514
1395,6172,538601,677659,827291136,0.08937728393357247,0.6429020740324631,0.07852705800905824,0.1456604766845703,0.956526905996725,0.006274087710926825
1396,16384,1186599,1664591,1822616064,0.23828072799369693,1.40833223098889,0.17274351697415113,0.3554253234863281,2.174842430977151,0.0027878587074140564
1397,16384,1168191,1639986,1794341376,0.23188534600194544,1.3869752619648352,0.1702088750898838,0.32902203369140626,2.1181526579894125,0.002886536110190402
1398,16384,1178564,1652336,1810274304,0.23674245597794652,1.4030204419977963,0.1712014030199498,0.3541286926269531,2.1651526159839705,0.002753725575017326
1399,16384,1177956,1655569,1809340416,0.22478628298267722,1.4009205570910126,0.17134072992485017,0.3529417724609375,2.150048120995052,0.0027338241875063387
1400,16384,1183172,1660369,1817352192,0.23969973507337272,1.4081088739912957,0.17223316198214889,0.35811053466796877,2.1782131199724972,0.002791933312372651
1401,6172,537344,676284,825360384,0.09274683799594641,0.6410910499980673,0.0783694009296596,0.1543896026611328,0.9666578179458156,0.006302784695724862
1402,16384,1185279,1662600,1820588544,0.244619045057334,1.4048588660079986,0.17242021404672414,0.3555439453125,2.1775044871028513,0.002866431672770694
1403,16384,1168875,1641491,1795392000,0.2308531670132652,1.3877171849599108,0.17022918001748621,0.329098876953125,2.117965340963565,0.003160203733421266
1404,16384,1178228,1652386,1809758208,0.22740195295773447,1.4012124489527196,0.17130195104982704,0.35703009033203126,2.1570057169301435,0.0027479592365509593
1405,16384,1176828,1655142,1807607808,0.21929356397595257,1.396660420927219,0.17159908299800009,0.3428392639160156,2.130453420919366,0.0028674225673636627
1406,16384,1181555,1659030,1814868480,0.2360669090412557,1.4030433649895713,0.17178519105073065,0.3651810302734375,2.176136610098183,0.002762452637800015
1407,6172,537856,676592,826146816,0.09240701992530376,0.6416450910037383,0.07838389999233186,0.14942892456054688,0.9619274029973894,0.006493994793569338
1408,16384,1185077,1663576,1820278272,0.2426390249747783,1.3933387419674546,0.17247060500085354,0.35621942138671875,2.1647261439356953,0.0026955190638629357
1409,16384,1169734,1641879,1796711424,0.2263965669553727,1.3919040580512956,0.17015201295726,0.35370904541015624,2.1422212549950927,0.0027808341864412494
1410,16384,1177660,1652330,1808885760,0.2248823019908741,1.3997626409400254,0.17113681009504944,0.33066543579101565,2.126508596003987,0.0028876999198500183
1411,16384,1177970,1656141,1809361920,0.21783680096268654,1.3999759959988296,0.17157402797602117,0.35404498291015624,2.1434916969155893,0.0027939957958193168
1412,16384,1184216,1662370,1818955776,0.2356796299573034,1.4059699879726395,0.17231839906889945,0.3569478759765625,2.1709740159567446,0.0026772766929813907
1413,6172,537674,676571,825867264,0.0906596010318026,0.641462518949993,0.07852104806806892,0.15303593444824218,0.9637383359950036,0.006146221924004379
1414,16384,1186175,1665295,1821964800,0.23442413297016174,1.4069594310130924,0.17276713903993368,0.33835595703125,2.1525645329384133,0.0026885551206559857
1415,16384,1169276,1641232,1796007936,0.22339334001298994,1.389015918946825,0.17033121502026916,0.3526796569824219,2.135480411001481,0.0028227858548606115
1416,16384,1177749,1652077,1809022464,0.23225572903174907,1.4004199350019917,0.17338657297659665,0.3562921142578125,2.1624250430613756,0.003269097971865448
1417,16384,1177113,1654559,1808045568,0.24790401000063866,1.4059472009539604,0.1722944660577923,0.35498422241210936,2.181202522944659,0.00332951752047411
1418,16384,1182833,1660574,1816831488,0.2716297609731555,1.4092291499255225,0.1732564290286973,0.33182061767578125,2.186008972930722,0.003340120213117845
1419,6172,537372,675837,825403392,0.11222440400160849,0.6438658500555903,0.07835694798268378,0.15001058959960936,0.9845309630036354,0.007432103904614472
1420,16384,1184111,1661470,1818794496,0.306521397898905,1.4081924860365689,0.17346661200281233,0.35383297729492186,2.2420832288917154,0.003111198442962299
1421,16384,1168837,1640923,1795333632,0.31586157297715545,1.393105605035089,0.17234217398799956,0.3471827392578125,2.228563425014727,0.00320088519221677
1422,16384,1177284,1651301,1808308224,0.328958728001453,1.3932889649877325,0.17139153101015836,0.3513084716796875,2.2450460370164365,0.004380370637549609
1423,16384,1176171,1653955,1806598656,0.30242505099158734,1.395193321048282,0.17119167000055313,0.3523923645019531,2.2212596689350903,0.0025779242974367567
1424,16384,1181200,1658186,1814323200,0.3073986250674352,1.3841746379621327,0.17160564195364714,0.36209954833984376,2.2253378570312634,0.002669424241211675
1425,6172,537181,675913,825110016,0.11307583702728152,0.6402889880118892,0.07851455395575613,0.15355926513671875,0.9855012110201642,0.00634873786241324
1426,16384,1185349,1664606,1820696064,0.2915756100555882,1.4082141279941425,0.17244262294843793,0.3428865051269531,2.2151854500407353,0.003005794192640348
1427,16384,1169176,1641829,1795854336,0.2572913100011647,1.3914777650497854,0.16993869293946773,0.33015689086914063,2.148925031069666,0.002809414439065929
1428,16384,1176623,1650348,1807292928,0.24775499000679702,1.3966983029386029,0.17125559004489332,0.351113037109375,2.166884016012773,0.002865677749520683
1429,16384,1176183,1654784,1806617088,0.23704427492339164,1.3989127520471811,0.17114648397546262,0.3557861633300781,2.1629520358983427,0.002883171757591847
1430,16384,1183200,1661238,1817395200,0.25286015996243805,1.4076094049960375,0.17222873901482671,0.35245217895507813,2.185212014010176,0.002815794595719801
1431,6172,537718,676621,825934848,0.09802764398045838,0.6418846780434251,0.07837020501028746,0.15071980285644532,0.9690637129824609,0.00633426791471129
1432,16384,1187193,1665149,1823528448,0.25607950310222805,1.406655025901273,0.17266730207484215,0.3340687255859375,2.1695310950744897,0.0027903914512539293
1433,16384,1169698,1642262,1796656128,0.23846926097758114,1.3920893629547209,0.17022517509758472,0.35280548095703124,2.1536474699387327,0.002701925576356786
1434,16384,1177968,1651462,1809358848,0.23589759995229542,1.4011512660654262,0.1713337069377303,0.35239108276367187,2.1608338289661333,0.0027847234804893113
1435,16384,1175257,1652903,1805194752,0.23192327108699828,1.397774175973609,0.17120524204801768,0.3352108154296875,2.1361732541117817,0.0027970378036667825
1436,16384,1182929,1660704,1816978944,0.24371825088746846,1.4045403581112623,0.17204612295608968,0.35639483642578124,2.176760971895419,0.0028208662140674573
1437,6172,537805,676264,826068480,0.09500611398834735,0.6417089820606634,0.07816503092180938,0.15332614135742187,0.9682691129855812,0.00649041227241184
1438,16384,1185488,1665162,1820909568,0.24910576594993472,1.4082667450420558,0.1724699919577688,0.3344996337890625,2.1644046619767323,0.0028887961206468093
1439,16384,1169361,1641124,1796138496,0.23939005692955106,1.3912381699774414,0.17028715508058667,0.3503405456542969,2.15131805697456,0.0028879659370904913
1440,16384,1178077,1651840,1809526272,0.2305430310079828,1.4010330699384212,0.1711800890043378,0.3545384521484375,2.1573564879363403,0.00286674165844539
1441,16384,1177789,1655259,1809083904,0.22212037595454603,1.3845709660090506,0.17120958701707423,0.3554526672363281,2.133413828909397,0.0028233009265238866
1442,16384,1183736,1662336,1818218496,0.23821305902674794,1.4083647680236027,0.17186146695166826,0.3522637939453125,2.170764836948365,0.002844573487772839
1443,6172,537191,676236,825125376,0.09354073007125407,0.6412320169620216,0.0782881579361856,0.149511962890625,0.9626353679923341,0.006492607099840362
1444,16384,1186202,1664709,1822006272,0.24465268501080573,1.4049433439504355,0.1727136670378968,0.35273974609375,2.1751104849390686,0.0028064250806174645
1445,16384,1167998,1640611,1794044928,0.22872365301009268,1.3893694540020078,0.17000388796441257,0.34460552978515624,2.1327627709833905,0.0028247971382867024
1446,16384,1178076,1651572,1809524736,0.22790999501012266,1.3983976769959554,0.17135608498938382,0.3514558410644531,2.149184762965888,0.003032075561651979
1447,16384,1178034,1657433,1809460224,0.22066972707398236,1.3991702649509534,0.17133686505258083,0.35523367309570314,2.1464705551043153,0.0027964479155150684
1448,16384,1182366,1660111,1816114176,0.23673843394499272,1.4062322559766471,0.17182858800515532,0.3539712219238281,2.168828108930029,0.002656230762057608
1449,6172,537930,676690,826260480,0.09219500597100705,0.6427582880714908,0.0784610640257597,0.14575709533691406,0.9592319510411471,0.006306882908750408
1450,16384,1184748,1664169,1819772928,0.2498790950048715,1.4059848689939827,0.17240871000103652,0.35577853393554687,2.1841106570791453,0.002721892478987999
1451,16384,1167361,1639820,1793066496,0.22720278101041913,1.3889807550003752,0.17005436401814222,0.33219888305664064,2.118497507995926,0.0028664140561596107
1452,16384,1176768,1652383,1807515648,0.22519503301009536,1.3993733039824292,0.17132942599710077,0.3539537353515625,2.149915363988839,0.002970612179484559
1453,16384,1176728,1654036,1807454208,0.2178954309783876,1.3965838259318843,0.17132310499437153,0.3475227966308594,2.133383234962821,0.002722268852878344
1454,16384,1182228,1661813,1815902208,0.23525370401330292,1.40393073100131,0.17202572291716933,0.3531502685546875,2.1644196999259293,0.002738537237549495
1455,6172,537738,677307,825965568,0.09153687104117125,0.6423605129821226,0.07818938896525651,0.15304847717285155,0.9651948990067467,0.006179979339530312
1456,16384,1185729,1664099,1821279744,0.24089749192353338,1.40527203399688,0.1722076330333948,0.35795440673828127,2.1763915379997343,0.002755584489176625
1457,16384,1169491,1641515,1796338176,0.22627546498551965,1.3919191679451615,0.1749281600350514,0.3507752685546875,2.1439588989596814,0.002837621527677658
1458,16384,1177152,1650038,1808105472,0.2244659559801221,1.3988057869719341,0.17291518696583807,0.334060791015625,2.1303177520167083,0.003287353875853957
1459,16384,1175298,1654011,1805257728,0.22718212404288352,1.4001302450196818,0.1734188119880855,0.3559111633300781,2.1567135939840227,0.0033036191496399296
1460,16384,1183052,1661920,1817167872,0.2739965169457719,1.4091498779598624,0.17330054007470608,0.35446371459960935,2.210981586948037,0.0032084106220680282
1461,6172,538245,677028,826744320,0.11730574793182313,0.6429517139913514,0.07834209804423153,0.14560377502441407,0.9842784679494798,0.007633302983465489
1462,16384,1186778,1664875,1822891008,0.31452198000624776,1.4123119009891525,0.17504388804081827,0.355056884765625,2.2570048950146884,0.003112142689631457
1463,16384,1169256,1640851,1795977216,0.3247240870259702,1.3942663019988686,0.17118440102785826,0.34789990234375,2.238147209980525,0.0032400721344305306
1464,16384,1178030,1652501,1809454080,0.32889891089871526,1.3959221810800955,0.17160822893492877,0.3552109375,2.251739904982969,0.004425314353992269
1465,16384,1175589,1653487,1805704704,0.30156243802048266,1.3937292989576235,0.17128024902194738,0.3537836303710937,2.2204137520166114,0.002618234795702563
1466,16384,1182273,1660289,1815971328,0.3021534120198339,1.4012473990442231,0.1720491099404171,0.3578401794433594,2.2333495119819418,0.0026601986742171074
1467,6172,538177,677173,826639872,0.11315909901168197,0.6407316949917004,0.0784543170593679,0.14504409790039063,0.9774488561088219,0.006102329069014087
1468,16384,1186664,1664656,1822715904,0.28442648402415216,1.408078667940572,0.1725200789514929,0.3390777893066406,2.2041636490030214,0.0027506478564469712
1469,16384,1169034,1641305,1795636224,0.2580322530120611,1.387804655940272,0.17025603307411075,0.3481910400390625,2.164348809979856,0.002995261856622313
1470,16384,1177713,1651696,1808967168,0.24859524401836097,1.399959194008261,0.17130971397273242,0.3562746887207031,2.1761991499224678,0.002771308977509711
1471,16384,1176174,1654330,1806603264,0.23832686094101518,1.3993661160347983,0.17921874893363565,0.3503171691894531,2.167289028991945,0.0027746134566460547
1472,16384,1183573,1661358,1817968128,0.2584252629894763,1.4146271850913763,0.17565728689078242,0.35472677612304687,2.2034973140107468,0.002759382354500046
1473,6172,537786,677484,826039296,0.09941578609868884,0.6451091769849882,0.07986454793717712,0.14760365295410155,0.9720549969933927,0.006361061732951061
1474,16384,1185793,1664956,1821378048,0.27828164503443986,1.4038565539522097,0.1727030009496957,0.3550721740722656,2.209971009986475,0.002607997010081868
1475,16384,1168740,1642712,1795184640,0.2394743280019611,1.388259663945064,0.17034145805519074,0.3497205505371094,2.147857646923512,0.0028701336085029732
1476,16384,1176367,1650275,1806899712,0.2352112849475816,1.3935145610012114,0.1712579340673983,0.35549371337890623,2.1555374240269884,0.002780310433161096
1477,16384,1178024,1654520,1809444864,0.22831521497573704,1.3988048390019685,0.17137864197138697,0.3361896667480469,2.1347484209109098,0.002813362604318991
1478,16384,1183122,1661882,1817275392,0.24361899599898607,1.4023233400657773,0.1720760619500652,0.35193359375,2.170011413982138,0.002738336624705767
1479,6172,538249,676878,826750464,0.09400921396445483,0.6430638170568272,0.07858116494026035,0.15009465026855467,0.965809911955148,0.006322747809370159
1480,16384,1186141,1664354,1821912576,0.2410690070828423,1.400574211962521,0.17253289103973657,0.354094970703125,2.168331234017387,0.0027741715941963004
1481,16384,1169299,1642350,1796043264,0.23046627396252006,1.3878331340383738,0.17035674001090229,0.35100326538085935,2.139721913030371,0.0029209233842408446
1482,16384,1177236,1651229,1808234496,0.2312638929579407,1.3941618399694562,0.17139851208776236,0.35267105102539065,2.149553688010201,0.0027164694688377343
1483,16384,1177552,1656804,1808719872,0.2414356169756502,1.398278687032871,0.17147186095826328,0.34996575927734375,2.161214265972376,0.002884569532473302
1484,16384,1181715,1658584,1815114240,0.2347101269988343,1.4063478299649432,0.17228606704156846,0.3603775634765625,2.173781424993649,0.0027526922004511884
1485,6172,538312,677276,826847232,0.08742800110485405,0.6429478219943121,0.07851492892950773,0.14981922912597656,0.9587755911052227,0.006843097715558505
1486,16384,1187967,1666140,1824717312,0.2358349550049752,1.4102017949335277,0.17281936504878104,0.36307000732421874,2.1819833270274103,0.0026216843730738682
1487,16384,1169123,1641961,1795772928,0.2294239109614864,1.3899760409258306,0.1702370410785079,0.3532315979003906,2.1429290289524943,0.002820349412518866
1488,16384,1178052,1651577,1809487872,0.2275592660298571,1.4006524300202727,0.17137483495753258,0.3384865417480469,2.1381346919806674,0.002881915025707935
1489,16384,1177128,1655382,1808068608,0.21990448900032789,1.3981452509760857,0.17156967904884368,0.3560642700195312,2.1457437470089644,0.0027989346006386685
1490,16384,1184173,1662607,1818889728,0.2374426380265504,1.3934599299682304,0.1723003020742908,0.3580151062011719,2.161283439025283,0.00302888338740538
1491,6172,536910,676056,824693760,0.0921684909844771,0.6427014529472217,0.07828097802121192,0.14947410583496093,0.9626879009883851,0.006531005578122103
1492,16384,1186357,1665035,1822244352,0.24969110498204827,1.4075264109997079,0.17278166906908154,0.35471270751953127,2.1847716730553657,0.0027362348996993026
1493,16384,1168056,1641926,1794134016,0.2265655850060284,1.38952872203663,0.17016717605292797,0.3283139953613281,2.1146368300542235,0.0029012829265609966
1494,16384,1177111,1650749,1808042496,0.2254026260925457,1.400022777961567,0.1713218450313434,0.35638397216796874,2.1531938820844516,0.002910134175465551
1495,16384,1179239,1657316,1811311104,0.21851468994282186,1.3994608640205115,0.17179550603032112,0.34283551025390624,2.132665492943488,0.0027628662873898677
1496,16384,1182387,1662474,1816146432,0.2350816969992593,1.403365278034471,0.17218028893694282,0.35067550659179686,2.1613614979432896,0.002717147542212333
1497,6172,537936,676508,826269696,0.09079079900402576,0.6425782219739631,0.07853657798841596,0.1519258575439453,0.963892036001198,0.006284883429397649
1498,16384,1186556,1664099,1822550016,0.2329217781079933,1.4054219959070906,0.1729240210261196,0.3556773681640625,2.1670024840859696,0.0026451691276181055
1499,16384,1168930,1641561,1795476480,0.2249545840313658,1.389169598929584,0.1703584420029074,0.3379487915039063,2.122493406990543,0.0029206461878879615
1500,16384,1177432,1652092,1808535552,0.22544907091651112,1.4002186530269682,0.17150258598849177,0.35392864990234374,2.1511699659749866,0.003300814988809989
1501,16384,1176459,1654556,1807041024,0.24443829199299216,1.403013778035529,0.17260901897680014,0.35621484375,2.176347931032069,0.003308215369474461
1502,16384,1183383,1661528,1817676288,0.2678722320124507,1.4089587979251519,0.1734147440874949,0.35430914306640626,2.2046298169298097,0.003397388429141432
1503,6172,537766,675867,826008576,0.11005670891609043,0.6419465000508353,0.07958508701995015,0.14899215698242188,0.9806532069342211,0.007418928976002878
1504,16384,1185467,1663668,1820877312,0.30295227689202875,1.4089094930095598,0.17500197503250092,0.3443736572265625,2.231309252907522,0.003220116027232403
1505,16384,1168006,1641031,1794057216,0.3141122739762068,1.3913813710678369,0.17132415692321956,0.32860040283203124,2.2054917799541727,0.003335997692084307
1506,16384,1177255,1652353,1808263680,0.32956876908428967,1.3748167199082673,0.1712316720513627,0.3554513244628906,2.231170659069903,0.0045793701471238376
1507,16384,1177645,1657574,1808862720,0.30534434993751347,1.3949217509943992,0.1717151670018211,0.35454962158203124,2.2265940189827234,0.002835248205115264
1508,16384,1182974,1661039,1817048064,0.304844374069944,1.4030114269116893,0.17215020605362952,0.35788525390625,2.2379519440000877,0.0027115443089684877
1509,6172,536858,675737,824613888,0.11250876705162227,0.6392342639155686,0.07830046105664223,0.15093104553222655,0.9810361890122294,0.006284320278932746
1510,16384,1185736,1664376,1821290496,0.2785912180552259,1.4055213769897819,0.17286038305610418,0.35626132202148436,2.2132946019992232,0.0027245300545298656
1511,16384,1168436,1641740,1794717696,0.25877406203653663,1.388572305906564,0.17022379906848073,0.3292477416992188,2.146879881969653,0.0028866663371894226
1512,16384,1178009,1650369,1809421824,0.24978546903003007,1.4006920619867742,0.17159678600728512,0.35162255859375,2.1737549930112436,0.0026735944755179554
1513,16384,1175302,1652592,1805263872,0.2584255200345069,1.3969303870107979,0.1710968939587474,0.34220468139648436,2.168722957954742,0.0030190833718706
1514,16384,1181783,1658706,1815218688,0.24899204005487263,1.4025508309714496,0.1722197359194979,0.36042361450195315,2.1842481329804286,0.0028344551024404173
1515,6172,537301,675967,825294336,0.092173065058887,0.6407776999985799,0.0783915949286893,0.15032765197753906,0.9617283099796623,0.006061796804988562
1516,16384,1185881,1664462,1821513216,0.24754118197597563,1.4075693630147725,0.1726319540757686,0.35011361694335935,2.1779173869872466,0.0028132828975283705
1517,16384,1168498,1640279,1794812928,0.24130200396757573,1.3870249200845137,0.17005356098525226,0.34951541137695313,2.147955043008551,0.0027536234731083816
1518,16384,1178509,1653277,1810189824,0.23640517494641244,1.4041222580708563,0.17164315201807767,0.3531752014160156,2.1654053759993985,0.002751888800909541
1519,16384,1175829,1653904,1806073344,0.22660418902523816,1.3960834209574386,0.17125951894558966,0.3356052551269531,2.1296141159255058,0.0028987350254960774
1520,16384,1181756,1660517,1815177216,0.24421106895897537,1.4026114150183275,0.17204386997036636,0.36298443603515623,2.1819087259937078,0.002655290305772226
1521,6172,537757,676764,825994752,0.09728305402677506,0.6410221579717472,0.07839584408793598,0.1496224365234375,0.9663849110947922,0.006355488811057819
1522,16384,1186376,1663666,1822273536,0.25039747601840645,1.4034889630274847,0.1728112279670313,0.33650347900390626,2.1632607460487634,0.0027551016234855273
1523,16384,1168071,1641745,1794157056,0.23180022195447236,1.3744581319624558,0.17015281901694834,0.33653717041015624,2.1130087579367682,0.0028591737970191074
1524,16384,1177200,1651712,1808179200,0.23031072004232556,1.3978591649793088,0.1713199110236019,0.353890625,2.153439123998396,0.002726009410045372
1525,16384,1176125,1654081,1806528000,0.2290756410220638,1.3954692429397255,0.17139333405066282,0.35355874633789064,2.1495654790196568,0.0031873729822484787
1526,16384,1182634,1660977,1816525824,0.23786401899997145,1.4036412700079381,0.17211477702949196,0.35611312866210937,2.1697905260371044,0.0026422521854238927
1527,6172,536714,676467,824392704,0.0935684610158205,0.6425337209366262,0.0783259910531342,0.14859837341308593,0.9630862569902092,0.006199919385104684
1528,16384,1186315,1663939,1822179840,0.24580556293949485,1.4055901319952682,0.1728462700266391,0.3556280517578125,2.179929938982241,0.0027488160034252426
1529,16384,1167220,1639417,1792849920,0.2288847769377753,1.3845871579833329,0.1701679730322212,0.33877996826171874,2.1224797089817002,0.0028190029991401197
1530,16384,1177326,1651798,1808372736,0.2273337310180068,1.398353538941592,0.17149673798121512,0.35447695922851563,2.151719374000095,0.0027144260292925695
1531,16384,1178097,1655191,1809556992,0.21884987002704293,1.4003281280165538,0.17127712396904826,0.3382476806640625,2.1287641380913556,0.0028812686925071005
1532,16384,1183609,1662289,1818023424,0.23632943502161652,1.4064691530074924,0.17213857197202742,0.341818359375,2.1568522170418873,0.004483277295820699
1533,6172,537415,675652,825469440,0.09258388902526349,0.6404384720372036,0.07978098199237138,0.14538262939453125,0.9582477849908173,0.006450580154290701
1534,16384,1188087,1666934,1824901632,0.24747771699912846,1.4147592600202188,0.1763613949296996,0.3609785461425781,2.199638442019932,0.0027970018677502552
1535,16384,1168468,1640727,1794766848,0.22997906198725104,1.3912157780723646,0.17335537099279463,0.35402731323242187,2.148636869038455,0.002761972228922689
1536,16384,1177667,1652190,1808896512,0.23001494898926467,1.4083949130726978,0.17496524599846452,0.35274826049804686,2.166183028020896,0.0027541284208455782
1537,16384,1175886,1654344,1806160896,0.24677789700217545,1.3983560000779107,0.1746315360069275,0.3559765930175781,2.175804818980396,0.002885960875540893
1538,16384,1181498,1658436,1814780928,0.23338494403287768,1.4109208580339327,0.17560341395437717,0.3611097717285156,2.1810785040725023,0.0027287565618506057
1539,6172,537765,676447,826007040,0.08752341603394598,0.6278111239662394,0.07981972303241491,0.14735676574707032,0.9425736989360303,0.00664883355332065
1540,16384,1184921,1663707,1820038656,0.23571896995417774,1.4127165949903429,0.17584913305472583,0.35363345336914065,2.177979924948886,0.0028362786906912436
1541,16384,1166427,1639535,1791631872,0.2279401000123471,1.392201918992214,0.1729720189468935,0.3318731689453125,2.12504801095929,0.002861303001586606
1542,16384,1177558,1650290,1808729088,0.22799418901558965,1.407263907021843,0.17482965101953596,0.35501422119140624,2.165167281986214,0.003016567744343152
1543,16384,1176550,1654045,1807180800,0.22557522600982338,1.4077998460270464,0.17699299193918705,0.35395101928710937,2.164394677965902,0.0034926487070655035
1544,16384,1181570,1660682,1814891520,0.27243279898539186,1.415651447023265,0.17646275006700307,0.36112002563476564,2.225739059969783,0.0032365995031909942
1545,6172,537830,676801,826106880,0.117158806999214,0.6468232639599591,0.08110280300024897,0.15380393981933593,0.9989597670501098,0.007102715613991285
1546,16384,1186667,1665578,1822720512,0.3186877559637651,1.4206979620503262,0.17871457792352885,0.3414440002441406,2.2596212869975716,0.0034072442251150787
1547,16384,1170295,1643072,1797573120,0.3208671979373321,1.4035015259869397,0.17591510305646807,0.35153533935546877,2.2518898679409176,0.003139656415509323
1548,16384,1177514,1651482,1808661504,0.33654570602811873,1.4023771929787472,0.17477198503911495,0.35166912841796877,2.265463886084035,0.0044085284563008375
1549,16384,1176884,1655996,1807693824,0.31038121599704027,1.4027490291045979,0.17483398190233856,0.352642822265625,2.240668621030636,0.0027479191013210003
1550,16384,1183605,1661021,1818017280,0.3091620260383934,1.4110074669588357,0.17560650105588138,0.3579844970703125,2.2538208280457184,0.002677094893459803
1551,6172,538621,676837,827321856,0.11608385597355664,0.6451295070583001,0.07989326794631779,0.15027731323242188,0.9914441589498892,0.006073437293395309
1552,16384,1185582,1663378,1821053952,0.29095001006498933,1.4122031209990382,0.17621264595072716,0.35314413452148435,2.2325738220242783,0.0028626371683047745
1553,16384,1168976,1641524,1795547136,0.26270166400354356,1.3983155770692974,0.173702941974625,0.3333218383789063,2.16810638201423,0.002968516138844728
1554,16384,1179544,1651848,1811779584,0.25243080395739526,1.4087808489566669,0.1749435820383951,0.3381903381347656,2.1744093419983983,0.0029327003864385755
1555,16384,1177281,1654872,1808303616,0.2419249649392441,1.3932699050055817,0.1748010420706123,0.35539544677734375,2.1654516180278733,0.002782756012182057
1556,16384,1183135,1659857,1817295360,0.26488523092120886,1.4120536020491272,0.17544413602445275,0.354438232421875,2.2068807389587164,0.0026978142045205747
1557,6172,538441,677195,827045376,0.09973320504650474,0.6461396609665826,0.08010228793136775,0.15275343322753906,0.9787891570013016,0.00618824073338052
1558,16384,1184866,1664335,1819954176,0.26124762697145343,1.412037548958324,0.17592618509661406,0.3535413818359375,2.2028172370046377,0.0029278026894601216
1559,16384,1167785,1640189,1793717760,0.24191580899059772,1.394206690019928,0.17327437608037144,0.3481651611328125,2.157629220979288,0.003113823029701913
1560,16384,1178421,1653201,1810054656,0.24012394505552948,1.4077187759103253,0.1749327180441469,0.3530393981933594,2.175877642002888,0.0028864122832290284
1561,16384,1176926,1654607,1807758336,0.23035877395886928,1.4056160839973018,0.1746816240483895,0.3489510803222656,2.159668992040679,0.0028444041229922336
1562,16384,1182701,1661251,1816628736,0.24786431901156902,1.4151619269978255,0.17536221793852746,0.35628567504882813,2.194734583958052,0.002754089799458438
1563,6172,537935,676245,826268160,0.09633731201756746,0.6457535279914737,0.0799827289301902,0.14911929321289064,0.971253398922272,0.006232850275451076
1564,16384,1186454,1664691,1822393344,0.2536502289585769,1.4147997869877145,0.1760682800086215,0.35604678344726565,2.200627463986166,0.0028348543771286637
1565,16384,1169364,1642935,1796143104,0.23626135208178312,1.3985633599804714,0.17376093997154385,0.3512542114257812,2.159900472033769,0.002806081806729942
1566,16384,1177681,1651840,1808918016,0.233786964090541,1.4082200248958543,0.174727009027265,0.3542892761230469,2.171082439017482,0.0027251328513273475
1567,16384,1176101,1654632,1806491136,0.22500674310140312,1.4050099540036172,0.17474152194336057,0.3415841979980469,2.146403343998827,0.0028385602626635224
1568,16384,1184445,1663544,1819307520,0.24406762304715812,1.4160780139500275,0.175755899050273,0.3421886901855469,2.17814819002524,0.002661150076926917
1569,6172,537948,676951,826288128,0.09479123295750469,0.6469330639811233,0.07977524609304965,0.15473170471191405,0.9762932349694893,0.006349242592006817
1570,16384,1185634,1663630,1821133824,0.24879552004858851,1.4141289229737595,0.17596738401334733,0.3573056640625,2.1962559269741178,0.002660704301574262
1571,16384,1169800,1642345,1796812800,0.23292665998451412,1.396453071036376,0.17386428697500378,0.3346082153320312,2.137925543007441,0.003429009946374134
1572,16384,1176060,1650031,1806428160,0.23019934899639338,1.4041517770383507,0.1745583339361474,0.35002239990234374,2.1589913830393925,0.002756989519500544
1573,16384,1177525,1654554,1808678400,0.22293487703427672,1.406974729965441,0.17496762494556606,0.3554578857421875,2.160396403982304,0.002836807852477825
1574,16384,1182764,1661525,1816725504,0.23955673701129854,1.4126409169984981,0.17530587990768254,0.3529481811523438,2.1805114349117503,0.002738799759131978
1575,6172,537577,676140,825718272,0.09281296900007874,0.644983225967735,0.08003528509289026,0.1500381164550781,0.967931553022936,0.006400918221985576
1576,16384,1184947,1663672,1820078592,0.23851404094602913,1.4126423140987754,0.17610246199183166,0.3583291320800781,2.1856478799600154,0.0027420173144475308
1577,16384,1169383,1641728,1796172288,0.23236423602793366,1.3959800539305434,0.17407559708226472,0.353718994140625,2.1562024139566347,0.0029465125749138016
1578,16384,1177859,1651766,1809191424,0.2309571719961241,1.4076081180246547,0.17490162304602563,0.35124337768554686,2.164769572089426,0.002738459457260434
1579,16384,1177118,1655547,1808053248,0.24116740399040282,1.4086523560108617,0.17467244307044894,0.3520780334472656,2.1766302620526403,0.002757727608029772
1580,16384,1180924,1658906,1813899264,0.2336005159886554,1.4117065750760958,0.17538932792376727,0.36334686279296874,2.1841069670626894,0.002915849917736505
1581,6172,536993,676136,824821248,0.08738850301597267,0.6449216220062226,0.07981249294243753,0.1519512939453125,0.9641346309799701,0.006297779176658118
1582,16384,1184625,1663212,1819584000,0.23631405795458704,1.412762172985822,0.1757095200009644,0.3521318664550781,2.1769780499162152,0.002775982043816887
1583,16384,1169903,1643779,1796971008,0.22956218605395406,1.3969471330055967,0.1738340319134295,0.354107666015625,2.1545144920237362,0.00294614101534927
1584,16384,1176551,1650707,1807182336,0.2279972720425576,1.4077090249629691,0.17694182298146188,0.35248492431640627,2.1652050459524617,0.0033253963268537424
1585,16384,1177705,1654810,1808954880,0.23596825497224927,1.4135655430145562,0.17706669005565345,0.35011981201171877,2.1767930809874088,0.0033434934108781075
1586,16384,1182184,1660496,1815834624,0.27907034393865615,1.4165312059922144,0.17659161903429776,0.362905517578125,2.2351713679963723,0.0032517172562165084
1587,6172,537079,676431,824953344,0.11797644302714616,0.6459470679983497,0.08094491297379136,0.1501057586669922,0.9950445530703291,0.007072085750597156
1588,16384,1184857,1662982,1819940352,0.3139847220154479,1.4048182270489633,0.17691561591345817,0.3343869323730469,2.230176427983679,0.0031804942367968437
1589,16384,1169524,1642713,1796388864,0.32023026898968965,1.4015363859944046,0.17457711801398546,0.34978561401367186,2.246198970009573,0.003097810957555221
1590,16384,1177639,1651069,1808853504,0.3319507589330897,1.4014353340025991,0.1750848040683195,0.3346534423828125,2.243224231991917,0.0044530815810343
1591,16384,1177405,1655929,1808494080,0.32325590297114104,1.4040631729876623,0.17499180207960308,0.33573269653320315,2.2381109369453043,0.0030097870745668166
1592,16384,1182766,1661130,1816728576,0.3012610910227522,1.4113309979438782,0.17542084108572453,0.3571840515136719,2.2452568620210513,0.0026669757049888622
1593,6172,537398,676332,825443328,0.10864210803993046,0.6428082189522684,0.07984480704180896,0.15354351806640626,0.9849002800183371,0.00625727489101049
1594,16384,1185547,1663884,1821000192,0.2777273840038106,1.4142378530232236,0.1758745990227908,0.3570753173828125,2.2249751340132207,0.0026957865580735634
1595,16384,1167707,1640852,1793597952,0.26052029605489224,1.3965963429072872,0.17376163904555142,0.35157916259765626,2.18251719197724,0.0027377274310887868
1596,16384,1179107,1653351,1811108352,0.2517098899697885,1.408333095954731,0.175096875987947,0.35258480834960937,2.1877871960168704,0.0028579450007035104
1597,16384,1175310,1653750,1805276160,0.2409919899655506,1.4046785141108558,0.1746140259783715,0.3548064880371094,2.1751506220316514,0.0027402212591861024
1598,16384,1184810,1662743,1819868160,0.25677666103001684,1.4139970409451053,0.17593556502833962,0.35343466186523437,2.20020643400494,0.002840875986822641
1599,6172,537477,676580,825564672,0.09952067607082427,0.645041333977133,0.07964431995060295,0.15050665283203124,0.974773550988175,0.006213561859786206
1600,16384,1185305,1663104,1820628480,0.26065642898902297,1.4127706589642912,0.17590390099212527,0.3404035949707031,2.1897954689338803,0.002780397466405987
1601,16384,1169864,1641690,1796911104,0.24225420004222542,1.396741118049249,0.17376444290857762,0.3499653015136719,2.162782584084198,0.002659609472408061
1602,16384,1177963,1652569,1809351168,0.24010495096445084,1.4088461090577766,0.174818780971691,0.3298426818847656,2.153673627995886,0.0028372505660739446
1603,16384,1175606,1654067,1805730816,0.2298752140486613,1.4031193349510431,0.17460823408327997,0.3523273010253906,2.1599902471061796,0.0027853365488635226
1604,16384,1184046,1660998,1818694656,0.24742108792997897,1.3956902989884838,0.175353933009319,0.355824462890625,2.1743500179145485,0.0027702575779122553
1605,6172,537694,677157,825897984,0.09606652904767543,0.6452172959689051,0.07993072806857526,0.14520489501953124,0.9664822000777349,0.006492822427851164
1606,16384,1184116,1662375,1818802176,0.2531468130182475,1.4117512149969116,0.1758756299968809,0.3524751586914063,2.193311552051455,0.002860302630048774
1607,16384,1168771,1641774,1795232256,0.24137629102915525,1.3955105340573937,0.17323473398573697,0.34831130981445313,2.158492493093945,0.0027623078327556616
1608,16384,1177443,1652456,1808552448,0.2349857990629971,1.405451953993179,0.17458434193395078,0.35156491088867187,2.166647976031527,0.0028140313240915854
1609,16384,1176036,1652952,1806391296,0.22463292093016207,1.4038854150567204,0.17482980096247047,0.3504148864746094,2.15382377197966,0.0028204979668109103
1610,16384,1183167,1661205,1817344512,0.24180332105606794,1.4127872999524698,0.1756252869963646,0.3557088623046875,2.185987664037384,0.002877130956817078
1611,6172,539114,678294,828079104,0.09478565002791584,0.6475417889887467,0.08015415898989886,0.14531094360351562,0.9678546679206192,0.006418971008914913
1612,16384,1187644,1665301,1824221184,0.24883431603666395,1.4147251290269196,0.17600403598044068,0.35454364013671874,2.1941675069974735,0.002752106051061954
1613,16384,1167562,1639504,1793375232,0.23250977706629783,1.3949964649509639,0.17345790402032435,0.3472837829589844,2.14830952801276,0.002867325000723202
1614,16384,1178050,1652884,1809484800,0.2308251770446077,1.4059485179604962,0.1747561920201406,0.35231072998046875,2.1639013659441844,0.0028073801988974744
1615,16384,1177197,1655103,1808174592,0.22253585804719478,1.4061374129960313,0.17469378490932286,0.34119873046875,2.144626757944934,0.0028429899706041324
1616,16384,1183303,1661938,1817553408,0.23982876003719866,1.4128444329835474,0.17568444006610662,0.3581435852050781,2.186563046067022,0.002827623708449361
1617,6172,538901,677321,827751936,0.09356975695118308,0.6466486350400373,0.08002181898336858,0.1500257568359375,0.9703246509889141,0.006047788060184121
1618,16384,1186034,1664421,1821748224,0.24660622200462967,1.4129230099497363,0.1761465430026874,0.3571122131347656,2.192846287973225,0.002658639674189283
1619,16384,1169069,1641031,1795689984,0.22972851106896996,1.395434650941752,0.17363417707383633,0.3523003845214844,2.151159201050177,0.0028578751449230802
1620,16384,1177189,1650995,1808162304,0.23021287901792675,1.3842099419562146,0.1744097729679197,0.351348388671875,2.1402387149864808,0.002697473517348742
1621,16384,1176077,1653137,1806454272,0.22056489903479815,1.405958754941821,0.17476662108674645,0.3535299072265625,2.1548824530327693,0.0028897512601499167
1622,16384,1182861,1660696,1816874496,0.24551386607345194,1.4299387719947845,0.17189810797572136,0.3374841003417969,2.184894602978602,0.002734987434443235
1623,6172,537859,676876,826151424,0.09131785808131099,0.6441063130041584,0.07832337392028421,0.1545308837890625,0.9683382119983435,0.006173793700036217
1624,16384,1186297,1664640,1822152192,0.24176293006166816,1.4060682390118018,0.17270120198372751,0.3550404968261719,2.1756367050111294,0.0029341814105677275
1625,16384,1168216,1640881,1794379776,0.22648181696422398,1.3894918360747397,0.1701383659383282,0.35143801879882813,2.137613044003956,0.002947503899860759
1626,16384,1177715,1651143,1808970240,0.22517446393612772,1.401531712966971,0.1724809210281819,0.3344575500488281,2.133715272997506,0.0033099550952619596
1627,16384,1176191,1655160,1806629376,0.23232142499182373,1.4015853420132771,0.17325269989669323,0.35601010131835936,2.163242934970185,0.0033915169140574684
1628,16384,1182415,1658897,1816189440,0.27825354295782745,1.4110408769920468,0.17421973205637187,0.3581174621582031,2.2217012339970097,0.0031336271274878995
1629,6172,538239,676700,826735104,0.11835618899203837,0.6459445130312815,0.07843316299840808,0.1503249969482422,0.9931268630316481,0.006847167689165381
1630,16384,1185606,1663000,1821090816,0.32134443905670196,1.4097149840090424,0.17382850893773139,0.35580474853515626,2.260765399085358,0.003216545456480771
1631,16384,1168788,1641602,1795258368,0.31973151594866067,1.394051578012295,0.1722823849413544,0.3505070495605469,2.2366430149413645,0.003151440709867504
1632,16384,1178639,1651838,1810389504,0.3251637229695916,1.3949490110389888,0.17143040103837848,0.3493961791992187,2.241033826954663,0.004217370900362297
1633,16384,1176514,1654961,1807125504,0.2990403089206666,1.3980390570359305,0.17114676197525114,0.3561285400390625,2.2244137480156496,0.002655982718673379
1634,16384,1181840,1660040,1815306240,0.29851967899594456,1.4013244609814137,0.17179027199745178,0.3618937072753906,2.233587546972558,0.0026606399394503576
1635,6172,538152,676682,826601472,0.11210290703456849,0.6419937619939446,0.07842607796192169,0.15196185302734375,0.9845456749899313,0.006203366050367402
1636,16384,1184916,1664209,1820030976,0.2826357090380043,1.4030334099661559,0.17255761905107647,0.3585098876953125,2.216799741028808,0.002847134862510013
1637,16384,1167829,1641900,1793785344,0.262897374923341,1.3914129190379754,0.16987308103125542,0.3529993896484375,2.177246542996727,0.0029293125265362615
1638,16384,1176617,1650329,1807283712,0.24795320199336857,1.3997923709684983,0.17088111699558794,0.35278280639648435,2.17146970203612,0.002772577583033313
1639,16384,1175970,1655062,1806289920,0.2376555319642648,1.3983121439814568,0.1712451899657026,0.35123858642578126,2.158511364948936,0.0027756449515778546
1640,16384,1182409,1660636,1816180224,0.25925546407233924,1.408351594931446,0.17191974900197238,0.35481240844726564,2.1943965409882367,0.0026123143261758655
1641,6172,537713,676579,825927168,0.0979008279973641,0.6433340200455859,0.07838743599131703,0.14989704895019532,0.9695791660342366,0.006171032946069012
1642,16384,1185471,1665232,1820883456,0.2571913590654731,1.4091392350383103,0.17237396095879376,0.33366552734375,2.172439130023122,0.0031783452912713503
1643,16384,1169289,1641564,1796027904,0.23847683903295547,1.3920647259801626,0.17024249699898064,0.35289291381835936,2.1537366380216554,0.0027701711594619164
1644,16384,1177045,1650537,1807941120,0.23526582401245832,1.397584932972677,0.17125813092570752,0.35601608276367186,2.1601843769894913,0.0027500576158862497
1645,16384,1176670,1654959,1807365120,0.22671229694969952,1.3993324760813266,0.17127510393038392,0.33191387939453126,2.1292947320034727,0.0028636546465425207
1646,16384,1183655,1662633,1818094080,0.24359356297645718,1.4054398069856688,0.17226587899494916,0.35126446533203126,2.1726225299062207,0.0027071254350355877
1647,6172,538068,677070,826472448,0.09581577801145613,0.6421700930222869,0.07823839492630213,0.14963746643066406,0.9659206520300359,0.006099842590874653
1648,16384,1184461,1663397,1819332096,0.2485601520165801,1.402327389921993,0.1725349200423807,0.35190576171875,2.175385067006573,0.002613022757746601
1649,16384,1167965,1640217,1793994240,0.23124582704622298,1.3872702749213204,0.17019918409641832,0.3505382995605469,2.139315491076559,0.0028937037247910736
1650,16384,1177097,1651868,1808020992,0.22977181803435087,1.3984017180046067,0.17123112897388637,0.34770501708984375,2.147168588009663,0.0027434225381403102
1651,16384,1176522,1654073,1807137792,0.22120459692087024,1.4002256080275401,0.17147962504532188,0.35096612548828127,2.1439373249886557,0.002862467383116538
1652,16384,1184169,1662611,1818883584,0.2391947649884969,1.407033061957918,0.1720970420865342,0.35745159912109375,2.175837591988966,0.0028092094349273155
1653,6172,537536,676598,825655296,0.09310714609455317,0.6317169419489801,0.07832728803623468,0.14628102111816407,0.9494965210324153,0.006753456496455992
1654,16384,1187099,1666623,1823384064,0.24555680190678686,1.4059921100270003,0.17270287906285375,0.3548556213378906,2.1791657579597086,0.002677429422884463
1655,16384,1169327,1641690,1796086272,0.22908629709854722,1.3881465150043368,0.1700628319522366,0.3313199768066406,2.1186768000479788,0.0028876129769355445
1656,16384,1177350,1651122,1808409600,0.22730564803350717,1.3996674359077588,0.17128724500071257,0.35665533447265624,2.1549777429318056,0.0028807498070210404
1657,16384,1176936,1653596,1807773696,0.21890300000086427,1.4048047319520265,0.1734931340906769,0.35425787353515625,2.151530346018262,0.003328163122161638
1658,16384,1183845,1663260,1818385920,0.24015710700768977,1.4332939550513402,0.17853594303596765,0.3567491149902344,2.208806414040737,0.00318244075433695
1659,6172,538261,676448,826768896,0.09481697902083397,0.6561659390572459,0.07965418801177293,0.15437306213378907,0.9850742610869929,0.006506399150085273
1660,16384,1185877,1664873,1821507072,0.2479291500058025,1.4301693950546905,0.17571799596771598,0.3584768981933594,2.212356942007318,0.0028703680018392387
1661,16384,1168992,1641575,1795571712,0.23237197601702064,1.416638022987172,0.17562396393623203,0.3533299255371094,2.178030916955322,0.0030774805474948065
1662,16384,1176402,1650764,1806953472,0.23325724701862782,1.420152502018027,0.17470033501740545,0.3521510314941406,2.180328869028017,0.0031074890021576067
1663,16384,1177515,1656661,1808663040,0.22003619803581387,1.3989317870000377,0.1712801510002464,0.35258929443359377,2.1429010089486837,0.0029669349506226423
1664,16384,1182928,1659669,1816977408,0.23497442493680865,1.4040408740984276,0.1720877488842234,0.3547706604003906,2.16593398200348,0.0027828033601549162
1665,6172,537628,676680,825796608,0.09051103098317981,0.6420880710938945,0.07795326190534979,0.14954978942871094,0.9601628740783781,0.006323996572063361
1666,16384,1186936,1665459,1823133696,0.23365316109266132,1.4059849398909137,0.17287604801822454,0.35293353271484373,2.16550821706187,0.0027954336422908468
1667,16384,1169319,1641785,1796073984,0.22412473696749657,1.3926101590041071,0.17022895207628608,0.3529427795410156,2.1399675980210304,0.0028491287523071344
1668,16384,1179748,1652480,1812092928,0.22589934500865638,1.4045467600226402,0.17269084102008492,0.3556629028320312,2.1588695630198345,0.0032291963171853662
1669,16384,1176690,1655162,1807395840,0.253894280991517,1.386398141970858,0.17221687408164144,0.35090069580078126,2.1634836320299655,0.0034037320217116997
1670,16384,1181597,1659494,1814932992,0.2736252979375422,1.4081440600566566,0.1738603049889207,0.36221420288085937,2.2179134119069204,0.003135651850430433
1671,6172,538676,677531,827406336,0.11340377607848495,0.6443180919159204,0.07841009402181953,0.15165164184570312,0.9878569700522348,0.0074268029209699875
1672,16384,1186363,1665934,1822253568,0.3099971149349585,1.4110231370432302,0.17389318603090942,0.35804525756835937,2.253030070918612,0.003167971083743875
1673,16384,1167693,1640766,1793576448,0.3174047520151362,1.38933472300414,0.1705840879585594,0.35142999267578123,2.228834726032801,0.0036418303356567407
1674,16384,1177454,1650991,1808569344,0.3253402889240533,1.3954233640106395,0.17144851898774505,0.35580462646484373,2.2481119609437883,0.004232998985821309
1675,16384,1177397,1654233,1808481792,0.2982599689858034,1.3942167370114475,0.17113453696947545,0.35143185424804685,2.2151048199739307,0.0027864486863527897
1676,16384,1184033,1661955,1818674688,0.2991087679984048,1.4021374989533797,0.17223183100577444,0.354492919921875,2.2280320859281346,0.002740896286289425
1677,6172,536945,675759,824747520,0.11194534006062895,0.6399118020199239,0.0782574889017269,0.15148956298828126,0.9816667110426351,0.006368462062613215
1678,16384,1186550,1664550,1822540800,0.2824683830840513,1.4089733579894528,0.17242591897957027,0.3542942504882812,2.21822068199981,0.0026494865425914435
1679,16384,1166614,1638584,1791919104,0.255896876915358,1.3849809190724045,0.1698115529725328,0.3576081848144531,2.1683593969792128,0.0028529958894555787
1680,16384,1177941,1654268,1809317376,0.2475002659484744,1.4032369171036407,0.17115385190118104,0.3554784240722656,2.177427973016165,0.0026872985618198223
1681,16384,1176872,1653994,1807675392,0.23735225794371217,1.3963225319748744,0.17133684607688338,0.35546676635742186,2.160541837918572,0.0029360952223655705
1682,16384,1182507,1659791,1816330752,0.25206672598142177,1.4077124949544668,0.17170762305613607,0.3554566955566406,2.1870023539522663,0.0026892702467753633
1683,6172,538024,677170,826404864,0.09801783401053399,0.6444840140175074,0.0785416979342699,0.1498773498535156,0.9709815880050883,0.006250601454348494
1684,16384,1186034,1664588,1821748224,0.2574381879530847,1.4080329040298238,0.1724571050144732,0.3334122924804688,2.1714020839426666,0.002836621797115053
1685,16384,1167212,1640781,1792837632,0.23793953098356724,1.3889368600212038,0.16960988007485867,0.35994329833984373,2.1565004580188543,0.003287205394145047
1686,16384,1178037,1652989,1809464832,0.23541881109122187,1.4000278969760984,0.1712739949580282,0.3531138305664063,2.159894846030511,0.0027923784746740096
1687,16384,1175883,1653086,1806156288,0.2262179059907794,1.3966208130586892,0.17118728696368635,0.33329922485351565,2.1273866600822657,0.002887543517490098
1688,16384,1183676,1660799,1818126336,0.24330987292341888,1.4063189079752192,0.17216497310437262,0.3511265563964844,2.1729829469695687,0.002882515491487102
1689,6172,538238,676438,826733568,0.0947794079547748,0.6421782610705122,0.07843642903026193,0.15011875915527345,0.9655732619576156,0.006255842945637896
1690,16384,1185114,1663364,1820335104,0.24998348206281662,1.4062856759410352,0.1725945679936558,0.3534332580566406,2.1823564099613577,0.002723015678743407
1691,16384,1168731,1641061,1795170816,0.2323913259897381,1.3888409740757197,0.17018533998634666,0.3526993408203125,2.144174405024387,0.0026781474555038283
1692,16384,1177510,1651274,1808655360,0.2305962030077353,1.3989431359805167,0.17144221195485443,0.3545072937011719,2.1555479989619926,0.002744282091741956
1693,16384,1176932,1654328,1807767552,0.2211350769503042,1.3970135720446706,0.1712083580205217,0.3450375671386719,2.1344522170256823,0.002700593203913399
1694,16384,1184460,1662773,1819330560,0.23819164803717285,1.4112384329782799,0.17222258704714477,0.3538984680175781,2.1756114750169218,0.002773424273546104
1695,6172,537767,676992,826010112,0.0930218700086698,0.6428292939672247,0.07827714807353914,0.14953471374511718,0.9637214479735121,0.006062143691436646
1696,16384,1185047,1663738,1820232192,0.2441376659553498,1.406404745997861,0.1725805139867589,0.35265402221679687,2.175835195928812,0.0026770305101529676
1697,16384,1168735,1642825,1795176960,0.2290843219961971,1.3882153170416132,0.17017164500430226,0.3500401611328125,2.1375734669854864,0.002901505446222243
1698,16384,1177381,1650607,1808457216,0.22809319908265024,1.397699413006194,0.17086216795723885,0.3536585693359375,2.1503806090913713,0.003127804867035756
1699,16384,1176676,1654626,1807374336,0.22708080301526934,1.4008534050080925,0.17109152406919748,0.3510103759765625,2.1500953410286456,0.0027548992081247326
1700,16384,1183792,1660835,1818304512,0.23714224295690656,1.404828403959982,0.17202173208352178,0.3583951416015625,2.1724479659460485,0.0027823609597694304
1701,6172,537551,676440,825678336,0.09250628796871752,0.6414311199914664,0.07835991703905165,0.14459695434570313,0.9569555919151753,0.006407044460021923
1702,16384,1185862,1664566,1821484032,0.243094269069843,1.3917267399374396,0.17235169105697423,0.356797119140625,2.1640290550421923,0.0027372939920727443
1703,16384,1169294,1642525,1796035584,0.22798734705429524,1.3878833260387182,0.16983106697443873,0.3355311584472656,2.1212934370851144,0.0028538517745031883
1704,16384,1175382,1650803,1805386752,0.22502060397528112,1.3992487080395222,0.1709173449780792,0.3542578125,2.1495048260549083,0.00280792865845327
1705,16384,1177952,1655018,1809334272,0.21743880200665444,1.3986945669166744,0.1715059820562601,0.3539696960449219,2.1416698349639773,0.002838343169153037
1706,16384,1182147,1659712,1815777792,0.23362607799936086,1.408009488019161,0.17173485702369362,0.336093505859375,2.1495285750133917,0.003007455334761287
1707,6172,537997,676266,826363392,0.09078268695157021,0.6440208570566028,0.0784280999796465,0.1499525146484375,0.9632448139600456,0.006296979014000951
1708,16384,1186695,1665498,1822763520,0.240361133008264,1.4062293210299686,0.17240772198420018,0.3549034423828125,2.17396118293982,0.0027399079175069695
1709,16384,1167963,1640535,1793991168,0.2276854880619794,1.3870783349266276,0.17025569698307663,0.3377996520996094,2.1228795340284705,0.0028434000238801663
1710,16384,1177573,1651895,1808752128,0.22544014605227858,1.40535930194892,0.17267260805238038,0.3477261352539063,2.1512696830322966,0.0033232339662071257
1711,16384,1176275,1655353,1806758400,0.2522847130894661,1.4009912639157847,0.1719546220265329,0.35180096435546876,2.1771036060526967,0.0033091059719928123
1712,16384,1183048,1659983,1817161728,0.27315842697862536,1.4096946410136297,0.1744777070125565,0.35666531372070315,2.2140661409357563,0.003163961949748757
1713,6172,537245,676009,825208320,0.11311102600302547,0.6437919460004196,0.07937432895414531,0.144822021484375,0.9811691709328443,0.007118903951352171
1714,16384,1186017,1664250,1821722112,0.3116942780325189,1.4135749759152532,0.17482977209147066,0.356204345703125,2.2563755819574,0.0032002746178320233
1715,16384,1167180,1639451,1792788480,0.3197200419381261,1.3906315250787884,0.17111468000803143,0.3560984191894531,2.237645306973718,0.0036038222442000465
1716,16384,1177930,1651620,1809300480,0.32669966598041356,1.3952552470145747,0.17126474902033806,0.35396002197265625,2.2472757749492303,0.0042758864897072995
1717,16384,1177595,1654782,1808785920,0.31160625198390335,1.3965377600397915,0.17205108504276723,0.3548173522949219,2.235079278005287,0.0029899898657202665
1718,16384,1183038,1661431,1817146368,0.3058249739697203,1.3445585280423984,0.17251856601797044,0.35366058349609375,2.176635380019434,0.003341326430624183
1719,6172,538576,677268,827252736,0.11806771904230118,0.6422265180153772,0.07857590902131051,0.1541748504638672,0.9931091100443155,0.006455836605561434
1720,16384,1185729,1664752,1821279744,0.2883409869391471,1.3990209880284965,0.17284620401915163,0.35315762329101563,2.2134312639245763,0.002957473666898293
1721,16384,1168775,1640597,1795238400,0.2737648648908362,1.3803657001117244,0.17029014590661973,0.35094964599609374,2.1754345349036157,0.0029501231736356113
1722,16384,1178788,1652998,1810618368,0.26424542092718184,1.383044966030866,0.17178559699095786,0.35120864868164064,2.17035075800959,0.003046760008721276
1723,16384,1176865,1655270,1807664640,0.2526983190327883,1.3797255089739338,0.1713398880092427,0.35231088256835935,2.156141896964982,0.003121240802969821
1724,16384,1180493,1658688,1813237248,0.2658600789727643,1.385446196072735,0.17208478099200875,0.360137451171875,2.1835981250042096,0.0031882146274783067
1725,6172,537926,676647,826254336,0.10163867799565196,0.6353367370320484,0.07890728395432234,0.15056719970703125,0.966513285995461,0.006558348170227834
1726,16384,1185750,1664773,1821312000,0.2715584859251976,1.3877576669910923,0.17264058301225305,0.3536707763671875,2.185691584018059,0.0029314164357442723
1727,16384,1167336,1640324,1793028096,0.2546628729905933,1.3866899040294811,0.17028318694792688,0.3555889587402344,2.1672910739434883,0.003052254311752398
1728,16384,1176857,1651236,1807652352,0.25085152103565633,1.3813543389551342,0.17160399700514972,0.3520819091796875,2.155957799986936,0.0030628526824003385
1729,16384,1175963,1654255,1806279168,0.24340526200830936,1.4045044649392366,0.1780107090016827,0.34828829956054685,2.1742735019652173,0.002978763038932573
1730,16384,1183460,1660482,1817794560,0.26499982096720487,1.4032989400438964,0.17926095402799547,0.34078302001953126,2.18841738300398,0.0034110469936615754
1731,6172,537762,676801,826002432,0.10181559796910733,0.6409960589371622,0.0820060990517959,0.15181187438964844,0.9766962599242106,0.006821934231836343
1732,16384,1185972,1664439,1821652992,0.27015178406145424,1.4037386080017313,0.17953238601330668,0.3586597900390625,2.2121535079786554,0.003206823705716294
1733,16384,1168709,1641733,1795137024,0.26788952795322984,1.4300938779488206,0.17955812707077712,0.35145065307617185,2.229079519980587,0.003917937014137824
1734,16384,1179167,1653678,1811200512,0.27125088998582214,1.409792555961758,0.17913211602717638,0.3337715759277344,2.194023474934511,0.003479317012426849
1735,16384,1177799,1655659,1809099264,0.251150959986262,1.403552564093843,0.17898459499701858,0.35325872802734376,2.1870169530157,0.0032055495105338637
1736,16384,1183573,1659793,1817968128,0.26828020496759564,1.4105240439530462,0.17967073805630207,0.3523881530761719,2.210931670968421,0.0030996396770242127
1737,6172,536795,675128,824517120,0.1017561589833349,0.6416465759975836,0.08211703097913414,0.15401405334472656,0.9796070109587163,0.007471532269407082
1738,16384,1186531,1665104,1822511616,0.27512926410418004,1.4084146888926625,0.18030518700834364,0.35466207885742185,2.2185824650805444,0.003211339630498224
1739,16384,1167842,1640267,1793805312,0.2576310179429129,1.3919321519788355,0.17753921099938452,0.3499467468261719,2.1771215529879555,0.0033266512175945044
1740,16384,1177907,1652699,1809265152,0.25539870699867606,1.4004485360346735,0.17890495900064707,0.35362600708007813,2.1884462819434702,0.0031105551896448485
1741,16384,1176903,1654951,1807723008,0.247900768998079,1.3998388550244272,0.17879861500114202,0.3514495544433594,2.1780622840160504,0.003420037598993676
1742,16384,1182768,1660138,1816731648,0.265868102083914,1.4063361189328134,0.17966234404593706,0.35764791870117185,2.2095832540653646,0.0031123652571835463
1743,6172,538220,677195,826705920,0.10133185505401343,0.6439476889790967,0.08242976001929492,0.15295622253417968,0.9807371239876375,0.007300366153334623
1744,16384,1185510,1664666,1820943360,0.27182886900845915,1.4075736560625955,0.1798502888996154,0.3569684143066406,2.216291761957109,0.0031825087747409564
1745,16384,1167141,1639483,1792728576,0.2552473359974101,1.3904366929782555,0.1773070099297911,0.3344887390136719,2.157553107943386,0.0033987587136218764
1746,16384,1178036,1651678,1809463296,0.25532592402305454,1.4006793239386752,0.1789280059747398,0.3368369140625,2.1718370149610564,0.0030778995673498588
1747,16384,1177176,1655429,1808142336,0.2460463559255004,1.4045120410155505,0.17857110500335693,0.33529931640625,2.164501687977463,0.003366577499561736
1748,16384,1181400,1659271,1814630400,0.263857854064554,1.4068006769521162,0.17934976099058986,0.3597074279785156,2.2097977910889313,0.0037139643946915413
1749,6172,537574,676244,825713664,0.10039326408877969,0.6434408749919385,0.08217394293751568,0.15429875183105468,0.9803874690551311,0.008224830323491859
1750,16384,1186746,1664673,1822841856,0.2698041850235313,1.410792225971818,0.18032172601670027,0.34602859497070315,2.207016495987773,0.003161009677401098
1751,16384,1168382,1640341,1794634752,0.26038599701132625,1.350250988965854,0.1773637169972062,0.35301177978515624,2.141086185001768,0.003442282834830762
1752,16384,1177485,1651107,1808616960,0.25369527807924896,1.4069963439833373,0.1796874679857865,0.3512152404785156,2.1916762590408325,0.0037381667847252754
1753,16384,1176662,1655360,1807352832,0.2738304779632017,1.4040386111009866,0.18023475992958993,0.3543974609375,2.2125847920542583,0.0037730586994728565
1754,16384,1183664,1661856,1818107904,0.31595285004004836,1.4140367170330137,0.1809635729296133,0.35179266357421873,2.262827995000407,0.003632243533072489
1755,6172,537307,675896,825303552,0.13383007794618607,0.6425076870946214,0.08338456298224628,0.15342877197265625,1.0132317249663174,0.007957209453743274
1756,16384,1186163,1664218,1821946368,0.362828437006101,1.4130308179883286,0.18117836699821055,0.3577772216796875,2.3149125119671226,0.004219092267631993
1757,16384,1170190,1643160,1797411840,0.3643493780400604,1.391930909943767,0.1779825281118974,0.3425758361816406,2.276948402984999,0.004820078816458541
1758,16384,1177394,1651072,1808477184,0.3546283900504932,1.3968200449598953,0.1785509129986167,0.35590621948242185,2.2859775660326704,0.003149573395358249
1759,16384,1177015,1655407,1807895040,0.33510100306011736,1.3981116840150207,0.1784205799922347,0.3349414672851562,2.2466467830818146,0.0032069451160879657
1760,16384,1183948,1662433,1818544128,0.3292016900377348,1.4066700129769742,0.17991382698528469,0.339390625,2.2552445370238274,0.003032133443226372
1761,6172,537903,676098,826219008,0.12067993194796145,0.6429752480471507,0.08210296998731792,0.1519481658935547,0.9977747219381854,0.006855862420309723
1762,16384,1185178,1663535,1820433408,0.31162833294365555,1.4062564939958975,0.1797058420488611,0.3569976501464844,2.254660227918066,0.0031893401177320716
1763,16384,1170126,1643229,1797313536,0.28395257506053895,1.391652691992931,0.1778372440021485,0.3508091735839844,2.204324043006636,0.0032825648870815267
1764,16384,1177084,1651837,1808001024,0.2777843460207805,1.4002405389910564,0.17879987496417016,0.3528523254394531,2.209747401997447,0.0031821094991808276
1765,16384,1176206,1654617,1806652416,0.26624325499869883,1.3989077099831775,0.17870942200534046,0.3497893676757812,2.1937204799614847,0.0032239886135292744
1766,16384,1182677,1661471,1816591872,0.2822038281010464,1.4087070759851485,0.1841346659930423,0.35552359008789064,2.230638246051967,0.003097135313688406
1767,6172,538317,676712,826854912,0.10622339101973921,0.6436449569882825,0.08225854195188731,0.15339324951171876,0.9855921060079709,0.007301858030763634
1768,16384,1186612,1666030,1822636032,0.2855578060261905,1.4086539580021054,0.18029473104979843,0.35688851928710935,2.231466336059384,0.0031961806023158117
1769,16384,1169388,1641585,1796179968,0.29041300993412733,1.3911990410415456,0.177610061946325,0.3508298034667969,2.2101246130187064,0.0032892547996438617
1770,16384,1176594,1651357,1807248384,0.2643172920215875,1.3983993369620293,0.17873704200610518,0.35107626342773435,2.1926014530472457,0.0032618162179038706
1771,16384,1177754,1656496,1809030144,0.26306912198197097,1.400616680039093,0.1789287970168516,0.3543683471679687,2.197055736090988,0.003313065021889213
1772,16384,1182896,1659992,1816928256,0.27283613302279264,1.4073561580153182,0.17962923005688936,0.35674520874023435,2.216638745041564,0.003248847223773872
1773,6172,537254,676622,825222144,0.1018714439123869,0.6424278020858765,0.08192579098977149,0.14983340454101562,0.9761289909947664,0.007227473660415886
1774,16384,1185546,1664378,1820998656,0.2690931500401348,1.4068760079098865,0.1798223090590909,0.34312066650390627,2.1989825119962916,0.0032005021817699654
1775,16384,1166857,1640126,1792292352,0.2572405389510095,1.388180812005885,0.1774115669541061,0.3407055969238281,2.163611924974248,0.003392943927325561
1776,16384,1177445,1650658,1808555520,0.25974049500655383,1.4051426959922537,0.17883555905427784,0.35206954956054687,2.195862848078832,0.003394950885244558
1777,16384,1177001,1655310,1807873536,0.2694362160982564,1.4007539119338617,0.17843742901459336,0.3499465026855469,2.198643726995215,0.00316864720286128
1778,16384,1184207,1663070,1818941952,0.2639505249680951,1.4096266570268199,0.1798979890299961,0.3565367736816406,2.210082849022001,0.003208219795044399
1779,6172,538192,677383,826662912,0.09697305900044739,0.6438097400823608,0.08222711400594562,0.15287593078613282,0.975957646034658,0.0073570979297156065
1780,16384,1185234,1663306,1820519424,0.26413300703279674,1.4069209119770676,0.1799315520329401,0.3523606872558594,2.203418147051707,0.003267139881709494
1781,16384,1169115,1641966,1795760640,0.26384786097332835,1.3927493010414764,0.1780285950517282,0.3286319274902344,2.163327823043801,0.0032421571195218194
1782,16384,1177793,1651489,1809090048,0.255890641012229,1.4031597879948094,0.17892689199652523,0.35198541259765626,2.1900314390659332,0.0031371907949573324
1783,16384,1176646,1653803,1807328256,0.2460490370867774,1.3615547670051455,0.17856430099345744,0.35632403564453125,2.1425636280328035,0.003336531151590891
1784,16384,1183452,1660633,1817782272,0.2644822059664875,1.4116261439630762,0.17953228601254523,0.3561640930175781,2.2118748989887536,0.003172423047003132
1785,6172,538809,677618,827610624,0.10072129394393414,0.6457509100437164,0.0823660809546709,0.15109852600097656,0.9800086109898984,0.00732647099171219
1786,16384,1186277,1664269,1822121472,0.2707691240357235,1.4073606070596725,0.1798810448963195,0.3522711486816406,2.210351707995869,0.0031571139679043843
1787,16384,1169427,1640518,1796239872,0.2548914219951257,1.390779496054165,0.1777014039689675,0.33801467895507814,2.161455652094446,0.0031761521936908674
1788,16384,1177197,1651591,1808174592,0.25323708809446543,1.4020152679877356,0.17862545198295265,0.353665771484375,2.1876153179910034,0.0032792987361539424
1789,16384,1175176,1652295,1805070336,0.24529587605502456,1.3991229759994894,0.18584437295794487,0.3376765747070313,2.1680122180841863,0.003340311650091336
1790,16384,1182679,1660600,1816594944,0.26323398598469794,1.4079149949830025,0.17953975207637995,0.35354061889648436,2.2043148539960384,0.003878849490059436
1791,6172,536497,675993,824059392,0.10193637106567621,0.642304198932834,0.08135542599484324,0.148629150390625,0.974294058047235,0.0070729840429017785
1792,16384,1185845,1665635,1821457920,0.27080497809220105,1.4082222329452634,0.17974185501225293,0.35531097412109375,2.2141541390446946,0.0033465996145779966
1793,16384,1168803,1640919,1795281408,0.2540515559958294,1.3911600450519472,0.17884346295613796,0.33255783081054685,2.156697808066383,0.003937188214491792
1794,16384,1177755,1651378,1809031680,0.26805618207436055,1.4071997659048066,0.17993846908211708,0.35165283203125,2.2069325749762356,0.003866265996033484
1795,16384,1177255,1654787,1808263680,0.28676108608487993,1.407493678969331,0.17997442395426333,0.33970486450195314,2.2140152570791543,0.003667705923314735
1796,16384,1182556,1660707,1816406016,0.328097602003254,1.4127583570079878,0.1804312609601766,0.3577300720214844,2.279100561980158,0.003653633746767485
1797,6172,537634,676694,825805824,0.13810020394157618,0.6436968880007043,0.08341230498626828,0.14990521240234375,1.0151949529536068,0.007914107776108537
1798,16384,1185012,1663429,1820178432,0.37045430997386575,1.4110005010152236,0.18242353305686265,0.35564102172851564,2.319604105083272,0.0036531798085047444
1799,16384,1169175,1641768,1795852800,0.3641978569794446,1.3220597599865869,0.17744331492576748,0.3498258056640625,2.2136366500053555,0.0049652434826470025
1800,16384,1176930,1651187,1807764480,0.3442881429800764,1.396607688977383,0.17879107303451747,0.35398294067382813,2.273739613010548,0.0030683964137301215
1801,16384,1177323,1654796,1808368128,0.3168028809595853,1.4002006950322539,0.1782295589800924,0.35530169677734375,2.250606357003562,0.0031780437331615004
1802,16384,1183304,1661317,1817554944,0.3210248249815777,1.4076190040213987,0.17972314602229744,0.3533912658691406,2.2618289389647543,0.0031257036781980703
1803,6172,538563,677029,827232768,0.11745180399157107,0.6460043679689988,0.08205598301719874,0.149840576171875,0.9954269299050793,0.007453963039030813
1804,16384,1185612,1664094,1821100032,0.29803612793330103,1.4093833420192823,0.17992064205463976,0.3378239440917969,2.2252357029356062,0.0032197414634192044
1805,16384,1168895,1642154,1795422720,0.27581062901299447,1.3929799000034109,0.17744831298477948,0.3530495300292969,2.199358746991493,0.003199794535903238
1806,16384,1177647,1651823,1808865792,0.27713240997400135,1.4020116230240092,0.17884007701650262,0.3514915771484375,2.209549696999602,0.0033495438799895933
1807,16384,1176537,1654328,1807160832,0.28406991995871067,1.4032250629970804,0.17839822999667376,0.3536444396972656,2.2194133040029556,0.0034086194350783456
1808,16384,1183533,1661638,1817906688,0.2773464339552447,1.4097781219752505,0.17952846107073128,0.35605218505859376,2.2227750059682876,0.0031403946994094096
1809,6172,537989,676808,826351104,0.10081230592913926,0.6448723960202187,0.08224576897919178,0.145387939453125,0.9733902809675783,0.007383532310604164
1810,16384,1185758,1664269,1821324288,0.2742271739989519,1.407385958940722,0.1798831110354513,0.3376627197265625,2.1992289029294625,0.0031801704534429502
1811,16384,1168750,1639970,1795200000,0.26514561800286174,1.392758858972229,0.17701584205497056,0.3508809204101562,2.1858707880601287,0.003181735182658
1812,16384,1178112,1652191,1809580032,0.2646192389074713,1.401513220043853,0.17883602995425463,0.35424185180664064,2.1992920169141144,0.0037137497552189648
1813,16384,1177242,1655626,1808243712,0.2462617070414126,1.4021226320182905,0.1787563880207017,0.35531747436523436,2.182529995101504,0.003289469378467769
1814,16384,1184120,1662556,1818808320,0.2504866709932685,1.4136632479494438,0.18009462300688028,0.35705181884765624,2.2013564029475674,0.002727507015145059
1815,6172,538917,678069,827776512,0.0963255629176274,0.37583784700836986,0.08235773700289428,0.15406303405761718,0.7086473719682544,0.00891712637981903
1816,16384,1187313,1666198,1823712768,0.2571088100085035,1.4143532529706135,0.180310848983936,0.3587886657714844,2.2106215870007873,0.0027145879060809673
1817,16384,1169592,1641232,1796493312,0.23951520200353116,1.397464354056865,0.17795318400021642,0.34677169799804686,2.1617803730769083,0.0035126148425889303
1818,16384,1177855,1651828,1809185280,0.2377018490806222,1.4062866269377992,0.17857164097949862,0.35610406494140623,2.178725966019556,0.0028357894105699734
1819,16384,1176672,1654568,1807368192,0.22880020597949624,1.4060908380197361,0.1783658330095932,0.3500910949707031,2.163412392954342,0.0029777482565551106
1820,16384,1182073,1658855,1815664128,0.2462152319494635,1.4110731719993055,0.17959519405849278,0.3624468078613281,2.1993934790370986,0.0028677528195692912
1821,6172,538043,677144,826434048,0.0946555680129677,0.6469776070443913,0.08210185903590173,0.1525445098876953,0.976340034045279,0.006195593974809261
1822,16384,1185822,1664312,1821422592,0.2513603459810838,1.4124181140214205,0.17960434698034078,0.3557998962402344,2.199245051946491,0.0028350057378338147
1823,16384,1169146,1640987,1795808256,0.23582319892011583,1.3976700491039082,0.17764288396574557,0.34790838623046877,2.1591049819253385,0.0028004059833221825
1824,16384,1175793,1650439,1806018048,0.23506862891372293,1.4047604510560632,0.17857993696816266,0.3549003601074219,2.173370130942203,0.002795377371185643
1825,16384,1175895,1654388,1806174720,0.2251901359995827,1.4070388360414654,0.17849487799685448,0.35337353515625,2.1641600200673565,0.0028941886285315226
1826,16384,1184407,1662652,1819249152,0.24345081392675638,1.4140942430822179,0.17961945396382362,0.35646768188476563,2.193694285931997,0.0028305254214990925
1827,6172,538482,676855,827108352,0.09321159892715514,0.6469938770169392,0.08193748106714338,0.1511107177734375,0.9733161389594898,0.006417665577945518
1828,16384,1187493,1665873,1823989248,0.24047796498052776,1.4239043280249462,0.18384196993429214,0.3370652160644531,2.1853615599684417,0.003298354173657767
1829,16384,1167989,1640602,1794031104,0.23792047693859786,1.4151036971015856,0.17680007894523442,0.35113885498046876,2.1810421789996326,0.003625378477650703
1830,16384,1178169,1651465,1809667584,0.24591642804443836,1.4099649309646338,0.17903227906208485,0.35345858764648436,2.1884473480749875,0.003432678305575034
1831,16384,1176936,1655548,1807773696,0.25946479104459286,1.40792765293736,0.1782599340658635,0.3489183654785156,2.1946472519775853,0.003486138885605613
1832,16384,1184052,1661545,1818703872,0.27140749595128,1.0385493050562218,0.17984975292347372,0.33420755004882813,1.8240876219933853,0.004030399236042924
1833,6172,537536,677053,825655296,0.09083028801251203,0.6448334850138053,0.08194122195709497,0.15057241821289064,0.9682552219601348,0.008035976679193339
1834,16384,1185176,1664068,1820430336,0.25414394796825945,1.4158287150785327,0.17942431790288538,0.35224270629882815,2.2017164890421554,0.0034882689952089796
1835,16384,1169981,1641899,1797090816,0.24154899001587182,1.3950932110892609,0.17849069193471223,0.33115338134765626,2.1463791750138626,0.004328248589202305
1836,16384,1177658,1651882,1808882688,0.2659262039232999,1.4159824590897188,0.1792130939429626,0.354308837890625,2.21552632690873,0.004320962516267556
1837,16384,1177383,1654863,1808460288,0.2812255199532956,1.412638311041519,0.17969501996412873,0.3396186828613281,2.2132674009772018,0.004060384067943606
1838,16384,1184335,1661131,1819138560,0.3254355110693723,1.4261240779887885,0.18039533903356642,0.3558028259277344,2.287851794040762,0.004110407044077822
1839,6172,537741,676888,825970176,0.13150238804519176,0.6451663989573717,0.08198308502323925,0.1497318115234375,1.008472039946355,0.008761412673324805
1840,16384,1186407,1664542,1822321152,0.3742541620740667,1.4040142509620637,0.17435527499765158,0.3517919616699219,2.304505369043909,0.0038932146312337787
1841,16384,1170287,1643117,1797560832,0.3550464330473915,1.3788577549858019,0.17093357793055475,0.3537706604003906,2.258716317010112,0.004776635523494614
1842,16384,1178029,1652769,1809452544,0.32239867106545717,1.393500720965676,0.17284766305238008,0.35397039794921875,2.2427907150704414,0.0032665570272345946
1843,16384,1174517,1652434,1804058112,0.3084578599082306,1.3934708080487326,0.1724331360310316,0.3590562744140625,2.2334934399696067,0.0033741566552588096
1844,16384,1182887,1661475,1816914432,0.3051488409982994,1.4166091530350968,0.17300873599015176,0.35555810546875,2.2503994720755145,0.003316592638001979
1845,6172,538362,676792,826924032,0.11383178504183888,0.643824300961569,0.07941515499260277,0.1504752655029297,0.9876235780538991,0.007803737848250786
1846,16384,1185225,1664008,1820505600,0.29025495797395706,1.4060874440474436,0.17398195201531053,0.35763189697265624,2.228031988022849,0.003399278551150145
1847,16384,1168719,1642279,1795152384,0.2666526270331815,1.3929396389285102,0.17070708703249693,0.34964028930664065,2.1800149909686297,0.003456337140450375
1848,16384,1176495,1651171,1807096320,0.26203074504155666,1.281536994036287,0.1776438949164003,0.33595742797851563,2.0572463480057195,0.0037567709396866987
1849,16384,1175811,1653084,1806045696,0.2531968200346455,1.4060616380302235,0.17630550498142838,0.35299813842773436,2.1886481820838526,0.003933049200199361
1850,16384,1183765,1660178,1818263040,0.2707692040130496,1.44117769098375,0.18099016905762255,0.35782586669921873,2.2508369779679924,0.003289763544693375
1851,6172,537773,676897,826019328,0.10263899399433285,0.6586151900701225,0.08263378695119172,0.15116319274902343,0.9951287290314212,0.007794495776062069
1852,16384,1185495,1663062,1820920320,0.28407320100814104,1.4219280329998583,0.18048586999066174,0.35792300415039063,2.2444867569720373,0.003414982189020796
1853,16384,1169311,1643490,1796061696,0.26387969602365047,1.416211919975467,0.17839391203597188,0.35273272705078124,2.2113076290115714,0.004041677626761504
1854,16384,1178301,1652916,1809870336,0.2671216418966651,1.4102635300951079,0.17901238799095154,0.3511943359375,2.2076738768955693,0.003713454971891617
1855,16384,1178050,1656435,1809484800,0.25206895801238716,1.4200711849844083,0.17906276509165764,0.3545750427246094,2.2058572960086167,0.003597023057560178
1856,16384,1182097,1660050,1815700992,0.27573369699530303,1.4158020709874108,0.17971763398963958,0.3397402038574219,2.21106737293303,0.003336266644685333
1857,6172,537527,676292,825641472,0.10111014905851334,0.6507913200184703,0.08263616694603115,0.15196281433105469,0.9865760370157659,0.007661514050657286
1858,16384,1185767,1664563,1821338112,0.27573140198364854,1.4264808329753578,0.1804064849857241,0.3342865295410156,2.2170032809954137,0.004421802642695239
1859,16384,1168880,1642022,1795399680,0.2555857510305941,1.3992297749500722,0.17800988897215575,0.3490663146972656,2.181968564982526,0.0035213766903608792
1860,16384,1176361,1650302,1806890496,0.25603710499126464,1.4151924350298941,0.17876976600382477,0.3549186706542969,2.20499605697114,0.003541062652369627
1861,16384,1177754,1655137,1809030144,0.24453574302606285,1.4087026349734515,0.1801220899214968,0.3535600280761719,2.1870074099861085,0.003974105827378764
1862,16384,1182903,1660945,1816939008,0.2683968950295821,1.4208781550405547,0.179595734924078,0.35420037841796875,2.2231610040180385,0.004041120084995093
1863,6172,536675,675664,824332800,0.1015499490313232,0.6453725579194725,0.08238726505078375,0.15218687438964842,0.9815750599373132,0.007988543035150697
1864,16384,1187451,1665026,1823924736,0.26322889898438007,1.4233706719242036,0.17997238202951849,0.44383734130859376,2.3104868419468403,0.003356335934772563
1865,16384,1168085,1640368,1794178560,0.25034263101406395,0.8976757659111172,0.17741387407295406,0.35369989013671876,1.6792083010077477,0.0045342720642806995
1866,16384,1177976,1652345,1809371136,0.2516588650178164,1.4113236650591716,0.1780331889167428,0.354910888671875,2.196005519013852,0.0035934039128207073
1867,16384,1176446,1654526,1807021056,0.2605455690063536,1.4047533660195768,0.1783901520539075,0.3551957702636719,2.1989652530755848,0.0036560710526345776
1868,16384,1184174,1660843,1818891264,0.2613222509389743,1.4265084430808201,0.17951137595809996,0.35536441040039063,2.2227835409576073,0.0034668503658664466
1869,6172,538134,676879,826573824,0.09461538901086897,0.6461916209664196,0.08177941897884011,0.15052627563476562,0.973191205994226,0.008066390535410492
1870,16384,1185898,1664496,1821539328,0.25847575697116554,1.4144412119640037,0.18098052905406803,0.3569902648925781,2.210974534973502,0.003924608371287977
1871,16384,1168133,1640566,1794252288,0.25579384400043637,1.399832256953232,0.17687777103856206,0.351322021484375,2.1839036860037595,0.0035620859863366803
1872,16384,1177111,1649921,1808042496,0.25299382698722184,1.416091602994129,0.1790331209776923,0.3545752258300781,2.2027836609631777,0.004080481240581571
1873,16384,1177045,1654238,1807941120,0.2488162670051679,1.4201541700167581,0.17946608900092542,0.35588894653320313,2.2044000149471685,0.0033815274273492645
1874,16384,1181555,1659333,1814868480,0.26788223802577704,1.4308033490087837,0.18022626300808042,0.3609436340332031,2.239943869994022,0.003945898795131887
1875,6172,537891,677244,826200576,0.10184075799770653,0.6512379770865664,0.08270180993713439,0.15249827575683594,0.9883550490485504,0.007712640349291374
1876,16384,1184595,1663328,1819537920,0.2736897700233385,1.419828386977315,0.18004772602580488,0.3581290283203125,2.231780934962444,0.0038544829523983184
1877,16384,1168273,1641709,1794467328,0.2575170759810135,1.418257700977847,0.17873630300164223,0.3502666015625,2.2048730649985373,0.004326030239518639
1878,16384,1177432,1650573,1808535552,0.28915129497181624,1.4223377589369193,0.18119079107418656,0.35494815063476565,2.2477234379621223,0.004246178280763178
1879,16384,1177262,1655678,1808274432,0.30493321805261075,1.439075928996317,0.17460163601208478,0.34968658447265627,2.268392786034383,0.004206436438234788
1880,16384,1181456,1660288,1814716416,0.3376287240535021,1.436716721043922,0.17810375895351171,0.362007080078125,2.3145828210981563,0.005466944969187467
1881,6172,537581,676354,825724416,0.14031271799467504,0.49788999394513667,0.08229565597139299,0.14603904724121095,0.8666493659839034,0.012917661499774134
1882,16384,1184622,1663486,1819579392,0.3805725430138409,1.4144527700264007,0.1767895530210808,0.35531747436523436,2.327243961044587,0.004796257715077343
1883,16384,1168569,1642456,1794921984,0.35696028696838766,1.4008148310240358,0.17448655504267663,0.3359667663574219,2.2683060980634764,0.003423641589670271
1884,16384,1178833,1652096,1810687488,0.33526924799662083,1.4100049390690401,0.17608187592122704,0.35541305541992185,2.2768473050091416,0.003433985325216844
1885,16384,1176797,1655598,1807560192,0.31040034000761807,1.4127734559588134,0.176756820990704,0.356008544921875,2.2560182489687577,0.003505605053660589
1886,16384,1183631,1660371,1818057216,0.3173196850111708,1.4401442189700902,0.1749305259436369,0.3542775573730469,2.286747913924046,0.0033202884165189277
1887,6172,537694,675570,825897984,0.11370136693585664,0.6469411690486595,0.07969259598758072,0.14993734741210937,0.9903470879653469,0.007533579090326185
1888,16384,1186147,1664165,1821921792,0.29761211399454623,1.4236730530392379,0.17413571302313358,0.35567971801757814,2.251176532008685,0.003373077726677014
1889,16384,1168654,1642158,1795052544,0.27723924501333386,1.397534433985129,0.1721971940714866,0.3349874267578125,2.1820337790995836,0.0034591248102839502
1890,16384,1177711,1652897,1808964096,0.27351630793418735,1.4107117110397667,0.1732943090610206,0.3530443115234375,2.210647793021053,0.003671026334327705
1891,16384,1177606,1655451,1808802816,0.2614150269655511,1.419012792990543,0.17304276500362903,0.3304568176269531,2.1840009769657627,0.003368788744257896
1892,16384,1182752,1661536,1816707072,0.2770394899416715,1.4159359160112217,0.1740782270208001,0.352890625,2.220018708962016,0.0033536198601309135
1893,6172,537593,676670,825742848,0.10443413199391216,0.6455758559750393,0.07927118299994618,0.14924287414550783,0.9786003719782457,0.0077995948117091304
1894,16384,1187287,1665398,1823672832,0.27892852295190096,1.4098086680751294,0.17386511398945004,0.3432696228027344,2.2059480149764568,0.0034491817905620576
1895,16384,1169521,1642298,1796384256,0.26203985803294927,1.3945532579673454,0.17229268001392484,0.3312012023925781,2.1601616790285334,0.0034571774168834853
1896,16384,1178821,1653192,1810669056,0.2612445300910622,1.418481589993462,0.17275347898248583,0.3544269409179687,2.2069813510170206,0.00338974463955596
1897,16384,1178380,1655838,1809991680,0.24869414209388196,1.272399150999263,0.1742217519786209,0.35113302612304687,2.04652201407589,0.0036130997159606808
1898,16384,1183227,1660873,1817436672,0.26496106397826225,1.4152557600755244,0.17336854292079806,0.33694058227539064,2.1905997960129753,0.0033710750422835376
1899,6172,538642,677915,827354112,0.13452138099819422,0.6483937740558758,0.0799535249825567,0.14562069702148436,1.0085757880005985,0.00856762015462455
1900,16384,1187136,1666528,1823440896,0.2725234000245109,1.414694390958175,0.17535806295927614,0.334789306640625,2.197443412966095,0.0035610647830993008
1901,16384,1167979,1642248,1794015744,0.25634025095496327,1.396673682029359,0.17235313402488828,0.34763421630859376,2.173079448984936,0.0035969999701520776
1902,16384,1177139,1651117,1808085504,0.2560398690402508,1.4053437779657543,0.1744008359964937,0.3303938293457031,2.1662571460474283,0.003639166262887327
1903,16384,1177023,1656143,1807907328,0.24557541403919458,1.4042949620634317,0.17406753392424434,0.35126638793945314,2.1753026890801266,0.004523099902212517
1904,16384,1181960,1659514,1815490560,0.26639132702257484,1.4102761909598485,0.1751551330089569,0.3619710693359375,2.2138678550254554,0.0033486505515393492
1905,6172,537600,676780,825753600,0.10011457500513643,0.6474661430111155,0.08002434996888041,0.14553334045410157,0.9732131839264184,0.0076833615100450475
1906,16384,1184590,1663526,1819530240,0.2708112489199266,1.4130267680156976,0.1747655860381201,0.3352220153808594,2.193900825921446,0.0034280294694297546
1907,16384,1169606,1642582,1796514816,0.2574001729954034,1.3942846789723262,0.17319934896659106,0.34799981689453124,2.1729600329417735,0.003498228764872213
1908,16384,1177590,1653250,1808778240,0.2548821900272742,1.4067277510184795,0.17479592200834304,0.33062429809570315,2.167106673005037,0.003530599401974772
1909,16384,1176833,1654484,1807615488,0.2469258470227942,1.4088400779291987,0.17382189899217337,0.35230230712890626,2.1819673880236223,0.003540701431830688
1910,16384,1182768,1660285,1816731648,0.26428055891301483,1.4211972580524161,0.175484330044128,0.3546212158203125,2.2156645249342546,0.0036631043855989013
1911,6172,538044,676882,826435584,0.10017236298881471,0.6487105070846155,0.07944553694687784,0.15132009887695314,0.9797246530652046,0.007772302932779665
1912,16384,1186122,1663487,1821883392,0.27013365796301514,1.420629087020643,0.17415372096002102,0.355249267578125,2.220240485970862,0.0033668627128547344
1913,16384,1168964,1641438,1795528704,0.2562951890286058,1.4011560569051653,0.1725201370427385,0.3507596130371094,2.1808083199430257,0.0035456545492514595
1914,16384,1176824,1650215,1807601664,0.25384923396632075,1.0308973209466785,0.17333228408824652,0.3527908630371094,1.8109445279696956,0.004131873184665042
1915,16384,1177345,1656147,1808401920,0.24744153395295143,1.4122960860840976,0.17381854599807411,0.3533531799316406,2.1869856709381565,0.0034899621157613815
1916,16384,1181295,1659785,1814469120,0.267750233062543,1.4180504250107333,0.17513572401367128,0.34683224487304687,2.207846560049802,0.0035298236398270764
1917,6172,538198,676860,826672128,0.09967142005916685,0.6504962149774656,0.07988240697886795,0.1522223663330078,0.982349646044895,0.007862546365021083
1918,16384,1185221,1662587,1820499456,0.26030140393413603,1.412667696014978,0.1766593330539763,0.3512923278808594,2.201015820959583,0.00431891832526081
1919,16384,1168432,1641616,1794711552,0.2632708119926974,1.3985169370425865,0.17338230402674526,0.34782870483398437,2.1830994930351153,0.0046143173695558076
1920,16384,1177610,1651336,1808808960,0.2925863158889115,1.4164139770437032,0.17701615497935563,0.350240966796875,2.2363545689731836,0.004344313986982679
1921,16384,1177590,1655022,1808778240,0.3257217250065878,1.4072409989312291,0.175605955068022,0.341188232421875,2.2498516750056297,0.004211992237914391
1922,16384,1182164,1658927,1815803904,0.3439161090645939,1.4392922869883478,0.17917679995298386,0.33754190063476563,2.300019323010929,0.0040098084966049075
1923,6172,538047,676479,826440192,0.13891403505112976,0.6475189889315516,0.08243777602910995,0.14536540222167968,1.014326665084809,0.00891851259086295
1924,16384,1185343,1665836,1820686848,0.37863916193600744,1.413834689068608,0.1773342889500782,0.3554178466796875,2.325337946997024,0.004814799620319578
1925,16384,1168621,1642384,1795001856,0.34624321304727346,1.3937576939351857,0.17506942502222955,0.3348605346679687,2.250010084011592,0.003520754840065033
1926,16384,1176919,1651380,1807747584,0.3294179569929838,1.4143614319618791,0.17224552703555673,0.3363215637207031,2.2524214789737016,0.0033297170746749826
1927,16384,1176529,1653934,1807148544,0.2994381639873609,1.4021055550547317,0.174058425007388,0.3542999572753906,2.2299800439504907,0.0034952162837011067
1928,16384,1183224,1660932,1817432064,0.3060309459688142,1.4159372240537778,0.17525106098037213,0.3422919921875,2.2395892459899187,0.0034837995223576026
1929,6172,537955,676589,826298880,0.11278099799528718,0.6488103289157152,0.07928204408381134,0.15348793029785157,0.9944340159418061,0.007312164304029717
1930,16384,1185232,1664699,1820516352,0.29328648594673723,1.4127187239937484,0.1747273140354082,0.34395938110351565,2.2247666199691594,0.003358324827382808
1931,16384,1169301,1642937,1796046336,0.2754091549431905,1.402931588003412,0.17164156900253147,0.35313494873046875,2.2031926249619573,0.003420685123075619
1932,16384,1177902,1651085,1809257472,0.2739216899499297,1.4081162430811673,0.1734744869172573,0.3507566528320312,2.2063455330207944,0.003465469903264662
1933,16384,1175766,1653703,1805976576,0.2619340920355171,1.4087806550087407,0.17285190499387681,0.3379453430175781,2.18158774508629,0.003472243128778222
1934,16384,1181608,1658926,1814949888,0.27639967296272516,1.4133024009643123,0.17475163901690394,0.361998046875,2.2265276729594916,0.003409485607210382
1935,6172,538691,677897,827429376,0.10507244197651744,0.6501119330059737,0.07963249809108675,0.15134310913085938,0.9862358559621498,0.007693267006454828
1936,16384,1186059,1664921,1821786624,0.2823109320597723,1.4171648799674585,0.17363168206065893,0.3530736999511719,2.226256145979278,0.003366725807876315
1937,16384,1168318,1641958,1794536448,0.2676999809918925,1.3959685150766745,0.1715224259532988,0.34990777587890626,2.1851744069717824,0.0034646694913059517
1938,16384,1177855,1652453,1809185280,0.26350233098492026,1.4295297339558601,0.17204360698815435,0.3533260192871094,2.2184924599714577,0.00409146107329401
1939,16384,1175288,1652321,1805242368,0.2529376440215856,1.4069823219906539,0.17246248701121658,0.3550592956542969,2.187518841936253,0.0035242328898936566
1940,16384,1183427,1661121,1817743872,0.27186079102102667,1.4180899580242112,0.17303850199095905,0.3583273620605469,2.2213911020662636,0.00335325776043594
1941,6172,538583,677318,827263488,0.10323639505077153,0.6495736859505996,0.07969810604117811,0.15413238525390624,0.9867170989746228,0.0077556858239094875
1942,16384,1186083,1664961,1821823488,0.2754625609377399,1.4187806280096993,0.17494888906367123,0.3573401184082031,2.226608545985073,0.003428962216869472
1943,16384,1168764,1641636,1795221504,0.2616007439792156,1.4015966940205544,0.17121765797492117,0.35210443115234374,2.186593996011652,0.003405702419053183
1944,16384,1178224,1650270,1809752064,0.2611029719701037,1.4144366449909285,0.17359516001306474,0.35197125244140626,2.201184501987882,0.003565015668061392
1945,16384,1177158,1655675,1808114688,0.2510758239077404,1.4306179450359195,0.17265994905028492,0.3552025146484375,2.2096301109995693,0.0033434716887322637
1946,16384,1183109,1661270,1817255424,0.2682168890023604,1.4228688129223883,0.17515633709263057,0.35658599853515627,2.222904177964665,0.0034252673994773658
1947,6172,537086,675110,824964096,0.10267715703230351,0.6495677930070087,0.0799715609755367,0.1539021759033203,0.9861938260728493,0.007619106172998686
1948,16384,1185631,1664684,1821129216,0.273871717043221,1.4166191989788786,0.17427663796115667,0.3548917846679687,2.2197332460200414,0.003329560835700965
1949,16384,1169212,1642103,1795909632,0.2582477079704404,1.4026541479397565,0.17172608606051654,0.3506223449707031,2.1833251198986545,0.003427476584039569
1950,16384,1177876,1651221,1809217536,0.25762312207370996,1.4394741599680856,0.17955416103359312,0.35405242919921875,2.2307840019930154,0.0035919980749595684
1951,16384,1177295,1653602,1808325120,0.24968000897206366,1.435277306009084,0.1723618620308116,0.3340916748046875,2.1914849270833656,0.003380140369815425
1952,16384,1183041,1661411,1817150976,0.26511016697622836,1.42867011600174,0.17407711897976696,0.35762188720703125,2.2255534429568797,0.0033319259237572377
1953,6172,538520,676880,827166720,0.10023802903015167,0.6483043599873781,0.08008729096036404,0.1517139129638672,0.980425151064992,0.008318648613039928
1954,16384,1186433,1665608,1822361088,0.29156107909511775,1.4192101979861036,0.17465848301071674,0.35727154541015627,2.242780453991145,0.0035290341910160818
1955,16384,1168656,1640748,1795055616,0.25619105203077197,1.3981479679932818,0.17195969494059682,0.34853372192382814,2.174908268963918,0.003486679255470887
1956,16384,1177316,1651873,1808357376,0.25546890997793525,1.4201976309996098,0.17303484200965613,0.3532220764160156,2.2019978939788416,0.0033803200188557456
1957,16384,1177972,1655849,1809364992,0.2462152069201693,1.4073426650138572,0.1732838280731812,0.3526220092773438,2.1795392549829558,0.0034661315794976065
1958,16384,1183135,1662423,1817295360,0.26454970391932875,1.4176681620301679,0.17434733896516263,0.3543809814453125,2.2110251679550856,0.003572170785687095
1959,6172,537759,676976,825997824,0.09918691695202142,0.6465042060008273,0.07945409195963293,0.14972802734375,0.9749518759781495,0.008065395211323823
1960,16384,1185959,1664924,1821633024,0.2704427370335907,1.4222249849699438,0.17734775901772082,0.3575972900390625,2.227708069025539,0.004277848006495189
1961,16384,1168658,1641323,1795058688,0.2948350990191102,1.4067250279476866,0.17408107803203166,0.3501275939941406,2.225862954976037,0.0042300889575238795
1962,16384,1177154,1651201,1808108544,0.32055867998860776,1.4143915369641036,0.17492015601601452,0.3503005676269531,2.260267314966768,0.004263848370975049
1963,16384,1176641,1655095,1807320576,0.35750902001746,1.044237416004762,0.17554084898438305,0.35595086669921877,1.9333320710575208,0.004857900673292942
1964,16384,1181237,1658941,1814380032,0.3637488230597228,1.4207030140096322,0.17374284798279405,0.36197647094726565,2.320304790046066,0.00575933158543848
1965,6172,537373,676608,825404928,0.14084113901481032,0.6429989659227431,0.07974535203538835,0.14993574523925782,1.0136197649408132,0.009723836493992732
1966,16384,1186319,1664638,1822185984,0.36244394700042903,1.414779764949344,0.17517695506103337,0.3474624328613281,2.2999375599902123,0.0032374843288294763
1967,16384,1168665,1641185,1795069440,0.3311668470269069,1.4086628160439432,0.17232186999171972,0.35195513916015625,2.26418439601548,0.003432750128084058
1968,16384,1178022,1652579,1809441792,0.31659870292060077,1.4090516089927405,0.17421891004778445,0.3554156494140625,2.2553604189306498,0.0033496888048388154
1969,16384,1177812,1656888,1809119232,0.29423166904598475,1.413755830959417,0.17345469002611935,0.3532576599121094,2.234776212950237,0.0034170314756351516
1970,16384,1182508,1658573,1816332288,0.30091171292588115,1.4262411770178005,0.17566508299205452,0.3508290710449219,2.253724707989022,0.0034460290597449397
1971,6172,538205,676360,826682880,0.1118015319807455,0.6485522859729826,0.0796510650543496,0.15172309875488282,0.9918149559525773,0.008769195210738762
1972,16384,1184789,1662885,1819835904,0.29621969803702086,1.4179531499976292,0.1744974059984088,0.3402472839355469,2.228993601980619,0.0034124822945137364
1973,16384,1168870,1640772,1795384320,0.27903456799685955,1.4056393670616671,0.17221874499227852,0.35439599609375,2.2113644659984857,0.0034272891283124228
1974,16384,1177279,1651202,1808300544,0.27567807701416314,1.4111126300413162,0.17395276494789869,0.35375347900390625,2.2145814270479605,0.0038145375755730664
1975,16384,1176585,1654134,1807234560,0.26126999710686505,1.4175456409575418,0.1739483019337058,0.35525820922851564,2.2080955280689523,0.00332317335873325
1976,16384,1184055,1661740,1818708480,0.27901183802168816,1.4224073049845174,0.17550869402475655,0.3565265808105469,2.233537603984587,0.003724412023755199
1977,6172,537331,676521,825340416,0.10494864301290363,0.6507451899815351,0.07992487901356071,0.15293907165527343,0.988632980035618,0.007606095878208478
1978,16384,1185941,1664925,1821605376,0.2856905119260773,1.4249326520366594,0.17598812805954367,0.3561327209472656,2.2428199959686026,0.0033878331383357645
1979,16384,1168497,1641710,1794811392,0.26790101802907884,1.274526022025384,0.17818785295821726,0.35044561767578125,2.0711383749730885,0.003759492150209155
1980,16384,1178117,1652090,1809587712,0.26967457099817693,1.4214681209996343,0.1775665379827842,0.3323717346191406,2.2011581279803067,0.0035055809752892555
1981,16384,1177656,1654503,1808879616,0.25783629692159593,1.4191923800390214,0.17740789998788387,0.3554297180175781,2.209944274974987,0.0035285961637356662
1982,16384,1182611,1659641,1816490496,0.2753935339860618,1.4248915700009093,0.17866151803173125,0.3430373229980469,2.22205873997882,0.0033660209212867396
1983,6172,538189,676858,826658304,0.10484212497249246,0.6524930959567428,0.0816473220475018,0.1510181427001953,0.9900862169452012,0.00863876971570422
1984,16384,1185632,1663886,1821130752,0.28198751201853156,1.4246651389403269,0.1787967870477587,0.3556184692382813,2.241158176911995,0.004027813298779892
1985,16384,1168594,1641623,1794960384,0.2665243479423225,1.4087066920474172,0.1764432069612667,0.3525321044921875,2.204282070044428,0.0034350685995833716
1986,16384,1178480,1652836,1810145280,0.264010995044373,1.419841798953712,0.17832671105861664,0.3532506103515625,2.2155087050050497,0.00354724838624534
1987,16384,1177138,1655265,1808083968,0.2558321130927652,1.4204553120071068,0.17716203397139907,0.3461707458496094,2.1996971080079675,0.003496076200986497
1988,16384,1182883,1660232,1816908288,0.27325223106890917,1.4246040990110487,0.17815230099949986,0.3521428527832031,2.228225986007601,0.0033435632385704836
1989,6172,537558,676939,825689088,0.10345545294694602,0.6500058340607211,0.0817998549900949,0.1510346221923828,0.9863700679270551,0.007533048632178516
1990,16384,1186089,1664711,1821832704,0.2795622739940882,1.4260929509764537,0.17884156806394458,0.3527796630859375,2.237355118035339,0.003515843965966112
1991,16384,1168745,1642347,1795192320,0.26373097905889153,1.4090144549263641,0.17648820800241083,0.33682363891601563,2.186133617069572,0.0034918344100360313
1992,16384,1177610,1652493,1808808960,0.2582172789843753,1.4167720499681309,0.17755829403176904,0.3546031494140625,2.207224488025531,0.00333974308428572
1993,16384,1177070,1654327,1807979520,0.25245964899659157,1.4152370049851015,0.1769533819751814,0.3448704833984375,2.189597535994835,0.003517387933495517
1994,16384,1182700,1660232,1816627200,0.2700287470361218,1.422487428993918,0.17747161502484232,0.3579100036621094,2.227971705957316,0.0033174227539286413
1995,6172,537449,676673,825521664,0.1026159489993006,0.6490059489151463,0.08145281404722482,0.153775390625,0.9869262858992442,0.0077192505317776544
1996,16384,1185294,1663862,1820611584,0.2761078850599006,1.1185970329679549,0.1746786970179528,0.3433082275390625,1.9127676109783351,0.003961191784594552
1997,16384,1168581,1640923,1794940416,0.25723520398605615,1.4051233400823548,0.17274618102237582,0.35019052124023436,2.1853753729956225,0.0036664943510951956
1998,16384,1177816,1651476,1809125376,0.2569412550656125,1.4130980239715427,0.17314167704898864,0.3504969482421875,2.193751954007894,0.003375480962060711
1999,16384,1177399,1655609,1808484864,0.2475292730377987,1.409363531973213,0.17438324901740998,0.3506395263671875,2.1820017410209402,0.003948696452046583
2000,16384,1183717,1661716,1818189312,0.2638340890407562,1.4154373239725828,0.17478638200554997,0.3576282653808594,2.211780374054797,0.004264151004989445
2001,6172,537914,677022,826235904,0.10422746301628649,0.6450427459785715,0.08093984297011048,0.14534051513671875,0.9756418280303478,0.009353937688882232
2002,16384,1184253,1663641,1819012608,0.30112824705429375,1.4145707089919597,0.17551842099055648,0.3584750061035156,2.2497875139815733,0.0042284367148616685
2003,16384,1169253,1642307,1795972608,0.31214834202546626,1.3998303639236838,0.17360270803328604,0.3512404479980469,2.236911272048019,0.003997032365708153
2004,16384,1176752,1649049,1807491072,0.3343252739869058,1.4083679870236665,0.1746163140051067,0.3507926330566406,2.2681954740546644,0.004111902321098929
2005,16384,1176074,1654274,1806449664,0.3481853170087561,1.408376874984242,0.17432670504786074,0.3550398864746094,2.2860215110704303,0.00405628531984442
2006,16384,1181803,1659863,1815249408,0.3785289430525154,1.410592849017121,0.17421484494116157,0.3639156188964844,2.3273593849735335,0.004603030668275567
2007,6172,537556,676454,825686016,0.13879229500889778,0.6434106170199811,0.07916529197245836,0.15230671691894532,1.0137528619961813,0.007688370491519275
2008,16384,1186064,1664415,1821794304,0.3502748489845544,1.410768529982306,0.1747742739971727,0.333667236328125,2.2695590880466625,0.0032693026101363216
2009,16384,1169870,1642174,1796920320,0.3180198179325089,1.413659121026285,0.17998449399601668,0.3329718017578125,2.244711456936784,0.0033956357252629406
2010,16384,1177895,1652118,1809246720,0.310411129030399,1.4239651389652863,0.1798899290151894,0.35364068603515625,2.2679876120528206,0.003559499459373651
2011,16384,1177238,1655085,1808237568,0.2889011249644682,1.4366054930724204,0.17780659499112517,0.3548466796875,2.2582364899571985,0.0033919052333802823
2012,16384,1182429,1660474,1816210944,0.30256045889109373,1.1485959810670465,0.17446212098002434,0.35300933837890625,1.9787009638966992,0.0036925528900745917
2013,6172,537519,676403,825629184,0.11022459692321718,0.6469834070885554,0.079609130974859,0.14974732971191407,0.986642554984428,0.007914749418403196
2014,16384,1186245,1665943,1822072320,0.2973226140020415,1.4158011430408806,0.17509004892781377,0.3555051574707031,2.243794279987924,0.0033566600626709266
2015,16384,1169078,1642443,1795703808,0.274914234993048,1.401741585927084,0.17327579308766872,0.3541454467773438,2.2041554109891877,0.003554658789133941
2016,16384,1177549,1650730,1808715264,0.27250046795234084,1.408037243061699,0.17402783001307398,0.33040472412109373,2.185047219041735,0.0035218412149917513
2017,16384,1174457,1652853,1803965952,0.2577446139184758,1.4074885760201141,0.17432663007639349,0.3618319091796875,2.201488257967867,0.0043847053395185895
2018,16384,1183510,1662060,1817871360,0.2767251969780773,1.4181569509673864,0.17487220303155482,0.3534814758300781,2.2233180849580094,0.0036997922820638414
2019,6172,537569,676198,825705984,0.10609188303351402,0.6485205219360068,0.07911196001805365,0.15042527770996095,0.9842247010674328,0.00762614165402395
2020,16384,1185609,1663642,1821095424,0.28410232008900493,1.4181855929782614,0.17467244097497314,0.35087115478515624,2.2279081630986184,0.0034406387342234956
2021,16384,1167643,1640955,1793499648,0.267018707934767,1.3998296880163252,0.17247054004110396,0.3322217712402344,2.1716175959445536,0.003540619318362349
2022,16384,1178408,1652533,1810034688,0.2796103310538456,1.4322882409906015,0.18100645497906953,0.33697064208984373,2.229955443064682,0.0035773787126637197
2023,16384,1176787,1654182,1807544832,0.26143712806515396,1.4213095710147172,0.18033753195777535,0.3537017822265625,2.216873427038081,0.003943110725476662
2024,16384,1182821,1661080,1816813056,0.2794953630072996,1.430561105022207,0.18080611305776983,0.3552451782226563,2.246193867060356,0.0038334959277567674
2025,6172,537588,676323,825735168,0.10569562995806336,0.6536978820804507,0.08329477591905743,0.15286387634277343,0.9956327989930287,0.008098838524140228
2026,16384,1185955,1662818,1821626880,0.28379472997039557,1.448185511981137,0.17771169205661863,0.3372746887207031,2.247042199014686,0.0033633674465441067
2027,16384,1169650,1642906,1796582400,0.26638025790452957,1.4057004459900782,0.17628618609160185,0.35467034912109374,2.2031151859555393,0.003538028730082676
2028,16384,1177699,1651918,1808945664,0.2642451220890507,1.4125386059749871,0.177040901966393,0.34952175903320315,2.2034186240052804,0.00327831220356694
2029,16384,1177147,1655243,1808097792,0.2863348189275712,1.4157910300418735,0.17609170801006258,0.35395440673828127,2.2322488009231165,0.003442143424889047
2030,16384,1181636,1658840,1814992896,0.2705885600298643,1.4177624130388722,0.17765864892862737,0.3648405151367187,2.230924981064163,0.0033548384959548837
2031,6172,538373,677320,826940928,0.10295582702383399,0.653389657032676,0.08182140393182635,0.15214726257324218,0.990391283063218,0.007788083655266632
2032,16384,1186114,1664322,1821871104,0.277409564005211,1.42162385804113,0.17826888395939022,0.3532620849609375,2.230640858062543,0.003428032603186743
2033,16384,1169125,1641607,1795776000,0.2623173570027575,1.404177743010223,0.1752082109451294,0.3324888610839844,2.1742664499906823,0.0034162302687691876
2034,16384,1177459,1651178,1808577024,0.2625358219956979,1.4266138559905812,0.17416962003335357,0.352901611328125,2.2162947370670736,0.003331132727113906
2035,16384,1176916,1654088,1807742976,0.24898410798050463,1.407412469969131,0.17307766305748373,0.3539349365234375,2.183487948961556,0.003607596324785928
2036,16384,1183635,1662540,1818063360,0.2668066039914265,1.416855092975311,0.17531997594051063,0.34040457153320314,2.199461600976065,0.0034261355406187155
2037,6172,538078,676499,826487808,0.1007345849648118,0.6464235569583252,0.08040352200623602,0.1532439422607422,0.9808811879483983,0.007705495753377102
2038,16384,1186232,1664002,1822052352,0.27504932298325,1.414866367005743,0.17616599798202515,0.35398623657226563,2.220144849969074,0.0034648831940518607
2039,16384,1169038,1641322,1795642368,0.2650094929849729,1.4005951980361715,0.17264847503975034,0.34539581298828126,2.1837249080417678,0.0034770401854370926
2040,16384,1178438,1651283,1810080768,0.26115498098079115,1.4478328679688275,0.1810873979702592,0.3533370056152344,2.2434875109465793,0.0033545277653632822
2041,16384,1176134,1654843,1806541824,0.25400374305900186,1.4255580760072917,0.17978958191815764,0.3529671325683594,2.2123967200750485,0.0035340190811369247
2042,16384,1183201,1660552,1817396736,0.30038626794703305,1.4518977400148287,0.17618595797102898,0.3573281555175781,2.2858929419890046,0.004148074338647508
2043,6172,537541,676978,825662976,0.11655518098268658,0.6486063530901447,0.08046518196351826,0.15021408081054688,0.9959292820421979,0.008884686583371243
2044,16384,1185478,1664610,1820894208,0.32955524092540145,1.418077112059109,0.17571314400993288,0.3332018127441406,2.2566445789998397,0.004310349186616733
2045,16384,1169270,1642906,1795998720,0.3356417689938098,1.115871154004708,0.1747961100190878,0.33333132934570314,1.9597416119650006,0.005166477104620295
2046,16384,1178498,1652905,1810172928,0.3527373028919101,1.4111945570912212,0.17481424694415182,0.35325738525390626,2.2920970149571076,0.004080227639054851
2047,16384,1177800,1655893,1809100800,0.36364963999949396,1.4044081280007958,0.17381371196825057,0.3547309265136719,2.2967113979393616,0.00474554431379816
2048,16384,1181656,1660026,1815023616,0.3664643260417506,1.4087627680273727,0.17410455702338368,0.36065087890625,2.3100599080789834,0.0033496135730388494
2049,6172,536785,676317,824501760,0.13185017404612154,0.6419993679737672,0.07925740303471684,0.1499571838378906,1.0031391159864143,0.007475243734696705
2050,16384,1186551,1664830,1822542336,0.33654440997634083,1.4135918540414423,0.17634561902377754,0.3586197509765625,2.285178087069653,0.003345605839745651
2051,16384,1168564,1640678,1794914304,0.3333022219594568,1.3941373879788443,0.17248418100643903,0.35247900390625,2.2524771209573373,0.0032997496691711107
2052,16384,1177933,1651361,1809305088,0.32037964602932334,1.4113344190409407,0.17471484397538006,0.3559591369628906,2.2624623860465363,0.0032858021622779064
2053,16384,1176592,1653703,1807245312,0.2763487580232322,1.4076341720065102,0.17376580403652042,0.35315090942382815,2.210978552000597,0.003568940568635612
2054,16384,1182907,1662064,1816945152,0.2920876629650593,1.4206404280848801,0.1743786659790203,0.3560894470214844,2.2432713879970834,0.0033515314750306472
2055,6172,537958,676616,826303488,0.10901530494447798,0.6481394850416109,0.07991820899769664,0.15526658630371093,0.9924148719292134,0.007586206519720022
2056,16384,1185052,1663168,1820239872,0.2936383440392092,1.4140579079976305,0.17483667796477675,0.3555358581542969,2.23814561101608,0.0034324335194509652
2057,16384,1169370,1642396,1796152320,0.2715914079453796,1.4042228850303218,0.1830774269765243,0.3532608642578125,2.212226322037168,0.003333195450893216
2058,16384,1177818,1652103,1809128448,0.27281251596286893,1.4139694550540298,0.17382321902550757,0.35342343139648436,2.2141067519551143,0.0035287601266226092
2059,16384,1176849,1655895,1807640064,0.25537167699076235,1.4328667189693078,0.17416564200539142,0.35394158935546877,2.216421597986482,0.003427627019190618
2060,16384,1182340,1659108,1816074240,0.27892824297305197,1.4302896270528436,0.17447984998580068,0.35252664184570315,2.236298943986185,0.003335069713569131
2061,6172,538164,677437,826619904,0.13570871599949896,0.504041354986839,0.0812457570573315,0.15303024291992187,0.874102900037542,0.008789477068132328
2062,16384,1185777,1664620,1821353472,0.2869663279270753,1.424618499004282,0.17795875598676503,0.34205319213867186,2.231676621013321,0.003577846170664834
2063,16384,1168205,1640912,1794362880,0.27340131101664156,1.4074220979819074,0.17578281194437295,0.35115780639648436,2.207841416937299,0.0035052154243973223
2064,16384,1178016,1653375,1809432576,0.2635891430545598,1.4109031959669665,0.17652400699444115,0.33110861206054687,2.182200109004043,0.003443814672123047
2065,16384,1177751,1656339,1809025536,0.2519551630830392,1.4191067449282855,0.17381467402447015,0.34156710815429686,2.1865163220791146,0.0033218086821172124
2066,16384,1182385,1661059,1816143360,0.2677173230331391,1.4098100209375843,0.17400405299849808,0.3568143920898437,2.2084212959744036,0.0034190448840561395
2067,6172,537498,676623,825596928,0.097166005987674,0.6414445330156013,0.07931355305481702,0.14539103698730468,0.9633805500343442,0.006790773276956533
2068,16384,1185182,1663309,1820439552,0.2513367159990594,1.4073334350250661,0.17438261094503105,0.35685971069335937,2.189985424047336,0.003331135633098678
2069,16384,1169093,1643156,1795726848,0.23629952198825777,1.3902655870188028,0.17288515402469784,0.35050253295898437,2.1500229369848967,0.0032623370173207097
2070,16384,1177163,1651736,1808122368,0.23701906902715564,1.4014818769646809,0.17373097699601203,0.35605233764648436,2.1683577339863405,0.003388433137954957
2071,16384,1178012,1657257,1809426432,0.2265577189391479,1.3984897480113432,0.17418148694559932,0.33307595825195313,2.1323788469890133,0.003467246970392354
2072,16384,1182846,1661584,1816851456,0.24365762504749,1.4034345659893006,0.17505105200689286,0.35116876220703125,2.1733830870362,0.003270559429177215
2073,6172,537523,676157,825635328,0.09506670502014458,0.6442054950166494,0.07953337393701077,0.15021527099609375,0.9690864310832694,0.006767829088022242
2074,16384,1185673,1664581,1821193728,0.24252580699976534,1.4048358160071075,0.17501339490991086,0.35400039672851563,2.176442997995764,0.0031052203309297538
2075,16384,1168470,1641824,1794769920,0.2317162649706006,1.3956622580299154,0.17258395499084145,0.35148776245117186,2.151520134997554,0.00324861263846253
2076,16384,1178204,1651685,1809721344,0.23385344503913075,1.3986369719495997,0.17421228101011366,0.3521054077148438,2.158881869050674,0.0034167379903232327
2077,16384,1177710,1655079,1808962560,0.24300964502617717,1.2107993990648538,0.173292891937308,0.35122113037109376,1.9784056880744174,0.004176174557259558
2078,16384,1183125,1661538,1817280000,0.23345916590187699,1.422779556014575,0.17355185700580478,0.35207989501953124,2.181940218899399,0.0031964651005062386
2079,6172,538127,677186,826563072,0.08663031295873225,0.6478840640047565,0.07917653606273234,0.1509865264892578,0.9647385929711163,0.006338862784483637
2080,16384,1186562,1665312,1822559232,0.23154577205423266,1.4194071519887075,0.1741796500282362,0.35414251708984373,2.1793374470435083,0.0028612311770599874
2081,16384,1168548,1641301,1794889728,0.22735673794522882,1.3995197190670297,0.17213289998471737,0.35083807373046877,2.1499101270455867,0.0029162297229698127
2082,16384,1178250,1651439,1809792000,0.22558814589865506,1.411294367047958,0.17261571495328099,0.3540645751953125,2.163621599902399,0.0027175180352697957
2083,16384,1178186,1657446,1809693696,0.21767195500433445,1.409583122935146,0.17354032606817782,0.33817349243164063,2.1390433489577845,0.0034806456129912104
2084,16384,1184351,1661412,1819163136,0.2514793269801885,1.4173924800707027,0.17555757996160537,0.35598052978515626,2.2004791520303115,0.003146370761780623
2085,6172,537640,676493,825815040,0.1107887860853225,0.6470503369346261,0.08005342399701476,0.15047097778320312,0.9884350190404803,0.007233074399075968
2086,16384,1185245,1664774,1820536320,0.30036074691452086,1.417501132003963,0.17463347304146737,0.35519894409179686,2.247762567945756,0.0030373267613547804
2087,16384,1168255,1640108,1794439680,0.30793512298259884,1.3995912501122802,0.17348326393403113,0.3535914306640625,2.2346716130850837,0.0031568572177659506
2088,16384,1177122,1650703,1808059392,0.3203050649026409,1.4098883990664035,0.17324295197613537,0.3555221862792969,2.2590418990002945,0.0036872612170060063
2089,16384,1176755,1654999,1807495680,0.349868256947957,1.4028858609963208,0.1723537800135091,0.35648541259765626,2.281686609960161,0.004089054312312287
2090,16384,1182354,1658878,1816095744,0.31760395399760455,1.4077498429687694,0.17314090696163476,0.3570530700683594,2.255608986946754,0.0027138103607539524
2091,6172,537975,677701,826329600,0.11935196397826076,0.6447234220104292,0.07912931893952191,0.14943270874023437,0.9926979419542477,0.006097351796884895
2092,16384,1185797,1663563,1821384192,0.29564414196647704,1.4126905869925395,0.17409405601210892,0.3524520263671875,2.234939769958146,0.0026380406588793538
2093,16384,1168771,1642242,1795232256,0.2680780099472031,1.4023591870209202,0.1715048539917916,0.33428656005859375,2.17629026400391,0.0028329394484339788
2094,16384,1178551,1653008,1810254336,0.25693356001283973,1.375259371008724,0.17273428698536009,0.3523108520507813,2.1572986270766705,0.00280707632246668
2095,16384,1176647,1655008,1807329792,0.24039074091706425,1.4076886310940608,0.1725317050004378,0.35238555908203123,2.173061725916341,0.0029953048259285207
2096,16384,1183320,1660480,1817579520,0.256690951064229,1.4146697919350117,0.17312365106772631,0.35772775268554685,2.2022729699965566,0.0027618394663744927
2097,6172,538027,677154,826409472,0.09952244104351848,0.6477793749654666,0.07913634402211756,0.1521942138671875,0.9786953090224415,0.006430512496715153
2098,16384,1187788,1666494,1824442368,0.2595871469238773,1.418843224993907,0.17432024306617677,0.35398382568359377,2.206794979982078,0.0027433139495225346
2099,16384,1169934,1643457,1797018624,0.24288769194390625,1.3985261960187927,0.17143059498630464,0.34894189453125,2.1618488709209487,0.002890740492353525
2100,16384,1177973,1653436,1809366528,0.2385864220559597,1.40850512299221,0.1727649209788069,0.353174560546875,2.173092000070028,0.002805840533881843
2101,16384,1175927,1653963,1806223872,0.2288577330764383,1.4061672419775277,0.17269971501082182,0.35139199829101564,2.15917941799853,0.0029052538294670545
2102,16384,1182308,1659469,1816025088,0.2454149059485644,1.412851184955798,0.17343034700024873,0.3510495910644531,2.1828069089679047,0.0027890693670746536
2103,6172,538042,677096,826432512,0.09616766101680696,0.6466540039982647,0.07899193395860493,0.15078518676757813,0.9726602860027924,0.006322892218666309
2104,16384,1185636,1665099,1821136896,0.25108825496863574,1.4136137219611555,0.17351557209622115,0.3336908264160156,2.171968445996754,0.00276571949453175
2105,16384,1168432,1641845,1794711552,0.23430059605743736,1.3996726420009509,0.17084938997868448,0.35076629638671875,2.1556493770331144,0.002804380432501566
2106,16384,1177892,1652655,1809242112,0.23302292299922556,1.4083197329891846,0.17279135098215193,0.3517569885253906,2.165952638955787,0.0028460206712604495
2107,16384,1178058,1655506,1809497088,0.22349814500194043,1.4081429329235107,0.17272309202235192,0.35346954345703124,2.1578961820341647,0.0028948857618974993
2108,16384,1183222,1662246,1817428992,0.24095902009867132,1.4182419379940256,0.17348271899390966,0.35541156005859376,2.1881543090566993,0.0026996227484638665
2109,6172,537339,676279,825352704,0.09284950501751155,0.6469158969121054,0.07908749906346202,0.14548550415039063,0.964399004005827,0.006283588235338364
2110,16384,1185718,1663313,1821262848,0.23905332607682794,1.3936278600012884,0.17374358093366027,0.3453155517578125,2.151801148080267,0.0028269020458570613
2111,16384,1167400,1641046,1793126400,0.22876521106809378,1.399396057939157,0.1712391150649637,0.35741131591796876,2.156879332032986,0.0031356433249919388
2112,16384,1177244,1652008,1808246784,0.22999727295245975,1.412947778007947,0.1728886280907318,0.33358499145507814,2.1494791279546916,0.0028126557587268186
2113,16384,1176790,1653927,1807549440,0.2395325170364231,1.4068926080362871,0.17254970292560756,0.3562446594238281,2.1752802199916914,0.0027919423432099513
2114,16384,1183088,1660804,1817223168,0.23368867894168943,1.417100835009478,0.17311583401169628,0.3469954833984375,2.1709612029371783,0.002780868483298928
2115,6172,537987,677192,826348032,0.08710325404535979,0.6474778580013663,0.07918627595063299,0.15114749145507814,0.9649747690418735,0.00620633734246055
2116,16384,1184643,1663110,1819611648,0.23403112904634327,1.4119058939395472,0.17385902302339673,0.3579928588867187,2.1778488219715655,0.0027512045351937593
2117,16384,1167830,1641490,1793786880,0.22771775000728667,1.3960244490299374,0.17153294396121055,0.3500750732421875,2.145409623044543,0.0027690191785716403
2118,16384,1177239,1651112,1808239104,0.22737694100942463,1.4079395999433473,0.17260582908056676,0.353398193359375,2.161381507990882,0.0028197057272285574
2119,16384,1176980,1655239,1807841280,0.21828751894645393,1.407355344039388,0.17219673504587263,0.3547080993652344,2.1526099169859663,0.002890425642214769
2120,16384,1182151,1661409,1815783936,0.23647127603180707,1.4158196529606357,0.1732579730451107,0.3433219909667969,2.1689338530413806,0.0029028103804003285
2121,6172,538846,677248,827667456,0.09207870194222778,0.6473527720663697,0.0791802629828453,0.15132063293457032,0.9699937839759514,0.006331385927709793
2122,16384,1184832,1663406,1819901952,0.2421184020349756,1.414567094994709,0.17372724192682654,0.3457482299804687,2.1762219050433487,0.002800086986882906
2123,16384,1168538,1642787,1794874368,0.22700447600800544,1.397043643053621,0.17146227997727692,0.35052420043945315,2.1460933570051566,0.002737883075229482
2124,16384,1178124,1651003,1809598464,0.22443963203113526,1.4115146599942818,0.1722997420001775,0.35270864868164065,2.1610221579903737,0.002752182938917259
2125,16384,1176325,1654140,1806835200,0.21677645901218057,1.409729165956378,0.17390220297966152,0.3562536010742188,2.1567343949573115,0.0033831673961999586
2126,16384,1182558,1661215,1816409088,0.2533173250267282,1.4012112519703805,0.17435458302497864,0.35313201904296876,2.182087055989541,0.0032939531119021426
2127,6172,537858,676875,826149888,0.11051995598245412,0.6459734441014007,0.08062172890640795,0.14913101196289064,0.9863180960528553,0.007295323890931619
2128,16384,1185201,1663725,1820468736,0.3016844759695232,1.418844843050465,0.17518104694318026,0.35500946044921877,2.250791852013208,0.0032000116206412303
2129,16384,1168120,1641194,1794232320,0.3044684260385111,1.3983993609435856,0.17244120500981808,0.3487391967773438,2.224118520040065,0.0031622087659739207
2130,16384,1177745,1652982,1809016320,0.3476538030663505,1.4133213189197704,0.17376022599637508,0.357360107421875,2.292163579026237,0.002972022698973197
2131,16384,1174796,1654083,1804486656,0.31701683590654284,1.399412571103312,0.17234824690967798,0.35636077880859374,2.2452340699965134,0.004259567840383523
2132,16384,1183581,1661600,1817980416,0.3165037549333647,1.410749035072513,0.17356590798590332,0.3533836059570313,2.254262075992301,0.0026515126224903184
2133,6172,537938,676614,826272768,0.11786273296456784,0.645888289087452,0.07870848895981908,0.15004844665527345,0.9925693509867415,0.006185292702030776
2134,16384,1186235,1665940,1822056960,0.29534719709772617,1.4112815809203312,0.17359424498863518,0.3526053466796875,2.2328894661040977,0.002736204305896713
2135,16384,1168015,1641447,1794071040,0.26665479503571987,1.3984577439259738,0.17122879903763533,0.3508261108398438,2.1872291319305077,0.0028201476669569387
2136,16384,1177526,1651736,1808679936,0.25606018700636923,1.411665461026132,0.17242933507077396,0.3519093017578125,2.192126252106391,0.002826810054553568
2137,16384,1177514,1655228,1808661504,0.2401416109642014,1.4076500489609316,0.17274614609777927,0.353949951171875,2.174547403003089,0.002742906786919613
2138,16384,1183058,1660876,1817177088,0.25633658200968057,1.4137491669971496,0.17386242898646742,0.35593035888671876,2.1999379730550572,0.002701720492521176
2139,6172,538390,677271,826967040,0.09861443797126412,0.6476556740235537,0.07884527801070362,0.1530498809814453,0.9782259279163554,0.006200707592960104
2140,16384,1186748,1665543,1822844928,0.25256433605682105,1.4145499889273196,0.17415877804160118,0.341665283203125,2.1830078810453415,0.0031834432242865795
2141,16384,1169926,1642251,1797006336,0.24050528707448393,1.3981929649598897,0.17137350200209767,0.34864007568359373,2.158772036083974,0.0027889171669203128
2142,16384,1177232,1650559,1808228352,0.2396265260176733,1.4078866560012102,0.17271219799295068,0.34297994995117187,2.163274775026366,0.003210182273743583
2143,16384,1177118,1656609,1808053248,0.2476058070315048,1.4096735599450767,0.17189925303682685,0.3531123962402344,2.1823510290123522,0.0027499131859072545
2144,16384,1183134,1661317,1817293824,0.2414108159719035,1.4142032880336046,0.1733983209123835,0.3388550415039063,2.1679280849639326,0.0027961509680706166
2145,6172,537749,676255,825982464,0.08966424595564604,0.6438251570798457,0.07915160595439374,0.15277119445800783,0.9654728149762377,0.006277911444452142
2146,16384,1186425,1664925,1822348800,0.24029345798771828,1.4167307859752327,0.17418761306907982,0.3564227294921875,2.1876941369846463,0.002722065183675048
2147,16384,1168645,1640780,1795038720,0.23865463503170758,1.3994317890610546,0.17115780001040548,0.34724041748046874,2.156544021097943,0.002753457092736253
2148,16384,1178202,1653490,1809718272,0.23258119996171445,1.4084437109995633,0.1726836550515145,0.35236367797851564,2.1661307520698756,0.0027010409464833956
2149,16384,1176119,1653505,1806518784,0.22264682594686747,1.4092708110110834,0.17205779207870364,0.3559762573242187,2.160013349028304,0.0028547354792290763
2150,16384,1182905,1660579,1816942080,0.24098104506265372,1.4139730599708855,0.17315243801567703,0.35280902099609374,2.180975694092922,0.002757025113787333
2151,6172,538799,678416,827595264,0.09385581500828266,0.6473490640055388,0.07916136202402413,0.1507032928466797,0.9711322180228308,0.006454748091158896
2152,16384,1185139,1662740,1820373504,0.2462284310022369,1.4146897009341046,0.17388208501506597,0.33760647583007813,2.172468113945797,0.002827252741581423
2153,16384,1167731,1640766,1793634816,0.2294068420305848,1.398304495960474,0.1711298800073564,0.3519570617675781,2.15085858409293,0.002803732768973313
2154,16384,1177479,1651382,1808607744,0.22834007896017283,1.4079815989825875,0.17258574801962823,0.3548809814453125,2.1638492639176548,0.0028124190981490328
2155,16384,1175444,1654511,1805481984,0.22003045096062124,1.4082549309823662,0.1723860700149089,0.3373030395507812,2.1380343589698896,0.0028001168905839547
2156,16384,1183149,1661384,1817316864,0.2368270979495719,1.4178625009953976,0.173456292017363,0.342490478515625,2.1706970559898764,0.002795715401711963
2157,6172,536647,675578,824289792,0.09263459395151585,0.6457929200259969,0.07863976096268743,0.1534842529296875,0.9706117699388415,0.00620660812279524
2158,16384,1186161,1665065,1821943296,0.24392182100564241,1.4150193149689585,0.17423200304619968,0.3350251770019531,2.168259210069664,0.0028084302203090846
2159,16384,1168198,1641291,1794352128,0.22692634002305567,1.3857470309594646,0.1713390169898048,0.35138885498046873,2.1354615839663893,0.0028256660784061484
2160,16384,1177035,1650936,1807925760,0.2263892040355131,1.4086730730487034,0.17261837900150567,0.35312408447265625,2.160865663085133,0.0028193574360153074
2161,16384,1178277,1655890,1809833472,0.21839193091727793,1.4105484820902348,0.17323071393184364,0.33022442626953125,2.1324583869427443,0.002946539742186097
2162,16384,1183362,1661112,1817644032,0.23545263009145856,1.4159996839007363,0.17353711707983166,0.3518596496582031,2.1769077060744166,0.00269305602730082
2163,6172,537317,676710,825318912,0.09110515890643,0.6457082040142268,0.07913510105572641,0.1503016357421875,0.9663117009913549,0.006374886356132146
2164,16384,1184971,1663242,1820115456,0.23436967004090548,1.4160050919745117,0.1735486660618335,0.3515747985839844,2.1755579450400546,0.0027449684323738693
2165,16384,1169159,1640733,1795828224,0.2250275439582765,1.3983916270080954,0.17166188498958945,0.3521705322265625,2.1473126269411296,0.0028425650666758016
2166,16384,1176913,1650145,1807738368,0.22660179308149964,1.4094062770018354,0.1728523699566722,0.35463671875,2.16355794807896,0.002809690815389851
2167,16384,1176808,1654623,1807577088,0.23625410499516875,1.4153552850475535,0.1736718330066651,0.356815185546875,2.1821675540413707,0.0032603108307056694
2168,16384,1181811,1659510,1815261696,0.25275799399241805,1.4197678860509768,0.17466679797507823,0.3458071594238281,2.193074331036769,0.003396765600390479
2169,6172,537677,676704,825871872,0.10513326793443412,0.6483962960774079,0.08019147790037096,0.1521512908935547,0.9859440529253334,0.007274258549751552
2170,16384,1187099,1665482,1823384064,0.2970014119055122,1.4191424570744857,0.17529387294780463,0.33381503295898435,2.225323677994311,0.0031861930120563337
2171,16384,1167372,1640397,1793083392,0.30736173095647246,1.4021393459988758,0.1725849020294845,0.35509161376953124,2.2372476069722325,0.0031294800651693647
2172,16384,1177688,1651750,1808928768,0.3233697480754927,1.4099244959652424,0.172599236946553,0.33618624877929687,2.242184596019797,0.004676967873131745
2173,16384,1177302,1655755,1808335872,0.31494885589927435,1.4032671001041308,0.17301478295121342,0.35124114990234373,2.2425509688910097,0.003526342774114805
2174,16384,1182435,1659145,1816220160,0.3141252079512924,1.410353165003471,0.1733375129988417,0.3378373413085938,2.235713338945061,0.002688702608465121
2175,6172,536889,675611,824661504,0.11668654403183609,0.626740925014019,0.07911893201526254,0.15249810791015625,0.9751049079932272,0.006194105009441335
2176,16384,1186523,1664887,1822499328,0.2928283360088244,1.4145328600425273,0.1743712710449472,0.3573622741699219,2.23915499902796,0.0026910938173182164
2177,16384,1167797,1641274,1793736192,0.2655198900029063,1.397574782022275,0.17134595895186067,0.3488564758300781,2.1833597120130435,0.0028673793685448754
2178,16384,1177242,1651189,1808243712,0.25477158301509917,1.4103106129914522,0.17282252898439765,0.3378746032714844,2.1758402249542996,0.0027987667094131626
2179,16384,1176629,1654433,1807302144,0.23935607203748077,1.4067759989993647,0.17250925302505493,0.3544215393066406,2.1731279679806903,0.002995894080267423
2180,16384,1184048,1661950,1818697728,0.25558948901016265,1.4192598109366372,0.17337549501098692,0.35729336547851565,2.205578749999404,0.002747104953809289
2181,6172,538097,677311,826516992,0.09905617590993643,0.6484377410961315,0.07914406794589013,0.14514898681640626,0.9718476249836385,0.00624102109374251
2182,16384,1187019,1664707,1823261184,0.25983253202866763,1.4156663489993662,0.17387966997921467,0.34583560180664064,2.195274229045026,0.002736616243294642
2183,16384,1167568,1640782,1793384448,0.24094413698185235,1.3965757969999686,0.17132724507246166,0.350371337890625,2.1592802909435704,0.002860860580357269
2184,16384,1177928,1650970,1809297408,0.2372910709818825,1.4082790829706937,0.17277945403475314,0.3507493896484375,2.169157832977362,0.0027123587182387577
2185,16384,1176298,1655412,1806793728,0.22774601494893432,1.411016667028889,0.1728831100044772,0.35240313720703126,2.164108984055929,0.0027750389208420936
2186,16384,1182131,1660936,1815753216,0.2452469690470025,1.4133643029490486,0.17357804998755455,0.36352822875976565,2.1957770430017263,0.0027093943141828203
2187,6172,537283,676287,825266688,0.09525696490891278,0.6464632210554555,0.07875778304878622,0.15029734802246095,0.9708395489724353,0.006616122807089908
2188,16384,1186209,1664270,1822017024,0.2767634359188378,1.4155007040826604,0.1742116049863398,0.35874697875976563,2.2252863359171897,0.0028586060391117825
2189,16384,1168473,1641551,1794774528,0.23408225097227842,1.4004921100568026,0.17157637095078826,0.3518127136230469,2.1580242990748957,0.0028198696375101827
2190,16384,1178346,1653181,1809939456,0.23158434499055147,1.4126140200532973,0.17317124793771654,0.35240817260742185,2.1698381210444495,0.002780643167676747
2191,16384,1176056,1655521,1806422016,0.22338153305463493,1.3990352030377835,0.17609828792046756,0.341050537109375,2.1396247850498185,0.0027679585678504837
2192,16384,1183056,1662222,1817174016,0.24046981695573777,1.4143661350244656,0.17338568903505802,0.35752890014648436,2.1858086669817567,0.0026592364139186174
2193,6172,538012,676317,826386432,0.09401377604808658,0.649375376990065,0.07923032890539616,0.15256498718261718,0.9752459280425683,0.006301889055488497
2194,16384,1186084,1665313,1821825024,0.24790851108264178,1.4127402459271252,0.17405708506703377,0.35630331420898437,2.1910670440411195,0.002641989230406452
2195,16384,1169462,1642879,1796293632,0.23031919298227876,1.3987773440312594,0.17124431894626468,0.353501220703125,2.15390222100541,0.0027923432129542732
2196,16384,1177986,1652195,1809386496,0.2286732910433784,1.409022524021566,0.17279674590099603,0.34392208862304685,2.154475915012881,0.002843634661550498
2197,16384,1177953,1656739,1809335808,0.22038352605886757,1.408181563951075,0.1727836310165003,0.3504582824707031,2.1518656570697203,0.0027257079168347
2198,16384,1183284,1660989,1817524224,0.23801703099161386,1.4151915330439806,0.17350748996250331,0.33212860107421877,2.1589047859888524,0.0027852509719756475
2199,6172,538665,677741,827389440,0.0928243660600856,0.6486938649322838,0.07926638796925545,0.15154861450195312,0.9723923649871722,0.006081035364263598
2200,16384,1185317,1663499,1820646912,0.24416332296095788,1.413534575025551,0.17364168993663043,0.3534239501953125,2.1848225239664316,0.0026998004338001395
2201,16384,1168496,1640828,1794809856,0.22747264592908323,1.3978911750018597,0.1713673199992627,0.35286712646484375,2.1496600959217176,0.0028762001390615255
2202,16384,1176492,1650663,1807091712,0.22623850195668638,1.4089979860000312,0.17288411606568843,0.3559790344238281,2.1641591610386968,0.00275037961782249
2203,16384,1175613,1653625,1805741568,0.21774084400385618,1.4070240169530734,0.17269840999506414,0.34121170043945315,2.138735236017965,0.0028177693761751114
2204,16384,1183034,1661626,1817140224,0.23629269702360034,1.4149712470825762,0.17367154697421938,0.33818893432617186,2.1631833410356194,0.0027235615185348845
2205,6172,537247,676059,825211392,0.09207107301335782,0.6466026259586215,0.07885534502565861,0.14944227600097656,0.9670314700342715,0.006220070134307699
2206,16384,1185869,1664867,1821494784,0.24393468408379704,1.4135100259445608,0.17422634304966778,0.35599923706054687,2.187730523990467,0.0027532573703281664
2207,16384,1168369,1640602,1794614784,0.22673761995974928,1.4002402510959655,0.17139431193936616,0.3475807189941406,2.146013922058046,0.002843414397141939
2208,16384,1178312,1653427,1809887232,0.2259098159847781,1.3954132940853015,0.17263677599839866,0.3556496887207031,2.1496728690108284,0.0029443652827090337
2209,16384,1174743,1653442,1804405248,0.21714779001194984,1.4108028199989349,0.17343613097909838,0.3431013793945312,2.144558069994673,0.0032617260934790027
2210,16384,1183000,1660262,1817088000,0.26197699806652963,1.4189992679748684,0.1742569690104574,0.3525645141601563,2.2078690310008824,0.0032285333898768565
2211,6172,537663,676809,825850368,0.11316302290651947,0.6472872800659388,0.07871897798031569,0.15337890625,0.9926200569607317,0.007240409606256122
2212,16384,1185944,1664426,1821609984,0.30850651301443577,1.4171810360858217,0.1747406399808824,0.35703253173828126,2.2575297839939594,0.0030592364728929257
2213,16384,1168152,1640033,1794281472,0.30921976000536233,1.4000810889992863,0.17360653798095882,0.35093978881835936,2.2339197490364313,0.003248694698892393
2214,16384,1177201,1651356,1808180736,0.32571289606858045,1.4104135730303824,0.17306431289762259,0.3549304809570312,2.2642140770331025,0.004099174209165053
2215,16384,1177279,1654767,1808300544,0.31310181808657944,1.4043978519039229,0.17265619104728103,0.3516510009765625,2.241873575025238,0.0029757704286111943
2216,16384,1182261,1660336,1815952896,0.3121681349584833,1.408997711027041,0.17314462293870747,0.3626309509277344,2.2570012459764257,0.0026506908033821115
2217,6172,538064,677027,826466304,0.11529647302813828,0.6450953090097755,0.07905010704416782,0.15001686096191405,0.9895208500092849,0.006275761171550088
2218,16384,1185984,1664320,1821671424,0.3016422459622845,1.4131897650659084,0.1739175939001143,0.3585516357421875,2.247360802954063,0.0026503213676089634
2219,16384,1170064,1642739,1797218304,0.26205606502480805,1.4025145979830995,0.17167345504276454,0.3364520263671875,2.1727567489724606,0.0027892931240304274
2220,16384,1177646,1651805,1808864256,0.2534035270800814,1.4070725468918681,0.17289297003298998,0.338488525390625,2.1719169929856434,0.0027359972904459347
2221,16384,1177826,1654662,1809140736,0.2588587950449437,1.40637828304898,0.1729063899256289,0.35653244018554686,2.19473614403978,0.002744559287648484
2222,16384,1184435,1661444,1819292160,0.2514238280709833,1.417311335913837,0.17356627609115094,0.3584130859375,2.2007743830326945,0.002719816246721003
2223,6172,537784,677042,826036224,0.09316267899703234,0.6465264069847763,0.07894949393812567,0.14997628784179687,0.9686758689349517,0.006297377190543582
2224,16384,1185369,1664538,1820726784,0.24897535692434758,1.4017932440619916,0.17358116095419973,0.3557965393066406,2.1802055130247027,0.0027158805520668392
2225,16384,1168526,1640504,1794855936,0.23999957891646773,1.4000664240447804,0.1710019769379869,0.3536072692871094,2.164735217927955,0.0027702575868904468
2226,16384,1177456,1650687,1808572416,0.23731912102084607,1.4073063890682533,0.17260730790439993,0.3530145263671875,2.170305103994906,0.0026613601061315248
2227,16384,1176868,1655661,1807669248,0.22709979210048914,1.4066268919268623,0.17276752297766507,0.35399224853515626,2.160546936094761,0.0027993168571191314
2228,16384,1183074,1660235,1817201664,0.24481432395987213,1.4150592570658773,0.17324713699053973,0.358414306640625,2.1915962049970403,0.0027915881578246793
2229,6172,538125,676997,826560000,0.09507294103968889,0.6456953020533547,0.07935672893654555,0.14965254211425782,0.969839422032237,0.006383313256166402
2230,16384,1186880,1664248,1823047680,0.25026769400574267,1.4156227520434186,0.17403498792555183,0.35586541748046874,2.195852044969797,0.002786777677289887
2231,16384,1169132,1641778,1795786752,0.2341542800422758,1.3974434959236532,0.1722772360080853,0.32986380004882815,2.133817516034469,0.003688413420320907
2232,16384,1177095,1650810,1808017920,0.23477506102062762,1.4057738609844819,0.17260122601874173,0.35267794799804686,2.165890204021707,0.002867550704719739
2233,16384,1176729,1653997,1807455744,0.22320784605108202,1.4097655928926542,0.17302041605580598,0.35230810546875,2.158365331008099,0.002936043259051222
2234,16384,1183099,1659261,1817240064,0.23927270900458097,1.4191402290016413,0.17411380296107382,0.35660003662109374,2.189185863942839,0.0026990104139792206
2235,6172,536924,676020,824715264,0.09387806092854589,0.6469745161011815,0.07880945201031864,0.15014463806152345,0.9698688589269295,0.006412395324132463
2236,16384,1184041,1661969,1818686976,0.24496382009238005,1.4134897409239784,0.17371533496771008,0.35323095703125,2.185459939064458,0.002749354864177462
2237,16384,1168720,1641827,1795153920,0.23045239900238812,1.3990971479797736,0.1715762009844184,0.348954833984375,2.150153574999422,0.0033947830199469566
2238,16384,1178478,1652717,1810142208,0.22864216298330575,1.4113458310021088,0.1725822320440784,0.3554395751953125,2.1680718230782077,0.0028606918249769724
2239,16384,1177093,1654939,1808014848,0.21996195998508483,1.411172237014398,0.1728404900059104,0.35573614501953127,2.1597741110017523,0.0029298886631451957
2240,16384,1183770,1660214,1818270720,0.23791302600875497,1.399331565015018,0.17335606890264899,0.35672598266601563,2.1673896319698542,0.0029062322937947354
2241,6172,537809,676777,826074624,0.09426308399997652,0.6463084910064936,0.07913236401509494,0.15220835876464844,0.9719760940643027,0.006563564523744154
2242,16384,1185688,1664775,1821216768,0.24537904898170382,1.4150174339301884,0.17423946608323604,0.35542041015625,2.190128258895129,0.00328290105653636
2243,16384,1169404,1642504,1796204544,0.2270801099948585,1.3982486929744482,0.17173273104708642,0.3526148376464844,2.149736605002545,0.0028018939402588614
2244,16384,1177702,1650873,1808950272,0.22656670003198087,1.4101850630249828,0.17278640693984926,0.33755462646484374,2.1471537681063637,0.0028396496614509757
2245,16384,1176712,1654200,1807429632,0.21819037396926433,1.4063084629597142,0.1728217899799347,0.356328857421875,2.1537097860127687,0.0027998982208423447
2246,16384,1182686,1660134,1816605696,0.235324613051489,1.414068515994586,0.1736063630087301,0.3580005187988281,2.1810608309460804,0.0027885555315232333
2247,6172,538737,677451,827500032,0.09191487799398601,0.6483761389972642,0.07908645994029939,0.14986376953125,0.969303339952603,0.0064059915244268194
2248,16384,1186980,1664963,1823201280,0.24259117408655584,1.4163048309274018,0.17409762600436807,0.35687564086914064,2.1899301410885528,0.002779504238265536
2249,16384,1169533,1641613,1796402688,0.22727319598197937,1.3990726630436257,0.1719484080094844,0.35078121948242186,2.1491378160426393,0.0029002107106667323
2250,16384,1178797,1653067,1810632192,0.22624278801959008,1.412776238983497,0.17329217703081667,0.35628762817382814,2.1686777549330145,0.0036392094262564277
2251,16384,1176674,1654751,1807371264,0.22341027099173516,1.4160172389820218,0.17384393198881298,0.35213504028320314,2.1654783349949867,0.0033181005809409443
2252,16384,1182099,1660927,1815704064,0.268746133078821,1.4125999979441985,0.1739040029933676,0.36421697998046876,2.219540519057773,0.0033072187818586696
2253,6172,537517,676483,825626112,0.1152929209638387,0.6448047880548984,0.07937198597937822,0.15109007263183594,0.9906317639397457,0.007267716664783381
2254,16384,1184998,1663198,1820156928,0.3106180459726602,1.415954374941066,0.17585433600470424,0.356335205078125,2.2588303859811276,0.0030291776220638476
2255,16384,1167051,1640986,1792590336,0.3125385260209441,1.3981064269319177,0.1718921409919858,0.35975314331054686,2.2423604869982228,0.003132847873280677
2256,16384,1176944,1650945,1807785984,0.32695795805193484,1.4027361699845642,0.17198262200690806,0.33659814453125,2.2383869010955095,0.005003894581298543
2257,16384,1176381,1654266,1806921216,0.31055839208420366,1.399557961965911,0.17258767399471253,0.3555722961425781,2.238335721078329,0.0026536185061138305
2258,16384,1183499,1660993,1817854464,0.31047316000331193,1.4090462470194325,0.17298025207128376,0.3332816467285156,2.225841872044839,0.0027210478451275095
2259,6172,537319,676256,825321984,0.11558788293041289,0.6429417739855126,0.07871059002354741,0.15001554870605469,0.9873191779479384,0.006419636509300846
2260,16384,1185523,1664484,1820963328,0.28992728306911886,1.4088018879992887,0.1734029189683497,0.35652679443359375,2.2287200241116807,0.002743262530432387
2261,16384,1167966,1640527,1793995776,0.2624144749715924,1.391631789971143,0.17094028904102743,0.349675048828125,2.174731025006622,0.0031922198164229297
2262,16384,1179345,1652734,1811473920,0.25289760797750205,1.4056756340432912,0.17233835393562913,0.337493896484375,2.168465452035889,0.0027650703420405978
2263,16384,1177848,1654622,1809174528,0.2390725309960544,1.4066314259544015,0.17203506408259273,0.35372222900390626,2.17153234698344,0.003274045011762306
2264,16384,1181780,1660124,1815214080,0.2540981350466609,1.408492797985673,0.17294674005825073,0.336677734375,2.1722762010758743,0.002798613282222954
2265,6172,537833,676357,826111488,0.09887659002561122,0.6450927900150418,0.07873791200108826,0.15205401611328126,0.9748242089990526,0.006452532000065055
2266,16384,1184316,1664575,1819109376,0.2584458260098472,1.4131663599982858,0.17325471004005522,0.34222894287109373,2.1871549440547824,0.0027023753237611745
2267,16384,1167601,1639888,1793435136,0.240232537034899,1.3948633630061522,0.1702415879117325,0.3520774230957031,2.157472408027388,0.0026650157233821382
2268,16384,1177842,1652267,1809165312,0.2373403690289706,1.4038406809559092,0.17211425700224936,0.353691162109375,2.1670476159779355,0.002821667644968318
2269,16384,1177031,1654683,1807919616,0.22818564204499125,1.4059738169889897,0.17235012096352875,0.3535892333984375,2.1601595310494304,0.0028107948792910715
2270,16384,1183253,1661547,1817476608,0.24532518803607672,1.4119151429040357,0.17273958609439433,0.3517116394042969,2.1817521719494835,0.002778294962142489
2271,6172,538761,677894,827536896,0.09554085100535303,0.6463618939742446,0.07877043599728495,0.1510773162841797,0.971813191077672,0.006451220994459217
2272,16384,1185387,1663962,1820754432,0.25077436899300665,1.4127747069578618,0.173235732014291,0.332490234375,2.1693498679669574,0.003449218952766227
2273,16384,1168673,1641031,1795081728,0.2392597619909793,1.373755241977051,0.17156515701208264,0.3385633544921875,2.1232054160209373,0.002915429104033211
2274,16384,1177164,1651147,1808123904,0.23544397996738553,1.4048418840393424,0.17260471498593688,0.3516115417480469,2.164562967955135,0.0028110623402419345
2275,16384,1176802,1655096,1807567872,0.22326921904459596,1.406626557931304,0.1723982150433585,0.35617657470703123,2.158534634974785,0.002968136228034722
2276,16384,1182060,1660360,1815644160,0.24602751899510622,1.409231161000207,0.17269472393672913,0.35996902465820313,2.187984001939185,0.0028141590105299503
2277,6172,538065,677367,826467840,0.09318531898315996,0.6458651459543034,0.07889820297714323,0.14970614624023437,0.9677169970236719,0.006425728701894572
2278,16384,1187215,1664551,1823562240,0.2455777849536389,1.4122377580497414,0.1734927559737116,0.35737603759765624,2.188747073058039,0.002866319460264215
2279,16384,1168792,1641824,1795264512,0.23016296594869345,1.3946741130203009,0.17134120501577854,0.34807308959960936,2.1443107549566776,0.0027692521784945484
2280,16384,1177636,1653568,1808848896,0.22727016801945865,1.40799631702248,0.17231681605335325,0.34882058715820313,2.156468093045987,0.0029773124257650857
2281,16384,1177730,1655173,1808993280,0.21984220598824322,1.404384661000222,0.17242514598183334,0.35578384399414065,2.1524967580335215,0.002829322221049316
2282,16384,1182203,1659123,1815863808,0.23632853501476347,1.4089370749425143,0.17278715397696942,0.36230792236328124,2.180422095931135,0.0028164103510634627
2283,6172,537256,676167,825225216,0.09173199103679508,0.6445993089582771,0.07842379703652114,0.15084185791015625,0.9656593929976225,0.0064658466873183645
2284,16384,1186071,1663904,1821805056,0.23683831002563238,1.413445968995802,0.17357927199918777,0.3560064697265625,2.1799317110562697,0.002829919339776126
2285,16384,1168932,1642476,1795479552,0.22615004901308566,1.3986038169823587,0.17099382902961224,0.3540925903320313,2.1499057540204376,0.0030451875961183916
2286,16384,1178015,1651544,1809431040,0.22789774497505277,1.410161350038834,0.17145929497200996,0.33832254028320313,2.1479010679759085,0.002799835974998747
2287,16384,1177178,1654641,1808145408,0.23717783798929304,1.4052817480405793,0.17199734097812325,0.35141253662109373,2.165928415954113,0.0027218039428081975
2288,16384,1183852,1662141,1818396672,0.23195012600626796,1.4171364409849048,0.17326929501723498,0.33302191162109374,2.155440269038081,0.0028994266033459367
2289,6172,538634,677201,827341824,0.08636968303471804,0.6460591529030353,0.07898802601266652,0.1466065673828125,0.9580946179339662,0.0074302265560537584
2290,16384,1187176,1665685,1823502336,0.2326636629877612,1.4128158550010994,0.17379380599595606,0.35810342407226564,2.177436854923144,0.0027604412925144556
2291,16384,1169910,1643123,1796981760,0.225874632014893,1.394987946958281,0.17137546406593174,0.3386664733886719,2.13096535904333,0.0028551668047624556
2292,16384,1176806,1651267,1807574016,0.22461658995598555,1.4039112710161135,0.17195695592090487,0.350938232421875,2.1514841188909486,0.0028384860261652053
2293,16384,1176045,1653985,1806405120,0.217679513967596,1.4099857800174505,0.17433762201108038,0.3524018249511719,2.1544754209462553,0.0032806129171652418
2294,16384,1183726,1661805,1818203136,0.26749719493091106,1.4162743530469015,0.17539791599847376,0.3386776733398438,2.19792016397696,0.0033225347319894424
2295,6172,538227,676603,826716672,0.11448075994849205,0.6483166300458834,0.0788821029709652,0.15023248291015626,0.9919826049590483,0.007119992144862615
2296,16384,1185717,1663403,1821261312,0.31224045203998685,1.4167696809163317,0.17373895808123052,0.3575953063964844,2.260415510041639,0.0031459971536076927
2297,16384,1168555,1641770,1794900480,0.3107564100064337,1.3959576359484345,0.17373410903383046,0.35028662109375,2.2308067579288036,0.0032267181412823052
2298,16384,1177827,1651376,1809142272,0.32708941597957164,1.403270215028897,0.17229641694575548,0.35290792846679686,2.255659299902618,0.004225969835122524
2299,16384,1176470,1654720,1807057920,0.31529586599208415,1.4008378509897739,0.17223314696457237,0.35226864624023435,2.240696764900349,0.002733735088298735
2300,16384,1182428,1660307,1816209408,0.3088409759802744,1.4108145310310647,0.17275310296099633,0.3552169494628906,2.247695191996172,0.0030979539038086413
2301,6172,537357,676138,825380352,0.11568629497196525,0.641704162932001,0.07881797710433602,0.15301388549804687,0.9892839809181169,0.006232832326918885
2302,16384,1187512,1667446,1824018432,0.28984449291601777,1.4126203720225021,0.1738250000635162,0.3584203491210938,2.2347708930028602,0.002715217023838547
2303,16384,1169615,1643333,1796528640,0.2629767960170284,1.3979858189122751,0.17114925000350922,0.3341951904296875,2.166372890002094,0.003038933874122802
2304,16384,1176722,1650663,1807444992,0.2542534690583125,1.4032355609815568,0.17203570797573775,0.3503279724121094,2.179913521045819,0.0027895885554760575
2305,16384,1176242,1655517,1806707712,0.23982297303155065,1.3894406399922445,0.1716562620131299,0.35429495239257813,2.1552750760456547,0.002795402629633456
2306,16384,1181934,1660156,1815450624,0.25508721300866455,1.409709424013272,0.17252426804043353,0.36168426513671875,2.1990659500006586,0.0027638917136575255
2307,6172,537005,675922,824839680,0.09866209095343947,0.6465534659801051,0.07868896098807454,0.15087490844726562,0.9748526479816064,0.007511044143268353
2308,16384,1188663,1667182,1825786368,0.2813522529322654,1.4162248860811815,0.17398871097248048,0.6799458618164063,2.551571902935393,0.0023589824370736008
2309,16384,1170052,1642412,1797199872,0.24120866192970425,1.392918479978107,0.1711871640291065,0.35155715942382815,2.1569329280173406,0.002849539538134751
2310,16384,1176912,1650763,1807736832,0.2363313779933378,1.4041020990116522,0.17198010999709368,0.35533050537109373,2.1678043719148263,0.0027806725749724257
2311,16384,1177060,1655639,1807964160,0.22825969906989485,1.40267685696017,0.17197520204354078,0.33248812866210936,2.1354611520655453,0.00286895080113896
2312,16384,1183014,1660151,1817109504,0.24628216098062694,1.4125832370482385,0.17279302095994353,0.35485711669921877,2.1865778380306438,0.002849308244712374
2313,6172,537764,677121,826005504,0.09443521895445883,0.6438228690531105,0.07866887096315622,0.15113282775878906,0.9681203180225566,0.00625245560031145
2314,16384,1185229,1663820,1820511744,0.24301186099182814,1.4084769500186667,0.1733489310136065,0.33294393920898435,2.157843457069248,0.0028628506836160033
2315,16384,1169273,1642650,1796003328,0.23288469901308417,1.3940965450601652,0.17028765100985765,0.35471856689453124,2.152048137038946,0.0028194100430846045
2316,16384,1177861,1650826,1809194496,0.23243031196761876,1.4016910400241613,0.171358507941477,0.3551032104492188,2.1606447639642283,0.0028553320185485957
2317,16384,1176668,1654966,1807362048,0.24378715397324413,1.4015743950149044,0.17199232103303075,0.3550747375488281,2.172489101998508,0.00278456763924215
2318,16384,1182085,1659771,1815682560,0.23622714704833925,1.4110976200317964,0.17277612700127065,0.35993606567382813,2.1800993190845475,0.0028603893761769148
2319,6172,537802,676623,826063872,0.08762396802194417,0.6448141050059348,0.07863513997290283,0.15235264587402345,0.9634864050894976,0.0062840756623535375
2320,16384,1184763,1663858,1819795968,0.23660357506014407,1.4106847969815135,0.1734122809721157,0.3576041564941406,2.178366624051705,0.002837655659459136
2321,16384,1168500,1641800,1794816000,0.23172608099412173,1.3959497939795256,0.1710831510135904,0.33788864135742186,2.136706368997693,0.0027472962071574836
2322,16384,1177118,1651726,1808053248,0.26042385306209326,1.4047731240279973,0.17194308596663177,0.35347378540039065,2.190674375044182,0.0027629203024657186
2323,16384,1176944,1655269,1807785984,0.21997125004418194,1.4062984460033476,0.1720676119439304,0.3524106750488281,2.150809201062657,0.0028462786163666134
2324,16384,1182921,1659884,1816966656,0.23724756191950291,1.4126011290354654,0.17309224500786513,0.3384288940429688,2.1614323299145326,0.002891596829805318
2325,6172,538276,676981,826791936,0.09255243593361229,0.6472684000618756,0.07899131393060088,0.15031219482421876,0.9691864149644971,0.0064043627965889175
2326,16384,1185561,1664145,1821021696,0.24281734705436975,1.408845541998744,0.17322713800240308,0.3528785400390625,2.1778291260125116,0.0027807010756261547
2327,16384,1169370,1640670,1796152320,0.229648303007707,1.3920310649555176,0.1711069019511342,0.35232354736328125,2.145168673945591,0.002743684851721158
2328,16384,1177208,1651075,1808191488,0.22541154408827424,1.4054489949485287,0.1718809000449255,0.3535011901855469,2.1563054410507903,0.002912935353177573
2329,16384,1174170,1651899,1803525120,0.2153976729605347,1.3985104729654267,0.1718302060617134,0.3597578430175781,2.1455563629278913,0.002804303987442353
2330,16384,1181765,1658783,1815191040,0.23491205996833742,1.4077008860185742,0.17251220205798745,0.336797607421875,2.1519826860167086,0.0027848992616955185
2331,6172,537816,675835,826085376,0.0925399879924953,0.6450949580175802,0.07839253800921142,0.15150508117675782,0.9675952850375324,0.0064820325664696025
2332,16384,1184607,1661209,1819556352,0.24375615397002548,1.4102296599885449,0.17313249700237066,0.3555030822753906,2.1826834849780425,0.002844743277632208
2333,16384,1169706,1642431,1796668416,0.22574627900030464,1.3958560280734673,0.17101657495368272,0.34915585327148435,2.141834679991007,0.0027987543869720443
2334,16384,1177324,1652856,1808369664,0.2254602920729667,1.4060558659257367,0.17187441303394735,0.3531748046875,2.1566290729679167,0.0029535560177928765
2335,16384,1176718,1654997,1807438848,0.22088964597787708,1.4095224370248616,0.17298793606460094,0.35139462280273437,2.1548647930612788,0.0032554799461568173
2336,16384,1182210,1658778,1815874560,0.27027443109545857,1.4145042619202286,0.17566349706612527,0.36291946411132814,2.223433012026362,0.003209353861144541
2337,6172,538269,676853,826781184,0.11581476300489157,0.6471363099990413,0.07999236590694636,0.15027638244628908,0.9932918029371649,0.007246770766033803
2338,16384,1186001,1664766,1821697536,0.31324313301593065,1.3991590280784294,0.17549175291787833,0.3569291076660156,2.244894613046199,0.0031890747801227156
2339,16384,1168597,1642383,1794964992,0.31601191591471434,1.3962445110082626,0.17217318201437593,0.35412991333007815,2.23863248701673,0.0032593446991471095
2340,16384,1176649,1650994,1807332864,0.3280428680591285,1.3987970550078899,0.17193979991134256,0.3538102722167969,2.252683346043341,0.004143984477313898
2341,16384,1176407,1653505,1806961152,0.30733758897986263,1.398660727078095,0.17238526500295848,0.33969491577148436,2.2181398019893095,0.0027638094250949873
2342,16384,1183390,1661095,1817687040,0.3062399009941146,1.407534309080802,0.17305567197035998,0.3547412414550781,2.2416434719925746,0.0032274754270336554
2343,6172,537984,676346,826343424,0.11438158003147691,0.6440750629408285,0.07889709097798914,0.15433670043945313,0.991751100984402,0.006117118962015343
2344,16384,1186300,1664319,1822156800,0.2872978299856186,1.4080831280443817,0.17342499503865838,0.35444989013671874,2.2233154140412807,0.002679369536460122
2345,16384,1169258,1642081,1795980288,0.2603435351047665,1.393018985982053,0.17100830294657499,0.32899191284179685,2.153426608070731,0.0029660261139271326
2346,16384,1178128,1651888,1809604608,0.25078863895032555,1.4039491669973359,0.1724583680042997,0.3505743408203125,2.177831869921647,0.0028172583118531392
2347,16384,1177314,1656338,1808354304,0.24018687603529543,1.407748444005847,0.17338213394396007,0.35175271606445313,2.17313200305216,0.0028453403896989437
2348,16384,1182734,1659732,1816679424,0.25588236399926245,1.4110526680015028,0.1730680720647797,0.35640017700195314,2.196461796062067,0.002664057015414062
2349,6172,538583,677221,827263488,0.09891959093511105,0.6454484279965982,0.07898003503214568,0.1510160675048828,0.9744280179729685,0.006557334462087329
2350,16384,1186009,1663838,1821709824,0.2578731009270996,1.410348100005649,0.1734773520147428,0.3550856018066406,2.196844758000225,0.0027586494617739834
2351,16384,1168558,1642373,1794905088,0.2409487629774958,1.3960257100407034,0.1710044469218701,0.34893490600585936,2.156973794917576,0.002780236449254802
2352,16384,1177267,1650936,1808282112,0.23711396602448076,1.40578244603239,0.17216249799821526,0.3558333740234375,2.1709533979883417,0.0028150723951394304
2353,16384,1176207,1654455,1806653952,0.22843706188723445,1.4051117500057444,0.1721479051047936,0.35652511596679687,2.1622849819250405,0.0029204735267953945
2354,16384,1182397,1660573,1816161792,0.24484967102762312,1.3915874449303374,0.1729440779890865,0.35600726318359377,2.1654493960086256,0.0028141446342252498
2355,6172,537052,676069,824911872,0.09525390691123903,0.6456363170873374,0.0790294389007613,0.15015692138671874,0.9701395209413022,0.006487381854585059
2356,16384,1185028,1664732,1820203008,0.2498435250017792,1.4131726099876687,0.17348184005822986,0.3548525695800781,2.191409826045856,0.0027051725969100974
2357,16384,1168895,1642474,1795422720,0.23357194405980408,1.3974820770090446,0.1718703550286591,0.351616455078125,2.1546006690477952,0.002777214034237545
2358,16384,1177814,1651045,1809122304,0.23407080001197755,1.4104791660793126,0.17272975493688136,0.35493310546875,2.1722745560109615,0.0028416994467443646
2359,16384,1177202,1654667,1808182272,0.22357119398657233,1.410191501956433,0.17295464500784874,0.3567142333984375,2.163493652944453,0.0028693680278094355
2360,16384,1182628,1659865,1816516608,0.2407107719918713,1.4147636990528554,0.1736949069891125,0.35581863403320313,2.1850505539914593,0.0028622644131907774
2361,6172,538052,676823,826447872,0.09382071206346154,0.6473678799811751,0.07952991197817028,0.15081776428222657,0.9715991850243881,0.0064755837926187745
2362,16384,1184992,1664086,1820147712,0.24640347005333751,1.415035598911345,0.1739422440296039,0.3549266052246094,2.190367536037229,0.0027218180215111396
2363,16384,1169183,1641907,1795865088,0.23035458906088024,1.3987661430146545,0.17192679189611226,0.3505280151367188,2.151636186055839,0.002818643219813633
2364,16384,1178250,1651116,1809792000,0.2282037289114669,1.4105566709768027,0.17289562011137605,0.35126217651367186,2.1629785599652678,0.002790755907965727
2365,16384,1175892,1654719,1806170112,0.21912489004898816,1.4068833229830489,0.17296662693843246,0.3552617797851563,2.154296590015292,0.0027837513156076677
2366,16384,1182153,1660261,1815787008,0.23778121394570917,1.41490410908591,0.17387884890194982,0.3627177734375,2.189345375983976,0.0028972410476134102
2367,6172,538253,677243,826756608,0.0928142589982599,0.6467389509780332,0.07921192399226129,0.15090409851074219,0.9697323120199144,0.006504840545779276
2368,16384,1184276,1661887,1819047936,0.24246598698664457,1.412653320003301,0.17402629100251943,0.3548936462402344,2.1841015169629827,0.0028511829601247474
2369,16384,1169087,1642754,1795717632,0.22739339305553585,1.4008801729651168,0.17171273101121187,0.33465850830078125,2.1347057829843834,0.002856489743166777
2370,16384,1175739,1649377,1805935104,0.2257572510279715,1.406854999018833,0.172979591996409,0.35478668212890624,2.1604500799439847,0.003312077077336754
2371,16384,1175329,1653482,1805305344,0.21790020004846156,1.4039289569482207,0.17271871399134398,0.353197509765625,2.1478075080085546,0.0028925895207849617
2372,16384,1183205,1660474,1817402880,0.2345280610024929,1.4152606590650976,0.1737485189223662,0.3551132507324219,2.1787190180039033,0.0031453473788332193
2373,6172,538377,677396,826947072,0.09293097804766148,0.6476540190633386,0.07926991698332131,0.1449094696044922,0.9648249710444361,0.006279620391348786
2374,16384,1185494,1663726,1820918784,0.2417242550291121,1.4165377699537203,0.1742279330501333,0.35481082153320315,2.187361752963625,0.002787531480483704
2375,16384,1169533,1642838,1796402688,0.2268438619794324,1.397401393041946,0.17203990800771862,0.35084603881835935,2.1471913559362292,0.002801524354431498
2376,16384,1177709,1651148,1808961024,0.22467464301735163,1.4124320169212297,0.17304479598533362,0.35533871459960936,2.1655623929109424,0.003335040710650094
2377,16384,1175692,1652638,1805862912,0.22462212899699807,1.4106790800578892,0.17510242492426187,0.33934768676757815,2.1498248579446226,0.003420613433868129
2378,16384,1182876,1661004,1816897536,0.27099052898120135,1.4188009180361405,0.17465706099756062,0.35149932861328126,2.216017836937681,0.003158833305875584
2379,6172,537595,676263,825745920,0.11665723705664277,0.6476852499181405,0.07907769503071904,0.15156930541992186,0.9950595119735226,0.007037222121476554
2380,16384,1185527,1664295,1820969472,0.3164983600145206,1.4185007750056684,0.17527356394566596,0.35370828247070313,2.264050059951842,0.0030511037059576408
2381,16384,1168840,1640984,1795338240,0.31619462894741446,1.4036708939820528,0.17292192799504846,0.35161642456054687,2.2444745249813423,0.0031477076479837327
2382,16384,1177387,1649852,1808466432,0.33093092194758356,1.402137832948938,0.1731744121061638,0.352442626953125,2.258783634984866,0.00433158039309855
2383,16384,1176977,1656565,1807836672,0.3062649649800733,1.40220892499201,0.17290809703990817,0.35267333984375,2.234118844033219,0.002843052760926096
2384,16384,1181966,1658998,1815499776,0.30542414903175086,1.4086041799746454,0.17356421099975705,0.35831442260742186,2.2459668630035594,0.0026670202027848336
2385,6172,537681,676684,825878016,0.11389638297259808,0.6450704210437834,0.07909030397422612,0.15270243835449218,0.9908229690045118,0.0064010081917843945
2386,16384,1185339,1664414,1820680704,0.28682181099429727,1.4140715779503807,0.174638258991763,0.35371792602539065,2.2293112409533933,0.002766190311553522
2387,16384,1168330,1640567,1794554880,0.25955987500492483,1.376268327003345,0.17142203997354954,0.35126824951171876,2.158578076050617,0.0027603614499582345
2388,16384,1178377,1652360,1809987072,0.24929375504143536,1.409108159947209,0.17326932400465012,0.35622152709960936,2.1879550690064207,0.002847540811019185
2389,16384,1177128,1655969,1808068608,0.2397705279290676,1.4077414700295776,0.1731312869815156,0.35362094116210935,2.1743254780303687,0.002817054241297717
2390,16384,1184318,1661812,1819112448,0.2550201149424538,1.4187912960769609,0.1740140119800344,0.35707687377929687,2.2049625639338046,0.002733250715646984
2391,6172,537833,676395,826111488,0.09856125200167298,0.6463045789860189,0.07898429094348103,0.1529814147949219,0.976892719976604,0.00626304703249856
2392,16384,1186566,1665151,1822565376,0.25934024003800005,1.416705964016728,0.17412867897655815,0.354338623046875,2.2045750920660794,0.0027935536484974444
2393,16384,1168357,1640639,1794596352,0.24006783706136048,1.3990591790061444,0.17219994904007763,0.34740850830078124,2.1587967660743743,0.0028392050133594867
2394,16384,1177251,1651154,1808257536,0.23688453808426857,1.4096185789676383,0.1727926649618894,0.3559039306640625,2.175262368051335,0.002880359371671294
2395,16384,1176875,1654470,1807680000,0.22792974906042218,1.4103136379271746,0.1731857410632074,0.3519503173828125,2.1634403810603544,0.00281660762511729
2396,16384,1184066,1662102,1818725376,0.2447868080344051,1.4183492970187217,0.17441504599992186,0.354795654296875,2.192408667993732,0.0028216748415176122
2397,6172,537146,676127,825056256,0.0951343170600012,0.645264555932954,0.07916006806772202,0.15167047119140625,0.9712929989909753,0.006546607353074494
2398,16384,1186952,1665769,1823158272,0.24955937708728015,1.4183294270187616,0.17459737695753574,0.354874755859375,2.1974201860139146,0.002696302297550526
2399,16384,1168862,1641202,1795372032,0.23315478197764605,1.3978996850783005,0.17172867094632238,0.34151861572265624,2.144363124971278,0.0028619801207261154
2400,16384,1177888,1651360,1809235968,0.23102059599477798,1.4089358429191634,0.17297812108881772,0.35658978271484376,2.1695859369356185,0.0028389849402677995
2401,16384,1176796,1653942,1807558656,0.22216057300101966,1.4072944599902257,0.17298937099985778,0.3560469055175781,2.1585536369821057,0.0028874646594977613
2402,16384,1184012,1661866,1818642432,0.24060714396182448,1.4199443130055442,0.1740816270466894,0.3347681579589844,2.1694638449698687,0.002885643702760246
2403,6172,537513,676599,825619968,0.09397996903862804,0.6291105709969997,0.07906522997654974,0.15216694641113282,0.9543859360273927,0.006624113128232846
2404,16384,1186109,1664388,1821863424,0.24648767604958266,1.4167374789249152,0.1740725600393489,0.35690966796875,2.1942686130059883,0.0027904525010569916
2405,16384,1169412,1643377,1796216832,0.2328246240504086,1.400096095050685,0.17200482892803848,0.3519615173339844,2.1569466330111027,0.002761665359473742
2406,16384,1177386,1651975,1808464896,0.22750483406707644,1.4085560159292072,0.1726819120813161,0.3536143798828125,2.1624201990198344,0.002916040991967351
2407,16384,1177457,1656596,1808573952,0.22277172398753464,1.4089572940720245,0.1728807499166578,0.35531768798828123,2.1599913560785353,0.0029583504515971
2408,16384,1182388,1661357,1816147968,0.23671049100812525,1.4177434110315517,0.17365119501482695,0.354165771484375,2.1823302960256115,0.00272312064038683
2409,6172,537696,676280,825901056,0.09179721993859857,0.6476056760875508,0.0791737629333511,0.14532630920410156,0.9639653839403763,0.006474898146156871
2410,16384,1186054,1665015,1821778944,0.23904332797974348,1.4142481619492173,0.17410269810352474,0.3585674743652344,2.186023772927001,0.002841255893475666
2411,16384,1168802,1641877,1795279872,0.2265362530015409,1.4010196060407907,0.17182900197803974,0.35093069458007814,2.150376569945365,0.002837379544045006
2412,16384,1178125,1652797,1809600000,0.22720495599787682,1.4085702480515465,0.17265752993989736,0.34076882934570313,2.1492623819503933,0.0028297436311368845
2413,16384,1175875,1654873,1806144000,0.2380559769226238,1.409576624049805,0.1729762899922207,0.3318757934570313,2.1525450989138335,0.0028066539550337184
2414,16384,1183069,1661589,1817193984,0.23195065406616777,1.4157296079210937,0.1737167910905555,0.35290185546875,2.1743579590693116,0.002715768233936012
2415,6172,537455,676507,825530880,0.08702082396484911,0.6457470160676166,0.07911845797207206,0.15058140563964845,0.9625285869697109,0.006325352446554425
2416,16384,1186252,1664917,1822083072,0.23284903797321022,1.4174980530515313,0.1743360699620098,0.35336172485351564,2.1781068809796125,0.002846285454908459
2417,16384,1168721,1641388,1795155456,0.2258450270164758,1.3970202460186556,0.17235669097863138,0.35392739868164064,2.1492103419732302,0.0028372875672463
2418,16384,1176832,1650810,1807613952,0.22467243496794254,1.4089174260152504,0.17439526598900557,0.3559015808105469,2.163962031947449,0.003480845023679187
2419,16384,1177256,1656400,1808265216,0.23260248091537505,1.3985563440946862,0.17392584797926247,0.343505126953125,2.1486607909901068,0.003303967194629294
2420,16384,1184071,1660631,1818733056,0.27898539102170616,1.4215210790280253,0.17511062801349908,0.3411536560058594,2.216842254041694,0.0032253071897201412
2421,6172,538306,677711,826838016,0.11597535002510995,0.6493275889661163,0.08045064494945109,0.15269206237792968,0.998517298954539,0.007175903312544324
2422,16384,1185444,1663795,1820841984,0.31107007595710456,1.4204076880123466,0.17504011106211692,0.3559739074707031,2.2625648559769616,0.00322967425650961
2423,16384,1168195,1640950,1794347520,0.31678772694431245,1.4020773520460352,0.17425614094827324,0.3545856018066406,2.2477776349987835,0.0031503673859585935
2424,16384,1176989,1650339,1807855104,0.32937368808779866,1.4016415280057117,0.1731792389182374,0.3554580383300781,2.2597466480219737,0.004166603376977431
2425,16384,1177174,1656413,1808139264,0.323394569917582,1.405826636007987,0.17310888099018484,0.35400503540039063,2.2563963249558583,0.0027124064614483774
2426,16384,1183121,1661452,1817273856,0.29832639906089753,1.4136929180240259,0.1739411309827119,0.3555229797363281,2.241543494979851,0.002679723860901846
2427,6172,538649,677705,827364864,0.1074435489717871,0.644135741982609,0.07969451800454408,0.15308061218261718,0.9844166180118918,0.006318145102029776
2428,16384,1186735,1666308,1822824960,0.27568574307952076,1.4190810319269076,0.17453825706616044,0.3545776672363281,2.2239454310620204,0.0028207415625873576
2429,16384,1169041,1640855,1795646976,0.25861189200077206,1.3997399699874222,0.17202424502465874,0.33455978393554686,2.1649963699746877,0.0027934931959551304
2430,16384,1176974,1651381,1807832064,0.25209074397571385,1.4086553229717538,0.172884326078929,0.34356964111328125,2.177260442986153,0.0027745346988639857
2431,16384,1177589,1654241,1808776704,0.23836832598317415,1.4104620720027015,0.173211922054179,0.3316584777832031,2.153767229989171,0.0030844635849302643
2432,16384,1182066,1659902,1815653376,0.2545311510330066,1.4152095479657874,0.17373811604920775,0.34494747924804686,2.188485044054687,0.0026844944084950693
2433,6172,536998,676143,824828928,0.09728232596535236,0.6466015439946204,0.07912851206492633,0.14966717529296875,0.9727475310210139,0.006987805260691113
2434,16384,1186706,1663408,1822780416,0.2516300050774589,1.4167856469284743,0.17428330006077886,0.35585009765625,2.1986095460597426,0.002751572551339659
2435,16384,1168584,1642015,1794945024,0.24096598103642464,1.399663257994689,0.1713060139445588,0.3523133850097656,2.1643186509609222,0.003234873730500474
2436,16384,1176696,1649765,1807405056,0.23829410504549742,1.4071660839254037,0.173086132039316,0.35137347412109377,2.169982359977439,0.0028831960702653697
2437,16384,1175574,1653340,1805681664,0.24950756400357932,1.4099158720346168,0.17259763996116817,0.353526123046875,2.1856102800229564,0.0028861950958884216
2438,16384,1180576,1656937,1813364736,0.2395849929889664,1.413192993029952,0.173600269947201,0.3627942199707031,2.1892315349541605,0.0026977054000445616
2439,6172,538420,677215,827013120,0.08984785503707826,0.6479110809741542,0.07923536002635956,0.1505795135498047,0.9676352089736611,0.006345303033102286
2440,16384,1184802,1663297,1819855872,0.24277521192561835,1.4143225100124255,0.17402153904549778,0.35484140014648435,2.1860223839757964,0.00282352304454369
2441,16384,1169724,1641645,1796696064,0.23268132202792913,1.3987010839628056,0.1719307079911232,0.3491295471191406,2.1525059470441192,0.002940105378457475
2442,16384,1177228,1651069,1808222208,0.2306934369262308,1.4098474270431325,0.1730315589811653,0.35432208251953123,2.167955494951457,0.002813225711449981
2443,16384,1176540,1653867,1807165440,0.22321019205264747,1.4088153019547462,0.17280459904577583,0.35650433349609373,2.161396700073965,0.0028811705273563406
2444,16384,1184068,1661117,1818728448,0.24113319092430174,1.416655513108708,0.1737949139205739,0.3521464538574219,2.183790559996851,0.002769871202555366
2445,6172,537742,676720,825971712,0.0950480269966647,0.6464481339789927,0.0791690320475027,0.14975027465820312,0.9704861099598929,0.007279061266794262
2446,16384,1184387,1662594,1819218432,0.24489601701498032,1.4124105500523,0.17408988892566413,0.3543949890136719,2.18585323006846,0.002826587851083081
2447,16384,1167819,1640672,1793769984,0.2299645059974864,1.3984441889915615,0.17181891610380262,0.35262713623046876,2.152915374026634,0.0028160281656187283
2448,16384,1177119,1651618,1808054784,0.22874906996730715,1.4094916559988633,0.17287341703195125,0.35360687255859374,2.1647820220096037,0.0028181337551693615
2449,16384,1176366,1655432,1806898176,0.22174778999760747,1.409228625940159,0.17323430301621556,0.3556739501953125,2.1599465348990634,0.0028642259782482742
2450,16384,1182824,1660656,1816817664,0.24035698105581105,1.4152347190538421,0.17377804790157825,0.3540809326171875,2.183508555055596,0.002650524406825105
2451,6172,537620,676459,825784320,0.09302909905090928,0.6474178510252386,0.07900536595843732,0.14523788452148437,0.9647499399725348,0.006192217691861112
2452,16384,1185689,1662783,1821218304,0.2431194909149781,1.396788539015688,0.173851276980713,0.3578691711425781,2.17168920498807,0.0027962994876489745
2453,16384,1169131,1642231,1795785216,0.22863216092810035,1.3989809850463644,0.1717654539970681,0.3343419189453125,2.133780959993601,0.002832581126588283
2454,16384,1177067,1651184,1807974912,0.22806984197814018,1.4083411180181429,0.17281965690199286,0.3539937133789062,2.1632863249396905,0.002865763158289968
2455,16384,1177322,1655098,1808366592,0.22174233908299357,1.4075905589852482,0.17308842192869633,0.3552503967285156,2.1577345430850983,0.002911681598917559
2456,16384,1182460,1660909,1816258560,0.23572244204115123,1.4170300499536097,0.17370743700303137,0.3558910217285156,2.182414046023041,0.002891078200677481
2457,6172,538690,677351,827427840,0.09152438503224403,0.6489307580050081,0.07908738101832569,0.14920835876464844,0.9688131159637123,0.0064236479111013595
2458,16384,1186587,1664772,1822597632,0.23634025396313518,1.4181750279385597,0.1736746800597757,0.359506591796875,2.187756865983829,0.002756806591306124
2459,16384,1168951,1642786,1795508736,0.22481181100010872,1.3948585080215707,0.17118587298318744,0.3505636901855469,2.141480511985719,0.0028312092949643254
2460,16384,1177183,1650942,1808153088,0.22822277201339602,1.4107213839888573,0.17327410192228854,0.3531341552734375,2.1654266819823533,0.0034297528977526416
2461,16384,1176337,1653502,1806853632,0.30642446398269385,1.4052315929438919,0.17312759708147496,0.3527298278808594,2.237586515955627,0.00326396616112907
2462,16384,1183807,1662145,1818327552,0.27595435397233814,1.4146116060437635,0.17536399501841515,0.34160369873046875,2.2076053170021623,0.0032461978880447967
2463,6172,537514,676099,825621504,0.11422315204981714,0.6452325909631327,0.07882948708720505,0.15235932922363282,0.9907157320994884,0.00718397552341799
2464,16384,1184414,1663024,1819259904,0.3124337119515985,1.4122901289956644,0.17457077105063945,0.35644308471679687,2.2558065289631486,0.0030513365204720895
2465,16384,1167737,1640540,1793644032,0.32247482298407704,1.396307282964699,0.1720111770555377,0.3490113220214844,2.2398777259513736,0.0032645052329480636
2466,16384,1178071,1651221,1809517056,0.32553018699400127,1.4002262740395963,0.17229638202115893,0.3541072692871094,2.252253120066598,0.004129541386952803
2467,16384,1176217,1654655,1806669312,0.2971065460005775,1.3999876859597862,0.17162396805360913,0.354028564453125,2.222810855950229,0.0028833529834239565
2468,16384,1182313,1660563,1816032768,0.30087679100688547,1.3809797359863296,0.1725575029850006,0.3520022277832031,2.206477152998559,0.0027598399130311737
2469,6172,537546,677459,825670656,0.11179923894815147,0.6429663130547851,0.07850964192766696,0.15015647888183595,0.9834926479961723,0.006199861672281938
2470,16384,1186394,1665658,1822301184,0.28488769300747663,1.4136126280063763,0.17338740697596222,0.35669692993164065,2.228644889080897,0.002702591145696378
2471,16384,1169884,1642845,1796941824,0.25622661295346916,1.3956468630349264,0.1710489570396021,0.354414306640625,2.1773977460106835,0.0028018005517143514
2472,16384,1177645,1651268,1808862720,0.24817145499400795,1.4027703839819878,0.17186526104342192,0.353734130859375,2.1766005910467356,0.0027271961694307944
2473,16384,1175630,1654002,1805767680,0.24007165699731559,1.4015231730882078,0.17189289699308574,0.3345733947753906,2.1481242710724473,0.002939737672428664
2474,16384,1182346,1661105,1816083456,0.25329370598774403,1.410775613039732,0.1728786809835583,0.356178466796875,2.193189679994248,0.002882248941591519
2475,6172,537749,676558,825982464,0.09980842296499759,0.6439485519658774,0.07876389601733536,0.1489409637451172,0.9715229900320992,0.0062947906945136425
2476,16384,1185628,1664181,1821124608,0.2569407559931278,1.410269233980216,0.17339918401557952,0.35563330078125,2.19630144094117,0.002684794076872546
2477,16384,1168770,1642172,1795230720,0.23865684703923762,1.394387669977732,0.17103029403369874,0.33678579711914064,2.140922336024232,0.002883236509068074
2478,16384,1177470,1651851,1808593920,0.23780530702788383,1.4026278259698302,0.1721411469625309,0.356201416015625,2.1688370630145073,0.002829490499025996
2479,16384,1176810,1654288,1807580160,0.22713284101337194,1.4041986200027168,0.17196935205720365,0.3564111022949219,2.1597730240318924,0.002829402117638544
2480,16384,1182585,1661008,1816450560,0.24740545300301164,1.4103546000551432,0.17288359499070793,0.3335755920410156,2.1642785699805245,0.0027413241284692234
2481,6172,537697,676737,825902592,0.09534937597345561,0.6431246120482683,0.07870922097936273,0.14858808898925782,0.9658319070003927,0.006275316606226452
2482,16384,1186114,1665255,1821871104,0.24965749203693122,1.4100854080170393,0.1723389170365408,0.3588477478027344,2.1909903400810435,0.002773868359257723
2483,16384,1168805,1642075,1795284480,0.2347219929797575,1.3951879040105268,0.17097967094741762,0.354107666015625,2.155060099903494,0.002917132110151914
2484,16384,1178078,1651654,1809527808,0.23034696595277637,1.4074394450290129,0.1774042280158028,0.3500125122070312,2.165275053004734,0.003320677435940867
2485,16384,1177382,1653952,1808458752,0.22406675410456955,1.4021511489991099,0.17223334789741784,0.356175048828125,2.154687705100514,0.0028498455319705455
2486,16384,1183127,1660555,1817283072,0.23936514102388173,1.41008778300602,0.173050259007141,0.35870205688476564,2.18126475403551,0.0027284222876650015
2487,6172,538419,677540,827011584,0.09402020706329495,0.6457036669598892,0.07884102896787226,0.14545663452148438,0.9640829029958695,0.006365166640544937
2488,16384,1185269,1662670,1820573184,0.24700250895693898,1.4121328489854932,0.17343700700439513,0.35692950439453125,2.1895629179198295,0.0027881627868045406
2489,16384,1168927,1643772,1795471872,0.22972393699456006,1.395453694043681,0.17097229894716293,0.35122711181640626,2.1474359419662505,0.002742813570797531
2490,16384,1178610,1652963,1810344960,0.23128945496864617,1.4060230429749936,0.17196337704081088,0.3384873962402344,2.147825332940556,0.0028895141015187224
2491,16384,1176591,1653939,1807243776,0.2200818529818207,1.406280237948522,0.17197098303586245,0.3496644287109375,2.1480585678946227,0.002842809706990514
2492,16384,1182340,1659393,1816074240,0.23719264706596732,1.4111213659634814,0.17290825699456036,0.35612911987304685,2.177412518998608,0.0028074194034815904
2493,6172,537536,676463,825655296,0.09238183998968452,0.6451803400414065,0.0787043710006401,0.1516216583251953,0.9679480970371515,0.006187075568250857
2494,16384,1186755,1665458,1822855680,0.24511763302143663,1.4113783499924466,0.17406319198198617,0.35611968994140625,2.1867401390336454,0.0028020748911102
2495,16384,1167734,1641887,1793639424,0.2279935310361907,1.3881213130662218,0.17023155000060797,0.3520104064941406,2.138418211019598,0.0028717685867318387
2496,16384,1176226,1650718,1806683136,0.2260808979626745,1.3968288260512054,0.17128851998131722,0.34120046997070314,2.135460040997714,0.0028718416938893166
2497,16384,1176655,1655595,1807342080,0.2184347059810534,1.3983656460186467,0.17116003402043134,0.3555314636230469,2.143552219029516,0.0028163245010771254
2498,16384,1182995,1660902,1817080320,0.23595102108083665,1.408765826956369,0.1721891890047118,0.35465081787109376,2.1716192610329017,0.002873713684999626
2499,6172,537563,676214,825696768,0.09220516192726791,0.641815158072859,0.0784416499081999,0.14535722351074218,0.9578802930191159,0.006378625856710794
2500,16384,1186799,1664105,1822923264,0.23479523393325508,1.4063018520828336,0.17291773192118853,0.35915374755859375,2.1732297849375755,0.002816979692104235
2501,16384,1167681,1640287,1793558016,0.22432609891984612,1.3712963430443779,0.1699684920022264,0.35318453979492187,2.118836043984629,0.00285865550706317
2502,16384,1176533,1650730,1807154688,0.2257939639966935,1.4048545600380749,0.17252077301964164,0.35618276977539065,2.159422163036652,0.0032460631390768538
2503,16384,1177467,1655908,1808589312,0.256457362906076,1.4040569480275735,0.1726007000543177,0.3510888671875,2.1842803979525343,0.003503203029192445
2504,16384,1181660,1660213,1815029760,0.27853062096983194,1.4122180240228772,0.17408651392906904,0.3591447448730469,2.2240551009308547,0.0033810824200387318
2505,6172,538117,676848,826547712,0.11356427508872002,0.6451001259265468,0.07840815605595708,0.1509082489013672,0.9880517160054296,0.007176753168875133
2506,16384,1185963,1664800,1821639168,0.31339866598136723,1.4098674800479785,0.17523569997865707,0.35543914794921877,2.2540123210055754,0.003164448024049197
2507,16384,1167876,1641668,1793857536,0.3212010799907148,1.3939647449878976,0.1702413250459358,0.34900347900390627,2.234527788008563,0.0052431203020737276
2508,16384,1177735,1651580,1809000960,0.32445891899988055,1.3945051230257377,0.1714728259248659,0.35006954956054687,2.240586363011971,0.0035680615690563884
2509,16384,1177852,1655698,1809180672,0.2997702839784324,1.3974606479750946,0.17156138899736106,0.3552182922363281,2.2240716429660097,0.0027440563340805366
2510,16384,1182339,1661387,1816072704,0.29985522700008005,1.4041295340284705,0.17216931795701385,0.3547494201660156,2.2309630300151184,0.0026683930991840475
2511,6172,537686,676502,825885696,0.11139835498761386,0.6429930359590799,0.07870916300453246,0.14577571105957032,0.9789383719908074,0.006344319702633913
2512,16384,1185908,1664725,1821554688,0.27759823796804994,1.4060757480328903,0.17286228004377335,0.35713284301757814,2.2137306020595133,0.002777799483125558
2513,16384,1168266,1640645,1794456576,0.2546126280212775,1.3906605429947376,0.16993837396148592,0.328193603515625,2.143465759931132,0.0028277306378966614
2514,16384,1177151,1650979,1808103936,0.25153836398385465,1.400671161012724,0.1714848909759894,0.35176419067382814,2.1755293909227476,0.003253657553273004
2515,16384,1176766,1654596,1807512576,0.2572268939111382,1.4002367700450122,0.17166509001981467,0.3360209655761719,2.165209788014181,0.0027742559809446716
2516,16384,1182512,1660397,1816338432,0.24836455495096743,1.4087943639606237,0.17242437903769314,0.35343118286132813,2.183074018917978,0.0027272601317774826
2517,6172,537664,676973,825851904,0.09247581206727773,0.6320031919749454,0.07837501296307892,0.1533748779296875,0.9562919250456616,0.006591095147968803
2518,16384,1186537,1664894,1822520832,0.24759390007238835,1.4132115349639207,0.17308496206533164,0.35586154174804685,2.1898127410095185,0.0027765917465126496
2519,16384,1170432,1642793,1797783552,0.24125902797095478,1.3920136890374124,0.17080719594378024,0.352009033203125,2.15614864800591,0.0027689116282903605
2520,16384,1177787,1652943,1809080832,0.2365168039686978,1.4004017600091174,0.1712418660754338,0.3567648010253906,2.164986264077015,0.002819094023291466
2521,16384,1178073,1655846,1809520128,0.22777751402463764,1.4006590590579435,0.17187896696850657,0.35575759887695313,2.156131602008827,0.002711480168084648
2522,16384,1182740,1660760,1816688640,0.2448889430379495,1.4054976910119876,0.17218459700234234,0.35716363525390626,2.1797937060473487,0.002699326133464093
2523,6172,539095,678126,828049920,0.094305778038688,0.6438464329112321,0.07880053401459008,0.14903199768066405,0.966046747053042,0.00641836516265921
2524,16384,1185353,1664447,1820702208,0.24230886192526668,1.4072073560673743,0.17384944192599505,0.35657449340820313,2.1800036799395457,0.0029140598839730724
2525,16384,1168941,1643422,1795493376,0.23191061604302377,1.3922405749326572,0.1707054200815037,0.3400359802246094,2.134955951012671,0.002967730123282276
2526,16384,1176994,1652564,1807862784,0.2323158570798114,1.4005354129476473,0.1717770480317995,0.34987689208984374,2.154564055032097,0.0027311735224281423
2527,16384,1177361,1654317,1808426496,0.24178995098918676,1.399752715951763,0.1715595070272684,0.3514271240234375,2.164588648942299,0.002741904364714633
2528,16384,1182159,1660034,1815796224,0.23567109799478203,1.4050133179407567,0.1721311779692769,0.36130633544921875,2.1741833199048415,0.002823614285203218
2529,6172,538546,677371,827206656,0.08787458296865225,0.6450196920195594,0.07857220293954015,0.1513132781982422,0.9628406409174204,0.00632345466517533
2530,16384,1184723,1663090,1819734528,0.23500964406412095,1.4087721440009773,0.17262848489917815,0.3550963134765625,2.1715710379648954,0.0029679675649400598
2531,16384,1166158,1640275,1791218688,0.22986032697372139,1.3899298760807142,0.1699559069238603,0.35896835327148435,2.1487759250449017,0.0028603166298067214
2532,16384,1176797,1652452,1807560192,0.2281684170011431,1.4009659759467468,0.17240170598961413,0.3363385314941406,2.1379359998973086,0.002870500598094489
2533,16384,1176422,1655864,1806984192,0.22003462503198534,1.3870533870067447,0.17300269193947315,0.35451727294921875,2.134671587962657,0.002979897966222211
2534,16384,1183155,1660645,1817326080,0.23842534294817597,1.4063570440048352,0.17238707304932177,0.35416943359375,2.1714003869565204,0.002831967830846322
2535,6172,538966,677534,827851776,0.09295474004466087,0.6455604439834133,0.07870402303524315,0.15161891174316405,0.9688982079969719,0.00620180633987564
2536,16384,1186066,1664312,1821797376,0.24279404990375042,1.406890329089947,0.17284961999394,0.35838397216796875,2.180977367912419,0.002723400879205074
2537,16384,1169790,1643295,1796797440,0.22704328899271786,1.3907511089928448,0.17067341494839638,0.346405029296875,2.1349316119449213,0.002752767993055697
2538,16384,1177428,1650346,1808529408,0.22642830794211477,1.4013591760303825,0.17165712302085012,0.34959246826171875,2.1491006049327552,0.0029561053374314687
2539,16384,1177617,1656513,1808819712,0.21815489802975208,1.4010741260135546,0.17182982596568763,0.35387860107421876,2.1450011800043285,0.002971043639018544
2540,16384,1183105,1659898,1817249280,0.23454594693612307,1.4122756650904194,0.17256601294502616,0.3541238098144531,2.173569937935099,0.0026915696640873133
2541,6172,538047,677407,826440192,0.0912145929178223,0.6442915051011369,0.07861029088962823,0.15109593200683594,0.9652735679410398,0.00634504327588057
2542,16384,1186498,1665681,1822460928,0.2348127990262583,1.4107625129399821,0.17313181003555655,0.3431669006347656,2.161934760049917,0.0028094008420922827
2543,16384,1167597,1639167,1793428992,0.22426998103037477,1.3881342770764604,0.17014570394530892,0.3498847961425781,2.1324983440572396,0.0029817543678161825
2544,16384,1178026,1652027,1809447936,0.22584919107612222,1.4084565059747547,0.17354126903228462,0.35228216552734376,2.160201295046136,0.003340588481089464
2545,16384,1176556,1653863,1807190016,0.25879594893194735,1.4024341379990801,0.17390051006805152,0.3526846618652344,2.1878853410016745,0.003203190589907318
2546,16384,1183901,1660460,1818471936,0.27805527101736516,1.4146968530258164,0.17353383894078434,0.35676882934570314,2.2231244379654527,0.003132781710031467
2547,6172,537621,677515,825785856,0.11599706904962659,0.6441775090061128,0.079653350985609,0.15015577697753907,0.9900576639920473,0.007470067234436706
2548,16384,1186173,1664817,1821961728,0.3137697090860456,1.4146584039554,0.17512091901153326,0.3528686828613281,2.2564939541043714,0.003378656961410951
2549,16384,1168317,1639952,1794534912,0.32417617994360626,1.391599387046881,0.17054329300299287,0.3490921630859375,2.2355580009752885,0.006574550774652447
2550,16384,1177114,1651354,1808047104,0.32221889100037515,1.3729874189011753,0.1710528900148347,0.35272418212890627,2.2190619049360976,0.003538562427273567
2551,16384,1178188,1655942,1809696768,0.2991557269124314,1.3978774100542068,0.17150758602656424,0.3427794189453125,2.2113808339927346,0.002744531981408003
2552,16384,1183409,1661982,1817716224,0.30106527800671756,1.4033825339283794,0.17211663408670574,0.33493280029296874,2.2115594589849934,0.0028130679448545685
2553,6172,537164,675637,825083904,0.11058944300748408,0.6402902340050787,0.07847487507387996,0.15180665588378905,0.9812251710100099,0.006518691292065157
2554,16384,1186069,1663655,1821801984,0.27381506201345474,1.4059241630602628,0.17268295190297067,0.358766845703125,2.2112495170440525,0.002735754774528538
2555,16384,1169295,1641563,1796037120,0.2528926959494129,1.3935623309807852,0.17061523906886578,0.3504062194824219,2.167538514942862,0.002861746674792957
2556,16384,1176708,1650736,1807423488,0.2483619919512421,1.398677829070948,0.17148594197351485,0.3536809387207031,2.1722795120440423,0.0033517936909354816
2557,16384,1179385,1656560,1811535360,0.25981956196483225,1.4001468820497394,0.1718224739888683,0.35458734130859376,2.186436072923243,0.002735667049682127
2558,16384,1182862,1659464,1816876032,0.24962801800575107,1.4077423010021448,0.172117515001446,0.35407421875,2.183623807039112,0.002828064045224859
2559,6172,538312,677238,826847232,0.09228993894066662,0.6435213721124455,0.07857688399963081,0.15116595458984375,0.9656153320102021,0.00633610150825408
2560,16384,1185493,1664843,1820917248,0.247008586069569,1.4069554610177875,0.17240530299022794,0.3545151062011719,2.1809460050426424,0.0028221131446476795
2561,16384,1168209,1640119,1794369024,0.23879258800297976,1.3880152410129085,0.1705648050410673,0.35182305908203126,2.1492580480407923,0.0029012291875490223
2562,16384,1177055,1650550,1807956480,0.23915880301501602,1.4016639549518004,0.1711624120362103,0.35560275268554686,2.1676492049591616,0.0028271304437857982
2563,16384,1176456,1653547,1807036416,0.22695728589314967,1.401586307096295,0.17144860397092998,0.3408494567871094,2.140903254970908,0.0028773473663974984
2564,16384,1183218,1661183,1817422848,0.2446677580010146,1.4103596239583567,0.1731436209520325,0.3425670166015625,2.170798386912793,0.002780884682357007
2565,6172,537471,676738,825555456,0.0951156880473718,0.642934330040589,0.07825877598952502,0.15162399291992187,0.9679959469940513,0.006524820361053014
2566,16384,1185881,1663956,1821513216,0.24954658304341137,1.3524002759950235,0.17254313291050494,0.35602267456054687,2.1305751799372956,0.0029341103941134344
2567,16384,1169237,1640932,1795948032,0.23524846299551427,1.3911202650051564,0.17059641401283443,0.342086181640625,2.1391128790564835,0.002877613563837784
2568,16384,1177368,1650981,1808437248,0.23170375998597592,1.3995966389775276,0.17168746108654886,0.35018746948242185,2.1532342970604077,0.0027385560416691513
2569,16384,1178034,1656232,1809460224,0.22298784099984914,1.4026827049674466,0.17168724606744945,0.356900390625,2.154319229070097,0.002833675229201993
2570,16384,1182250,1658841,1815936000,0.2396637189667672,1.4091012460412458,0.17324505292344838,0.365220947265625,2.187290605972521,0.0027266964559666362
2571,6172,537465,676335,825546240,0.09276720590423793,0.6438085359986871,0.07883017999120057,0.14955056762695312,0.965026996913366,0.007306261121484551
2572,16384,1187025,1665607,1823270400,0.24139266402926296,1.410476892022416,0.1731261529494077,0.35738961791992185,2.182444319012575,0.002703028482900124
2573,16384,1168890,1642368,1795415040,0.2274829070083797,1.390489962999709,0.17033606895711273,0.3540414123535156,2.1424129059305415,0.002919820528131309
2574,16384,1176079,1650415,1806457344,0.2301534339785576,1.4012267810758203,0.17137540690600872,0.3364273681640625,2.139247562037781,0.0030184404310064352
2575,16384,1175716,1653291,1805899776,0.23947834793943912,1.3989485070342198,0.1720361829502508,0.35066049194335935,2.161184021970257,0.002799026014126164
2576,16384,1182348,1659993,1816086528,0.23330489289946854,1.4084964410867542,0.17256034398451447,0.3521595458984375,2.166582492995076,0.002827915673615113
2577,6172,537186,676046,825117696,0.08797490503638983,0.6424161460017785,0.07827607204671949,0.14662771606445313,0.9553545120870695,0.006246156476311545
2578,16384,1186414,1664615,1822331904,0.2341878570150584,1.408227720996365,0.1739510049810633,0.3587120361328125,2.1751389880664647,0.0027754061463093303
2579,16384,1167561,1641568,1793373696,0.22739491902757436,1.389287860947661,0.17037590907420963,0.34298345947265624,2.130101745016873,0.002797823855645712
2580,16384,1178860,1653026,1810728960,0.22737107099965215,1.403405745048076,0.17171157302800566,0.3503352355957031,2.1528857910307124,0.0028875827753830916
2581,16384,1176069,1654056,1806441984,0.21823296905495226,1.4008882220368832,0.17138209997210652,0.3527735900878906,2.1433382220566273,0.002861933042739524
2582,16384,1184431,1661447,1819286016,0.2384848240762949,1.395582408993505,0.1747190150199458,0.3443011474609375,2.1531479420373216,0.0028119984445317764
2583,6172,537592,676241,825741312,0.092407057993114,0.6430489610647783,0.07871464197523892,0.15064857482910157,0.9648840290028602,0.006715122095493768
2584,16384,1184526,1663557,1819431936,0.24348770803771913,1.4053370309993625,0.17291347193531692,0.335044189453125,2.1568431420018896,0.002816225954645155
2585,16384,1168878,1641128,1795396608,0.2263636770658195,1.395576722919941,0.17047212400939316,0.35131631469726565,2.1437891729874536,0.002814376329282036
2586,16384,1177977,1651439,1809372672,0.22536702104844153,1.4069986540125683,0.17486157699022442,0.35414077758789064,2.1614478239789605,0.003691707889054403
2587,16384,1176863,1655110,1807661568,0.2431033500470221,1.4069223100086674,0.17266652593389153,0.35313461303710936,2.1758988039800897,0.0033092050635631126
2588,16384,1182945,1660428,1817003520,0.2849110409151763,1.4110786850797012,0.17332112800795585,0.3361975708007813,2.20557856594678,0.0031801697862213684
2589,6172,537025,676082,824870400,0.12060272297821939,0.6428689419990405,0.07952996401581913,0.15012425231933593,0.9931976780062541,0.007228842296861829
2590,16384,1185307,1663099,1820631552,0.32379504304844886,1.4128184140427038,0.17370862199459225,0.3576700439453125,2.268062732066028,0.003113187037209986
2591,16384,1169092,1640946,1795725312,0.3234124619048089,1.39326785702724,0.17067198897711933,0.354196533203125,2.241655268939212,0.004747733890807464
2592,16384,1178141,1652077,1809624576,0.3257881689351052,1.3978403030196205,0.17160959797911346,0.3535827331542969,2.2489078199723735,0.0038692952848019733
2593,16384,1177053,1656546,1807953408,0.33038770500570536,1.3982284150552005,0.17157273995690048,0.35211749267578124,2.252370630041696,0.002853764262915893
2594,16384,1181865,1659299,1815344640,0.298025976982899,1.4019950929796323,0.17197245499119163,0.36212982177734376,2.234184281900525,0.002727401224326491
2595,6172,538327,676550,826870272,0.11179239803459495,0.6431481930194423,0.07865751395002007,0.15412771606445314,0.987788351951167,0.006330392794467761
2596,16384,1185539,1663455,1820987904,0.2812888700282201,1.4060023380443454,0.17302745196502656,0.35674072265625,2.217120022047311,0.0027350505550544054
2597,16384,1168031,1640876,1794095616,0.2571863339981064,1.387144149048254,0.17029553395695984,0.3518025207519531,2.166489933966659,0.0028339024531332953
2598,16384,1177436,1651194,1808541696,0.2493859020760283,1.3994976920075715,0.17244591494090855,0.35168917846679687,2.173079441068694,0.002795736604963027
2599,16384,1177821,1655079,1809133056,0.24507142696529627,1.401995789958164,0.17158224806189537,0.355696044921875,2.1744050999404863,0.0027405212238063494
2600,16384,1183261,1660817,1817488896,0.2532615080708638,1.4061026879353449,0.1723159410757944,0.35270932006835937,2.1844518210273236,0.0028548982568957063
2601,6172,537684,676419,825882624,0.09719840693287551,0.6419273749925196,0.07833367306739092,0.14977090454101563,0.9672914099646732,0.006311482790258338
2602,16384,1185661,1665089,1821175296,0.25185749493539333,1.4083207349758595,0.17291918909177184,0.3441435241699219,2.177302415948361,0.0028233457586867286
2603,16384,1167829,1639474,1793785344,0.2388174569932744,1.391682679997757,0.17045858595520258,0.35076596069335936,2.1517856479622424,0.0028331968245316136
2604,16384,1176219,1650388,1806672384,0.2377482521114871,1.3986970279365778,0.1711666020564735,0.35290985107421874,2.1605835621012375,0.002861676982323784
2605,16384,1176865,1653039,1807664640,0.24647833593189716,1.4057809970108792,0.1715988190844655,0.35411734008789064,2.1780365250306204,0.0028021988973256327
2606,16384,1183066,1660040,1817189376,0.2400165549479425,1.4067587470635772,0.1726793919224292,0.3559120788574219,2.175424356944859,0.0026470308335193996
2607,6172,537360,676972,825384960,0.09048890403937548,0.6436839919770136,0.07842147396877408,0.15182464599609374,0.9644804530544207,0.006369965608860689
2608,16384,1185200,1663159,1820467200,0.24164006998762488,1.4082192219793797,0.17286203405819833,0.3559151611328125,2.1786981159821153,0.0028286995636478815
2609,16384,1168286,1641352,1794487296,0.23194168496411294,1.3933346300618723,0.17125398898497224,0.3406610107421875,2.137263549026102,0.0033797550606147306
2610,16384,1177938,1652821,1809312768,0.23106679797638208,1.4024207099573687,0.17143734300043434,0.34194906616210935,2.146933662937954,0.002782845259319221
2611,16384,1177840,1656065,1809162240,0.22344761004205793,1.4033419720362872,0.17186069302260876,0.3540412292480469,2.1527525921119377,0.0028376583152584663
2612,16384,1180738,1659101,1813613568,0.24158479797188193,1.4087448680074885,0.1720562360715121,0.36289028930664063,2.1853369290474802,0.00277932840239617
2613,6172,538421,676819,827014656,0.09435398690402508,0.6434532210696489,0.078595423954539,0.1507347869873047,0.9671988629270345,0.006352779544313832
2614,16384,1186970,1666318,1823185920,0.24554740800522268,1.4107368770055473,0.17318250495009124,0.3556561279296875,2.1851832390530035,0.002760462435220909
2615,16384,1168513,1641116,1794835968,0.23066230700351298,1.369066454935819,0.17035699007101357,0.3369071044921875,2.107052549952641,0.0028330309137091746
2616,16384,1177877,1653045,1809219072,0.2282653390429914,1.4032357919495553,0.1716980990022421,0.35050885009765625,2.1537693759892136,0.002845982371736375
2617,16384,1176697,1654643,1807406592,0.22224297898355871,1.4008921729400754,0.17168208805378526,0.35586257934570314,2.150744145968929,0.0029909018200529654
2618,16384,1183601,1661512,1818011136,0.23768966703210026,1.4085819319589064,0.17269865004345775,0.3545806274414062,2.1736114809755236,0.0027881937587921784
2619,6172,538516,676990,827160576,0.09259114798624068,0.6452567389933392,0.0782341449521482,0.15233290100097657,0.9684759309748188,0.006298353956263604
2620,16384,1185739,1664083,1821295104,0.24372933700215071,1.4067447920097038,0.17267656396143138,0.3587609558105469,2.1819737419718876,0.0028457348894913867
2621,16384,1168463,1641047,1794759168,0.22743116994388402,1.389490403002128,0.17025018902495503,0.34072515869140624,2.1279544149292633,0.002701856134073628
2622,16384,1178312,1652996,1809887232,0.22940472303889692,1.401728005032055,0.17177990602795035,0.3506853332519531,2.1536571650067344,0.002748703778897115
2623,16384,1176526,1654531,1807143936,0.22020454797893763,1.4017315190285444,0.17173429403919727,0.3544825134277344,2.1482128649950027,0.002792578033883743
2624,16384,1182259,1660311,1815949824,0.2363933470332995,1.4065656899474561,0.1721526550827548,0.359892822265625,2.175066560972482,0.0028526319359627184
2625,6172,537092,675260,824973312,0.09197684598620981,0.6438371209660545,0.0783206659834832,0.1521239013671875,0.9663210069993511,0.006465004482310504
2626,16384,1186577,1666105,1822582272,0.2630158420652151,1.410049919039011,0.1729645379818976,0.3583724365234375,2.204461681074463,0.0026739165124822625
2627,16384,1168205,1641571,1794362880,0.2291837560478598,1.3877555200597271,0.1700400779955089,0.3507152404785156,2.1377557310042903,0.002859841365051515
2628,16384,1178063,1652401,1809504768,0.22696220595389605,1.4042536760680377,0.17238437198102474,0.35592495727539064,2.159596008947119,0.0032782829972295654
2629,16384,1176639,1654567,1807317504,0.23967736400663853,1.4031724280212075,0.1726873420411721,0.35342132568359375,2.1690256900619715,0.003099562613188867
2630,16384,1182171,1660054,1815814656,0.28398443409241736,1.407503700000234,0.17447663296479732,0.36203173828125,2.228066757088527,0.003153036128969203
2631,6172,538028,677102,826411008,0.11964589694980532,0.6451625870540738,0.07848404895048589,0.15163055419921875,0.994993502041325,0.0070769193564293705
2632,16384,1186006,1664122,1821705216,0.3420198599342257,1.3993375659920275,0.1751028010621667,0.35297540283203127,2.2695072579663247,0.003156110015610934
2633,16384,1168077,1642039,1794166272,0.3254004950867966,1.39450638089329,0.17034251801669598,0.3470528259277344,2.2374093290418386,0.004787193649879482
2634,16384,1177543,1650805,1808706048,0.3226832819636911,1.3949634230230004,0.1711457419442013,0.35007080078125,2.2389472719514742,0.0037528458300132334
2635,16384,1176920,1655289,1807749120,0.2970510289305821,1.3946590879932046,0.17150731198489666,0.3535119323730469,2.2167905789101496,0.002761543151697761
2636,16384,1182997,1660900,1817083392,0.2972421400481835,1.4018231939990073,0.17204469093121588,0.3419757690429687,2.213146069087088,0.002723501469457267
2637,6172,537624,676283,825790464,0.11274973500985652,0.640378781943582,0.07846287998836488,0.15012620544433594,0.9817807739600539,0.00643438694157254
2638,16384,1186448,1665122,1822384128,0.28282912797294557,1.4057372640818357,0.17280191602185369,0.3579951171875,2.2194229749729857,0.0026831167164707423
2639,16384,1169583,1642070,1796479488,0.25553998607210815,1.3916718629188836,0.1715125470655039,0.34768325805664063,2.1664671329781413,0.002745431218403622
2640,16384,1177502,1652179,1808643072,0.2483351369155571,1.4000705709913746,0.17253079102374613,0.35592208862304686,2.176918966928497,0.00277361609181192
2641,16384,1177188,1655570,1808160768,0.2382749819662422,1.398757119080983,0.17156335001345724,0.35080609130859375,2.1594636910595,0.00287796875125886
2642,16384,1182758,1660081,1816716288,0.2578141159610823,1.404717891011387,0.17225363198667765,0.3531492919921875,2.1879945220425725,0.0027235484658506668
2643,6172,537493,676836,825589248,0.09888996800873429,0.641509686014615,0.07841040997300297,0.15290547180175781,0.9717993820086122,0.008627934124505927
2644,16384,1184798,1662915,1819849728,0.25643646193202585,1.4043235750868917,0.17259438999462873,0.33249899291992185,2.1659154349472374,0.0028632241484826963
2645,16384,1166485,1641291,1791720960,0.23795818199869245,1.3850396500201896,0.17003736703190953,0.36047720336914063,2.1535728600574657,0.0028073179531052407
2646,16384,1177352,1651141,1808412672,0.23627128510270268,1.4015982049750164,0.17133875098079443,0.35216705322265623,2.1614358100341633,0.002799794132800947
2647,16384,1176292,1655259,1806784512,0.2294879979453981,1.3983702780678868,0.1713850679807365,0.337316650390625,2.136628462933004,0.003204513538289047
2648,16384,1183568,1661114,1817960448,0.24556900491006672,1.4097782160388306,0.17227712599560618,0.34183999633789064,2.1695240649860352,0.0027527559894334162
2649,6172,537804,676661,826066944,0.09486727800685912,0.6421840749680996,0.07789364305790514,0.15155084228515625,0.9665586410555989,0.006497561028491824
2650,16384,1185995,1665464,1821688320,0.2520159260602668,1.4053791969781741,0.17264759098179638,0.3363017883300781,2.166412782971747,0.0031517826135581376
2651,16384,1168379,1640935,1794630144,0.23796199704520404,1.386852037976496,0.17008238402195275,0.3533111877441406,2.148268176941201,0.002819487532221834
2652,16384,1177358,1651998,1808421888,0.23311039293184876,1.400633102050051,0.17154670401941985,0.35607672119140626,2.1614272400038317,0.002790739840284424
2653,16384,1176401,1652528,1806951936,0.22312240698374808,1.4008987119887024,0.17136226897127926,0.3307357177734375,2.126180878956802,0.0029053614509686222
2654,16384,1182235,1660688,1815912960,0.24023077706806362,1.4065865440061316,0.17223500495310873,0.3643999328613281,2.183513339026831,0.002797332954515184
2655,6172,538580,677469,827258880,0.09385942807421088,0.6440314080100507,0.07870750594884157,0.151152099609375,0.967811124981381,0.006270163396191947
2656,16384,1185598,1664293,1821078528,0.24554793699644506,1.4093741700053215,0.17346752900630236,0.34458639526367185,2.173039240995422,0.002908816485617513
2657,16384,1168984,1643247,1795559424,0.2325399910332635,1.3928841319866478,0.1704661949770525,0.3520819091796875,2.14803057606332,0.002716389948950044
2658,16384,1177730,1652954,1808993280,0.22958978498354554,1.4013812410412356,0.17164047597907484,0.35461517333984377,2.1572855649283156,0.002729800151322061
2659,16384,1177025,1655065,1807910400,0.21936452807858586,1.4012303169583902,0.17168820300139487,0.33498077392578124,2.1273253930266947,0.0028942945326795675
2660,16384,1183129,1661291,1817286144,0.237967460998334,1.4094751969678327,0.17256125807762146,0.3554407958984375,2.175504771992564,0.0027607409145519366
2661,6172,537852,676709,826140672,0.09260047890711576,0.6428297800011933,0.0785536840558052,0.15148489379882812,0.9655309689696878,0.00643502992055734
2662,16384,1185501,1663232,1820929536,0.24502752406988293,1.408415389014408,0.17273029196076095,0.35355413818359377,2.1797892530448735,0.0028401743949007445
2663,16384,1169071,1642068,1795693056,0.22896369302179664,1.393149975920096,0.1706238470505923,0.35172021484375,2.1445180629380047,0.002813317491340391
2664,16384,1177148,1650588,1808099328,0.2257846030406654,1.3800993709592149,0.17121615400537848,0.3502509765625,2.1274108660873026,0.0028091197848203967
2665,16384,1177532,1655739,1808689152,0.21940444107167423,1.4006758329924196,0.17166434600949287,0.35394088745117186,2.145747247035615,0.002877296519519436
2666,16384,1184017,1662850,1818650112,0.23624622891657054,1.4077158820582554,0.1723997489316389,0.357189208984375,2.173612021957524,0.0028042293688316537
2667,6172,537780,675897,826030080,0.09185462503228337,0.6425437149591744,0.07854455302003771,0.1491856689453125,0.9621909549459815,0.006484470556787337
2668,16384,1186274,1663727,1822116864,0.2364117099205032,1.4064994100481272,0.17290486197452992,0.3451000061035156,2.1609756629914045,0.002761481572920523
2669,16384,1169459,1643410,1796289024,0.22464898403268307,1.3901219459949061,0.1706619670148939,0.3481163330078125,2.1336075810249895,0.0027348503639002836
2670,16384,1178564,1652701,1810274304,0.22615295101422817,1.4053626309614629,0.17414925806224346,0.3543074035644531,2.1600451880367473,0.003376986498405402
2671,16384,1177139,1656338,1808085504,0.25511589006055146,1.4070611080387607,0.17288676497992128,0.3511563720703125,2.1862906120950356,0.003223585423634432
2672,16384,1182112,1660246,1815724032,0.2783865730743855,1.4122509099543095,0.1734215950127691,0.3612017517089844,2.225332752102986,0.0032319819348204954
2673,6172,537500,675542,825600000,0.11459305498283356,0.6438875590683892,0.07946989091578871,0.15360687255859376,0.9916283140191808,0.007153536518948029
2674,16384,1185980,1664561,1821665280,0.31200108502525836,1.411018016980961,0.17529594502411783,0.34588046264648437,2.244264462031424,0.003072380985797744
2675,16384,1169460,1642334,1796290560,0.3188495410140604,1.3972005640389398,0.17187879397533834,0.34828250122070314,2.2362732590408996,0.002766155325948246
2676,16384,1176977,1652335,1807836672,0.3259569760411978,1.396907674963586,0.17174759705085307,0.3514217529296875,2.2461275960085914,0.004166950418716162
2677,16384,1177706,1655572,1808956416,0.30054926103912294,1.3991535149980336,0.17176037398166955,0.35342385864257814,2.2249494679272175,0.002807221769011751
2678,16384,1182798,1661270,1816777728,0.3022470570867881,1.4051849559182301,0.17237375199329108,0.35773736572265624,2.237604591064155,0.002746702586993054
2679,6172,537607,676214,825764352,0.11107932205777615,0.6416373959509656,0.07847078505437821,0.15424009704589844,0.985490674036555,0.006400256156481146
2680,16384,1185885,1664754,1821519360,0.27538970799650997,1.4067965450230986,0.17263590602669865,0.3590876159667969,2.213981296052225,0.003230426528373207
2681,16384,1168965,1641661,1795530240,0.25437325693201274,1.3904588660225272,0.17037150100804865,0.35065087890625,2.1659154139924794,0.002812257729338047
2682,16384,1178193,1652729,1809704448,0.25127693195827305,1.4012824660167098,0.17176745203323662,0.35245013427734373,2.1768434409750625,0.003052892470286354
2683,16384,1176708,1654016,1807423488,0.2587501769885421,1.3999410290271044,0.1714364349609241,0.35090576171875,2.181093506049365,0.002755652331167072
2684,16384,1183206,1662230,1817404416,0.2494691099273041,1.4089190170634538,0.17249455803539604,0.35251104736328126,2.1834558389382437,0.0028444151560616015
2685,6172,538214,677316,826696704,0.09226635505910963,0.6437776299426332,0.07825773500371724,0.15056947326660156,0.9649338570889086,0.006494104895022661
2686,16384,1186122,1665380,1821883392,0.24727043695747852,1.4089632970280945,0.17311808990780264,0.35483056640625,2.1842526259133592,0.0032155444338338632
2687,16384,1168386,1639552,1794640896,0.2514414229663089,1.3894710750319064,0.17159734398592263,0.34652999877929686,2.1591022959910333,0.0028926479173533234
2688,16384,1177877,1651517,1809219072,0.23906595702283084,1.399655635934323,0.17159079504199326,0.35360015869140626,2.1639731320319697,0.0027997270631214075
2689,16384,1176370,1654139,1806904320,0.22643766598775983,1.3999764879699796,0.17136671009939164,0.354776123046875,2.1526175340404734,0.0028127122217354306
2690,16384,1182452,1659809,1816246272,0.2447561570443213,1.4058393459999934,0.17234613094478846,0.3577330322265625,2.180735922069289,0.0028089532989001302
2691,6172,538288,677166,826810368,0.09479916410055012,0.6426039589568973,0.07858260499779135,0.14875299072265624,0.9648003060137853,0.006383417947367121
2692,16384,1186870,1665533,1823032320,0.2534422749886289,1.4068645640509203,0.1729166558943689,0.3562034606933594,2.1894884780049324,0.0028098973012663786
2693,16384,1168092,1641609,1794189312,0.23432729800697416,1.3904656359227374,0.17029727704357356,0.33796054077148435,2.133110897964798,0.0028196480588920207
2694,16384,1176387,1651325,1806930432,0.2305431580170989,1.39776206004899,0.1713703019777313,0.3502158508300781,2.1499576460337266,0.003082626299679192
2695,16384,1177145,1653893,1808094720,0.2233843469293788,1.4039367940276861,0.17132622003555298,0.35529632568359376,2.1540040159597993,0.00280079717309974
2696,16384,1182421,1660493,1816198656,0.23940223699901253,1.4071543720783666,0.1723115670029074,0.35458709716796877,2.1735238450346515,0.0031548669941136283
2697,6172,537864,676248,826159104,0.09400222904514521,0.6418156030122191,0.07816629600711167,0.14513638305664062,0.9591819400666282,0.006404305892933763
2698,16384,1184770,1664087,1819806720,0.23984718800056726,1.4054202020633966,0.1724621739704162,0.35629208374023436,2.174081376986578,0.002747331015122508
2699,16384,1168893,1641542,1795419648,0.227765372954309,1.389055414008908,0.1704960080096498,0.33337347412109375,2.120750372996554,0.002834086621341482
2700,16384,1178929,1652883,1810834944,0.2295294509967789,1.4043218530714512,0.17188522592186928,0.3528184509277344,2.158615846070461,0.002819637998028412
2701,16384,1177639,1656019,1808853504,0.23956485302187502,1.4020556999603286,0.1716740180272609,0.35420428466796877,2.1675596249988303,0.0028035824572434265
2702,16384,1183308,1661881,1817561088,0.2347347280010581,1.4064235129626468,0.17274635401554406,0.35740664672851563,2.1713714849902317,0.002774434631911021
2703,6172,537176,676060,825102336,0.0876584310317412,0.6442703789798543,0.07888504501897842,0.14981875610351564,0.9606900329235941,0.005977140132273774
2704,16384,1186695,1665759,1822763520,0.23319672304205596,1.4070420420030132,0.1730836289934814,0.34576611328125,2.159148933016695,0.0027985886462286685
2705,16384,1169420,1641729,1796229120,0.22669172193855047,1.3902426670538262,0.17055874492507428,0.34787835693359376,2.135431434959173,0.0028071193083995995
2706,16384,1178188,1650813,1809696768,0.22628540801815689,1.401238490943797,0.1716250650351867,0.3560546875,2.1552675330312923,0.0029639723687562387
2707,16384,1177203,1654771,1808183808,0.21996115101501346,1.3993843039497733,0.17146891099400818,0.3437371826171875,2.134615140967071,0.002979103345989647
2708,16384,1182978,1660224,1817054208,0.23674274794757366,1.4064470550511032,0.17228282592259347,0.339053955078125,2.1545868479879573,0.002797009023718278
2709,6172,537533,676064,825650688,0.09202270407695323,0.6423218649579212,0.07846214005257934,0.14957814025878907,0.9624475530581549,0.0065150263734208205
2710,16384,1186969,1665793,1823184384,0.24148419604171067,1.408353770035319,0.17272509401664138,0.3565887145996094,2.179217115044594,0.002998340590410679
2711,16384,1168596,1640668,1794963456,0.2265716049587354,1.393293783068657,0.17010214494075626,0.33896444702148437,2.128991869976744,0.0028130679104745662
2712,16384,1177468,1652120,1808590848,0.22671598102897406,1.4007477529812604,0.17367659392766654,0.352513427734375,2.1537232809932902,0.0032281454923983573
2713,16384,1176253,1654388,1806724608,0.23612146207597107,1.3706783480010927,0.17357560095842928,0.35288909912109373,2.1333340880228207,0.003261461325934875
2714,16384,1183249,1660225,1817470464,0.2774396159220487,1.4124312420608476,0.17347960104234517,0.3321741943359375,2.1955938329920173,0.003150839185235331
2715,6172,537154,676265,825068544,0.11841234902385622,0.6451040030224249,0.07836572802625597,0.1511258544921875,0.9930771010695025,0.006964867551921359
2716,16384,1186248,1664374,1822076928,0.3215583940036595,1.4114989989902824,0.173738126992248,0.3416483459472656,2.248514543985948,0.0031433220070304206
2717,16384,1167758,1640043,1793676288,0.3227499939966947,1.3944111539749429,0.17234733002260327,0.32846075439453126,2.2180302509805188,0.00275102612867787
2718,16384,1178874,1652181,1810750464,0.32936592504847795,1.3982736349571496,0.17178860306739807,0.34160311889648437,2.241128738038242,0.004348526127830228
2719,16384,1176539,1654827,1807163904,0.2989699699683115,1.3965989570133388,0.17114006902556866,0.3529413757324219,2.2197121719364077,0.0027841536190163886
2720,16384,1181673,1658643,1815049728,0.3001301399199292,1.4021574940998107,0.17203681101091206,0.36102499389648435,2.235412877984345,0.0028379123084384633
2721,6172,537102,675506,824988672,0.11239959707017988,0.639245836995542,0.07836517493706197,0.15104383850097655,0.981115740025416,0.006247226413262401
2722,16384,1186427,1665318,1822351872,0.2845574209932238,1.4080431120237336,0.17281845503021032,0.3424250793457031,2.207905598101206,0.0027868360127581986
2723,16384,1168185,1640911,1794332160,0.2562402670737356,1.390525608905591,0.17015802208334208,0.3287533874511719,2.145739590981975,0.002903682646134051
2724,16384,1178182,1651616,1809687552,0.2486643890151754,1.3995083119953051,0.17141567904036492,0.35621359252929685,2.1758614820428193,0.0027349839669422622
2725,16384,1176349,1653711,1806872064,0.23829155298881233,1.3980277490336448,0.1711661940207705,0.35324505615234375,2.1607942370465025,0.002947289003234696
2726,16384,1184739,1661981,1819759104,0.2540843680035323,1.4063840419985354,0.17234161507803947,0.35157635498046874,2.1844468580093235,0.0027685703832022956
2727,6172,537750,676398,825984000,0.09874553408008069,0.6415589479729533,0.0784087700303644,0.14981427001953124,0.9685884410282597,0.006289454091082098
2728,16384,1186141,1665257,1821912576,0.2568152479361743,1.4058924310375005,0.17219527100678533,0.33662530517578126,2.1715886739548296,0.0027822395333352546
2729,16384,1168458,1641714,1794751488,0.24010430602356791,1.3895997849758714,0.17019903601612896,0.35271615600585937,2.1526912610279396,0.003343628871218612
2730,16384,1178039,1651589,1809467904,0.23614804493263364,1.3989851630758494,0.17141950293444097,0.3536917419433594,2.1603049898985773,0.00280224378394531
2731,16384,1177043,1657213,1807938048,0.22686938510742038,1.3982143249595538,0.17170161893591285,0.33125479125976565,2.1281012350227684,0.0028717975963708092
2732,16384,1183049,1661979,1817163264,0.24561033491045237,1.4091757910791785,0.17210254597011954,0.3539861145019531,2.1809360929764807,0.0028110183959372524
2733,6172,537923,677066,826249728,0.0947751309722662,0.6427051470382139,0.07819839695002884,0.15128134155273437,0.9670224359724671,0.006454809826727026
2734,16384,1186201,1664739,1822004736,0.24997385393362492,1.4052985140588135,0.1728003720054403,0.34102993774414064,2.1691636209143326,0.002809523990052895
2735,16384,1167703,1641201,1793591808,0.2317779400618747,1.386952326982282,0.17018501996062696,0.35058673095703125,2.139562283991836,0.0028167457648688946
2736,16384,1175828,1649414,1806071808,0.23010353895369917,1.3969373180298135,0.17118912702426314,0.34349856567382814,2.141788891982287,0.0028173785431977877
2737,16384,1177525,1657331,1808678400,0.22326479898765683,1.4023241590475664,0.17161230591591448,0.35045901489257814,2.1477198300417513,0.002772763802916988
2738,16384,1184524,1661074,1819428864,0.2395302678924054,1.409700185060501,0.17244636500254273,0.3570977783203125,2.1788353209849447,0.002787026105092922
2739,6172,538037,676180,826424832,0.09256398293655366,0.6427834950154647,0.07856792700476944,0.15311695861816407,0.9670939239440486,0.0063655005550649875
2740,16384,1185276,1663705,1820583936,0.23706772993318737,1.405782213085331,0.17253065295517445,0.35806777954101565,2.17350641801022,0.002670454295891139
2741,16384,1167909,1640416,1793908224,0.22760444495361298,1.3875854570651427,0.16976866603363305,0.333190185546875,2.1182080659782514,0.0028001205330330445
2742,16384,1176418,1650543,1806978048,0.23040413099806756,1.4001776670338586,0.1709681140491739,0.3555603942871094,2.1571713470621035,0.0028296636693813694
2743,16384,1178247,1656772,1809787392,0.2389298389898613,1.4004646419780329,0.1717101769754663,0.3535902099609375,2.1647562029538676,0.0028333467522032064
2744,16384,1183167,1660274,1817344512,0.23324018402490765,1.4055110230110586,0.1723568820161745,0.354162109375,2.1653289060341194,0.002711255865808762
2745,6172,537381,675868,825417216,0.08652246498968452,0.6414601070573553,0.0783289159880951,0.1490069122314453,0.955378649989143,0.006306371046022881
2746,16384,1187062,1665121,1823327232,0.2330258380388841,1.3855001339688897,0.17255127197131515,0.3550919189453125,2.146234031068161,0.0030224170719782475
2747,16384,1167752,1640306,1793667072,0.22872493602335453,1.3893387489952147,0.16989821300376207,0.3517921142578125,2.1398135810159147,0.0027838282876235716
2748,16384,1177140,1651395,1808087040,0.22685100801754743,1.4005007459782064,0.1718149200314656,0.35232302856445313,2.1515522460686043,0.002906900218015555
2749,16384,1176788,1653945,1807546368,0.2174537469400093,1.3998295610072091,0.17142138804774731,0.34906051635742186,2.1378259039483964,0.0028389400604025977
2750,16384,1182251,1659313,1815937536,0.23548196104820818,1.4047886759508401,0.17207554704509676,0.36253546142578125,2.1749426759779453,0.0028060743252198493
2751,6172,538634,676700,827341824,0.09177937998902053,0.6427568340441212,0.07857801590580493,0.15386550903320312,0.9670382810290903,0.006053747621889344
2752,16384,1185016,1664008,1820184576,0.24393446499016136,1.4053041680017486,0.17269241402391344,0.35405877685546877,2.1760494529735297,0.0027402457309132493
2753,16384,1169143,1641699,1795803648,0.22593957500066608,1.388360937940888,0.17009995807893574,0.3512159423828125,2.1356751029379666,0.00274805538461398
2754,16384,1178321,1651952,1809901056,0.22487802396062762,1.4016637719469145,0.17359189200215042,0.33375839233398436,2.1339614439057186,0.0032504646342032405
2755,16384,1176913,1654725,1807738368,0.23252733098343015,1.402111646020785,0.17364440800156444,0.35622994995117185,2.1645851290086284,0.0033167580574616305
2756,16384,1182475,1659860,1816281600,0.2781500389100984,1.4120301679940894,0.1728864770848304,0.3572302551269531,2.2203677549259737,0.0031893730146785875
2757,6172,538261,676507,826768896,0.11940489301923662,0.6453169559827074,0.07828425499610603,0.1502172546386719,0.9932968170614913,0.007395415298588388
2758,16384,1185066,1662873,1820261376,0.3210873630596325,1.40936526900623,0.17501426197122782,0.3556297607421875,2.2611670000478625,0.0031110160630930506
2759,16384,1167529,1639771,1793324544,0.3230871809646487,1.3940966160735115,0.17060587892774493,0.351040771484375,2.238905807957053,0.0033659525338367133
2760,16384,1176599,1651103,1807256064,0.3283047209260985,1.3936672410927713,0.1716223849216476,0.34102017211914065,2.2347137299366295,0.004439534050489993
2761,16384,1176082,1654190,1806461952,0.30091985303442925,1.3944211619673297,0.1712529140058905,0.3536966247558594,2.2203499380266294,0.002674545219366018
2762,16384,1184665,1662868,1819645440,0.3033891438972205,1.3770583330187947,0.17209497699514031,0.3416448669433594,2.194248814950697,0.002802512448145556
2763,6172,538352,677495,826908672,0.11325304105412215,0.640154892927967,0.07845672301482409,0.14944729614257812,0.9813721540849656,0.006134364544950913
2764,16384,1186018,1663606,1821723648,0.28421872900798917,1.4063852070830762,0.17260640300810337,0.3527130126953125,2.2159846880240366,0.0027678995205553665
2765,16384,1169096,1641591,1795731456,0.2568798210704699,1.386893373914063,0.17033933999482542,0.3527258605957031,2.166897344053723,0.002720409382717899
2766,16384,1178299,1651133,1809867264,0.24688431003596634,1.3994321019854397,0.17156572896055877,0.35022686767578126,2.1681709779659286,0.002858137518325847
2767,16384,1177458,1656424,1808575488,0.24132069805637002,1.3966263169422746,0.17172814102377743,0.3525112609863281,2.162245679064654,0.002740764219220849
2768,16384,1182914,1662396,1816955904,0.25292785302735865,1.4058316649170592,0.17196328903082758,0.3516765441894531,2.1824591460172087,0.002739792523466325
2769,6172,537974,676058,826328064,0.09820569097064435,0.6416656189830974,0.07837952603586018,0.15100775146484374,0.9693217579042539,0.006516974296003755
2770,16384,1185271,1663891,1820576256,0.25644836807623506,1.4072560879867524,0.17264447396155447,0.35368258666992186,2.1900919791078195,0.002760724843172386
2771,16384,1169076,1642619,1795700736,0.2392186359502375,1.3910793630639091,0.16986501798965037,0.35143154907226565,2.1516535989940166,0.00274360696264258
2772,16384,1179216,1652410,1811275776,0.23815909097902477,1.402959491009824,0.1714606579625979,0.35321063232421873,2.1658512459835038,0.0028336991264915653
2773,16384,1177245,1655259,1808248320,0.22796646400820464,1.4011228079907596,0.17152622202411294,0.3527350769042969,2.1534117159899324,0.002839450631036897
2774,16384,1181858,1659951,1815333888,0.24447460402734578,1.4049809059360996,0.1718499300768599,0.3623058776855469,2.183678074972704,0.003057101118379095
2775,6172,537665,676188,825853440,0.09525019198190421,0.6442441099788994,0.07849622808862478,0.14501539611816405,0.9630687850294635,0.006526933781697681
2776,16384,1186445,1664827,1822379520,0.25014908402226865,1.4091871039709076,0.17271691502537578,0.3575040588378906,2.1896250570425764,0.0031007676823632483
2777,16384,1167323,1640406,1793008128,0.23529337102081627,1.3874824070371687,0.16973669501021504,0.35616156005859373,2.1487348179798573,0.0028288671340340296
2778,16384,1176415,1650209,1806973440,0.23113926395308226,1.3967595370486379,0.17118358192965388,0.3410499572753906,2.1402053729398176,0.0034124170500902805
2779,16384,1177615,1656065,1808816640,0.2259760620072484,1.4006871059536934,0.17161141510587186,0.3526707458496094,2.1510074239922687,0.002886790401234362
2780,16384,1183573,1663277,1817968128,0.24045706901233643,1.4093913120450452,0.1723811939591542,0.35607171630859374,2.178362752078101,0.0028214195690221323
2781,6172,537439,676636,825506304,0.09252041194122285,0.6428827419877052,0.07851102598942816,0.15180592346191407,0.9657778929686174,0.0059837348491679964
2782,16384,1185213,1662595,1820487168,0.2396307970630005,1.409539433894679,0.1726446870015934,0.35217636108398437,2.174052336020395,0.0028084409986894898
2783,16384,1169548,1641855,1796425728,0.22795854799915105,1.3913746679900214,0.17085554101504385,0.3379762878417969,2.1282275420380756,0.0029365841211962894
2784,16384,1177978,1651686,1809374208,0.229042349033989,1.4012579049449414,0.1718060920247808,0.3505460510253906,2.1527142379200086,0.002872693914382443
2785,16384,1177028,1655687,1807915008,0.23957093397621065,1.3993031199788675,0.1715814450290054,0.34985110473632813,2.160368127981201,0.0028478600471941134
2786,16384,1183502,1661425,1817859072,0.2331580810714513,1.406121950945817,0.172147058066912,0.3568085021972656,2.1682999100303277,0.002966275494658728
2787,6172,537162,676461,825080832,0.08815173304174095,0.6420689369551837,0.07833877997472882,0.14475375366210938,0.9533748490503058,0.006466020852580939
2788,16384,1185626,1663990,1821121536,0.23440133791882545,1.4101251000538468,0.17261680297087878,0.35722113037109376,2.174426681944169,0.0028656118894014415
2789,16384,1169361,1642088,1796138496,0.22829965397249907,1.3919167600106448,0.17027256696019322,0.32820724487304687,2.1187588039319962,0.002953527107281995
2790,16384,1176817,1652184,1807590912,0.22678311204072088,1.4022358019137755,0.17149576300289482,0.35616824340820313,2.1567434469470754,0.002806387638117648
2791,16384,1176313,1654161,1806816768,0.218419615062885,1.399711566977203,0.17160865501500666,0.3395164794921875,2.1293181880610064,0.0029056960144002125
2792,16384,1182928,1660175,1816977408,0.23784113605506718,1.4057177399517968,0.17237120307981968,0.34023452758789063,2.156225086073391,0.0028048740925824935
2793,6172,537964,676518,826312704,0.09228541702032089,0.6413829990196973,0.07858621201012284,0.14579763793945313,0.9581140719819814,0.006450796851297698
2794,16384,1186374,1665757,1822270464,0.24356287997215986,1.4095343879889697,0.17297969502396882,0.35566607666015626,2.1818038310157135,0.002786289472715315
2795,16384,1168792,1640845,1795264512,0.2276246079709381,1.37128808000125,0.17020601104013622,0.34906842041015623,2.118249607970938,0.002950008734680273
2796,16384,1179178,1651378,1811217408,0.2252459810115397,1.4112599400104955,0.17282904591411352,0.3510331726074219,2.1604585730237886,0.004185846530327922
2797,16384,1178186,1656551,1809693696,0.23593940597493201,1.4945211979793385,0.35408172698225826,0.3526046447753906,2.4372560689225793,0.004476066838065072
2798,16384,1181883,1660600,1815372288,0.3030807189643383,1.3227160660317168,0.18371484603267163,0.36113702392578123,2.1712165150092915,0.026154004027606963
2799,6172,537528,676533,825643008,0.13508197502233088,0.5797351939836517,0.08148948999587446,0.15129295349121094,0.9476853200467303,0.009043883222555603
2800,16384,1185889,1663144,1821525504,0.32664088101591915,1.3446011629421264,0.28424652805551887,0.339899169921875,2.295479340944439,0.003990408772831283
2801,16384,1169378,1642659,1796164608,0.3515849090181291,1.2811798279872164,0.2126169929979369,0.3524158935546875,2.1978840910596773,0.00393412473655359
2802,16384,1176561,1649580,1807197696,0.3633419369580224,1.2072568379808217,0.17618426505941898,0.35232623291015625,2.0992214849684387,0.005345413088753775
2803,16384,1177463,1655178,1808583168,0.3057667249813676,1.387382656103,0.17528246296569705,0.34012014770507815,2.208627689979039,0.003427387252263496
2804,16384,1182093,1660478,1815694848,0.3088406779570505,1.2931287720566615,0.19418877398129553,0.3623264465332031,2.1585632089991122,0.003638460554410299
2805,6172,538188,676860,826656768,0.12376437406055629,0.5946776279015467,0.09678593708667904,0.15082957458496093,0.9661429920233786,0.00884738494626646
2806,16384,1184830,1663613,1819898880,0.30602616898249835,1.274941336014308,0.21314173203427345,0.352952392578125,2.14714155101683,0.0037222235109464954
2807,16384,1168895,1642694,1795422720,0.2895331729669124,1.2751535640563816,0.24792017089203,0.33828848266601563,2.1509708910016343,0.00351006239139048
2808,16384,1178651,1651908,1810407936,0.3067852129461244,1.24751527805347,0.18602883093990386,0.3520711669921875,2.0924793320009485,0.003767925831183815
2809,16384,1177109,1655505,1808039424,0.2793895109789446,1.2217406670097262,0.18299821007531136,0.33138458251953123,2.015588882029988,0.003766216769270421
2810,16384,1181878,1660250,1815364608,0.26898464502301067,1.2822174859466031,0.20740814204327762,0.3551176452636719,2.1138048210414127,0.0036381204207689816
2811,6172,538537,677380,827192832,0.10330655903089792,0.6194791030138731,0.10218632791657001,0.1508706512451172,0.9759183019632474,0.007752775681827322
2812,16384,1185167,1664463,1820416512,0.2900882880203426,1.2280766129260883,0.1776716150343418,0.3418218994140625,2.037743428023532,0.004171900521308613
2813,16384,1169423,1642153,1796233728,0.268233165028505,1.2883453899994493,0.2117459400324151,0.35344064331054686,2.1218412469606847,0.0035869125401003015
2814,16384,1178500,1651917,1810176000,0.2592602079967037,1.2832416109740734,0.19039218698162585,0.3405803833007813,2.073553607915528,0.0038204299151620787
2815,16384,1178522,1655874,1810209792,0.24587008403614163,1.2699074159609154,0.1740554179996252,0.33743466186523435,2.0273455349961296,0.0038451824253682466
2816,16384,1183215,1660711,1817418240,0.2594768099952489,1.3053870699368417,0.19896183197852224,0.3388091735839844,2.102713714935817,0.0037489383675758277
2817,6172,536883,675808,824652288,0.10363277292344719,0.5827096980065107,0.0915997390402481,0.14967642211914062,0.9276964069576934,0.008383655230676086
2818,16384,1187068,1665126,1823336448,0.2631517220288515,1.3220415370306,0.2154316499363631,0.33402276611328124,2.1347306550014764,0.00388713640224689
2819,16384,1169414,1642484,1796219904,0.2477968119783327,1.2707848530262709,0.18653654400259256,0.33585458374023436,2.0410499579738826,0.0037806632880647943
2820,16384,1177495,1651301,1808632320,0.25353055796585977,1.2483433299930766,0.19889322004746646,0.3536846923828125,2.054531419998966,0.0038753172122623783
2821,16384,1177680,1654998,1808916480,0.2675738169346005,1.2679184640292078,0.20051567698828876,0.3341865539550781,2.0702745099551976,0.00386412756558166
2822,16384,1184007,1661512,1818634752,0.2698963169241324,1.297786444076337,0.19886698899790645,0.3376958923339844,2.104325167951174,0.00377915067618449
2823,6172,537198,675652,825136128,0.09915602800901979,0.5753016310045496,0.09194296994246542,0.15096185302734375,0.9174491990124807,0.009451970659025434
2824,16384,1186422,1663269,1822344192,0.2544789590174332,1.2797754650237039,0.19696713995654136,0.35455328369140626,2.0858546760864556,0.003827131309090856
2825,16384,1169195,1642196,1795883520,0.253059076028876,1.250840201973915,0.19071371597237885,0.33006283569335937,2.024758453015238,0.004080652019789859
2826,16384,1178739,1652838,1810543104,0.2583249519811943,1.277421367005445,0.1964331379858777,0.35663763427734374,2.088900514994748,0.003993667687302194
2827,16384,1176068,1655416,1806440448,0.2447679309407249,1.2503044879995286,0.2520178110571578,0.35501568603515626,2.1021868779789656,0.0038513201298263767
2828,16384,1182301,1660141,1816014336,0.26124884805176407,1.3096730370307341,0.2089959419099614,0.33816424560546876,2.1181589300977066,0.003628504862697662
2829,6172,538375,677325,826944000,0.13466355996206403,0.5710033429786563,0.10261278506368399,0.15293136596679688,0.9612935920013115,0.008586141715397589
2830,16384,1185891,1663665,1821528576,0.27674521098379046,1.30097941798158,0.20007001294288784,0.33767364501953123,2.1155473879771307,0.0037390346248360306
2831,16384,1168450,1641633,1794739200,0.24503250303678215,1.2904262909432873,0.17029386200010777,0.35361981201171877,2.059434766997583,0.0030250536062343967
2832,16384,1177391,1651314,1808472576,0.22981784702278674,1.4344228600384668,0.185038449941203,0.35307711791992186,2.202436130028218,0.0036257626158190262
2833,16384,1176599,1653721,1807256064,0.2525180560769513,1.4308126389514655,0.1739200489828363,0.35571359252929685,2.213040905073285,0.0034598787830603514
2834,16384,1182538,1661143,1816378368,0.24508147698361427,1.4297018080251291,0.178539311978966,0.33580618286132813,2.1892094620270655,0.003685448077372089
2835,6172,538084,677049,826497024,0.1039141669170931,0.6673662780085579,0.08657514106016606,0.15048524475097655,1.0084190539782867,0.0077570174010988075
2836,16384,1185067,1662886,1820262912,0.2832688399357721,1.4427739611128345,0.17851278698071837,0.3580260925292969,2.262661320040934,0.003519726156387032
2837,16384,1167059,1639437,1792602624,0.24534632894210517,1.4072124380618334,0.1758727659471333,0.3585595397949219,2.18706992699299,0.0036054744305735516
2838,16384,1176364,1650895,1806895104,0.2885070500196889,1.4395032359752804,0.17929397604893893,0.3303878479003906,2.237769942963496,0.003478151069173942
2839,16384,1175868,1653318,1806133248,0.245934869046323,1.4265019209124148,0.17700640205293894,0.34000161743164065,2.189538346021436,0.004271977163081438
2840,16384,1182828,1660120,1816823808,0.2854247570503503,1.4360852208919823,0.1783569121034816,0.3553482971191406,2.2553090429864824,0.004161550356897441
2841,6172,537944,677071,826281984,0.11931274901144207,0.6592642760369927,0.08216891204938293,0.15426693725585938,1.0151057260809466,0.009147000640815871
2842,16384,1186389,1665144,1822293504,0.34631757205352187,1.4456139539834112,0.18105638399720192,0.35646356201171875,2.3295591899659485,0.004623961501332784
2843,16384,1168112,1641430,1794220032,0.3542803650489077,1.429892173036933,0.18329963996075094,0.33491058349609376,2.3024795290548354,0.004202752334117563
2844,16384,1178920,1652749,1810821120,0.37703512993175536,1.445539309992455,0.17915412003640085,0.3568340148925781,2.358682566904463,0.005087248829385885
2845,16384,1177265,1654470,1808279040,0.37213327002245933,0.912021836033091,0.17659168504178524,0.3557321166992187,1.8165594279998913,0.0044325664272822285
2846,16384,1182681,1660018,1816598016,0.3482930790632963,1.4392837079940364,0.17992331099230796,0.3560646667480469,2.3236423960188404,0.00334092807420767
2847,6172,537568,676849,825704448,0.128956274013035,0.655898415017873,0.08088051504455507,0.15364659118652343,1.0194630679907277,0.007972111133101225
2848,16384,1185390,1664000,1820759040,0.3273345819907263,1.4272099389927462,0.17806521896272898,0.3334048767089844,2.266092406003736,0.0034327527131766595
2849,16384,1168184,1641999,1794330624,0.30158201791346073,1.4240658950293437,0.17944765707943588,0.329685546875,2.2348606479354203,0.0035586575947591
2850,16384,1178618,1652978,1810357248,0.2890016429591924,1.4396437320392579,0.1806831629946828,0.33154867553710937,2.2409553510369733,0.003486794446597696
2851,16384,1178026,1655729,1809447936,0.2641688019502908,1.4315131560433656,0.18003635294735432,0.35594305419921873,2.2317362460307777,0.0033552750994374205
2852,16384,1183417,1662087,1817728512,0.2950615669833496,1.4339239039691165,0.17673217004630715,0.35207907104492187,2.257873210008256,0.003388054042273996
2853,6172,538286,676682,826807296,0.10775777499657124,0.6545074470341206,0.08319348399527371,0.15008816528320312,0.9956249790266156,0.007845094196345652
2854,16384,1185865,1663706,1821488640,0.28940523497294635,1.4362030540360138,0.17897289793472737,0.3575659484863281,2.262224668986164,0.0034273145904206073
2855,16384,1168645,1641764,1795038720,0.2778051550267264,1.4169160530436784,0.17510198894888163,0.3335694580078125,2.2034727879799902,0.0036366663263812738
2856,16384,1177341,1650825,1808395776,0.2632572629954666,1.4239336419850588,0.17583067202940583,0.3562850646972656,2.219397053006105,0.004073687436231888
2857,16384,1177230,1655383,1808225280,0.2672513750148937,1.4292781739495695,0.1776409799931571,0.35222787475585937,2.2264775439398363,0.003554503685523236
2858,16384,1183467,1661487,1817805312,0.28910501406062394,1.4428662209538743,0.18310246407054365,0.35760748291015626,2.272759929066524,0.0034648213530532705
2859,6172,536663,676338,824314368,0.10850006795953959,0.6727236500009894,0.0857868860475719,0.14509068298339844,1.0121853799792007,0.008308061879239721
2860,16384,1186132,1663869,1821898752,0.3006716310046613,1.432408110005781,0.17870100308209658,0.3563948059082031,2.268251580069773,0.0033519239972687274
2861,16384,1169183,1640720,1795865088,0.25948915898334235,1.166575278970413,0.174483543029055,0.3524411010742188,1.9530637819552794,0.003824754672148481
2862,16384,1177024,1650850,1807908864,0.26950833399314433,1.4238464561058208,0.17645675095263869,0.35386883544921877,2.223759629065171,0.0035638997719282667
2863,16384,1177761,1655885,1809040896,0.26603159098885953,1.4291802149964496,0.1803102729609236,0.3545994262695312,2.230198726989329,0.003462551235028125
2864,16384,1184606,1663047,1819554816,0.26922752906102687,1.4271946499357,0.1768288720631972,0.34018511962890624,2.2135132680414245,0.0034830309674316433
2865,6172,537468,676897,825550848,0.1031824890524149,0.6592223109910265,0.08429437200538814,0.15415823364257814,1.0009328010492027,0.0075325094467843055
2866,16384,1184519,1664867,1819421184,0.2807341479929164,1.4345213420456275,0.17902714596129954,0.3582702331542969,2.2526337209856138,0.003589213404745747
2867,16384,1168832,1640219,1795325952,0.2619885279564187,1.4094688659533858,0.17444531503133476,0.3434431457519531,2.189425924909301,0.003657132917698514
2868,16384,1177689,1652082,1808930304,0.27405012701638043,1.4304494350217283,0.17696430394425988,0.34935354614257813,2.2308942950330675,0.003446281981713595
2869,16384,1176305,1654400,1806804480,0.26607576105743647,1.4177014919696376,0.17850221798289567,0.3561685485839844,2.218527934048325,0.003602138749049092
2870,16384,1183235,1660312,1817448960,0.2649194799596444,1.4324235960375518,0.1806057549547404,0.35568441772460935,2.233714682981372,0.003645689641857418
2871,6172,537570,676462,825707520,0.10124028497375548,0.6602132930420339,0.08164051396306604,0.1458773193359375,0.9890494509600103,0.00789036838770856
2872,16384,1185021,1664805,1820192256,0.2634433739585802,1.4325644860509783,0.17714787495788187,0.3579225463867188,2.2311549299629405,0.0034353781421440225
2873,16384,1169992,1641981,1797107712,0.2614901789929718,1.4219807029003277,0.18242625205311924,0.3515118103027344,2.2174896819051355,0.00364094844007526
2874,16384,1176385,1650001,1806927360,0.2589373830705881,1.4360387709457427,0.18570500903297216,0.3508828125,2.231644162093289,0.0035931599377788254
2875,16384,1175616,1654393,1805746176,0.2544640810228884,1.430165164056234,0.17807108501438051,0.3539323425292969,2.216725160018541,0.004172253620304802
2876,16384,1183677,1661658,1818127872,0.266349429031834,1.4221200610045344,0.1755459759151563,0.3553326110839844,2.2194312820211053,0.0037489327229964175
2877,6172,537929,676722,826258944,0.10061343503184617,0.6527849639533088,0.08092472201678902,0.14523983764648438,0.9796382939675823,0.007690115792515985
2878,16384,1185720,1663027,1821265920,0.3121911670314148,1.4237360400147736,0.1808775879908353,0.35795538330078125,2.2748469109646976,0.00381267972251088
2879,16384,1167827,1639993,1793782272,0.26729581493418664,1.4069989640265703,0.17363237706013024,0.3509403381347656,2.1989498359616846,0.0037445968382369644
2880,16384,1177105,1650430,1808033280,0.25231876503676176,1.4248414050089195,0.178834720980376,0.3536983032226563,2.2097872900776565,0.004258139657392673
2881,16384,1177377,1655259,1808451072,0.2725995209766552,1.4361142510315403,0.1824492000741884,0.3567330322265625,2.2479929180117324,0.004311121356720686
2882,16384,1183057,1660755,1817175552,0.3156220900127664,1.4363533779978752,0.18051136704161763,0.35394049072265626,2.286521487054415,0.004118101668077993
2883,6172,536678,675584,824337408,0.12565373501274735,0.6564642959274352,0.08303796907421201,0.15342279052734376,1.0186683109495789,0.008787983966749234
2884,16384,1185333,1663205,1820671488,0.35622232500463724,1.451094513060525,0.18243512196931988,0.3570410766601563,2.346892756060697,0.004248995434549523
2885,16384,1169131,1640235,1795785216,0.36009688302874565,1.4173182499362156,0.17828917095903307,0.35010479736328126,2.30590656993445,0.0042269122455125055
2886,16384,1178171,1653201,1809670656,0.37316532409749925,1.4225095199653879,0.18383595498744398,0.355798828125,2.335408029030077,0.00421347591181841
2887,16384,1176883,1655878,1807692288,0.3679290070431307,1.425752178998664,0.18131686199922115,0.35221658325195315,2.3272918889997527,0.0033196397559215472
2888,16384,1182122,1661169,1815739392,0.33040087297558784,1.4240358010865748,0.18044469493906945,0.3643271789550781,2.2992855170741677,0.003347523275640285
2889,6172,538079,676993,826489344,0.11637059797067195,0.6467429249314591,0.08243323303759098,0.15382371520996094,0.9994464269839227,0.0075997904628974785
2890,16384,1185107,1663295,1820324352,0.3156422149622813,1.4344066709745675,0.18137081305030733,0.35623895263671873,2.2877336759120226,0.003279415298105166
2891,16384,1169458,1643352,1796287488,0.30679319298360497,1.4202572300564498,0.17563567403703928,0.3512682189941406,2.2540351880015805,0.003587873462502754
2892,16384,1177985,1653975,1809384960,0.28265862190164626,1.4226297980640084,0.17705184302758425,0.35259811401367186,2.2350154489977285,0.0034483873859761692
2893,16384,1177048,1655651,1807945728,0.2679719759617001,1.318909200024791,0.17870686401147395,0.3543494567871094,2.1200159640284255,0.0037012571925080736
2894,16384,1182500,1660476,1816320000,0.2794585369993001,1.4265433120308444,0.17495408095419407,0.35659921264648436,2.2376294180285186,0.0033193788523251367
2895,6172,538030,676780,826414080,0.10755995009094477,0.654073690995574,0.08062063390389085,0.15077798461914063,0.9931116700172424,0.007996120687096204
2896,16384,1185495,1664247,1820920320,0.29977823805529624,1.436448729946278,0.18312437704298645,0.35791650390625,2.2773429671069607,0.0032984999288644427
2897,16384,1167016,1639240,1792536576,0.2584348020609468,1.3945578009588644,0.1712207499658689,0.3590872497558594,2.1833761100424454,0.0034582819038232087
2898,16384,1175742,1650731,1805939712,0.25238362594973296,1.405932686990127,0.17171259096357971,0.35294198608398436,2.183031674940139,0.002784428343985766
2899,16384,1175947,1655611,1806254592,0.2288044709712267,1.4050625610398129,0.17161634797230363,0.3531070251464844,2.1586518459953368,0.002846260994938122
2900,16384,1182741,1661711,1816690176,0.24581791902892292,1.4093217109329998,0.17196718405466527,0.35576400756835935,2.1829323730198666,0.002819667511458409
2901,6172,538318,676991,826856448,0.09599105105735362,0.6460277809528634,0.07892120501492172,0.15057577514648438,0.9715854320675135,0.007165596929776207
2902,16384,1185126,1663120,1820353536,0.2485227769939229,1.410007750033401,0.1734175980091095,0.353568603515625,2.185576437972486,0.00273197584811704
2903,16384,1169696,1642611,1796653056,0.23314676096197218,1.3952550130197778,0.17147398204542696,0.3535087890625,2.1534572859527543,0.003377864216388214
2904,16384,1177407,1651649,1808497152,0.24259410798549652,1.4003799919737503,0.17260427493602037,0.35212551879882814,2.167778634931892,0.0034478261106857594
2905,16384,1177272,1654766,1808289792,0.25306385406292975,1.4009387939004228,0.1724119600839913,0.35208258056640623,2.1785753880394623,0.0035894753122388736
2906,16384,1183574,1661547,1817969664,0.2493091180222109,1.40955085598398,0.17301298200618476,0.3561358642578125,2.188083308050409,0.003404247907140142
2907,6172,537610,676896,825768960,0.08871354395523667,0.6434217320056632,0.07799010805319995,0.14897212219238282,0.9591582500142977,0.0063330329290460004
2908,16384,1184987,1662266,1820140032,0.23678928997833282,1.4044992730487138,0.17309686995577067,0.35501254272460936,2.169477744959295,0.003676887308628252
2909,16384,1168030,1641913,1794094080,0.24155551102012396,1.3886944730766118,0.17208597296848893,0.3513868408203125,2.1538033260731027,0.003738883053548945
2910,16384,1177963,1651610,1809351168,0.2401493099750951,1.3998433570377529,0.17209976899903268,0.35215289306640624,2.164320530020632,0.0034745751057535783
2911,16384,1177044,1654168,1807939584,0.2309304369846359,1.4011286270106211,0.17167719593271613,0.35320333862304687,2.157013035961427,0.0034045881588408234
2912,16384,1182566,1659814,1816421376,0.2493343249661848,1.4062691410072148,0.17216459999326617,0.35547073364257814,2.1833003299543634,0.0028182263463841007
2913,6172,538398,676922,826979328,0.09238411707337946,0.6445502860005945,0.07830987498164177,0.14971589660644533,0.9650206250371411,0.00626415368870911
2914,16384,1186483,1664876,1822437888,0.24636948003899306,1.4059085909975693,0.1733175739645958,0.35767245483398435,2.183344420976937,0.0034956070632367526
2915,16384,1167605,1640139,1793441280,0.239714551018551,1.3907643420388922,0.17030926991719753,0.35022161865234375,2.151085252990015,0.0035085249608450067
2916,16384,1178125,1651314,1809600000,0.23967853502836078,1.3989644849207252,0.17215367208700627,0.3553836059570312,2.1662533150520176,0.003370661149688007
2917,16384,1176473,1654557,1807062528,0.23165471106767654,1.3997607099590823,0.17195336206350476,0.3542537841796875,2.1576970270834863,0.0034508929011235027
2918,16384,1183507,1661339,1817866752,0.24711418291553855,1.4074465110898018,0.17271979397628456,0.35741143798828123,2.184769121930003,0.003533369238986162
2919,6172,538486,677860,827114496,0.0953454760601744,0.6421741399681196,0.07902290893252939,0.1517077178955078,0.9683350590057671,0.00875896712064636
2920,16384,1184148,1662364,1818851328,0.25584036600776017,1.4026745409937575,0.1731264339759946,0.3577337036132813,2.1894529779674485,0.0035594907695862005
2921,16384,1168957,1642512,1795517952,0.23863701696973294,1.3894146750681102,0.17025105596985668,0.3506343994140625,2.149001933983527,0.003014727941383523
2922,16384,1177602,1652624,1808796672,0.2284767299424857,1.4319797140778974,0.176029784954153,0.3566081848144531,2.1931945899268612,0.004567590050246985
2923,16384,1176415,1655407,1806973440,0.2771166249876842,1.4116528440499678,0.17392957606352866,0.3556190185546875,2.2184094070689753,0.004117518291080953
2924,16384,1183496,1661289,1817849856,0.31136777496431023,1.416820561978966,0.17716390802524984,0.356194091796875,2.2616423970321193,0.004247367614103597
2925,6172,538070,677137,826475520,0.1381733890157193,0.6463480809470639,0.08243211009539664,0.15311299133300782,1.0201588190393522,0.009042479116289873
2926,16384,1184970,1664120,1820113920,0.356318922014907,1.3074893919983879,0.17529802594799548,0.3586336364746094,2.197838570922613,0.004485974903615308
2927,16384,1167536,1640500,1793335296,0.35897629999089986,1.3871982749551535,0.17167479707859457,0.34928408813476564,2.267233269987628,0.004402274328608514
2928,16384,1177708,1651557,1808959488,0.3468396000098437,1.4022461180575192,0.17646383598912507,0.35250982666015623,2.278134981985204,0.003318559662069498
2929,16384,1176100,1655340,1806489600,0.3084258019225672,1.403667633072473,0.17326997593045235,0.352648193359375,2.238090022932738,0.0035038200906519
2930,16384,1182139,1661497,1815765504,0.3268401480745524,1.4100928159896284,0.17708077700808644,0.3649765625,2.2790714980801567,0.0035626134571893416
2931,6172,538115,677459,826544640,0.12784476694650948,0.6467889320338145,0.07813615200575441,0.14952752685546875,1.00237278197892,0.007522564332212009
2932,16384,1186734,1664454,1822823424,0.29770252492744476,1.4176604390377179,0.1799448860110715,0.35741046142578126,2.2528011159738526,0.0036756272557719495
2933,16384,1168310,1642146,1794524160,0.28936282300855964,1.3998264280380681,0.1703255729516968,0.3534342041015625,2.213008690974675,0.0026960072516445874
2934,16384,1176967,1650332,1807821312,0.2686589020304382,1.407718225964345,0.1724167709471658,0.35441171264648436,2.2032833569683135,0.003528614675650336
2935,16384,1176299,1654859,1806795264,0.24878382100723684,1.407461790018715,0.17248152394313365,0.35337191772460935,2.1821797699667513,0.003698928666074799
2936,16384,1183152,1661402,1817321472,0.2625142449978739,1.422179442946799,0.1743561050388962,0.3581015625,2.217231302987784,0.0036057358610847735
2937,6172,537247,676082,825211392,0.10726481408346444,0.6431752549251541,0.0778541270410642,0.15297882080078126,0.981350171030499,0.007862043775254741
2938,16384,1185536,1665141,1820983296,0.2615414160536602,1.4164801699807867,0.17263562593143433,0.35608642578125,2.2068224899703637,0.0035731112760812745
2939,16384,1170272,1642630,1797537792,0.26694927702192217,1.3962569519644603,0.1743359729880467,0.35061993408203124,2.1882388120284304,0.0035040038385409683
2940,16384,1177469,1651293,1808592384,0.25353878107853234,1.4038398789707571,0.17339194798842072,0.3520394897460937,2.1828867690637708,0.0035123800763872436
2941,16384,1177083,1655675,1807999488,0.24328258098103106,1.39989219896961,0.17349478602409363,0.3549387512207031,2.1716853239340708,0.0035459436864162127
2942,16384,1182709,1661266,1816641024,0.30820956197567284,1.408243159065023,0.17630550893954933,0.3544374694824219,2.247275377972983,0.003545560597372882
2943,6172,537958,676527,826303488,0.10695046302862465,0.643155038007535,0.07796924700960517,0.15391961669921875,0.9820694830268621,0.007648978323513032
2944,16384,1186736,1665042,1822826496,0.2554481739643961,1.410820551100187,0.17609009391162544,0.3550270690917969,2.197464353055693,0.003570705826403959
2945,16384,1167666,1640873,1793534976,0.24050110403914005,1.3926871200092137,0.17196928802877665,0.3491832275390625,2.154416152043268,0.003500364913431681
2946,16384,1179263,1652432,1811347968,0.2336254509864375,1.4060156809864566,0.17267137696035206,0.3520050048828125,2.164394340943545,0.003549590110874869
2947,16384,1176663,1654448,1807354368,0.22463204700034112,1.4048347059870139,0.17236042500007898,0.354230712890625,2.156134660006501,0.003560497860627955
2948,16384,1181389,1659194,1814613504,0.24714790598955005,1.4115346850594506,0.17224077903665602,0.36148345947265625,2.1924815360689536,0.003407395200907081
2949,6172,538003,676543,826372608,0.09684995503630489,0.6444918909110129,0.0782608580775559,0.15228976440429687,0.9719704589806497,0.008023963152229975
2950,16384,1186316,1664409,1822181376,0.25363333302084357,1.4126144159818068,0.17329838196747005,0.35621905517578123,2.1958417899440974,0.003488584585039771
2951,16384,1167772,1641428,1793697792,0.23440118099097162,1.3900662870146334,0.17041521600913256,0.35127481079101563,2.1462339389836416,0.003561782175731201
2952,16384,1177481,1651190,1808610816,0.2459123299922794,1.3990624810103327,0.17176102695520967,0.35250836181640627,2.1693197889253497,0.00348446326389421
2953,16384,1176887,1656920,1807698432,0.22223811503499746,1.398245880031027,0.17169546999502927,0.3530322570800781,2.1452854541130364,0.003436930584854966
2954,16384,1182136,1659586,1815760896,0.24374058202374727,1.4077083140145987,0.1718290928984061,0.3596932678222656,2.183049264946021,0.0035733589825902934
2955,6172,537385,676779,825423360,0.09260941797401756,0.6424849509494379,0.07877585105597973,0.14960598754882812,0.963538700947538,0.00648582347685793
2956,16384,1185651,1663143,1821159936,0.25677295099012554,1.4085104330442846,0.17562746501062065,0.35540109252929686,2.196388303069398,0.003476684653782487
2957,16384,1168999,1642261,1795582464,0.2399200809886679,1.392222197027877,0.17259773798286915,0.35132455444335936,2.156140443054028,0.0035189085896077527
2958,16384,1177737,1652057,1809004032,0.24019015696831048,1.3414934580214322,0.17381317599210888,0.35647714233398436,2.1120577959809452,0.00397066146905464
2959,16384,1177133,1654589,1808076288,0.26225029106717557,1.4009511059848592,0.17146388196852058,0.35352032470703126,2.1882636550581083,0.0035668156504561114
2960,16384,1182976,1660843,1817051136,0.24321565497666597,1.4073294339468703,0.17339511099271476,0.35457958984375,2.1785941569833085,0.003413541850788021
2961,6172,537889,676168,826197504,0.09331907797604799,0.6431207261048257,0.07830649998504668,0.14939900207519533,0.9642221539979801,0.00796993271163828
2962,16384,1186614,1665420,1822639104,0.24460261105559766,1.4216887640068308,0.17573508899658918,0.3584195556640625,2.2005290880333632,0.003774924436809061
2963,16384,1170425,1643140,1797772800,0.2626334340311587,1.4086806189734489,0.17200854304246604,0.3529547119140625,2.196369090001099,0.004178807668560166
2964,16384,1177990,1652388,1809392640,0.26304862496908754,1.414348121965304,0.17247178708203137,0.3563391723632813,2.206303109996952,0.004324139181771636
2965,16384,1176674,1653979,1807371264,0.291415428975597,1.4136222690576687,0.17281339596956968,0.35384884643554687,2.2317917849868536,0.004115283024575858
2966,16384,1183224,1660090,1817432064,0.3202693230705336,1.421612057951279,0.17336632497608662,0.35411892700195313,2.2694566500140354,0.0039664566486669935
2967,6172,536819,675656,824553984,0.12770602491218597,0.6487783710472286,0.07858074805699289,0.15033491516113281,1.0054724519141018,0.007199872699023559
2968,16384,1185710,1664795,1821250560,0.37408259604126215,1.4218721129000187,0.17855642409995198,0.35693887329101565,2.3315472829854116,0.004172193027058134
2969,16384,1169176,1641515,1795854336,0.36101389303803444,1.3939649739768356,0.17312868405133486,0.35050360107421874,2.2787097700638697,0.004327796577769369
2970,16384,1178159,1652529,1809652224,0.3486849059117958,1.4074518120614812,0.171869131969288,0.35419271850585937,2.282278705970384,0.0035112942932885487
2971,16384,1176668,1655623,1807362048,0.3093613540986553,1.4050059599103406,0.17275969905313104,0.35213656616210937,2.2393429240910336,0.0035432209128706134
2972,16384,1182171,1659738,1815814656,0.29644933994859457,1.418073125067167,0.18006056000012904,0.3629427795410156,2.2576031709322706,0.0034269253498800515
2973,6172,537295,676041,825285120,0.12774717702995986,0.6480624210089445,0.07808053400367498,0.15207472229003907,1.0060545890592039,0.008919468939480655
2974,16384,1186671,1664970,1822726656,0.2963066080119461,1.3762110840762034,0.1765619209036231,0.35656182861328123,2.205718866083771,0.0035101698547211463
2975,16384,1168168,1641498,1794306048,0.28563958895392716,1.3971293129725382,0.1744831370888278,0.35031207275390625,2.2076429709559307,0.0035720987391902647
2976,16384,1176403,1651055,1806955008,0.2812611840199679,1.4094687569886446,0.17354202701244503,0.35272247314453126,2.2170740470755845,0.0035905841801223627
2977,16384,1176474,1655173,1807064064,0.27227866102475673,1.4072859949665144,0.17190095805563033,0.3511903991699219,2.2027354349847883,0.003605597236214902
2978,16384,1183089,1660902,1817224704,0.26892071205656976,1.409389061969705,0.17327838600613177,0.3563233642578125,2.207989196991548,0.0035178025977119533
2979,6172,537809,677102,826074624,0.10526697197929025,0.6426272160606459,0.07784692698623985,0.1497828826904297,0.9756012799916789,0.007921502017079913
2980,16384,1183993,1662424,1818613248,0.2520035880152136,1.4079442740185186,0.17307846597395837,0.3567318420410156,2.1898427879204974,0.0038641071522587953
2981,16384,1168569,1640799,1794921984,0.2640046590240672,1.3929881469812244,0.1732716440455988,0.34997259521484375,2.180311774951406,0.0034274770484710258
2982,16384,1177499,1651111,1808638464,0.26140988210681826,1.4065568950027227,0.17498415592126548,0.3559892272949219,2.199021512060426,0.003699451517498228
2983,16384,1175923,1653444,1806217728,0.2678478619782254,1.40295211202465,0.1717466680565849,0.35583251953125,2.1984552199719474,0.0034596284038986903
2984,16384,1182865,1660781,1816880640,0.23947162099648267,1.4156783890211955,0.17235931591130793,0.3551584167480469,2.18274257495068,0.0034283600139475663
2985,6172,538477,676995,827100672,0.08943017397541553,0.6485940420534462,0.0794190060114488,0.14970585632324218,0.9672168779652566,0.007009762055281656
2986,16384,1186170,1664341,1821957120,0.26148653391283005,1.4072338230907917,0.1723685769829899,0.3547917785644531,2.195957934949547,0.0035165700241054873
2987,16384,1171169,1643184,1798915584,0.23453817702829838,1.3950393700506538,0.17482733691576868,0.3512728576660156,2.1557542360387743,0.0035483812003609064
2988,16384,1177457,1651254,1808573952,0.2505213870899752,1.404513880959712,0.17182527598924935,0.35190887451171876,2.1788442690158263,0.0034353288224986856
2989,16384,1176564,1655097,1807202304,0.248593833995983,1.4070779790636152,0.17255901696626097,0.35273760986328123,2.1810464119771495,0.0035749852722584186
2990,16384,1182830,1659321,1816826880,0.24718665902037174,1.3667070310330018,0.17447895801160485,0.3524116821289062,2.1408610100625083,0.0035817303534967466
2991,6172,536866,675598,824626176,0.09489933704026043,0.6423942089313641,0.08119157596956939,0.150076416015625,0.9686391149880365,0.008008868320224459
2992,16384,1186449,1665685,1822385664,0.24664384801872075,1.4061844439711422,0.17311398102901876,0.35921951293945314,2.1852375000016764,0.0034647969999395717
2993,16384,1168966,1642463,1795531776,0.24317158199846745,1.3912531189853325,0.17135548195801675,0.35230978393554685,2.1581701029790565,0.0037131503945166304
2994,16384,1177177,1651368,1808143872,0.24545479903463274,1.399013057933189,0.17342282796744257,0.35509759521484374,2.173063601949252,0.0034661571376227393
2995,16384,1175587,1653959,1805701632,0.22597000503446907,1.401248796028085,0.1718038689577952,0.35172650146484374,2.1508237180532888,0.0034659543443789718
2996,16384,1183211,1662339,1817412096,0.2514945869334042,1.4071210310794413,0.1739511570194736,0.3572979736328125,2.1899391929619014,0.0033993773438540337
2997,6172,537432,676596,825495552,0.09256874700076878,0.6442392420722172,0.07838633703067899,0.15382925415039062,0.9691010130336508,0.007990165994447976
2998,16384,1187109,1664123,1823399424,0.2788245789706707,1.414595871930942,0.17428408307023346,0.35576275634765625,2.223549489979632,0.0036967767301833753
2999,16384,1168159,1639860,1794292224,0.23603949695825577,1.3933236830634996,0.1711257949937135,0.35055810546875,2.151126125943847,0.0036746083214120907
