batch,nodes,new,in_prev_1,in_prev_10,in_prev_100
0,1185921,1185921,0,0,0
1,1168448,856276,312172,312172,312172
2,1176375,709435,310211,466940,466940
3,1176323,611058,310402,565265,565265
4,1181934,541289,310816,640645,640645
5,537903,199534,164482,338369,338369
6,1186109,384211,164594,801898,801898
7,1168456,349864,313592,818592,818592
8,1175252,333305,309798,841947,841947
9,1176238,314924,310705,861314,861314
10,1182450,300510,311430,881940,881940
11,537676,115011,164736,416378,422665
12,1185802,250628,164636,875945,935174
13,1168728,234653,312263,865470,934075
14,1176397,229671,310115,868577,946726
15,1178158,222947,310490,869185,955211
16,1182773,215361,311150,882751,967412
17,538191,84044,164488,416255,454147
18,1186947,189352,164827,875664,997595
19,1169060,178820,312241,866447,990240
20,1177347,176745,310733,869949,1000602
21,1178668,173451,310275,869919,1005217
22,1182961,169681,311283,882346,1013280
23,538213,66078,164301,416891,472135
24,1185484,151864,164934,875064,1033620
25,1169492,144951,312985,866637,1024541
26,1175837,143579,310133,868717,1032258
27,1176297,141526,310237,868995,1034771
28,1182886,139357,310988,882818,1043529
29,537855,54955,164912,416537,482900
30,1184916,126988,165127,874856,1057928
31,1168580,122061,312162,864658,1046519
32,1176407,121221,310234,869384,1055186
33,1176589,120183,310988,869202,1056406
34,1183170,119321,311106,883156,1063849
35,537024,46708,164752,415664,490316
36,1186892,109885,165090,877003,1077007
37,1168228,104297,313536,865928,1063931
38,1177969,105693,310187,868567,1072276
39,1176445,104337,311176,868397,1072108
40,1183173,103424,311121,883196,1079749
41,537588,40888,165303,416234,496700
42,1186513,96315,165634,875897,1090198
43,1170210,92499,313913,867326,1077711
44,1178482,92559,311509,870862,1085923
45,1176405,92273,310583,868651,1084132
46,1183506,91923,310809,882271,1091583
47,537973,36268,164426,416307,501705
48,1185367,85739,164781,875593,1099628
49,1168781,82314,312968,865772,1086467
50,1177271,82491,310810,869647,1094780
51,1176217,82881,310797,868154,1093336
52,1182438,81638,311154,882967,1100800
53,537221,32284,164674,416286,504937
54,1186667,77353,165325,876241,1109314
55,1168057,74343,312632,865066,1093714
56,1177730,74879,309838,869606,1102851
57,1176966,73565,310937,869684,1103401
58,1183770,74627,311559,882671,1109143
59,537679,29193,164419,415891,508486
60,1185618,69655,164757,875678,1115963
61,1169526,67984,312102,866230,1101542
62,1177366,67846,310709,869868,1109520
63,1176934,67766,311495,869807,1109168
64,1182027,67232,311446,882841,1114795
65,537332,26975,164292,416171,510357
66,1184542,63950,164486,875346,1120592
67,1167835,61582,312602,865736,1106253
68,1176691,62441,310305,868726,1114250
69,1176710,62623,310119,868166,1114087
70,1182582,62471,310812,882527,1120111
71,538090,24853,164898,416113,513237
72,1187108,59422,165153,875977,1127686
73,1167999,56780,312892,865516,1111219
74,1176682,57159,310639,869802,1119523
75,1176671,58314,311275,868789,1118357
76,1183137,57706,311392,883153,1125431
77,538040,22831,164534,416999,515209
78,1187146,54657,164878,876826,1132489
79,1167173,52452,312855,864277,1114721
80,1175750,52687,309930,868738,1123063
81,1176832,53643,311456,868933,1123189
82,1182176,53184,310887,881517,1128992
83,537525,21565,164594,416201,515960
84,1186325,50806,165036,876600,1135519
85,1168461,49684,312946,865590,1118777
86,1177555,49383,310620,869951,1128172
87,1177827,49894,311005,870160,1127933
88,1182603,49870,311265,882579,1132733
89,538962,20104,165122,416825,518858
90,1187166,47598,165249,876976,1139568
91,1167328,46141,312325,864928,1121187
92,1176335,46041,310068,869391,1130294
93,1176980,46595,311375,869225,1130385
94,1182858,46526,311412,882678,1136332
95,538327,18753,164597,416958,519574
96,1185632,45309,165230,875468,1140323
97,1169645,43043,311847,866238,1126602
98,1176110,43553,310043,868311,1132557
99,1176716,44291,309783,868976,1132425
100,1182957,43851,311063,882985,1139106
101,537165,17543,164452,416123,519517
102,1185560,42362,164847,875976,1141589
103,1169393,40912,312585,865625,1126609
104,1177836,41108,310227,869412,1134578
105,1176504,41801,310490,868767,1132350
106,1184048,42025,310714,883302,1139504
107,537847,16350,164935,416145,520423
108,1186359,39997,165169,875490,1142326
109,1168018,38501,311998,866089,1125410
110,1178303,38784,310001,870011,1135095
111,1178020,39315,311154,869841,1133987
112,1181298,38912,311176,881594,1137722
113,538219,15676,164668,416704,520601
114,1186088,38043,165050,875801,1141855
115,1169345,36607,312388,865710,1126456
116,1177709,36374,311489,870824,1134898
117,1177699,37781,311483,868871,1133028
118,1183241,37176,311283,882821,1139257
119,538254,14982,164748,416544,520472
120,1186178,36131,165114,875751,1141848
121,1169977,34511,312978,866732,1127313
122,1178105,35027,310861,870602,1134706
123,1176811,35442,310949,869061,1132972
124,1183505,35231,311014,882412,1139519
125,536999,14000,164770,416146,519423
126,1186055,34443,164947,876276,1141676
127,1168872,33102,312808,865942,1125877
128,1178062,33322,310327,870451,1134745
129,1175948,33789,311465,868869,1131891
130,1182735,33333,311413,882986,1139040
131,537225,13233,164973,416541,519806
132,1186042,32640,164797,875429,1141893
133,1171028,31460,313126,867200,1128188
134,1177155,31563,311382,869553,1134093
135,1176160,32446,309649,867690,1131644
136,1182578,32011,310375,881766,1138633
137,538100,12954,164806,416729,520322
138,1185702,31369,165175,874953,1141403
139,1168834,30186,312782,866234,1125953
140,1176399,29909,310726,869201,1133570
141,1176150,30677,310653,868683,1132251
142,1183612,30681,310021,882311,1139373
143,538188,12352,164595,416620,520458
144,1184850,29720,165213,875942,1141055
145,1169044,28539,312346,865966,1126442
146,1178125,28745,310757,870723,1135092
147,1176449,29059,310881,868938,1132639
148,1183227,29447,311463,882389,1138944
149,537897,11605,164849,416623,520386
150,1186405,28877,165241,874971,1141864
151,1167622,27703,312158,864273,1124447
152,1177254,27490,310119,869855,1134463
153,1176274,27729,311244,869950,1132842
154,1180936,28046,310843,881879,1137165
155,538050,11358,164896,416350,520175
156,1186489,27190,165001,876791,1142731
157,1167428,26251,312325,864572,1124816
158,1175923,26437,310203,869495,1132848
159,1176627,27220,310471,868088,1132098
160,1181738,26899,310673,881211,1137814
161,538149,10979,164991,416536,520205
162,1185301,26294,164599,874725,1141189
163,1168038,25525,311776,865682,1125181
164,1178080,25872,311120,870773,1134549
165,1178535,26047,310865,869342,1134511
166,1184588,26060,311124,883336,1140346
167,538411,10366,164874,417067,520787
168,1186903,25208,165220,877244,1143165
169,1169121,24410,313444,866784,1126367
170,1175571,24587,310309,869258,1132231
171,1176251,24945,310254,868940,1132437
172,1182781,24871,311338,882687,1139011
173,537480,10025,164817,416340,519817
174,1184873,24407,165097,875561,1140588
175,1170950,23457,312421,867290,1128415
176,1178359,23649,310281,870290,1134915
177,1176604,24482,310735,868444,1132354
178,1182631,23681,310769,882457,1139006
179,537122,9598,164556,415348,519428
180,1186218,23761,164784,875630,1141749
181,1167878,22612,313071,865417,1125219
182,1179217,22675,311035,871192,1135955
183,1177466,23451,311169,868989,1132866
184,1182827,23028,310869,882261,1139117
185,538437,9337,164921,417284,520751
186,1188322,22590,165044,876638,1144303
187,1168540,21379,313054,866022,1126140
188,1178761,21966,311072,870703,1135314
189,1177262,22356,310089,869452,1133499
190,1181664,22524,311307,881709,1137593
191,538032,9041,164723,415860,520233
192,1185171,22033,164901,875267,1140902
193,1168015,20943,312732,866322,1125594
194,1177589,20805,310677,869693,1134563
195,1176311,21954,311286,869001,1132072
196,1182672,21562,311090,882674,1138645
197,538757,8715,164219,416432,520958
198,1186787,21169,164933,876946,1142845
199,1169401,20508,312575,866270,1126472
200,1178665,20444,310918,870047,1135474
201,1179011,21088,310964,869962,1134646
202,1183104,20650,311316,883117,1139612
203,537317,8360,165143,416282,519746
204,1185796,20457,164927,875875,1141528
205,1168700,19530,312672,866228,1126143
206,1177184,19758,310827,869823,1134174
207,1176059,19855,310247,869144,1132935
208,1183660,20133,310826,882454,1139744
209,537812,8337,164486,416188,519988
210,1186215,19881,165444,875811,1142235
211,1168860,19034,312906,865646,1126278
212,1177722,19733,310225,867990,1133818
213,1177050,19600,310126,870173,1133405
214,1183712,19770,312169,883953,1139774
215,537174,8004,164783,416246,519558
216,1184544,19206,164734,874155,1140709
217,1168921,18684,312449,865285,1125894
218,1178489,18741,310412,869613,1134818
219,1178330,19101,311473,870878,1134120
220,1183428,18986,312187,883288,1139688
221,538067,7752,164564,416636,520259
222,1187174,18492,164654,876394,1143215
223,1168413,17923,312965,866046,1125852
224,1177106,17691,310192,869497,1134197
225,1176777,18599,311281,868987,1132416
226,1183498,18238,311360,883797,1139895
227,538897,7453,165079,417595,521191
228,1185980,17996,165241,876383,1142038
229,1169142,17259,312970,866148,1126530
230,1176606,17295,310448,869729,1133581
231,1176139,18150,310872,868876,1132486
232,1183065,17826,310889,881938,1139175
233,538141,7089,165202,416914,520729
234,1187239,17298,165190,876505,1143504
235,1169399,16616,312522,865526,1127026
236,1177709,16864,310747,870575,1134376
237,1176803,17696,309910,868379,1132460
238,1184128,17389,310533,883579,1140412
239,538013,7091,165051,416409,520236
240,1185611,16999,165194,875551,1141607
241,1167565,16526,312130,865061,1124749
242,1179189,16491,310388,869855,1136093
243,1176530,16993,311210,869209,1132616
244,1183963,16885,311562,883235,1139819
245,537633,6657,164744,416516,520105
246,1185884,16533,164823,875529,1142094
247,1169433,15996,312103,866116,1126791
248,1177761,16178,310831,870412,1134463
249,1177950,16322,311149,869612,1134212
250,1182992,16449,311272,882436,1139160
251,538102,6520,164717,416600,520573
252,1186435,16295,164825,875969,1142279
253,1168215,15557,313103,865589,1125263
254,1178232,15476,310420,870308,1135265
255,1177250,16392,310892,870146,1133178
256,1183138,16089,311514,882617,1138746
257,537575,6352,165077,416886,520093
258,1186075,15764,165512,875522,1141847
259,1168465,15007,313469,866291,1125794
260,1177545,15023,310630,869644,1134623
261,1177021,15822,310708,869063,1133237
262,1181664,16100,311707,881696,1136873
263,537875,6150,164942,416493,520322
264,1184145,15586,164910,873689,1139471
265,1169416,14779,312261,866814,1126763
266,1177660,14234,310014,869815,1134948
267,1175895,15132,310323,868135,1132203
268,1182039,15259,310644,882771,1138129
269,537769,5945,165238,416482,520334
270,1186269,15038,164800,875923,1141950
271,1168383,14397,312811,865843,1125768
272,1177837,14710,310871,869761,1134353
273,1177635,14880,310356,868543,1133647
274,1182205,14826,311191,882444,1138208
275,537718,5994,164575,416751,520073
276,1185497,14399,164907,875702,1141474
277,1168960,13858,312930,867074,1126382
278,1177789,13946,311188,869511,1134668
279,1177715,14301,310658,869490,1134456
280,1182731,14565,311096,882933,1138830
281,537715,5895,164801,416603,520014
282,1186981,14023,165545,876732,1143072
283,1166827,13745,312223,863795,1124093
284,1177301,13874,310640,870025,1134142
285,1176977,14557,310673,868013,1132406
286,1182882,14385,310417,881276,1138488
287,537215,5662,164327,416627,519511
288,1184694,14077,164919,874360,1140532
289,1168533,13377,312801,865745,1125913
290,1176127,13196,310214,868949,1133170
291,1176939,13641,310555,869194,1133228
292,1183927,13588,310732,882447,1140265
293,537578,5639,164206,416137,519862
294,1186154,13726,164959,875803,1141893
295,1168564,13202,312366,865203,1125737
296,1177414,13091,309743,869538,1133849
297,1177349,13833,310494,868777,1132986
298,1184062,13290,311239,883293,1140080
299,537104,5358,164321,415742,519464
300,1185614,13312,164823,875230,1141542
301,1168404,12795,313623,865735,1125971
302,1175735,12420,310163,869590,1132926
303,1178214,13186,310827,869889,1134401
304,1182079,12966,311551,881758,1138589
305,538374,5372,164594,417196,520428
306,1184830,12947,165288,874899,1140640
307,1168296,12371,312704,865518,1125855
308,1178132,12403,309505,870539,1135110
309,1176635,12659,311228,868684,1132732
310,1182663,12811,311542,882798,1139043
311,537815,5302,164554,416310,520043
312,1185340,12701,165223,875937,1141379
313,1167751,12056,313228,865150,1125284
314,1176862,12123,310153,869921,1133903
315,1177223,12455,311206,869890,1133410
316,1182321,12365,310993,882124,1138353
317,537794,5144,164523,416677,519892
318,1186129,12405,165085,875607,1142123
319,1167811,11616,312076,865522,1125396
320,1177558,12078,310258,869194,1134414
321,1176733,12409,311693,869338,1132875
322,1182982,12423,310414,881450,1138607
323,536437,4945,164253,415619,518551
324,1187691,11909,164958,877779,1143812
325,1169634,11426,313421,865819,1126692
326,1177458,11663,310122,870305,1134538
327,1176086,11808,310950,868345,1132311
328,1183652,11925,310745,883338,1139880
329,537287,4852,164556,416529,519554
330,1187254,11763,164957,876650,1143704
331,1168014,11335,312582,864629,1125297
332,1177256,11296,309711,869888,1134190
333,1176024,11779,310649,868810,1132182
334,1182526,11711,311161,882456,1138640
335,537860,4668,164743,416321,520453
336,1185234,11640,164754,874949,1140884
337,1167790,11277,312674,864994,1124637
338,1177539,11181,309995,869659,1134476
339,1177289,11453,310528,869339,1133669
340,1183442,11487,311910,883274,1139647
341,537444,4651,164734,416684,519762
342,1186175,11247,164992,875539,1142269
343,1168660,10708,312525,866190,1126364
344,1177378,10800,310818,869041,1134110
345,1176908,11497,310133,869430,1132992
346,1182522,11450,311197,881960,1138160
347,537976,4683,164508,416426,520100
348,1185864,11164,164696,875736,1141426
349,1167402,10626,311915,865538,1124731
350,1177951,10702,310296,869961,1134786
351,1175487,11053,310957,868267,1131621
352,1183160,11155,310966,881522,1138878
353,537838,4364,164607,416312,520089
354,1187173,10741,165511,876590,1143108
355,1169650,10299,313041,866055,1126706
356,1178406,10348,310735,871375,1135790
357,1176972,10934,311233,869605,1132725
358,1183313,10783,311509,883201,1139535
359,536990,4317,164574,415906,519359
360,1186646,10730,164908,876251,1142506
361,1168167,10190,312318,866633,1125644
362,1177453,10269,310311,870251,1134311
363,1176727,10744,310546,869946,1132755
364,1183514,10657,311386,882710,1139354
365,538268,4341,164930,416749,520538
366,1186882,10587,165044,876649,1142835
367,1168783,10126,313440,865746,1125758
368,1177705,10053,310762,870291,1134443
369,1175720,10558,311901,869637,1131734
370,1181680,10456,311129,882059,1137533
371,537313,4098,164859,416288,519791
372,1187114,10286,165077,877034,1142937
373,1168513,9754,312931,865836,1125892
374,1175777,9906,310449,869270,1132871
375,1175681,10216,310158,867915,1131819
376,1183157,10131,310524,882384,1139083
377,537337,4112,164748,416221,519636
378,1185578,9986,165489,875588,1141763
379,1167276,9420,312825,864833,1124826
380,1178450,9776,309762,869947,1135002
381,1177870,9739,311257,869199,1134449
382,1181479,9939,311401,881570,1137703
383,537034,4055,164818,416268,519376
384,1186396,10062,165553,875396,1141885
385,1168835,9697,312989,866059,1126010
386,1178819,9627,310593,871091,1135345
387,1177449,9702,311024,869538,1133543
388,1183118,9784,310761,882487,1139234
389,538136,3935,164423,416487,520515
390,1185905,9755,165702,875589,1141606
391,1168141,9230,312330,865539,1125691
392,1177493,9465,310327,869890,1134450
393,1174770,9691,309980,867446,1131199
394,1182248,9458,309666,882321,1138515
395,537614,3793,164956,416150,520099
396,1185384,9560,165106,874522,1141595
397,1169028,8976,312263,865881,1126128
398,1178455,9142,310787,870265,1135223
399,1177393,9553,310458,869449,1133198
400,1181938,9502,310910,881161,1138073
401,538564,3827,164360,416752,520843
402,1186090,9302,165054,876472,1141987
403,1169299,9101,312448,866081,1126280
404,1178276,8672,310992,870538,1135614
405,1175966,9408,310935,868414,1131761
406,1184699,9296,311821,883506,1141004
407,538058,3677,164812,417067,520420
408,1185705,9135,164741,876470,1142014
409,1167551,8827,313068,866165,1124623
410,1176533,8930,310102,868784,1133171
411,1177802,9136,310130,869957,1133839
412,1184004,8991,310822,883429,1140269
413,537657,3639,164758,416696,519944
414,1185196,8985,165311,875919,1140821
415,1168803,8738,313079,865700,1126208
416,1177587,8659,309979,870087,1134584
417,1177366,9010,310616,868997,1133348
418,1182107,8749,311691,882399,1138440
419,536959,3660,164044,416073,519257
420,1185171,8894,164684,875353,1141109
421,1169277,8495,313544,865485,1126471
422,1177308,8509,310786,869860,1133982
423,1174710,8854,309860,867814,1130739
424,1182855,8649,310897,882893,1139223
425,537678,3520,164301,416047,520041
426,1186689,8705,165155,875993,1142587
427,1169779,8215,313513,866178,1127272
428,1175081,8520,310957,867359,1131937
429,1176388,8701,309123,868452,1132434
430,1184382,8507,311734,882991,1140393
431,538118,3433,164912,416958,520458
432,1186681,8637,165222,876467,1142554
433,1169367,8409,312938,865663,1126179
434,1177527,8092,310248,870310,1134331
435,1177090,8666,311220,869132,1132912
436,1183847,8415,311049,883067,1139944
437,538065,3343,164985,416978,520513
438,1186257,8538,165302,876046,1142177
439,1167783,7747,312395,864741,1125785
440,1176412,7960,308816,869185,1133443
441,1177990,8295,310619,870213,1133907
442,1182502,8510,310828,882496,1137998
443,536820,3522,164240,415782,518941
444,1184537,8098,164788,875127,1140884
445,1167220,7660,312854,864796,1124820
446,1178091,7940,310448,870390,1134732
447,1177007,8295,310845,868929,1133203
448,1183793,8310,311669,883784,1139600
449,537264,3362,164175,416071,519282
450,1186618,8197,165008,875252,1142607
451,1167364,7826,313494,865172,1124570
452,1177455,7681,310728,869395,1134303
453,1175829,8182,309438,868101,1132108
454,1182414,8064,310684,882905,1138474
455,537828,3330,164531,416059,520096
456,1185931,8000,165168,876023,1142286
457,1168220,7706,312362,864805,1125357
458,1177547,7656,310139,869469,1134378
459,1176131,8097,310327,868152,1132211
460,1181586,7908,310351,882124,1137856
461,538085,3247,164836,416953,520240
462,1185876,7803,165347,876046,1141863
463,1168747,7500,312702,865950,1126033
464,1178067,7435,310553,870212,1134847
465,1177362,7885,311240,869066,1133436
466,1182463,7660,311088,881649,1138331
467,538394,3324,164486,416406,520673
468,1185572,7687,165176,875566,1141537
469,1168720,7628,311627,864693,1125708
470,1178543,7610,310247,871032,1135284
471,1177280,7662,311432,869137,1133384
472,1182337,7569,310962,882462,1138459
473,538126,3182,164494,416967,520345
474,1185069,7791,165700,875350,1141125
475,1169568,7244,312728,866995,1126871
476,1176751,7353,310839,869023,1133861
477,1176362,7663,310620,869229,1132346
478,1182511,7354,311762,882998,1138830
479,539152,3122,165031,417219,521269
480,1186426,7636,165186,875261,1142023
481,1168470,7195,311969,865826,1125264
482,1178135,7089,310355,870923,1135084
483,1175556,7372,310639,867851,1131614
484,1184423,7482,311320,883017,1140149
485,537885,2881,165050,416674,520414
486,1186073,7239,165896,875445,1142285
487,1168196,7123,312638,865404,1125674
488,1177069,7096,310140,870225,1134232
489,1177086,7309,310900,869973,1132964
490,1183543,7409,311317,882889,1139492
491,538223,3011,164789,416332,520380
492,1186513,7490,165000,874963,1142122
493,1169226,6977,312837,866058,1126280
494,1177386,7304,310822,869245,1134100
495,1176549,7185,311220,868630,1132776
496,1182103,7085,310706,882083,1138220
497,537944,2988,164852,416150,520209
498,1186662,7187,164734,876105,1142236
499,1168221,6934,312883,865684,1125258
500,1177167,6679,310121,869434,1134555
501,1175781,7177,310580,868062,1131989
502,1184166,7177,311489,883280,1140025
503,537801,2861,165024,417147,520353
504,1184625,7060,165310,874507,1140531
505,1168970,6774,312178,865932,1126415
506,1176723,6862,310078,869079,1133416
507,1176803,7341,309939,868431,1132414
508,1182994,6925,310501,882520,1139093
509,538324,2860,164895,416587,520569
510,1187384,6961,165174,876469,1143248
511,1168540,6802,313118,865110,1126019
512,1177616,6823,310510,869940,1134341
513,1177692,6867,310699,869270,1133690
514,1182747,6753,310818,881559,1138827
515,537206,2722,164463,416028,519633
516,1184680,6843,164766,874984,1140584
517,1168816,6689,312124,865388,1126280
518,1177171,6564,309646,869353,1133713
519,1178148,6928,310232,869616,1134488
520,1183748,6846,311848,883120,1139682
521,538012,2729,164848,416686,520336
522,1186495,6744,164735,876266,1142517
523,1168243,6518,312816,864284,1125551
524,1178680,6270,309375,870315,1136026
525,1177035,6811,310671,869065,1132969
526,1183338,6884,310800,883037,1139032
527,537859,2811,165172,417057,520232
528,1184809,6679,164942,875208,1140883
529,1167947,6388,312362,865939,1125668
530,1177962,6245,310770,870865,1134837
531,1176066,6838,310932,868507,1131762
532,1182309,6860,310662,881494,1138187
533,537826,2668,164519,416076,520010
534,1185168,6700,165110,875294,1141089
535,1168640,6378,312944,865709,1125949
536,1177542,6290,310220,869731,1134573
537,1176534,6356,310432,868851,1132929
538,1183397,6491,311006,882674,1139681
539,537875,2660,164890,416650,520290
540,1186041,6628,165713,875807,1142073
541,1167712,6272,312849,865645,1125198
542,1176645,6032,310217,870269,1133557
543,1176754,6575,311085,868996,1132946
544,1181142,6348,311463,882647,1137438
545,537135,2548,164014,415438,519782
546,1186619,6438,165123,876343,1142411
547,1167956,6089,312455,865541,1125096
548,1177800,6004,310832,870761,1134851
549,1177044,6475,311252,868744,1133345
550,1183126,6497,311154,882671,1138759
551,538176,2629,164696,416240,520476
552,1184924,6431,165006,874943,1140831
553,1168743,5982,312507,865515,1125923
554,1177222,6035,310593,870177,1134371
555,1177542,6559,310425,868653,1133344
556,1182686,6435,310085,881865,1139318
557,537092,2430,164437,416788,519686
558,1186995,6341,164779,876792,1142915
559,1169299,5846,312651,866144,1126752
560,1177113,5896,310253,869581,1133635
561,1176995,6454,310318,868754,1132588
562,1182301,6086,310474,881583,1138314
563,538335,2471,164786,416736,520649
564,1185028,6259,165012,874935,1140695
565,1170505,5908,312541,866639,1127228
566,1177667,5928,310706,870151,1134488
567,1176863,6207,311022,869051,1133175
568,1182205,6011,310998,881978,1138232
569,538071,2429,165284,416400,520286
570,1185545,5915,164985,875799,1141815
571,1168500,5885,312484,865812,1125706
572,1177557,5868,311137,870878,1134391
573,1176491,6002,311231,868991,1132490
574,1183965,5991,311425,883024,1139657
575,537934,2479,164497,416653,520051
576,1185961,6049,164645,876018,1142014
577,1168203,5561,312842,865052,1125961
578,1178498,5703,311032,870242,1135157
579,1175794,5979,310656,867701,1131642
580,1182845,6028,311010,881947,1138749
581,537992,2368,164446,416553,520630
582,1185207,5842,164984,875926,1141190
583,1168380,5711,313246,865772,1125712
584,1178177,5634,311058,870900,1134860
585,1175198,5764,310621,867788,1131705
586,1183922,5888,310535,883668,1140058
587,537243,2444,164739,415985,519389
588,1186351,5890,164830,875769,1142241
589,1167777,5446,312860,864914,1125473
590,1178834,5733,310615,870103,1135168
591,1176279,5789,311136,869356,1132747
592,1182518,5795,311500,881989,1138558
593,538165,2333,165258,417210,520719
594,1185351,5792,165255,875293,1141359
595,1170063,5367,313200,867039,1127401
596,1176559,5419,310860,869279,1133641
597,1176242,5699,310567,868745,1132412
598,1183126,5761,311345,882787,1138963
599,536945,2360,164079,415690,519353
600,1185793,5648,164631,874786,1141737
601,1168355,5362,312575,865872,1125813
602,1177678,5484,310454,869566,1134071
603,1175667,5618,310842,868384,1132057
604,1182356,5751,310634,881359,1138210
605,538147,2246,165040,416531,520530
606,1186290,5663,165170,875651,1141938
607,1168330,5289,313516,866184,1125952
608,1178870,5375,310593,870793,1135542
609,1175364,5590,311116,867978,1131776
610,1183586,5569,310485,882970,1139949
611,537773,2223,164927,415845,519907
612,1184955,5485,165339,875195,1141202
613,1170051,5326,313177,866768,1127335
614,1177893,5325,311385,870346,1134585
615,1176943,5476,310732,869452,1133389
616,1183891,5553,310973,882751,1139373
617,537073,2216,164581,416356,519598
618,1186055,5638,164918,875042,1141901
619,1168254,5328,311859,865842,1125845
620,1178065,5209,310468,870299,1134758
621,1177029,5679,311167,869185,1133105
622,1183096,5316,311121,883021,1139360
623,537740,2220,164273,415786,519917
624,1187348,5252,165147,877431,1143429
625,1167752,5117,312804,864737,1125125
626,1177456,5140,309860,869570,1134177
627,1177334,5398,310810,869992,1133396
628,1183031,5332,310715,883266,1138716
629,538314,2167,165233,416918,520860
630,1185710,5181,165351,875961,1141682
631,1166971,4967,312229,863526,1124169
632,1179023,5071,309965,870344,1135581
633,1176601,5267,311423,869003,1132631
634,1183407,5394,310930,881975,1139598
635,538128,2058,164410,416481,520624
636,1185450,5324,165422,875177,1141116
637,1168281,5049,312822,865489,1126007
638,1178159,4945,311299,870646,1134733
639,1177552,5322,311364,870142,1133605
640,1182908,5239,311503,882046,1139191
641,538775,2078,164791,416905,521130
642,1185747,5130,164974,874927,1141882
643,1169441,5002,312216,866843,1126670
644,1177180,5059,310145,869674,1133834
645,1177818,5360,310694,869552,1134099
646,1183507,5181,310184,882875,1139276
647,537448,2158,164238,416303,519509
648,1185480,5195,164971,875351,1141265
649,1167131,4862,311379,864701,1124421
650,1177542,4996,310308,869759,1134146
651,1176295,5205,311054,869198,1132265
652,1181787,5039,310817,882067,1138286
653,538428,2019,165153,417419,520825
654,1185745,5065,165288,875137,1141966
655,1169158,4840,312773,866452,1126772
656,1177271,4845,310955,870039,1134461
657,1177340,5087,310992,868799,1133411
658,1183839,4985,311227,882883,1139965
659,538116,2023,165056,417168,520348
660,1185773,5206,165440,875175,1141576
661,1169973,4855,313308,867140,1127281
662,1178025,4763,311191,870769,1135132
663,1176733,5035,311324,869651,1132910
664,1182947,5047,310518,882087,1139023
665,538176,2028,164863,416354,520334
666,1184756,5134,164296,875087,1140794
667,1169914,4623,313068,865227,1127008
668,1177252,4653,310982,870311,1134092
669,1176742,5002,311304,868950,1132756
670,1181483,4945,310945,881701,1137660
671,538438,1923,164476,416930,520971
672,1184706,4844,164886,875646,1141105
673,1168580,4717,312787,865123,1125717
674,1178205,4641,310275,870828,1134832
675,1177141,4941,311150,868584,1133282
676,1182391,4917,310846,882588,1138390
677,538150,2140,165042,416656,520196
678,1186282,4967,165558,875667,1141798
679,1169474,4737,312671,866587,1126826
680,1177478,4532,310831,869741,1134469
681,1177530,4948,311594,869830,1133734
682,1183227,4949,311525,882884,1139027
683,537401,2023,165143,415952,519535
684,1185470,4896,164772,875656,1141359
685,1169200,4610,312852,866400,1126343
686,1178881,4493,311067,870744,1135614
687,1178851,4824,311684,870853,1134960
688,1182620,4918,311803,882227,1138712
689,538360,1950,165052,416886,520458
690,1184769,4676,165163,875545,1140968
691,1169590,4582,312954,865015,1126267
692,1177401,4621,310343,868938,1133998
693,1175688,4707,310754,867546,1131841
694,1182700,4684,311192,882285,1138671
695,537876,1919,164575,416348,520077
696,1185688,4817,164959,875467,1141825
697,1167313,4458,312827,864846,1124894
698,1176697,4433,310292,869313,1133553
699,1177094,4824,310611,868966,1133064
700,1181878,4612,310767,881747,1138144
701,538424,1825,165071,416659,520985
702,1186156,4690,165218,875566,1142240
703,1169579,4462,313138,866709,1126967
704,1178431,4526,310981,870870,1134960
705,1176511,4588,310620,868399,1132649
706,1182085,4528,311080,882524,1138507
707,537705,1873,164697,416603,520212
708,1185755,4735,165343,875505,1142002
709,1167397,4409,311707,865188,1124573
710,1177544,4478,310119,869980,1134325
711,1176565,4431,310188,870011,1133166
712,1184179,4616,311020,883516,1140322
713,537970,1833,165088,416473,520445
714,1184706,4613,164806,874838,1140469
715,1168800,4173,311699,865825,1126500
716,1177238,4377,310368,869649,1133971
717,1176405,4622,309609,868354,1132364
718,1183733,4394,311248,883855,1139931
719,538265,1831,165041,416729,520888
720,1186106,4492,165642,877065,1142171
721,1169511,4434,313602,866686,1126687
722,1177943,4221,310690,869849,1135096
723,1177784,4552,310965,869952,1133698
724,1182523,4528,311219,882095,1138495
725,538008,1840,164590,416812,520294
726,1186058,4550,165088,875884,1141723
727,1168734,4170,312873,866090,1126266
728,1177393,4235,310801,869819,1134296
729,1176752,4562,311035,869462,1132544
730,1182689,4526,311089,882095,1138668
731,537449,1828,164276,415930,519756
732,1185728,4327,165001,874937,1142050
733,1168091,4209,312778,864894,1125452
734,1177696,4140,309962,870118,1134676
735,1177851,4560,311412,869581,1133787
736,1183312,4369,311353,883144,1139261
737,537070,1759,164303,415283,519149
738,1186691,4273,164140,876379,1142484
739,1169716,4152,312410,866107,1126791
740,1177732,4096,310850,869968,1134757
741,1176042,4543,310723,868896,1131747
742,1183456,4437,310812,883073,1139554
743,537362,1777,164741,415832,519662
744,1185477,4304,164675,875620,1141537
745,1168149,4089,312537,865342,1125774
746,1177784,4136,310491,869972,1134482
747,1177321,4422,310419,868975,1133171
748,1183929,4456,311448,882739,1139502
749,538372,1716,164824,416611,520554
750,1186070,4222,164970,875411,1141706
751,1168254,4124,313101,866306,1125348
752,1178436,4058,310149,869472,1135496
753,1176247,4259,311392,869109,1132653
754,1182446,4218,310885,882506,1138875
755,537234,1708,164455,416432,519672
756,1184813,4213,164840,874913,1140882
757,1168286,4070,312258,865905,1125733
758,1178321,4214,310650,870696,1134686
759,1176112,4154,311185,868696,1132178
760,1182614,4130,311143,882499,1139133
761,537511,1662,164563,416367,519922
762,1186447,4154,164686,876086,1142014
763,1169285,4051,312666,865374,1126338
764,1178251,3777,311272,870412,1135275
765,1177111,4197,310756,867940,1132606
766,1182669,4152,311173,882964,1138917
767,538609,1650,164956,417422,521009
768,1185588,4131,165107,875112,1141601
769,1168117,3949,312183,865201,1125160
770,1176902,4005,310177,869752,1133664
771,1176911,4205,310899,868980,1132577
772,1182395,4054,311153,882296,1138526
773,537537,1674,164603,416536,520053
774,1185578,4134,165572,875646,1141742
775,1168803,3971,312266,864750,1125693
776,1178245,3846,310864,870134,1134960
777,1176946,4212,311290,869648,1132340
778,1184994,4134,311653,883336,1140642
779,538189,1647,164238,416603,520404
780,1184204,4140,164863,874924,1140458
781,1167899,3896,312576,866473,1125105
782,1179069,3822,311175,870498,1135746
783,1176644,4076,311203,869156,1132926
784,1183243,4163,311153,882484,1138667
785,537521,1652,164898,416387,519848
786,1184759,4055,165259,874862,1140490
787,1168423,3802,313152,865973,1125771
788,1178417,3822,310507,870116,1135009
789,1176632,4023,311084,869512,1132922
790,1180446,4014,310637,881317,1136602
791,538025,1662,164460,416224,520357
792,1185034,4085,165126,874658,1140821
793,1169155,3809,312272,864884,1126083
794,1177096,3845,309884,869368,1133894
795,1176634,3984,310529,869241,1132485
796,1182116,3929,311277,881863,1138518
797,538142,1562,164678,416637,520625
798,1185565,3898,164805,875024,1141208
799,1167551,3714,312413,865344,1125131
800,1177198,3593,310351,870290,1134906
801,1175395,4010,310482,868308,1131300
802,1183478,3862,310474,881742,1139472
803,538493,1676,164850,416970,520698
804,1183605,4003,165289,875087,1139697
805,1169911,3624,312392,866729,1127762
806,1177238,3789,310391,869894,1134159
807,1176592,3813,310672,869168,1132831
808,1183399,3912,311594,882663,1139173
809,537855,1532,164966,416787,520349
810,1184632,3788,165225,875245,1140619
811,1167022,3824,311589,864435,1124219
812,1177043,3556,310236,870126,1133809
813,1176582,3789,311867,869552,1132919
814,1182478,3764,311115,882495,1138518
815,538639,1572,165098,417062,520939
816,1187212,3880,165233,876149,1143133
817,1167528,3805,312530,865100,1124567
818,1177592,3685,310649,870607,1134949
819,1177968,3758,310868,869923,1134056
820,1182000,3720,312073,883366,1138521
821,537925,1530,164796,416965,520584
822,1184244,3749,164701,874184,1140317
823,1168877,3630,311518,865830,1126209
824,1176170,3461,310904,869736,1133080
825,1176463,3807,310225,867852,1132540
826,1182392,3735,310458,883694,1138853
827,537438,1556,165386,416483,519702
828,1186001,3738,164956,875284,1141949
829,1168811,3551,312816,865387,1125881
830,1175882,3703,310724,868699,1132378
831,1177610,3691,311088,869377,1133828
832,1182119,3848,311065,882015,1138083
833,536908,1559,163897,415358,518973
834,1185507,3649,163809,875055,1141769
835,1168771,3469,313049,866011,1126469
836,1177473,3533,310291,869174,1134175
837,1175826,3615,309558,867717,1131995
838,1182717,3709,311424,883044,1138718
839,538523,1392,164718,417164,521290
840,1186153,3608,165260,875939,1141967
841,1168781,3502,313493,866391,1126131
842,1177771,3413,310960,869270,1134519
843,1176552,3863,310930,868950,1132470
844,1182838,3594,311222,881696,1138790
845,538420,1451,164843,417186,520980
846,1187205,3778,165662,877499,1142940
847,1167058,3399,313628,865611,1124888
848,1176991,3470,310199,869800,1133771
849,1176884,3638,311566,868633,1132507
850,1183598,3531,311373,882439,1140021
851,537318,1496,164311,415834,519464
852,1185759,3649,164993,876804,1142071
853,1169077,3353,313574,866151,1126396
854,1177827,3436,310354,869700,1134311
855,1177052,3604,310684,869586,1133142
856,1182484,3682,311331,882319,1138486
857,538011,1371,164720,416991,520213
858,1184588,3476,165174,875232,1140994
859,1168312,3401,311909,864975,1125748
860,1178211,3381,310269,869264,1134483
861,1177256,3531,310999,869598,1133338
862,1182884,3463,311801,882671,1138896
863,536881,1453,164651,415304,519412
864,1184845,3543,164197,875074,1140683
865,1167914,3447,312273,864975,1124989
866,1177623,3347,310200,869819,1133980
867,1176537,3657,310190,868665,1132780
868,1183023,3450,310809,882561,1138873
869,537416,1470,164205,415878,519819
870,1183843,3501,164608,874657,1139867
871,1169100,3311,312863,865626,1126336
872,1177141,3368,309823,868970,1133490
873,1176512,3531,310809,868574,1132635
874,1182686,3445,310437,881964,1138759
875,538378,1454,164613,416621,520628
876,1187657,3467,164854,876697,1143212
877,1168727,3469,313279,865292,1125361
878,1176536,3357,309789,868394,1133111
879,1177126,3375,311128,870493,1133055
880,1182804,3528,311846,881621,1138761
881,537397,1391,164353,416232,519649
882,1186633,3526,164793,876711,1142494
883,1169309,3294,312668,865065,1126491
884,1176432,3291,309992,869020,1133174
885,1176538,3363,311086,868535,1132571
886,1182103,3496,310848,881628,1137959
887,537821,1355,164676,416182,520238
888,1186638,3293,164695,876047,1142836
889,1167938,3306,312728,865385,1125089
890,1177975,3278,310307,870305,1134515
891,1177235,3446,310808,869434,1133203
892,1181723,3415,311508,882560,1137938
893,539232,1372,165130,417330,521394
894,1185848,3271,165340,875187,1141966
895,1167239,3275,311851,865392,1124315
896,1179031,3270,310499,870803,1135917
897,1176103,3414,310404,869967,1132528
898,1182184,3431,311020,882178,1138202
899,538580,1413,164807,416650,520817
900,1185826,3323,165528,876041,1142336
901,1168795,3152,312787,865787,1126141
902,1176093,3166,310337,869097,1133013
903,1176881,3268,311015,869322,1133018
904,1183692,3351,311600,883267,1139610
905,537708,1393,165069,416210,519807
906,1184533,3258,165308,875548,1140545
907,1169799,3219,312565,865435,1126831
908,1178212,3188,310353,870282,1134947
909,1177881,3358,311030,869356,1133443
910,1185190,3292,311937,884361,1140582
911,538017,1388,164780,416289,520015
912,1186234,3216,165457,877022,1142702
913,1168432,3096,312747,866047,1126160
914,1177662,3110,311198,870022,1134678
915,1176722,3410,310742,868542,1132484
916,1184466,3225,311286,883822,1140364
917,538045,1310,164799,416057,520325
918,1186842,3317,164992,876393,1142870
919,1168879,3117,313493,866889,1126486
920,1178486,3078,312121,871546,1135687
921,1176431,3302,311069,867801,1132663
922,1183323,3203,311157,882669,1139528
923,536668,1367,163749,416623,519156
924,1185976,3232,165035,875680,1142108
925,1168478,2996,312491,865139,1125993
926,1177122,3027,309453,870373,1134014
927,1177686,3176,310453,869216,1133764
928,1183531,3190,311788,883728,1139697
929,538123,1326,165060,416436,520220
930,1186053,3302,164713,875324,1141441
931,1168538,3077,312468,865764,1125668
932,1177278,3140,309871,868978,1133932
933,1176437,3262,310728,868187,1131983
934,1183686,3160,310447,882695,1139535
935,537977,1302,164997,416484,520412
936,1184790,3195,164990,875212,1140781
937,1168109,3112,311771,864116,1125212
938,1178647,3082,310307,870541,1135145
939,1176169,3265,311222,867936,1132210
940,1181734,3238,310972,881597,1138004
941,538301,1297,164478,416386,520572
942,1185960,3160,165630,875538,1142066
943,1169094,3002,312570,865769,1126448
944,1178423,2946,310023,869567,1135270
945,1178566,3134,310841,870256,1134567
946,1182589,3068,311031,882177,1139080
947,537969,1280,165056,416451,520178
948,1184998,3209,164823,875545,1141192
949,1167280,3017,312184,865922,1124741
950,1177599,2991,310563,869830,1133741
951,1176977,3152,310427,868841,1133300
952,1180431,3170,310597,880920,1136327
953,538193,1280,164495,416971,520702
954,1184666,3142,165091,875160,1140414
955,1169161,2930,311787,865672,1126415
956,1178456,2863,309863,869612,1135117
957,1177440,3265,311540,869748,1133497
958,1182568,3072,311562,882552,1139010
959,537224,1176,165218,416255,519666
960,1186073,3064,165547,875632,1142205
961,1168434,2831,312865,865211,1125913
962,1178087,2985,309918,870425,1134741
963,1176741,3202,310914,867658,1132391
964,1184646,3120,311634,883843,1140880
965,537787,1219,165474,416734,520071
966,1185856,3125,165213,876127,1141824
967,1168646,2999,312570,865992,1125876
968,1177309,2893,311180,870183,1134011
969,1176052,3031,311649,868889,1132837
970,1183282,3033,311323,882948,1139591
971,538363,1220,164486,416522,520584
972,1184565,3065,165012,875292,1140323
973,1169143,2894,312605,866498,1126415
974,1177500,2878,310937,870052,1134378
975,1176457,3070,310827,869552,1132466
976,1183107,2997,311336,882278,1139066
977,538475,1257,164984,416902,520818
978,1186055,2975,164929,875458,1142145
979,1168959,2884,312751,865806,1126170
980,1179626,2819,311272,871161,1136488
981,1176643,2919,310681,868439,1132789
982,1183118,2887,311395,883262,1139178
983,537329,1184,165324,416573,520052
984,1186354,3021,164653,875604,1142259
985,1168096,2699,312621,865899,1125761
986,1176544,2692,310332,869318,1133606
987,1177773,3057,310776,869877,1133654
988,1183383,2928,310835,881569,1139221
989,537258,1284,164034,415791,519566
990,1185726,3040,164834,875470,1141925
991,1168219,2805,313101,866309,1125621
992,1176497,2777,310728,870031,1133365
993,1176955,2974,310797,868692,1132672
994,1183805,2975,310626,882825,1139541
995,538082,1198,165423,416717,520519
996,1186508,3105,165681,876007,1141903
997,1168919,2793,312127,865458,1126248
998,1176779,2717,310771,870246,1133774
999,1177103,2981,310884,869573,1133073
1000,1183487,3009,312029,882532,1139586
1001,537210,1142,164845,416032,519664
1002,1184668,2865,164712,875447,1140860
1003,1170367,2716,312583,866189,1127598
1004,1177346,2781,310566,869977,1134208
1005,1177005,2897,311772,868588,1132980
1006,1182279,2926,310445,881983,1138083
1007,537240,1134,163927,415618,519438
1008,1185793,2947,164454,875596,1141768
1009,1169304,2713,312486,865997,1126743
1010,1176639,2760,310999,869658,1133634
1011,1178422,2852,311152,869823,1134398
1012,1183299,2934,310885,882482,1138975
1013,537938,1157,164624,416810,520282
1014,1184247,2969,164913,875074,1140172
1015,1166577,2718,311865,864359,1123825
1016,1177102,2678,310099,869708,1133587
1017,1176002,2813,310640,868481,1132193
1018,1183646,2807,311818,883059,1139759
1019,537922,1148,164790,416249,520233
1020,1185328,2779,165013,875783,1141295
1021,1168230,2680,312847,864983,1125703
1022,1177873,2730,311043,869897,1134380
1023,1178295,2896,310829,869633,1133980
1024,1182177,2783,311916,881648,1138009
1025,537070,1163,163960,416460,519657
1026,1185183,2812,164946,875585,1141313
1027,1168775,2792,312538,865184,1125770
1028,1179102,2646,310583,870800,1135515
1029,1176817,2942,311614,868892,1133006
1030,1183390,2780,311463,882602,1139221
1031,538686,1099,165278,417177,521284
1032,1184296,2800,165783,874799,1140316
1033,1168716,2730,312038,865213,1125752
1034,1176370,2600,310226,869257,1133341
1035,1177802,2924,310987,869323,1133188
1036,1183106,2797,311349,883044,1139320
1037,538614,1117,164743,416352,521022
1038,1185694,2811,165342,875884,1141331
1039,1170357,2670,312757,866295,1127568
1040,1177000,2699,310162,869588,1133783
1041,1178093,2769,310571,869355,1133771
1042,1183514,2711,310769,883206,1139719
1043,538349,1186,164784,416520,520518
1044,1186440,2831,165166,875493,1142081
1045,1166725,2629,312693,865348,1124157
1046,1178613,2594,310440,871147,1135368
1047,1176030,2727,311078,869026,1132412
1048,1182875,2872,311085,882381,1138618
1049,537682,1051,164511,416243,520084
1050,1187207,2506,165261,877866,1143659
1051,1168905,2592,313103,865546,1126012
1052,1177003,2594,310529,869648,1133632
1053,1175632,2830,310179,868711,1131844
1054,1183840,2814,310631,882748,1139931
1055,537217,1100,165061,416046,519550
1056,1185428,2641,164760,874290,1141483
1057,1167897,2534,312252,865630,1125326
1058,1178760,2478,310325,871216,1135628
1059,1176667,2802,311219,869695,1132670
1060,1182674,2662,310866,882302,1138477
1061,537370,1069,164456,416410,519906
1062,1185555,2747,164913,875387,1141297
1063,1168580,2547,312539,865984,1125788
1064,1178286,2554,311449,870658,1135191
1065,1176329,2779,311159,868015,1132251
1066,1183322,2644,311611,882817,1139648
1067,538141,1072,164611,416635,520343
1068,1185680,2647,164785,875433,1141071
1069,1168792,2603,312477,865792,1126364
1070,1178017,2596,310365,869916,1134865
1071,1177849,2639,310270,869146,1133729
1072,1183126,2604,310890,883017,1139542
1073,538033,1032,165152,417553,520599
1074,1187019,2496,165906,875908,1143330
1075,1167611,2473,312535,864645,1124698
1076,1178307,2609,310677,870674,1134747
1077,1177770,2625,311167,869894,1133709
1078,1182866,2590,310671,883039,1138931
1079,537751,1085,164505,416830,520223
1080,1184914,2698,164628,874477,1140299
1081,1166173,2475,311659,864504,1123771
1082,1178211,2516,310127,871202,1135460
1083,1176126,2582,311405,868731,1132671
1084,1183597,2715,311286,883709,1139447
1085,538201,1018,165010,417511,520794
1086,1185089,2768,164985,874976,1140801
1087,1168192,2528,312448,864996,1125429
1088,1180367,2526,311431,871069,1136852
1089,1177054,2681,310808,868554,1133154
1090,1183493,2599,311578,883452,1139462
1091,538054,1005,165034,417803,520641
1092,1186811,2585,165680,877102,1142596
1093,1170051,2354,313370,866393,1127297
1094,1178469,2408,309916,870408,1135190
1095,1178439,2521,311145,870295,1134517
1096,1181470,2583,311572,881881,1138029
1097,538178,1044,165109,416712,520267
1098,1185554,2568,165215,876413,1141818
1099,1170145,2413,313777,867060,1127392
1100,1178901,2409,310732,870400,1135470
1101,1178296,2519,311244,869892,1134931
1102,1182985,2597,311195,881864,1138783
1103,538364,1019,164779,416871,520843
1104,1185625,2535,165295,876169,1141676
1105,1169263,2411,313516,867268,1126716
1106,1178013,2424,310286,870086,1134330
1107,1177420,2662,310420,869053,1132997
1108,1182312,2520,310477,881761,1138220
1109,537497,979,163554,415827,519912
1110,1186132,2467,165013,875445,1141876
1111,1167948,2404,312850,865825,1125362
1112,1177994,2412,310892,870138,1134806
1113,1177461,2395,310364,868499,1133597
1114,1181452,2462,310826,881670,1137475
1115,538262,1030,164774,416826,520380
1116,1184231,2489,165296,874799,1140093
1117,1167483,2355,312055,864612,1124602
1118,1177023,2302,310494,868093,1133248
1119,1176305,2501,310419,869264,1132345
1120,1181683,2575,310923,881403,1137508
1121,536858,1041,164253,415720,519450
1122,1186158,2575,164508,875942,1142248
1123,1168820,2369,312462,865611,1125936
1124,1176845,2254,310421,868940,1134261
1125,1177442,2601,310247,868604,1133184
1126,1183463,2535,311316,883298,1139428
1127,538962,1079,165729,417340,521149
1128,1184250,2505,165283,874018,1140210
1129,1168757,2296,311784,865229,1126403
1130,1177553,2382,309540,868731,1134149
1131,1176365,2495,310090,867976,1132050
1132,1181693,2416,310712,881495,1137720
1133,538333,915,164555,416866,520689
1134,1186238,2577,164901,875761,1142165
1135,1167672,2329,312913,865690,1125280
1136,1176707,2273,310657,869367,1133482
1137,1176973,2385,310583,869011,1133180
1138,1181732,2395,310124,881276,1137755
1139,538668,984,165006,417340,521161
1140,1185127,2588,165873,875751,1141171
1141,1167682,2248,312762,865512,1125346
1142,1177225,2243,310098,869523,1133796
1143,1176446,2520,310622,868768,1132636
1144,1182820,2501,311198,882958,1139018
1145,537939,1065,164828,416671,520367
1146,1186545,2439,165078,875863,1142744
1147,1168493,2323,312455,866008,1125722
1148,1177892,2190,310429,869913,1134983
1149,1176462,2455,311174,868017,1132643
1150,1181974,2435,310236,882254,1138116
1151,538065,988,164783,416423,520617
1152,1185811,2366,165112,875354,1141563
1153,1168359,2277,312714,865983,1125774
1154,1178159,2187,310858,869610,1134947
1155,1176922,2374,310882,868891,1133008
1156,1182308,2380,311359,882982,1138473
1157,538258,907,165057,417105,520942
1158,1185320,2258,165367,875745,1141456
1159,1169226,2362,313356,865947,1126492
1160,1177522,2219,310215,869364,1134105
1161,1177638,2403,310947,870354,1133364
1162,1184635,2478,311545,884373,1140383
1163,538517,967,164954,417078,520816
1164,1184722,2408,164442,874436,1140142
1165,1167967,2298,311885,864754,1125073
1166,1177581,2196,310707,870127,1134613
1167,1177478,2380,311917,869602,1133156
1168,1183162,2318,310554,883282,1138925
1169,537999,950,165139,416548,520306
1170,1185441,2368,164942,876862,1141633
1171,1168638,2241,312674,865827,1125697
1172,1176037,2205,310581,869194,1132876
1173,1176771,2414,310429,868694,1132665
1174,1183540,2239,311309,883014,1139670
1175,537908,955,164289,416032,520098
1176,1187276,2392,164917,876460,1142967
1177,1167698,2315,312186,864355,1125066
1178,1177127,2164,309843,870131,1134010
1179,1176646,2379,310646,868656,1132842
1180,1184094,2361,310083,882349,1140082
1181,537595,927,164648,417360,520248
1182,1184464,2230,164792,874379,1140816
1183,1168865,2133,313165,867133,1126716
1184,1176633,2169,310990,869641,1133232
1185,1177378,2237,310777,869797,1133476
1186,1181958,2360,310484,880774,1137854
1187,537328,964,164657,415739,519633
1188,1186032,2353,165746,875877,1141966
1189,1169512,2233,312689,866177,1126453
1190,1176638,2113,310270,868983,1133604
1191,1176398,2275,310589,868034,1132440
1192,1181864,2325,310800,882080,1138061
1193,537368,902,164134,415699,519841
1194,1185411,2389,164491,875682,1141433
1195,1169553,2123,313053,866261,1127024
1196,1177493,2228,310430,869703,1133757
1197,1176297,2295,310896,869101,1132560
1198,1182513,2259,311253,881755,1138804
1199,537577,935,164496,415680,519852
1200,1185606,2266,164602,875587,1141800
1201,1168655,2284,311999,865363,1125982
1202,1178044,2132,310379,870931,1134925
1203,1174663,2218,311465,868484,1131091
1204,1182521,2272,310777,881680,1137958
1205,537729,969,164255,415974,519980
1206,1185837,2324,164965,875039,1141528
1207,1168242,2170,312370,865548,1125362
1208,1177260,2043,310119,869582,1134128
1209,1175943,2261,309495,868069,1132032
1210,1183302,2296,310538,882401,1139165
1211,537664,953,164397,416554,519947
1212,1184820,2251,164843,874127,1140683
1213,1168639,2161,312361,865444,1126065
1214,1176996,2046,310518,869778,1133534
1215,1176650,2247,310396,868547,1132628
1216,1183752,2181,311013,882288,1139094
1217,537612,868,164887,417211,520114
1218,1184539,2220,165358,874974,1140521
1219,1169928,2112,312993,867400,1127015
1220,1178254,2043,311070,870430,1135291
1221,1177409,2251,311491,868453,1133124
1222,1184557,2227,310615,883330,1140256
1223,537827,868,164713,416631,520254
1224,1186968,2292,164813,876015,1142273
1225,1168328,2078,313058,866885,1125549
1226,1177077,2036,310993,870163,1134452
1227,1177082,2250,311428,869627,1133118
1228,1183089,2168,310794,882597,1139256
1229,538453,928,165354,416551,520761
1230,1186005,2239,165341,875794,1141922
1231,1168524,2184,313007,865860,1126094
1232,1177228,1986,311207,869786,1134083
1233,1176420,2311,310237,868936,1132410
1234,1183485,2092,311270,882484,1139437
1235,538097,858,164813,416660,520588
1236,1186365,2221,165706,875968,1142129
1237,1169081,2080,312229,865647,1126341
1238,1178058,2007,310412,869841,1134589
1239,1177245,2230,310767,869249,1133241
1240,1183409,2185,311945,884173,1139632
1241,538878,979,164659,417510,521099
1242,1185302,2098,164834,875504,1141474
1243,1168564,2109,312326,864955,1125843
1244,1176954,2014,309669,870215,1133742
1245,1176378,2289,310796,868535,1132156
1246,1183615,2145,310330,882731,1139755
1247,537758,898,164143,415818,519657
1248,1184973,2087,164954,875019,1141057
1249,1168705,2092,312557,866300,1125589
1250,1176717,2015,310783,869760,1133689
1251,1176286,2035,310347,868207,1132475
1252,1182748,2172,311172,882907,1138725
1253,538090,892,164411,416990,520331
1254,1187644,2129,164745,876466,1143351
1255,1167927,2035,312852,865656,1125207
1256,1178088,1931,310962,870047,1134821
1257,1175605,2162,310260,868622,1131249
1258,1182915,2175,310710,882601,1139031
1259,538381,824,164443,416965,520653
1260,1187021,2011,165427,876002,1142875
1261,1169178,2008,312554,865702,1126327
1262,1177730,2004,309776,870083,1134482
1263,1177190,2191,310731,868936,1133275
1264,1183212,2112,311182,883166,1139408
1265,537917,879,164664,416467,520263
1266,1185057,2119,164824,875210,1141217
1267,1167981,1962,311990,865187,1125437
1268,1177519,1960,310105,870171,1134100
1269,1178528,2128,311376,870215,1134593
1270,1182460,2130,311437,882876,1138561
1271,538249,891,165453,417325,520758
1272,1185825,2082,165344,875164,1142078
1273,1167543,2017,311370,864465,1125021
1274,1178655,1972,311194,870491,1135636
1275,1176665,2124,310166,869648,1132703
1276,1183125,2090,310974,883042,1139066
1277,537881,929,164496,416489,519870
1278,1184930,2176,164574,874913,1140879
1279,1168157,1884,312689,865016,1125911
1280,1177581,1926,310451,869935,1134347
1281,1176689,2111,311140,869563,1132333
1282,1183132,2084,311722,883511,1139402
1283,538147,805,164159,416457,520336
1284,1186089,2098,164576,875624,1142097
1285,1169311,1946,312262,865984,1126557
1286,1177455,2043,310653,870105,1133827
1287,1176859,2114,311105,868383,1132762
1288,1183904,2064,311409,883306,1140161
1289,537792,810,164924,416578,520169
1290,1184623,2084,164707,874672,1140618
1291,1168776,1891,311868,865291,1126286
1292,1177212,1845,310549,869820,1134151
1293,1177125,2059,310507,869022,1133064
1294,1183114,2114,311559,882545,1138826
1295,537253,854,164581,416307,519801
1296,1185435,2071,164997,875192,1141290
1297,1167579,1970,312680,864909,1124850
1298,1178082,1995,310129,870347,1134966
1299,1175712,2054,310231,867962,1131711
1300,1183760,2034,311301,883230,1139896
1301,538212,829,165126,417035,520367
1302,1186655,1997,165204,875498,1142954
1303,1168846,1982,312315,865752,1126041
1304,1178618,1921,310901,871048,1135675
1305,1177127,2010,310742,868722,1133056
1306,1182830,2016,311194,882963,1139148
1307,537636,831,164496,415788,519827
1308,1183866,2098,165143,875605,1139985
1309,1168568,1970,312970,865417,1125783
1310,1179031,1889,310646,871351,1135609
1311,1176839,1982,310458,869691,1132721
1312,1184149,2004,311409,883457,1140261
1313,536994,857,164898,415598,519225
1314,1185813,1929,164414,875038,1142358
1315,1168824,1946,312218,865543,1126132
1316,1176763,1888,310200,869757,1133572
1317,1177799,2015,311147,870190,1134048
1318,1182489,2026,311476,882270,1138659
1319,537730,725,164712,416252,520161
1320,1185398,2044,164813,875057,1141373
1321,1168279,1810,312054,864427,1125672
1322,1176959,1796,310194,869827,1133907
1323,1176812,1877,311050,868965,1132752
1324,1182247,1968,310669,882005,1138422
1325,536527,810,164108,415373,518963
1326,1187866,1854,164566,876041,1143464
1327,1168218,1917,312247,865203,1125445
1328,1178331,1978,311039,870559,1134529
1329,1176997,1962,311053,868582,1133535
1330,1181340,1924,311055,881638,1137807
1331,539207,819,164168,417025,521237
1332,1185778,1908,165322,875607,1141783
1333,1168996,1786,312225,865412,1126108
1334,1177887,1822,310946,869852,1134483
1335,1176282,1987,310908,868910,1132237
1336,1183083,1972,310879,882297,1139076
1337,537766,775,164276,416087,520074
1338,1184860,1957,164756,875423,1141004
1339,1167961,1906,312021,865198,1125483
1340,1176956,1723,310398,868516,1133817
1341,1178386,1947,310775,870995,1135104
1342,1182833,1913,311855,883223,1138837
1343,538241,812,164418,416241,520419
1344,1186243,1973,165131,875800,1142055
1345,1167987,1793,313161,865970,1125728
1346,1177555,1810,310281,869664,1134671
1347,1176875,1969,310582,869818,1132959
1348,1182746,1844,311588,883701,1139139
1349,538138,783,164891,416629,520525
1350,1184837,1856,165432,875611,1140962
1351,1168797,1836,312578,865888,1125920
1352,1177532,1788,310411,870009,1134653
1353,1177532,1951,310916,869163,1133588
1354,1183884,1961,311054,883867,1140179
1355,538518,741,165076,416732,520651
1356,1186689,1901,165298,876016,1142350
1357,1169593,1857,313630,866621,1126568
1358,1177056,1770,310155,869770,1134317
1359,1177120,2107,310512,869334,1132826
1360,1183824,1913,310900,882670,1139854
1361,538634,787,164548,416103,520924
1362,1186115,1959,164275,875482,1141906
1363,1168743,1765,312755,866089,1126006
1364,1177927,1693,311037,870632,1134528
1365,1175749,1888,311071,868267,1131729
1366,1182465,1939,310976,882057,1138332
1367,538705,734,164757,417405,521294
1368,1186935,1936,165346,875466,1142511
1369,1168133,1801,312579,866224,1125501
1370,1177180,1808,310819,870389,1134146
1371,1175737,1891,310848,868411,1131953
1372,1183943,1882,310781,883053,1139806
1373,537767,770,164680,416123,520230
1374,1185779,1801,164925,876001,1141748
1375,1168958,1779,312645,866128,1126207
1376,1177936,1801,311165,870061,1134295
1377,1176129,1854,311095,869369,1132233
1378,1184191,1851,311264,884092,1140195
1379,537711,810,165457,416455,520137
1380,1187633,1840,165139,876514,1143314
1381,1170079,1827,312511,865712,1127374
1382,1177118,1832,310089,869215,1133487
1383,1177311,1882,310757,869102,1133191
1384,1182506,1888,311035,882460,1138654
1385,538580,722,165451,417586,520885
1386,1185541,1862,165139,875622,1141658
1387,1167649,1766,311565,864948,1125004
1388,1178122,1632,310332,870675,1134915
1389,1177837,1828,311284,869785,1134151
1390,1184476,1880,312322,884236,1141017
1391,537321,740,164865,416368,519948
1392,1186767,2017,165435,875930,1142568
1393,1168603,1775,312997,866026,1126380
1394,1176222,1740,309766,868456,1132602
1395,1175402,1849,309734,867303,1131040
1396,1184108,1835,310734,883359,1140196
1397,537837,747,165163,416460,520456
1398,1186581,1773,165531,876627,1142857
1399,1169659,1816,312645,866208,1126791
1400,1177669,1717,310493,870478,1134374
1401,1176958,1929,311398,869651,1132852
1402,1184482,1861,310520,882925,1140126
1403,537792,730,164587,416499,520068
1404,1184041,1905,165106,874998,1140352
1405,1168106,1784,313025,865755,1125392
1406,1177780,1710,311001,870782,1134497
1407,1176367,1869,311157,868651,1132495
1408,1182630,1758,311214,882077,1138920
1409,537976,754,164386,416958,520269
1410,1186897,1758,164864,876110,1143145
1411,1168934,1755,313382,866544,1126508
1412,1176335,1734,310772,869485,1132881
1413,1175532,1823,310439,868124,1131800
1414,1184776,1806,311803,883382,1140589
1415,537792,713,164385,416171,520375
1416,1186233,1851,165678,875614,1141894
1417,1169038,1788,312863,865311,1126364
1418,1178359,1598,310865,870844,1135786
1419,1177153,1891,311819,869007,1133382
1420,1182408,1794,310359,882156,1138779
1421,537581,768,164278,416499,519935
1422,1185792,1783,164981,875390,1141606
1423,1167395,1861,311912,864532,1124175
1424,1178468,1685,310183,871000,1135016
1425,1177500,1810,310941,868931,1133220
1426,1183870,1736,310885,883498,1139791
1427,538977,731,165362,417335,520960
1428,1185466,1813,165662,876071,1141740
1429,1167466,1667,313911,866162,1125334
1430,1176631,1723,310285,870161,1133665
1431,1176446,1919,311020,869108,1132625
1432,1182981,1768,311450,882494,1138955
1433,538008,700,164723,416906,520348
1434,1185107,1766,165223,875098,1141018
1435,1168993,1673,312780,865508,1126221
1436,1179154,1585,310233,870531,1135869
1437,1177423,1819,311310,869411,1133081
1438,1183036,1712,311810,883102,1138966
1439,537853,760,164960,416690,520055
1440,1185044,1727,165110,875441,1141400
1441,1168329,1644,312455,865016,1125373
1442,1177952,1704,310054,870150,1134459
1443,1177021,1712,310524,869626,1133293
1444,1183432,1729,310886,882418,1139274
1445,538489,761,165108,417219,520730
1446,1187786,1778,165359,876583,1143459
1447,1168750,1743,312230,864911,1125820
1448,1178146,1652,310326,869822,1134543
1449,1176384,1753,310792,868210,1132020
1450,1182947,1862,311139,882791,1139059
1451,538621,696,164642,416803,521044
1452,1185106,1697,165137,875541,1141191
1453,1168208,1603,311992,864907,1125739
1454,1177950,1575,309103,869837,1134387
1455,1177134,1700,310538,869976,1133277
1456,1181000,1754,311213,882486,1137593
1457,537230,684,164327,415285,519419
1458,1186081,1679,164554,875841,1142496
1459,1168610,1640,312922,866215,1125967
1460,1177850,1606,310279,870278,1134946
1461,1176407,1719,310421,867993,1132290
1462,1182448,1676,310358,882294,1138695
1463,537910,691,164717,416614,520448
1464,1186066,1676,164663,875441,1141851
1465,1168778,1599,313158,866283,1126389
1466,1176944,1593,310185,869425,1133865
1467,1177142,1705,310957,869601,1133058
1468,1183731,1822,311192,882369,1139253
1469,538554,742,164659,416647,520928
1470,1186610,1732,165047,876279,1142484
1471,1169317,1680,312913,867014,1126618
1472,1177312,1640,310513,869347,1133953
1473,1175255,1769,310322,867595,1131039
1474,1184167,1723,310031,882823,1140179
1475,537839,642,164315,416539,520070
1476,1186230,1693,165129,876172,1142125
1477,1168088,1548,312849,865494,1125528
1478,1178278,1637,310762,869777,1134616
1479,1176890,1713,310367,868758,1133202
1480,1184127,1698,311046,883950,1140475
1481,537636,726,165015,416685,519848
1482,1185100,1694,165227,874651,1141032
1483,1167180,1587,311643,864704,1124244
1484,1177346,1593,309794,870170,1134456
1485,1177530,1681,310874,870442,1133766
1486,1181997,1681,311584,881662,1137910
1487,537642,663,164926,416349,520052
1488,1185660,1663,164829,875409,1141756
1489,1167939,1563,313199,865511,1125468
1490,1177648,1454,310965,870657,1134812
1491,1175630,1766,310339,867593,1131082
1492,1183596,1597,310858,882605,1139809
1493,537623,629,164758,416497,520173
1494,1185233,1807,164510,875339,1140886
1495,1167629,1531,312370,865694,1125118
1496,1177279,1612,311016,869645,1133936
1497,1176164,1650,310908,869128,1132204
1498,1184277,1686,311239,883118,1140153
1499,538246,719,164535,416953,520806
1500,1185839,1640,164990,874813,1141864
1501,1169037,1614,313257,865736,1126457
1502,1177835,1617,310090,870041,1134448
1503,1176552,1728,310993,868889,1132929
1504,1182530,1545,310632,882100,1138895
1505,537744,650,164459,416322,520135
1506,1184466,1665,165136,875550,1140988
1507,1168034,1581,312506,865013,1125406
1508,1177499,1535,310520,869921,1134413
1509,1178079,1579,310681,869738,1134031
1510,1183925,1661,311346,883606,1140011
1511,538448,653,164430,416329,520556
1512,1186097,1618,165101,875455,1142081
1513,1168702,1525,313204,865353,1125590
1514,1178575,1509,310464,870055,1135087
1515,1177555,1688,310792,869890,1133130
1516,1181974,1689,309954,881847,1138049
1517,538606,756,165250,416991,521198
1518,1185391,1672,165307,875788,1141738
1519,1167836,1500,312037,864620,1125367
1520,1178912,1457,310583,871350,1135783
1521,1176832,1675,311447,869244,1132944
1522,1184291,1630,311421,883163,1140719
1523,537458,741,164980,416049,519745
1524,1184973,1593,164696,875032,1141358
1525,1168562,1550,312742,866502,1126268
1526,1178314,1623,311725,870010,1135031
1527,1177220,1646,310859,869347,1133395
1528,1184600,1656,310363,883459,1140232
1529,538114,698,165086,416755,520494
1530,1186186,1627,164994,876131,1142012
1531,1170306,1508,312751,866690,1127555
1532,1177611,1538,310769,871049,1134711
1533,1177018,1692,311474,869574,1132988
1534,1182734,1580,310916,883043,1138846
1535,539261,701,164634,417723,521297
1536,1185587,1578,165499,875768,1141557
1537,1168801,1594,312614,867037,1126402
1538,1177765,1420,310611,870167,1135097
1539,1178344,1581,310988,870334,1134401
1540,1182924,1610,311778,882919,1139074
1541,537469,643,164618,416214,519944
1542,1187376,1630,165438,875762,1142792
1543,1168227,1520,312566,866408,1125895
1544,1178136,1521,311421,870388,1134806
1545,1176823,1629,310390,868299,1132525
1546,1182060,1596,311633,882832,1138550
1547,538316,622,164819,417062,520529
1548,1185700,1623,164782,876025,1141661
1549,1169121,1576,312557,866454,1126378
1550,1177265,1433,309951,870224,1134214
1551,1177951,1565,310515,869773,1133956
1552,1182689,1617,311634,883004,1138821
1553,538973,603,164861,417413,521251
1554,1186261,1586,165336,876512,1142229
1555,1168373,1484,313312,866221,1125902
1556,1177793,1486,310520,870216,1134720
1557,1176866,1544,311649,869382,1132761
1558,1181684,1615,311167,881752,1137928
1559,537707,623,164176,416353,519998
1560,1186929,1548,164752,876206,1142392
1561,1168008,1515,312647,865437,1125510
1562,1177144,1415,310328,869162,1133817
1563,1176922,1619,310427,868820,1133273
1564,1183264,1602,310908,883051,1139209
1565,538370,643,164737,416719,520585
1566,1185118,1578,165273,875533,1141221
1567,1169862,1427,312501,866468,1127075
1568,1177286,1485,310866,870633,1134497
1569,1177765,1634,311030,868560,1133752
1570,1182929,1612,311474,882837,1138423
1571,537329,632,164624,416467,519683
1572,1187100,1663,164975,875986,1142566
1573,1168697,1450,312994,864933,1125961
1574,1178885,1429,310260,869913,1135623
1575,1178517,1580,311173,870792,1134610
1576,1181519,1634,310942,881440,1137214
1577,538009,641,164656,416514,520101
1578,1186143,1618,165348,876702,1142036
1579,1167584,1437,312575,864515,1124970
1580,1176209,1452,309661,869960,1133422
1581,1176340,1588,310762,869531,1132178
1582,1182883,1516,311138,882383,1139200
1583,538362,680,165228,416510,520499
1584,1184221,1529,164799,874380,1140419
1585,1167629,1450,312022,865484,1125078
1586,1177516,1394,310132,869429,1134303
1587,1177989,1589,310321,868933,1133899
1588,1184132,1607,311674,883427,1140301
1589,538009,605,164914,417290,520544
1590,1185743,1538,165188,875106,1141428
1591,1170378,1463,312796,866494,1127667
1592,1176087,1388,310380,870240,1133638
1593,1177408,1527,310898,869363,1133543
1594,1182459,1497,310619,881501,1138727
1595,538211,561,164696,417248,520722
1596,1187672,1538,165416,876618,1143712
1597,1169011,1410,313184,867057,1126621
1598,1177394,1450,310672,869685,1134137
1599,1174128,1584,309802,867702,1130355
1600,1182684,1610,310935,882050,1138517
1601,537732,605,164426,416209,520337
1602,1187662,1474,165296,876893,1143442
1603,1167796,1459,312467,864579,1125483
1604,1176916,1446,309945,870257,1133641
1605,1177038,1528,310477,868786,1132805
1606,1182066,1477,311028,882369,1138167
1607,538703,594,164672,417260,521239
1608,1185987,1499,165292,875893,1141727
1609,1169414,1397,312586,866398,1126331
1610,1178193,1464,310542,869990,1134606
1611,1175881,1594,310905,867533,1131842
1612,1182847,1497,310970,882253,1138910
1613,538153,624,164705,416834,520389
1614,1185918,1524,164650,875695,1141862
1615,1168101,1394,312391,866425,1126079
1616,1178210,1411,311582,870569,1135148
1617,1176597,1551,311191,868348,1132617
1618,1183167,1596,310663,882728,1139213
1619,538268,654,165074,416956,520634
1620,1184956,1479,165033,874405,1140602
1621,1169055,1423,312065,866428,1126321
1622,1177335,1393,310743,869660,1134154
1623,1176307,1610,310493,868507,1132334
1624,1182873,1542,310871,881837,1138341
1625,538283,652,164341,416633,520230
1626,1185524,1485,164840,875198,1141683
1627,1169627,1470,312725,865623,1126867
1628,1178599,1317,310220,870529,1135504
1629,1176743,1462,310310,869049,1132861
1630,1181847,1419,311541,882306,1138335
1631,538586,607,164688,416691,520696
1632,1185017,1471,165154,874656,1141033
1633,1167527,1326,311746,864591,1124558
1634,1178153,1381,310047,870887,1134623
1635,1177941,1435,310642,869938,1133955
1636,1181827,1485,311248,881914,1137808
1637,537619,615,164721,416401,519904
1638,1185507,1514,164912,875535,1141601
1639,1168420,1345,311957,865507,1126061
1640,1176982,1375,309314,869787,1133788
1641,1176763,1455,311859,868783,1132838
1642,1183098,1423,310888,883095,1139904
1643,537118,590,164329,415600,519487
1644,1186230,1513,165142,876106,1141836
1645,1169233,1403,312674,865455,1126366
1646,1178585,1339,310084,869851,1135417
1647,1175965,1421,310798,868485,1131977
1648,1180973,1539,310787,882062,1137097
1649,537413,620,163810,415678,519475
1650,1184096,1507,164523,874835,1140677
1651,1169259,1378,312798,865866,1126665
1652,1177552,1378,310394,870228,1134769
1653,1176795,1441,310916,869218,1132771
1654,1183081,1488,311299,882963,1139348
1655,537951,603,164873,416565,520299
1656,1185883,1495,165541,876387,1142068
1657,1168724,1394,313366,865881,1125951
1658,1178354,1426,310307,869365,1134661
1659,1176459,1380,310491,869071,1132407
1660,1183465,1361,311125,882759,1139615
1661,538434,566,165073,416988,520747
1662,1185759,1447,165451,876064,1141889
1663,1168200,1380,312171,865502,1125377
1664,1177478,1377,310197,869644,1134269
1665,1176029,1462,310695,869044,1132128
1666,1182310,1446,310872,882549,1138287
1667,538584,533,164928,417522,521273
1668,1185384,1466,165459,875189,1141608
1669,1169006,1396,312211,865354,1126137
1670,1177042,1330,309785,869443,1133765
1671,1176148,1356,310350,869618,1132515
1672,1182486,1425,310331,882088,1138338
1673,537150,542,164163,415712,519784
1674,1185798,1433,164895,875876,1141922
1675,1169625,1336,312048,866264,1126683
1676,1177279,1371,310206,869914,1133919
1677,1175395,1446,310681,866934,1131125
1678,1181529,1492,310593,882232,1138039
1679,537645,558,164333,415889,519850
1680,1184988,1379,164561,875416,1141209
1681,1168635,1370,312801,866196,1126138
1682,1176193,1385,310667,869580,1132723
1683,1176733,1352,310827,868468,1132584
1684,1182869,1297,311056,882449,1139157
1685,538650,569,165008,417458,521012
1686,1185404,1467,165331,875780,1141038
1687,1168206,1373,311865,865670,1125737
1688,1177581,1188,310817,870129,1134381
1689,1177386,1443,310848,869358,1133113
1690,1182543,1424,311103,882196,1138732
1691,537825,567,164308,415973,520111
1692,1184848,1341,164796,875267,1140977
1693,1168716,1365,312515,865067,1126001
1694,1177206,1318,310300,869723,1134066
1695,1177159,1383,311121,869193,1133151
1696,1182900,1371,310518,881781,1138659
1697,537943,615,164324,416762,520223
1698,1185640,1420,164834,875415,1141526
1699,1168358,1409,313126,865957,1125547
1700,1177960,1309,311479,870780,1134827
1701,1176365,1400,311122,868729,1132665
1702,1181802,1347,310859,882697,1137970
1703,537748,620,164641,416288,519984
1704,1187001,1358,165494,875765,1142612
1705,1168947,1307,312143,865506,1126029
1706,1177694,1335,310042,869748,1134421
1707,1177486,1417,310773,868623,1133396
1708,1183024,1415,311537,881969,1138943
1709,537577,574,164168,415978,519926
1710,1186332,1364,164271,876233,1142253
1711,1169816,1247,313623,866823,1127242
1712,1177223,1244,310375,869896,1133932
1713,1178953,1432,311121,870107,1134418
1714,1183188,1351,310995,883589,1139382
1715,538072,584,164808,416621,520359
1716,1185769,1314,165212,875978,1142298
1717,1169852,1223,313169,866331,1126904
1718,1177812,1369,310838,870131,1134530
1719,1176841,1377,311190,869645,1133002
1720,1184190,1421,311929,883880,1140481
1721,538157,606,165097,417337,520355
1722,1187115,1295,165825,876597,1143133
1723,1167672,1308,312789,864750,1125084
1724,1177650,1331,310039,870734,1134701
1725,1175482,1502,310558,867531,1131131
1726,1182997,1267,311180,884034,1139418
1727,537489,580,164724,415993,519811
1728,1185967,1331,164423,875680,1142042
1729,1168729,1212,312950,865100,1125932
1730,1178661,1301,310260,871757,1135636
1731,1176204,1342,311120,868248,1132553
1732,1183505,1343,311385,882905,1139394
1733,538578,522,165092,417185,520703
1734,1186833,1347,165424,876473,1142723
1735,1168329,1257,313134,865713,1125733
1736,1177553,1262,310982,869896,1134231
1737,1174969,1292,310209,867747,1131123
1738,1182478,1377,310594,882364,1138868
1739,537842,521,164625,416516,520141
1740,1185760,1332,165115,875860,1141429
1741,1169852,1284,312573,866014,1127148
1742,1178127,1293,310858,870094,1134593
1743,1176687,1434,311022,869110,1132658
1744,1183447,1225,311741,882432,1139185
1745,537827,540,164526,416412,519937
1746,1186794,1330,165645,876145,1142247
1747,1167941,1303,312468,865874,1125104
1748,1177779,1267,310274,870198,1134521
1749,1177704,1422,310831,869416,1133580
1750,1183935,1377,310727,882192,1139307
1751,537726,531,165123,416173,519952
1752,1186170,1312,165225,875942,1142401
1753,1167541,1271,313154,865753,1124945
1754,1177678,1222,310189,869184,1133987
1755,1175566,1281,310244,868192,1131310
1756,1183281,1423,310964,882437,1139051
1757,537446,533,164047,416018,519807
1758,1186189,1317,164737,876068,1141824
1759,1167812,1259,313121,865618,1125099
1760,1178035,1211,310243,869131,1134834
1761,1177050,1368,310086,868505,1133174
1762,1181132,1302,310787,881550,1137119
1763,537733,500,164346,416867,520201
1764,1187436,1335,165121,876294,1143260
1765,1169364,1310,312920,865799,1126581
1766,1177708,1234,310538,870851,1134796
1767,1179224,1367,311542,870608,1134706
1768,1183328,1388,310999,882009,1139317
1769,539629,595,165127,417347,521740
1770,1184172,1272,165765,875059,1140259
1771,1169374,1333,312442,866033,1126073
1772,1177905,1198,310963,870592,1134675
1773,1175731,1372,310830,868897,1131685
1774,1181570,1260,311215,881264,1137338
1775,537438,550,164494,416851,519712
1776,1185924,1256,165114,875608,1142001
1777,1168716,1230,312553,865845,1125869
1778,1177554,1228,310668,869260,1134501
1779,1178615,1305,310736,869418,1134452
1780,1182707,1355,311167,882599,1138671
1781,538191,535,164290,416239,520287
1782,1185599,1282,164954,876161,1141711
1783,1167223,1241,312720,865646,1124390
1784,1177064,1230,310702,869981,1134476
1785,1176851,1409,310561,869432,1132680
1786,1181732,1301,311455,882017,1137783
1787,536713,570,164850,416025,519002
1788,1185992,1298,164928,875617,1142101
1789,1168184,1327,312404,865101,1125088
1790,1178851,1195,310768,870733,1135903
1791,1175031,1377,310777,867774,1130861
1792,1183357,1289,310988,882190,1139337
1793,537800,523,164698,416147,520282
1794,1185598,1264,164493,876319,1141314
1795,1167937,1107,312202,865347,1125889
1796,1178899,1274,309672,870275,1135719
1797,1177100,1246,311380,868748,1132926
1798,1184130,1253,312147,883968,1140279
1799,537293,546,164719,416028,519557
1800,1186282,1237,164882,875578,1142382
1801,1167899,1156,312388,865292,1125195
1802,1178256,1199,311312,870741,1135161
1803,1175813,1202,310748,868438,1132235
1804,1184217,1236,311429,884419,1140410
1805,537341,501,165421,416305,519534
1806,1185790,1254,165056,876027,1142286
1807,1167775,1239,312998,865039,1125300
1808,1178111,1204,309938,870105,1135133
1809,1177352,1305,310634,869497,1133317
1810,1182848,1266,310688,882254,1138852
1811,538123,521,165241,416591,520557
1812,1183768,1234,165041,873705,1139638
1813,1168138,1254,312064,865009,1125405
1814,1176989,1207,309789,869644,1133671
1815,1177303,1125,310725,869544,1133516
1816,1182226,1232,310897,882078,1138355
1817,539237,549,165450,417689,521613
1818,1185781,1169,165328,875554,1141917
1819,1169790,1150,313085,866488,1127057
1820,1177865,1165,311276,870099,1134442
1821,1177635,1272,310413,869919,1133732
1822,1183486,1272,311412,882750,1139466
1823,537556,456,164610,416173,519913
1824,1185952,1250,165050,875583,1142099
1825,1167215,1230,312224,864657,1124517
1826,1179263,1105,310631,870904,1135808
1827,1176900,1236,310835,868261,1132863
1828,1182211,1193,310420,881529,1138369
1829,537937,521,164180,416485,520185
1830,1186254,1297,165042,875513,1141963
1831,1167937,1214,312343,865458,1125124
1832,1178401,1144,310535,870487,1135151
1833,1177177,1297,310444,869620,1133212
1834,1185082,1243,310971,883467,1141125
1835,538530,489,164899,417131,520692
1836,1184921,1269,164925,874349,1140806
1837,1168116,1105,311865,865655,1125958
1838,1179982,1202,310305,870768,1136336
1839,1176069,1233,310825,869393,1132421
1840,1183554,1202,311091,883320,1139436
1841,537542,454,164796,416664,519974
1842,1184701,1280,164941,876052,1140588
1843,1168965,1163,313204,866300,1126660
1844,1178056,1128,310487,870052,1135135
1845,1177339,1292,310402,867995,1133147
1846,1182085,1240,310553,881895,1138342
1847,538066,499,164642,416428,520508
1848,1184914,1310,165204,874724,1140811
1849,1168791,1207,313007,865227,1125655
1850,1177465,1188,309975,869102,1134066
1851,1177477,1282,310733,868583,1132991
1852,1182178,1237,310819,882243,1138476
1853,537276,480,164377,415690,519655
1854,1185357,1141,165178,875472,1141335
1855,1169723,1222,312777,866482,1126941
1856,1177004,1111,310206,868776,1134004
1857,1177140,1297,310469,869796,1132665
1858,1182802,1241,311647,882188,1138934
1859,538235,517,165122,417075,520322
1860,1187024,1179,165497,876342,1143050
1861,1168406,1155,312017,865798,1125844
1862,1179770,1101,310507,871276,1136184
1863,1176437,1261,310740,868347,1132455
1864,1182770,1126,310856,882692,1138652
1865,537832,443,164775,415971,520303
1866,1187335,1184,165018,876777,1143229
1867,1168060,1249,312736,864958,1125034
1868,1176779,1110,310464,869890,1134125
1869,1175402,1232,310505,868765,1131568
1870,1184571,1175,311049,883335,1140181
1871,537476,507,164607,416293,519741
1872,1186277,1157,164867,877173,1142551
1873,1168188,1103,312365,865741,1125324
1874,1176055,1093,310211,869247,1133261
1875,1178701,1174,310537,869301,1134518
1876,1182399,1148,310557,882215,1138404
1877,537117,495,164802,416704,519630
1878,1187661,1164,165108,876710,1143553
1879,1167999,1146,313602,865878,1125859
1880,1176807,1111,310284,868702,1133604
1881,1175725,1217,310581,868704,1131815
1882,1182979,1137,310986,882608,1138808
1883,538251,472,164719,416727,520821
1884,1185523,1237,164939,875293,1141636
1885,1168293,1123,312519,865763,1125645
1886,1177369,1147,309882,869619,1134350
1887,1177163,1276,310409,868760,1133155
1888,1184029,1258,311779,883432,1139860
1889,538288,511,165729,417237,520762
1890,1184715,1142,165127,874963,1140616
1891,1169380,1213,312504,865709,1126823
1892,1178406,1070,310955,871061,1135202
1893,1176431,1196,311370,869339,1132799
1894,1181807,1136,310631,881606,1138164
1895,537703,494,164615,416202,520027
1896,1185920,1250,164948,875415,1141540
1897,1167820,1089,312325,865329,1125518
1898,1178192,1071,310585,870775,1134720
1899,1175516,1157,310933,868280,1131512
1900,1181956,1173,310992,882302,1137982
1901,538344,472,165263,417155,520901
1902,1186511,1224,166061,876201,1142498
1903,1167482,1116,311789,864109,1124532
1904,1177003,1034,309493,869136,1133557
1905,1175333,1193,310269,868183,1131822
1906,1181831,1162,311121,881812,1138140
1907,538768,431,165220,417052,521087
1908,1186119,1157,165226,875943,1142170
1909,1167698,1116,312902,864298,1125274
1910,1176577,1081,309792,869355,1133465
1911,1176879,1238,311721,869547,1133352
1912,1182623,1153,311082,882829,1138872
1913,538127,559,164654,416608,520230
1914,1186092,1171,165265,875783,1142145
1915,1166744,1119,312457,864437,1124169
1916,1176813,1097,309688,869657,1133551
1917,1176896,1217,310878,869756,1133099
1918,1183859,1189,311388,882642,1139652
1919,538111,514,164296,416308,520245
1920,1186926,1198,165019,876592,1142756
1921,1168112,1106,313143,865740,1125798
1922,1178040,1098,311189,870578,1135007
1923,1176914,1169,310950,868371,1132510
1924,1182329,1092,311552,881835,1138252
1925,536801,451,164572,416206,519369
1926,1184807,1212,164901,874940,1140962
1927,1168976,1075,312275,865228,1126032
1928,1178527,1102,310545,870385,1135106
1929,1175884,1125,311369,868907,1132228
1930,1182892,1135,310927,882332,1138777
1931,538213,426,164252,416462,520408
1932,1185847,1154,165039,875812,1141603
1933,1167658,1165,312849,865513,1125156
1934,1177860,1063,310386,870985,1134810
1935,1177567,1138,311264,869318,1133674
1936,1183251,1094,312526,883600,1139788
1937,537742,450,164928,416820,520296
1938,1186739,1174,165260,876607,1142735
1939,1168109,1088,313067,865097,1125573
1940,1177756,1108,310291,870291,1134476
1941,1176185,1187,311107,869198,1132276
1942,1182310,1107,310806,881454,1138774
1943,537335,422,164407,415996,519800
1944,1185410,1135,164748,875571,1141036
1945,1167692,1027,311426,864796,1125159
1946,1176657,1042,310586,869958,1133185
1947,1177105,1141,310016,868025,1132936
1948,1182665,1179,310773,882485,1138589
1949,538290,502,165064,416803,520520
1950,1185016,1175,164640,874831,1141017
1951,1168454,1120,312192,865744,1125779
1952,1178230,1052,310174,869422,1134682
1953,1176057,1104,310604,868804,1132410
1954,1183664,1100,311103,883356,1139763
1955,537272,453,164716,416375,519793
1956,1185841,1096,165155,875460,1141782
1957,1169492,1115,312643,865989,1126678
1958,1178541,1020,310889,871119,1135370
1959,1177099,1201,310611,869196,1132786
1960,1182963,1136,310711,882297,1138713
1961,538093,485,164599,416674,520392
1962,1186872,1185,164520,875913,1142591
1963,1168491,1038,313037,865929,1125487
1964,1176295,981,310153,868810,1133091
1965,1177146,1136,309918,868904,1133013
1966,1183833,1178,311925,884280,1140122
1967,537585,399,164519,416221,520024
1968,1186138,1102,164612,875396,1141616
1969,1169353,1068,311955,866041,1126857
1970,1177761,1001,310406,870617,1134698
1971,1176821,1179,310824,869693,1132868
1972,1184036,1135,311057,883608,1139962
1973,537238,486,164507,415982,519650
1974,1185323,1126,164746,875207,1141155
1975,1168489,1054,312871,865635,1125420
1976,1177813,961,310564,870096,1134471
1977,1176619,1119,311087,869153,1132551
1978,1183667,1109,312269,883510,1139826
1979,537824,462,164922,416356,520028
1980,1186755,1049,165104,876860,1142654
1981,1168743,1110,312717,865704,1125742
1982,1177314,1031,310431,870396,1133885
1983,1177101,1140,310629,869170,1132921
1984,1182559,1080,310810,882347,1138553
1985,537204,460,164638,416134,519858
1986,1185079,1118,164677,875422,1140963
1987,1169518,1066,313290,866147,1126565
1988,1177653,987,310765,869682,1134516
1989,1176013,1145,310042,867886,1131900
1990,1183627,1114,310372,883290,1139618
1991,537678,461,164524,416330,520324
1992,1185809,1076,165118,876532,1141841
1993,1169258,1079,313012,866333,1126666
1994,1176313,924,310808,868877,1133337
1995,1176500,1121,309862,868365,1132385
1996,1183577,1106,311188,883289,1139568
1997,538108,421,164972,417039,520486
1998,1185682,1114,165074,876107,1141699
1999,1168641,1057,312824,866140,1126437
2000,1178043,1025,310033,869404,1135026
2001,1177687,1057,310401,869151,1133514
2002,1182950,1119,310814,882599,1139265
2003,537905,451,164512,416932,520417
2004,1185255,1136,165337,876069,1141764
2005,1168494,1027,312253,865340,1125849
2006,1175569,1047,309476,868065,1132211
2007,1177217,1046,310399,869532,1133437
2008,1181934,1112,311758,882810,1138125
2009,537993,451,164681,416537,520362
2010,1183145,1044,165132,873749,1139254
2011,1169010,1022,311551,865552,1125976
2012,1178215,1017,310467,869909,1134637
2013,1177317,1114,311166,869626,1133287
2014,1182468,1039,311650,883309,1138592
2015,538067,424,165376,416806,520340
2016,1185962,1126,165375,875339,1141774
2017,1168279,1039,312615,865229,1125270
2018,1177699,972,310444,870130,1134343
2019,1176872,1060,310940,868674,1133107
2020,1182166,1054,310353,881726,1138351
2021,538214,463,164834,417291,520960
2022,1186089,1082,165111,875998,1142126
2023,1169490,1038,312791,866128,1126680
2024,1177676,962,310438,869194,1134319
2025,1177576,1144,311304,868860,1133309
2026,1182320,1026,310586,882397,1138173
2027,538046,484,164919,416739,520222
2028,1185567,1120,165325,875156,1141445
2029,1169123,1044,312613,865529,1126041
2030,1178075,1003,310770,869967,1135108
2031,1176787,1054,310956,868579,1132881
2032,1183923,1074,310904,883431,1139949
2033,537986,409,164772,416287,520589
2034,1185720,1060,165541,875369,1141738
2035,1170298,981,313144,866675,1127689
2036,1178500,962,311336,870255,1135585
2037,1177732,1027,311162,870520,1134025
2038,1181901,1015,311546,881718,1137780
2039,538367,482,164246,416713,520546
2040,1186081,1062,165334,875145,1142089
2041,1168402,1079,311820,865294,1125190
2042,1177926,967,311054,870368,1134945
2043,1177866,1051,310998,869679,1133879
2044,1183310,958,311131,882778,1139669
2045,537437,459,164664,416444,519697
2046,1186185,1041,165345,876016,1142523
2047,1167202,1006,312595,864941,1124699
2048,1177931,1043,310215,870236,1135084
2049,1176290,1165,310948,868483,1132004
2050,1183256,1110,310724,882014,1138812
2051,537962,418,165048,416736,520206
2052,1186119,1114,165086,875855,1141715
2053,1168234,1025,312956,865346,1125613
2054,1177796,931,310579,871095,1134865
2055,1176949,1032,311244,869279,1133381
2056,1182942,1031,310980,882777,1139030
2057,537169,468,164871,416235,519770
2058,1186124,1094,164676,875286,1141937
2059,1168280,1019,311763,864464,1125242
2060,1176926,960,310427,870990,1134217
2061,1177917,960,310871,869171,1133747
2062,1181202,1125,310908,881764,1136736
2063,539164,405,164467,417166,521349
2064,1184680,1021,164968,875060,1140737
2065,1167989,980,312239,865519,1125240
2066,1176414,957,310300,869683,1133763
2067,1176528,1003,310486,868176,1132485
2068,1182672,1100,312122,882304,1138632
2069,536908,424,164509,415705,519416
2070,1185658,1054,164273,875473,1141428
2071,1168532,971,312623,865451,1125767
2072,1175950,929,309929,868655,1132934
2073,1175959,1099,310260,867289,1132270
2074,1182842,1063,311443,882510,1139059
2075,538192,414,164698,416907,520737
2076,1185492,1108,165165,875920,1141556
2077,1169533,1018,312375,866393,1126849
2078,1178774,915,310706,870351,1135716
2079,1177192,1006,310719,870118,1133500
2080,1181732,1050,311325,881781,1138216
2081,537879,434,164794,416797,520486
2082,1185011,1106,165093,875463,1140893
2083,1168667,914,312054,865541,1126084
2084,1176469,873,309522,869115,1133194
2085,1178549,994,310854,870179,1134672
2086,1182731,1054,311999,882901,1139161
2087,537553,415,164404,416504,520175
2088,1185006,1028,165076,874496,1140893
2089,1168040,1010,312601,865620,1125446
2090,1178032,922,310487,870201,1135003
2091,1175827,1065,310928,868199,1131747
2092,1182936,994,311051,883161,1139091
2093,538355,384,165588,417568,520702
2094,1184286,1087,165323,874839,1140240
2095,1169604,1002,312872,865936,1126897
2096,1176332,933,310172,869151,1133381
2097,1176289,1056,311050,867991,1132280
2098,1184013,961,310876,883744,1139891
2099,537910,402,165348,416669,520045
2100,1185408,990,165550,875192,1141295
2101,1170019,974,312921,866606,1127203
2102,1177953,930,311175,870246,1135140
2103,1176365,976,311051,869012,1132714
2104,1182993,1061,311339,883032,1138736
2105,537845,430,164575,416174,520300
2106,1186350,969,164574,876861,1142309
2107,1167541,1007,313219,864952,1125187
2108,1178766,947,310899,870134,1135095
2109,1177486,1074,311380,869518,1133258
2110,1182816,1047,311021,881528,1138654
2111,537451,469,164366,416375,519699
2112,1183360,984,164556,873968,1139697
2113,1168027,968,311774,865634,1125478
2114,1176872,907,310327,869113,1133504
2115,1177960,950,311385,869694,1134058
2116,1183639,1032,311834,882925,1139840
2117,537673,412,164490,415976,519938
2118,1186798,992,164722,875692,1142537
2119,1167980,923,313025,865951,1125477
2120,1178561,901,310735,870173,1135332
2121,1177332,1032,310686,868552,1133273
2122,1182743,1032,311529,883107,1138568
2123,537799,431,164339,416151,519688
2124,1186936,1052,164906,876562,1142331
2125,1171483,968,313743,866704,1128762
2126,1176572,953,311282,868966,1133180
2127,1175968,997,310351,869238,1132112
2128,1183507,1057,311690,883896,1139727
2129,538057,413,165091,416410,520098
2130,1186008,1025,165148,875561,1142134
2131,1168341,954,312737,865948,1125512
2132,1177820,945,310426,870822,1134749
2133,1176292,986,310085,868466,1132382
2134,1183180,980,310888,882569,1139275
2135,538078,458,164735,416350,520126
2136,1185822,1016,165361,875433,1141573
2137,1167108,982,312420,864183,1124655
2138,1177240,885,310199,869423,1134307
2139,1177894,920,310960,869394,1134037
2140,1182603,1040,311173,882988,1138532
2141,538240,411,164682,416583,520791
2142,1185740,1066,164592,875464,1141646
2143,1168429,915,312766,865664,1125916
2144,1175804,871,310333,869540,1132706
2145,1177225,992,310916,868784,1132981
2146,1183435,1031,311323,882678,1139408
2147,537725,375,164768,416438,520086
2148,1184267,1003,165196,873951,1140483
2149,1169166,928,312784,866354,1126717
2150,1177799,901,311040,869739,1134560
2151,1177396,954,310759,869142,1133548
2152,1181765,945,310848,881677,1138094
2153,538265,433,164720,416298,520415
2154,1185803,1037,165299,876126,1142054
2155,1168597,965,312918,864970,1126097
2156,1177372,862,310095,870055,1134748
2157,1175484,943,310699,867184,1131585
2158,1183651,965,310665,882944,1139572
2159,537587,383,164278,416134,519810
2160,1186001,1014,164784,875917,1141964
2161,1168356,933,313194,865343,1125897
2162,1178278,891,310968,869787,1134875
2163,1177844,1005,311380,869926,1133525
2164,1183100,986,311538,882975,1139403
2165,538119,446,164854,416770,520644
2166,1185525,917,165047,876564,1141672
2167,1169321,920,313447,866079,1126609
2168,1177573,920,311533,869373,1134370
2169,1177988,1051,311215,869914,1134177
2170,1184125,977,311702,883473,1139853
2171,537448,391,164591,415948,519814
2172,1185852,951,164954,875138,1141474
2173,1169094,951,312117,865712,1125997
2174,1178635,916,310339,870918,1135242
2175,1175797,919,310428,868388,1131571
2176,1183393,960,310732,883246,1139153
2177,537365,383,164866,416120,519793
2178,1185234,1011,165076,875363,1141408
2179,1167428,881,312611,865502,1125032
2180,1176822,894,310038,869802,1133757
2181,1177588,908,310990,868293,1133214
2182,1184234,940,310798,883659,1140389
2183,538236,371,164887,416774,520642
2184,1185666,1047,165616,876336,1141767
2185,1169308,950,312628,865897,1126366
2186,1178789,818,311021,870528,1135585
2187,1177043,925,311222,868950,1132513
2188,1181947,993,310758,881836,1137393
2189,537950,387,165360,417201,520394
2190,1185344,907,165532,875331,1141089
2191,1168569,937,312067,865431,1125861
2192,1177742,830,310582,870312,1134653
2193,1176987,910,311397,869748,1133372
2194,1182317,972,311000,882071,1138231
2195,538246,378,164969,416815,520450
2196,1186432,983,165105,876571,1142357
2197,1168542,776,313022,864912,1125762
2198,1176585,870,309197,868843,1133757
2199,1176987,905,311080,869450,1133325
2200,1182998,970,311250,882713,1138736
2201,538045,383,164649,416416,520373
2202,1185162,957,164414,875272,1140792
2203,1167830,903,312869,864586,1125079
2204,1178221,848,310357,871261,1134878
2205,1174840,874,310767,867816,1131189
2206,1183481,903,311421,882749,1139475
2207,537467,355,165101,416350,520012
2208,1186327,978,165033,876008,1141798
2209,1169218,851,312262,865410,1126269
2210,1178132,838,309919,869767,1134994
2211,1178505,938,311564,870497,1134357
2212,1185195,1015,310896,882912,1140671
2213,538072,367,165219,417084,520715
2214,1186058,938,165362,875936,1142056
2215,1168061,906,312773,865531,1125562
2216,1177335,875,310429,869838,1134053
2217,1176087,923,309692,868279,1132214
2218,1182228,930,310666,882630,1138772
2219,537467,422,164854,416158,519700
2220,1186299,959,165286,875482,1141892
2221,1168531,887,312024,865318,1125953
2222,1177514,824,310201,870556,1134485
2223,1176347,966,310632,868674,1132238
2224,1183021,885,311253,882892,1139039
2225,538495,374,164462,416909,520714
2226,1185744,973,165114,875303,1141553
2227,1170342,845,312487,866111,1127632
2228,1177799,812,310970,870137,1134341
2229,1176300,959,310590,868334,1132444
2230,1183993,905,310953,883543,1140145
2231,537518,386,164715,416165,519722
2232,1185412,943,164454,874559,1141323
2233,1169122,866,312145,865561,1126832
2234,1176100,925,309609,868720,1132645
2235,1175706,944,310226,867822,1131948
2236,1183438,966,310724,882604,1139345
2237,537580,403,164659,416699,519838
2238,1186146,895,164906,875674,1142259
2239,1168359,829,311867,864672,1125784
2240,1178258,851,310411,870662,1135237
2241,1178900,921,311102,869952,1134486
2242,1183686,929,310901,883203,1139581
2243,538395,365,164899,417328,520848
2244,1184133,890,165318,874877,1140439
2245,1168793,937,312114,866044,1126513
2246,1177294,898,310524,869592,1133994
2247,1176119,912,310861,868639,1132144
2248,1182324,881,310653,881347,1138724
2249,537476,368,164256,416387,519929
2250,1186459,858,164699,875920,1142100
2251,1167835,905,312365,863950,1125184
2252,1177087,875,310412,870092,1133861
2253,1176720,955,311150,869006,1132618
2254,1182515,917,311287,881871,1138437
2255,538408,363,164741,416771,520720
2256,1187215,918,165426,876477,1143235
2257,1168654,879,312450,866053,1125491
2258,1177833,823,310322,870235,1134507
2259,1176872,936,310953,869704,1132945
2260,1182799,925,310669,882642,1138841
2261,537316,338,164518,415592,519917
2262,1186976,902,165030,876629,1142893
2263,1169993,910,313162,866605,1127095
2264,1178272,850,310211,869944,1134947
2265,1175761,868,311634,869420,1132244
2266,1181531,971,311043,881122,1137373
2267,538281,351,164143,416642,520636
2268,1187011,960,165104,876916,1143113
2269,1168572,875,312797,865825,1125934
2270,1178175,801,310666,870356,1135038
2271,1176374,982,310804,868983,1132813
2272,1182847,894,312121,883348,1139132
2273,537715,357,165001,417248,520431
2274,1184568,940,165386,874975,1141199
2275,1168112,864,312820,866119,1125443
2276,1177528,826,310128,869157,1134226
2277,1175597,879,310971,868311,1131399
2278,1183531,942,310409,882159,1139413
2279,538548,375,164936,416516,520949
2280,1185364,927,165256,875871,1141232
2281,1168439,830,313085,865888,1125877
2282,1176146,860,310174,869021,1133219
2283,1176634,897,310324,868881,1132768
2284,1183786,959,311021,882973,1139278
2285,537893,347,164031,416153,520091
2286,1186946,873,164994,876201,1142793
2287,1168898,877,313395,866553,1126287
2288,1179069,821,310346,871028,1135643
2289,1177377,928,311141,869666,1133507
2290,1183540,952,310921,883277,1139720
2291,537672,366,163997,416513,519888
2292,1184164,898,164357,875300,1140348
2293,1169988,889,312597,867072,1126986
2294,1176769,836,310591,869224,1133312
2295,1175906,921,310521,868623,1132249
2296,1184116,999,311262,883218,1140056
2297,537480,360,164750,416724,519806
2298,1185257,822,164980,874791,1141717
2299,1168210,812,312500,865033,1125695
2300,1176722,821,309712,869663,1133718
2301,1176502,924,309842,867854,1132529
2302,1184358,923,310419,882843,1140162
2303,538220,390,164804,416316,520557
2304,1186197,945,165210,875911,1142278
2305,1167438,852,312313,865204,1125344
2306,1178541,774,310229,870421,1135338
2307,1176167,861,311046,869405,1132313
2308,1183474,915,311389,883000,1139291
2309,537696,372,164666,416926,520119
2310,1184950,955,164679,875277,1141227
2311,1168676,859,312033,865399,1126068
2312,1176982,828,310620,869922,1133594
2313,1177935,892,310990,869628,1133973
2314,1182054,940,311048,881595,1138116
2315,537979,393,164216,416239,520080
2316,1186362,865,165162,876372,1142390
2317,1167854,840,312513,865406,1125337
2318,1178942,766,310354,870729,1135559
2319,1176631,840,310975,869399,1132915
2320,1182969,891,310584,883086,1139414
2321,538093,391,164035,415911,520014
2322,1185919,933,165058,875425,1141517
2323,1169018,858,312438,865421,1126049
2324,1178043,794,310358,870028,1134901
2325,1176510,877,310747,868724,1132593
2326,1182904,908,311006,881717,1138631
2327,538262,354,164269,417130,520565
2328,1184481,924,165147,875124,1140922
2329,1169178,843,312145,865727,1126554
2330,1177293,821,310088,869502,1134015
2331,1176630,908,310867,869884,1132881
2332,1182556,896,311028,881485,1138641
2333,537857,361,164436,416318,520024
2334,1184089,824,165250,874853,1140197
2335,1168667,842,312221,865598,1125908
2336,1177467,832,310634,870068,1134135
2337,1178116,913,310964,869849,1133800
2338,1182434,849,310931,882661,1138802
2339,537310,344,164080,415970,519676
2340,1187245,853,165171,876761,1143008
2341,1168916,882,312969,865869,1125969
2342,1176461,783,309844,869492,1133693
2343,1177537,938,310680,869243,1133245
2344,1183423,892,310812,882531,1139277
2345,538133,385,164843,416356,520330
2346,1187572,807,165612,877739,1143738
2347,1167505,819,313118,864950,1124984
2348,1178560,761,310777,871253,1135765
2349,1174845,825,310974,867668,1130914
2350,1182673,893,311033,882704,1138775
2351,537940,348,165034,416669,520045
2352,1187436,842,165122,876574,1143083
2353,1168756,825,312646,866568,1126073
2354,1177757,829,310324,869428,1134354
2355,1177611,849,310567,869085,1133936
2356,1182738,827,311678,883290,1138924
2357,537675,313,164899,416448,520154
2358,1185856,837,165272,875678,1142306
2359,1169315,729,313297,866931,1127254
2360,1177884,770,311076,871149,1134838
2361,1177476,919,310809,869103,1133014
2362,1183366,888,310862,883048,1139122
2363,538738,334,164762,417116,521010
2364,1185415,874,164830,875441,1141595
2365,1169263,874,312780,866739,1126688
2366,1177749,795,310422,870552,1134306
2367,1176309,883,310486,869301,1132511
2368,1183909,870,311611,884207,1140173
2369,538067,350,165049,416465,520407
2370,1186089,890,165070,876095,1141761
2371,1169139,790,312404,865923,1126222
2372,1176995,776,310541,868930,1133795
2373,1176036,890,310906,868278,1131851
2374,1182341,827,310745,882710,1138573
2375,537785,368,164811,416418,520323
2376,1186756,882,164903,875437,1142607
2377,1168245,809,312592,865224,1125622
2378,1177555,756,309833,870145,1134911
2379,1177040,898,310660,869679,1133167
2380,1182391,886,310479,881904,1138597
2381,538213,373,164824,416761,520757
2382,1185511,857,165345,875728,1141159
2383,1169175,898,312672,865671,1126129
2384,1178354,715,310291,870899,1135336
2385,1177009,863,311256,869796,1132788
2386,1181749,850,311187,882295,1137787
2387,537603,376,164314,416271,520056
2388,1185118,813,164835,875811,1141219
2389,1168633,795,312625,865279,1125947
2390,1177876,804,310894,869566,1134626
2391,1178582,822,310845,870403,1134576
2392,1183281,824,311655,882691,1139128
2393,537890,330,165051,416515,520432
2394,1185475,855,165294,875758,1141591
2395,1168706,865,312824,866597,1126328
2396,1176430,673,310404,869930,1133798
2397,1177517,847,310720,869605,1133331
2398,1182589,814,310623,882352,1138770
2399,537986,334,164486,416956,520608
2400,1186996,784,165009,876895,1142836
2401,1170543,836,313373,866861,1127412
2402,1179425,735,310889,871292,1136221
2403,1177792,838,311240,869721,1133517
2404,1184998,815,310985,883590,1141043
2405,538240,355,165130,417662,520439
2406,1185846,800,164770,875986,1142064
2407,1169802,801,313077,866614,1126807
2408,1178113,727,311133,871000,1134779
2409,1175663,854,310568,867392,1131347
2410,1182434,884,310679,882892,1138611
2411,538205,348,165038,416684,520511
2412,1185775,805,165052,875760,1141845
2413,1167734,860,312450,864627,1124901
2414,1178031,719,310681,870669,1135102
2415,1177041,776,310278,868268,1133104
2416,1184089,906,310776,882937,1140038
2417,538104,386,165193,417079,520413
2418,1185619,839,165557,875043,1141743
2419,1169770,758,312363,867018,1126483
2420,1178439,771,310979,871601,1135346
2421,1178321,861,311889,870750,1134244
2422,1182613,843,311168,881924,1138526
2423,539095,350,164987,417120,521091
2424,1186230,804,165647,876609,1142806
2425,1167765,757,313157,865247,1125208
2426,1177605,745,310620,870423,1134138
2427,1177758,846,311433,869104,1133571
2428,1183185,798,310956,882690,1139237
2429,538407,295,165221,417630,520814
2430,1188354,825,165076,876467,1144514
2431,1168406,794,312751,866227,1125649
2432,1178488,795,311225,870475,1135098
2433,1176246,716,310953,869420,1132822
2434,1180660,834,311590,881984,1136891
2435,537811,326,164343,415782,519972
2436,1186681,755,164463,876953,1142598
2437,1168213,749,312539,865033,1126015
2438,1177313,780,309965,870459,1134550
2439,1176454,840,310606,868635,1132266
2440,1181692,793,310646,881218,1137816
2441,538877,313,165001,417106,521251
2442,1185607,833,165350,875783,1141432
2443,1169120,764,312901,866810,1126515
2444,1178907,745,311256,871132,1135719
2445,1178206,877,311409,869557,1134251
2446,1182253,857,310829,881602,1138234
2447,538708,348,164372,417094,520731
2448,1184869,854,165293,875306,1141020
2449,1168300,800,313414,865756,1126085
2450,1177941,818,310624,870100,1134385
2451,1176945,762,311026,870115,1133448
2452,1183394,787,311758,882948,1139328
2453,538910,366,164355,417270,521191
2454,1185524,882,165350,875942,1141785
2455,1168800,760,313125,866243,1126408
2456,1177867,671,311230,871045,1134926
2457,1177033,781,311174,869073,1133338
2458,1182708,820,311136,882395,1138812
2459,536896,342,164426,415659,519386
2460,1184987,791,164480,875352,1140904
2461,1168274,735,313139,865584,1125766
2462,1177320,690,310656,869383,1133823
2463,1177562,822,310696,868439,1133259
2464,1182895,836,311291,882895,1138288
2465,537313,325,164188,415836,519501
2466,1185106,767,164284,874283,1140933
2467,1168823,719,312698,865691,1126756
2468,1176504,734,309760,868598,1133704
2469,1176418,834,310918,869023,1132450
2470,1182859,732,311170,882539,1138965
2471,538091,346,165065,417019,520475
2472,1185736,785,165669,876265,1141679
2473,1167917,720,312942,865169,1125390
2474,1177716,746,310596,869760,1134726
2475,1176772,837,310797,868147,1133036
2476,1182839,865,311292,882538,1138761
2477,538733,345,164753,417613,521021
2478,1185985,795,165464,875416,1141653
2479,1168168,750,312737,865530,1125796
2480,1178306,748,310789,869625,1134615
2481,1176322,769,311089,869071,1132167
2482,1183762,739,311552,883611,1139706
2483,538021,316,164960,416252,520402
2484,1185955,806,165161,877201,1142178
2485,1166365,745,313213,864489,1123928
2486,1177389,762,310518,869659,1133870
2487,1177397,751,310706,869482,1133451
2488,1181787,796,310829,882434,1138015
2489,538360,326,164781,417054,520688
2490,1186629,743,165106,875311,1142120
2491,1169031,775,313209,865622,1126071
2492,1177173,714,310430,869207,1133841
2493,1178640,802,310743,870570,1134717
2494,1181182,767,311701,881634,1137497
2495,536676,322,163978,416766,519201
2496,1185182,792,164894,875829,1141493
2497,1167217,766,311760,864434,1124114
2498,1178285,793,309504,869812,1134902
2499,1177307,820,310749,869316,1133307
2500,1181392,773,310977,881362,1137436
2501,537255,312,164555,416570,519883
2502,1186713,813,164572,875300,1142716
2503,1169517,817,312096,865359,1126602
2504,1178565,714,310761,871062,1135502
2505,1178478,746,311084,870225,1134866
2506,1182744,765,311835,882778,1138410
2507,537828,322,164901,417253,520270
2508,1185876,795,165022,875147,1141673
2509,1168831,721,312683,866373,1126431
2510,1177517,729,310701,869608,1133748
2511,1175854,773,310829,868890,1132009
2512,1181505,727,310817,881478,1137529
2513,538113,302,165017,416870,520652
2514,1186578,745,165637,876680,1142793
2515,1167996,710,312972,865281,1125306
2516,1178330,696,310334,870438,1135272
2517,1176665,861,310564,868586,1132860
2518,1183213,731,311254,883671,1139168
2519,538281,299,164605,416743,520491
2520,1186257,753,165642,876570,1142585
2521,1168496,729,313101,865641,1125990
2522,1177145,724,310575,870469,1133582
2523,1177595,768,311230,869567,1133696
2524,1183871,778,311177,883112,1140037
2525,537349,319,164237,415735,519722
2526,1186027,779,164979,876075,1142031
2527,1168260,766,312474,864966,1125016
2528,1176477,674,310723,868765,1133079
2529,1177616,744,311267,870257,1133588
2530,1181980,776,312347,882573,1137873
2531,537546,276,164971,416366,519961
2532,1185053,730,164732,874755,1141223
2533,1168179,712,312477,865481,1125434
2534,1176896,710,309958,870147,1133916
2535,1176545,816,311261,869120,1132496
2536,1182174,800,311102,881840,1138284
2537,537749,268,165151,417059,519997
2538,1184794,789,165001,874903,1140620
2539,1169019,710,312588,865740,1126469
2540,1178238,729,310088,869714,1134925
2541,1177823,740,311232,869687,1133811
2542,1183498,754,312859,884075,1139848
2543,538561,308,165443,417119,520962
2544,1185909,808,165457,875243,1141554
2545,1168083,740,313096,865534,1125394
2546,1178566,660,310708,871008,1135630
2547,1176902,781,310512,867978,1132644
2548,1182561,772,310599,881544,1138008
2549,537475,301,164492,416458,519936
2550,1184423,740,164867,874846,1140467
2551,1170235,745,312868,867070,1127318
2552,1178831,706,311076,870922,1135619
2553,1176150,771,311013,868732,1132276
2554,1182898,809,310905,881995,1139027
2555,537999,286,164123,416537,520318
2556,1184784,769,164830,875358,1141111
2557,1169353,671,312385,866112,1126467
2558,1177436,708,310510,870264,1134190
2559,1177276,805,310813,868366,1133304
2560,1183846,797,311017,882710,1139414
2561,538895,298,164657,417254,521209
2562,1185116,772,164729,875019,1140980
2563,1168540,718,312682,866125,1125703
2564,1177766,706,309754,870065,1134622
2565,1176125,723,310118,868481,1132163
2566,1183541,743,310442,882392,1139608
2567,538470,321,164497,417390,520806
2568,1185948,746,165446,875890,1141772
2569,1168167,676,313603,866949,1125842
2570,1177120,654,310943,870127,1134402
2571,1176234,752,310707,869173,1132886
2572,1182429,787,311689,882820,1138756
2573,538124,321,165072,417175,520669
2574,1184891,785,164460,874101,1140657
2575,1167415,672,311797,864775,1125061
2576,1177924,732,310168,870797,1134823
2577,1177839,785,310800,869059,1133726
2578,1183028,693,311889,882459,1139126
2579,537616,285,164426,416276,519969
2580,1185256,803,165104,876027,1141304
2581,1168836,693,313366,865989,1126199
2582,1177519,693,310661,869907,1134276
2583,1177233,767,310512,869098,1133119
2584,1183865,738,311578,883088,1139570
2585,537421,332,164415,416240,519681
2586,1186803,753,164421,875769,1143060
2587,1167480,698,312912,865506,1124949
2588,1177690,683,310918,870759,1134643
2589,1175123,739,310585,868130,1131337
2590,1184719,733,311504,883869,1141126
2591,537801,300,164931,416430,520041
2592,1184828,737,165077,875098,1140594
2593,1168977,694,312341,865253,1126278
2594,1177112,641,311138,870037,1134293
2595,1178471,736,310866,870715,1134200
2596,1182949,779,311710,882784,1138860
2597,538530,284,165182,416720,520823
2598,1186081,698,165509,875743,1141870
2599,1169135,681,312957,866288,1126655
2600,1176851,693,310437,870105,1133961
2601,1178310,718,311041,869109,1134283
2602,1182902,786,311309,882362,1138855
2603,538294,297,164501,416635,520481
2604,1186619,786,165205,875892,1142047
2605,1168448,668,312379,865315,1125558
2606,1177600,630,310120,870240,1134181
2607,1178499,708,311305,870842,1134321
2608,1184461,698,312306,883845,1140208
2609,537669,323,164895,416768,519691
2610,1187047,765,165473,876420,1143273
2611,1169584,675,313410,866079,1126793
2612,1178713,617,310673,870902,1135549
2613,1176965,724,311064,869501,1133004
2614,1183842,689,311756,883082,1140006
2615,537497,277,164882,416227,519907
2616,1186746,710,164889,875689,1142503
2617,1168417,756,312319,865433,1125621
2618,1178318,686,310435,870668,1135074
2619,1176948,769,311027,869840,1133536
2620,1183694,770,311598,884396,1140058
2621,538101,300,164974,416344,520168
2622,1185978,640,165605,876317,1141946
2623,1167119,716,312687,864245,1124433
2624,1178609,632,311000,870988,1135622
2625,1177395,744,311547,869161,1132902
2626,1182892,719,310841,882787,1139381
2627,536995,335,164400,415832,519318
2628,1185733,719,164751,875796,1141832
2629,1167532,688,312887,864378,1124393
2630,1176907,660,310137,869787,1133694
2631,1176473,703,310769,868427,1132516
2632,1182544,805,311192,881822,1138434
2633,538394,321,165129,416670,520663
2634,1186015,779,165167,874994,1141426
2635,1169256,700,312404,865599,1126363
2636,1176843,689,310568,869858,1133586
2637,1176542,779,310936,868464,1132755
2638,1181790,711,310888,881326,1138218
2639,538034,325,164629,416166,520534
2640,1185704,767,165320,874634,1141356
2641,1167949,660,312773,865725,1125177
2642,1178107,717,310708,870267,1134601
2643,1176037,744,310482,868720,1132152
2644,1183463,763,311538,882795,1139468
2645,537922,307,164689,416334,520213
2646,1185435,733,164759,875298,1141198
2647,1168369,732,312890,865433,1125568
2648,1178103,669,311052,870054,1134575
2649,1177068,663,310134,868396,1133411
2650,1184735,728,310629,883352,1140436
2651,538357,254,165008,416920,520837
2652,1185870,701,165516,875674,1141672
2653,1168448,665,312518,866103,1125668
2654,1177496,639,309993,869762,1134490
2655,1177227,728,310513,868477,1132906
2656,1183083,676,310656,882569,1139176
2657,537759,292,165135,417353,519991
2658,1185131,667,165234,875223,1141435
2659,1168244,705,312784,865454,1125533
2660,1177385,672,310055,870404,1134133
2661,1176721,742,310246,868110,1132481
2662,1181571,729,310754,882226,1138248
2663,537154,281,164870,416310,519639
2664,1185701,716,164986,875171,1141155
2665,1167907,685,312188,864900,1125149
2666,1177970,688,310422,870325,1135078
2667,1176683,691,311081,868565,1132627
2668,1182214,691,310515,881743,1138506
2669,536801,260,164469,415316,519405
2670,1184698,726,164857,874221,1140144
2671,1168302,639,312336,866025,1125688
2672,1177025,635,310573,869875,1133838
2673,1177930,686,310839,869029,1133951
2674,1183445,806,311459,883081,1138990
2675,538569,290,165610,417818,521008
2676,1184075,779,165713,874384,1140119
2677,1168843,653,312093,866022,1126381
2678,1177562,682,309964,869396,1134225
2679,1176907,733,310062,869384,1133351
2680,1183619,700,311175,883058,1139686
2681,537937,304,164595,416300,520237
2682,1184703,716,164850,875003,1140976
2683,1169332,621,312371,865984,1126495
2684,1178036,663,310565,870064,1134818
2685,1176595,702,310300,869005,1132562
2686,1182803,774,310968,882881,1138430
2687,537914,275,164739,416174,520387
2688,1184638,662,164928,874911,1140661
2689,1167042,647,311852,865043,1124663
2690,1178300,649,310314,870614,1135045
2691,1177732,718,311121,869318,1133587
2692,1182434,756,310991,882502,1138434
2693,537813,268,165350,416925,520014
2694,1186051,638,165487,876264,1142220
2695,1168961,595,313918,866769,1126543
2696,1177850,615,311461,870032,1134704
2697,1176175,708,310468,868080,1132383
2698,1182446,715,310947,881898,1138357
2699,537412,273,164712,416151,519759
2700,1186089,743,164675,875402,1141581
2701,1168620,704,312473,864930,1125705
2702,1177026,640,309356,868471,1133766
2703,1177654,718,310890,869823,1133699
2704,1182270,642,311568,881896,1138193
2705,538792,297,164737,416848,520997
2706,1186048,644,165674,876484,1142068
2707,1169327,614,312554,866377,1126316
2708,1177681,615,310999,869654,1134392
2709,1175456,751,310973,868128,1131790
2710,1183378,712,311002,882303,1139611
2711,537587,308,164423,415991,519486
2712,1186054,743,164672,875392,1141768
2713,1166768,688,312109,864247,1124198
2714,1177140,633,309825,868850,1133866
2715,1177242,695,310225,868226,1133293
2716,1183267,710,310683,882905,1139184
2717,538386,263,165151,417033,520786
2718,1186966,690,165209,876734,1142969
2719,1168416,650,313127,865802,1125753
2720,1178476,614,311537,870932,1135487
2721,1177218,778,312175,869705,1132859
2722,1183715,691,311770,882652,1139729
2723,537508,287,164554,416212,520098
2724,1186194,665,164928,875345,1141826
2725,1169483,667,312045,865977,1126666
2726,1176522,644,309854,869530,1133493
2727,1177626,749,310425,868956,1133578
2728,1181444,740,310942,881264,1137207
2729,537416,290,164407,415941,519789
2730,1184861,740,164490,874795,1141546
2731,1168460,688,312128,865275,1125768
2732,1178214,626,311007,871278,1135545
2733,1176225,668,311442,869072,1132646
2734,1184036,688,311010,883249,1139701
2735,538118,251,164974,416836,520507
2736,1185738,673,164934,874674,1141738
2737,1168247,690,312358,865874,1125521
2738,1177839,637,310846,870668,1134814
2739,1177217,668,311158,868829,1133514
2740,1183374,666,310825,881848,1138692
2741,538238,295,164692,417158,520401
2742,1185805,703,164942,875692,1141773
2743,1167480,648,312318,865085,1124911
2744,1177747,629,310305,870138,1134441
2745,1176729,689,310754,869363,1132670
2746,1182784,633,310926,881800,1138932
2747,537153,300,164583,416134,519397
2748,1185521,664,164758,875760,1141466
2749,1169009,622,312623,865008,1126211
2750,1177677,606,310132,870210,1134796
2751,1177380,676,310732,869351,1132928
2752,1181796,694,311595,882343,1137823
2753,537247,258,164657,416005,519622
2754,1186142,700,165441,876877,1142392
2755,1168474,663,313346,866251,1125777
2756,1177769,586,310738,870067,1134526
2757,1176641,669,310999,869617,1132843
2758,1182051,698,311089,882668,1138444
2759,537921,294,164692,415954,520278
2760,1186352,727,165175,875776,1142304
2761,1167835,645,312413,864814,1125163
2762,1176640,656,309360,869494,1133392
2763,1176138,691,309917,868173,1132190
2764,1183064,727,310158,881693,1138834
2765,537809,302,164217,416643,520061
2766,1185412,639,165026,875883,1141411
2767,1168275,660,313149,865197,1125323
2768,1178055,587,311164,870870,1134902
2769,1178790,666,311868,870224,1134187
2770,1182382,698,311242,881595,1138257
2771,538137,295,164055,416118,520185
2772,1185397,648,165039,875510,1141845
2773,1168574,687,312931,865677,1125828
2774,1176561,564,310688,868927,1133846
2775,1176748,697,311101,868577,1132695
2776,1182676,729,310976,881674,1138875
2777,538223,273,164514,416823,520654
2778,1186129,639,164801,876087,1142051
2779,1167501,620,311670,865255,1124993
2780,1176740,607,309868,869127,1133493
2781,1176579,710,310143,868206,1132272
2782,1183109,671,310854,882993,1139178
2783,538493,272,164824,416273,520682
2784,1187743,633,164948,876913,1143553
2785,1168447,644,313412,866284,1126058
2786,1178348,660,310526,870123,1134840
2787,1176469,661,310847,868825,1132770
2788,1183596,713,311003,882825,1139128
2789,537588,267,164797,416508,519961
2790,1185008,630,164768,875614,1141172
2791,1168154,648,312409,865214,1125521
2792,1177525,610,309663,869696,1134219
2793,1177906,677,310461,869590,1133933
2794,1183884,649,312107,883933,1139504
2795,537059,264,164904,416031,519614
2796,1185414,680,165501,874698,1140872
2797,1167288,560,312457,865427,1124456
2798,1177729,572,311237,869861,1134679
2799,1176856,699,310265,869193,1132918
2800,1183761,669,311669,883423,1140190
2801,538388,251,165390,416737,520624
2802,1186565,669,164993,876104,1142458
2803,1169128,618,312691,865894,1126452
2804,1178000,684,310367,870033,1134473
2805,1177410,641,310322,868607,1133029
2806,1182717,649,310867,881662,1138758
2807,537420,292,164488,415747,520002
2808,1185266,681,164791,875923,1141528
2809,1169325,607,313314,866304,1126934
2810,1176992,559,310526,869624,1133729
2811,1177427,681,310242,869361,1133383
2812,1184231,644,311035,883307,1140260
2813,536452,282,164588,415738,518786
2814,1184179,692,164397,875658,1140345
2815,1168909,638,313264,866502,1126294
2816,1178241,642,310459,869532,1134683
2817,1176447,660,309670,868906,1132551
2818,1182515,617,311164,882645,1138795
2819,537298,241,164297,416082,519798
2820,1184954,650,164848,875083,1141062
2821,1169096,628,313345,866457,1126297
2822,1176698,617,310738,869426,1133709
2823,1176999,646,310469,869479,1133164
2824,1182187,655,310981,881851,1138021
2825,538462,233,164638,416812,520676
2826,1185270,634,165237,875022,1141158
2827,1170256,618,312912,866912,1127102
2828,1178161,557,311322,869769,1134829
2829,1176278,624,311568,869382,1132371
2830,1183636,680,311320,883002,1139469
2831,537010,315,164526,416102,519177
2832,1185585,671,164916,875605,1141748
2833,1169701,615,313489,867024,1126881
2834,1176218,575,310143,868800,1133235
2835,1176204,649,310462,869090,1132012
2836,1183029,665,311307,882438,1138849
2837,537704,243,164517,416488,520110
2838,1186133,614,164870,875662,1141998
2839,1169048,589,312771,865127,1126256
2840,1176772,544,311222,870244,1134161
2841,1175478,614,310640,868290,1131640
2842,1183381,626,311715,882629,1139709
2843,537598,270,164915,416472,519942
2844,1186625,669,165173,876313,1142442
2845,1167582,622,312928,865259,1124364
2846,1177346,587,310336,868932,1133924
2847,1176552,640,310506,868016,1132340
2848,1183778,660,311128,883464,1139700
2849,538509,258,164822,416808,520870
2850,1186494,634,165100,875543,1142627
2851,1169510,585,312637,866789,1127040
2852,1178829,580,311334,871204,1135597
2853,1175776,645,310452,868197,1131678
2854,1182154,655,311024,881917,1138101
2855,537689,227,164627,416745,520148
2856,1184915,722,165204,875124,1140903
2857,1167776,604,311782,865448,1124986
2858,1176367,565,309793,869525,1133233
2859,1177394,639,310926,869169,1133459
2860,1183479,704,311828,882984,1139784
2861,537530,235,164611,416232,519704
2862,1185371,647,164293,874995,1141309
2863,1167671,618,312423,865088,1124630
2864,1178985,544,310800,870782,1135770
2865,1177244,661,311564,868915,1132924
2866,1183296,673,311201,883622,1139499
2867,537763,264,164806,416707,520058
2868,1185584,594,165138,875558,1141494
2869,1169006,570,312578,865973,1126393
2870,1177596,569,310016,870008,1134752
2871,1175026,638,310932,867469,1130974
2872,1182585,623,310556,882459,1139258
2873,537708,282,164948,416580,520024
2874,1186204,640,165127,875977,1142272
2875,1168280,637,313193,866350,1126325
2876,1177779,527,311325,870013,1134530
2877,1176431,596,310082,868060,1132794
2878,1181380,644,310739,882221,1137536
2879,537851,262,164527,416933,520352
2880,1186158,657,165188,876161,1142199
2881,1169629,591,312779,866073,1126703
2882,1177367,583,310519,869799,1134270
2883,1176999,625,310849,869226,1133138
2884,1182662,623,312317,883621,1139155
2885,538352,287,164722,416752,520527
2886,1185815,663,165498,875459,1141414
2887,1169617,639,312305,866438,1126848
2888,1177411,569,310885,870576,1134630
2889,1176323,626,310758,868950,1132585
2890,1182750,634,310872,882777,1139166
2891,536384,255,163979,415658,518792
2892,1185638,693,164934,875926,1141108
2893,1167159,573,312066,865355,1124560
2894,1176818,586,310202,870152,1133773
2895,1176383,595,310216,868064,1132353
2896,1183670,634,311676,882485,1139157
2897,538218,259,164487,417130,520632
2898,1186032,581,165180,875677,1142303
2899,1168506,667,312485,865420,1125591
2900,1177571,504,310852,870099,1134538
2901,1176834,636,310679,868698,1132764
2902,1183350,658,311509,882911,1139499
2903,538422,258,164711,416649,520781
2904,1185929,616,164989,875136,1141937
2905,1167705,545,312735,865240,1125449
2906,1177918,601,309961,870816,1135025
2907,1177234,662,311056,868961,1133289
2908,1182153,591,311232,882937,1139063
2909,537723,244,164053,416341,519916
2910,1186066,629,164500,875777,1141845
2911,1169766,566,312734,866181,1126972
2912,1177442,578,310016,869416,1134044
2913,1176107,681,310842,868996,1132214
2914,1183493,636,310793,883412,1139695
2915,537633,248,164472,416381,520012
2916,1186307,601,165085,875418,1142088
2917,1169130,588,312773,866147,1126650
2918,1177985,556,310898,870158,1134743
2919,1176532,659,310279,868875,1132651
2920,1183362,620,311019,882833,1139364
2921,537856,249,165073,416978,520283
2922,1186063,595,165083,876275,1142025
2923,1168140,602,312783,865074,1125005
2924,1177660,557,310626,870243,1134128
2925,1177651,713,311019,868423,1133204
2926,1183916,573,311981,883640,1140212
2927,537687,281,164838,416136,519944
2928,1186865,634,164741,876585,1142912
2929,1169119,587,312158,865087,1126280
2930,1176825,529,310234,870286,1133651
2931,1176028,582,311311,869996,1132608
2932,1183713,601,311571,883094,1139623
2933,537770,259,164954,417309,520223
2934,1184923,617,165298,875534,1141370
2935,1167658,590,312109,865100,1125254
2936,1176392,558,310287,868692,1133026
2937,1176319,617,309817,868258,1132431
2938,1183140,603,311057,882949,1139123
2939,537498,294,164657,416403,519759
2940,1185935,635,165086,875430,1141818
2941,1168739,595,313129,866382,1126025
2942,1177168,546,311121,870807,1134365
2943,1175909,624,311313,868948,1132119
2944,1183224,632,311351,882809,1139762
2945,537694,249,164880,416275,519979
2946,1186893,625,164828,876083,1142049
2947,1168744,631,312159,864800,1125716
2948,1177116,591,309964,869628,1133931
2949,1176440,572,310625,868326,1132688
2950,1183377,672,310968,882583,1139009
2951,538923,228,165371,417490,521370
2952,1186388,613,165760,875533,1141927
2953,1169793,611,312903,866232,1126729
2954,1176969,540,310012,869228,1133708
2955,1176406,592,311255,868996,1132235
2956,1181510,560,311215,882116,1137381
2957,538193,253,164754,416927,520583
2958,1186189,575,164512,876463,1142541
2959,1167892,576,312703,865156,1125614
2960,1178361,510,309999,870097,1135034
2961,1176124,591,310375,868430,1132274
2962,1182418,582,310654,881723,1138505
2963,537895,290,165147,416882,520208
2964,1185837,610,164573,874856,1141810
2965,1167594,583,312101,865894,1125372
2966,1178214,591,310468,870596,1135039
2967,1175962,575,311599,869673,1132300
2968,1182656,658,310608,881467,1138024
2969,538808,210,164730,417164,521164
2970,1187033,630,165587,876208,1142722
2971,1168245,559,312826,865389,1125745
2972,1178431,561,310833,870280,1134758
2973,1179219,605,310985,870659,1135055
2974,1182500,610,311681,882807,1138320
2975,537282,235,164096,416397,519690
2976,1186440,638,164768,876069,1142478
2977,1167864,580,312848,866053,1125118
2978,1179234,513,310875,870897,1135827
2979,1176136,645,311341,868870,1132315
2980,1182349,554,310888,882169,1138355
2981,538327,246,164361,416472,520686
2982,1184859,620,164886,875711,1141041
2983,1167526,577,312844,864704,1125115
2984,1178039,550,310708,869953,1134734
2985,1176610,626,310262,868856,1132597
2986,1182874,625,311269,882353,1138875
2987,537171,227,164891,416361,519778
2988,1185752,598,164784,875139,1141588
2989,1168305,566,313338,865888,1125855
2990,1177806,510,310775,870218,1134340
2991,1177002,657,311204,868798,1132755
2992,1181697,628,311229,881288,1137713
2993,537435,217,164569,415870,519813
2994,1186763,561,164456,876106,1142401
2995,1168326,544,312812,865192,1125697
2996,1177971,540,310575,869713,1134724
2997,1175892,601,311085,869355,1132463
2998,1183500,646,311370,882497,1138647
2999,537796,247,164519,416255,520008
3000,1186979,619,165151,876398,1142837
3001,1167512,544,313152,865363,1124848
3002,1178058,562,310066,869237,1134819
3003,1175959,670,309857,867771,1131637
3004,1182514,586,310951,882266,1138452
3005,538306,309,165300,416385,520580
3006,1185655,584,165314,874829,1141416
3007,1169233,534,312564,865695,1126447
3008,1178986,518,310802,870885,1135682
3009,1176061,609,310693,867768,1131848
3010,1182687,639,310359,881957,1138402
3011,537020,224,164127,415696,519208
3012,1186448,624,164725,875870,1142619
3013,1169251,579,313206,866296,1126584
3014,1178160,523,310193,870671,1135102
3015,1176976,643,310483,869978,1133069
3016,1182493,636,311768,882716,1138431
3017,537359,249,164492,416207,519523
3018,1186528,618,164842,875722,1142225
3019,1167775,545,312439,865474,1124960
3020,1176841,581,309973,869412,1133442
3021,1175678,594,309708,867553,1131694
3022,1183154,588,311292,882941,1138917
3023,538529,237,165262,417357,520758
3024,1184977,533,165049,875311,1141047
3025,1169133,579,312261,866507,1126076
3026,1176685,565,310547,868709,1133330
3027,1176424,590,310167,868552,1132722
3028,1182200,572,311170,882085,1138514
3029,537790,250,165260,416686,520151
3030,1185270,584,165277,875636,1141269
3031,1169158,548,312426,865320,1126237
3032,1177654,504,310619,869924,1134412
3033,1175956,605,310638,868096,1131940
3034,1183341,555,310811,883583,1139061
3035,538511,253,165259,416865,521024
3036,1185028,610,165273,875335,1141058
3037,1167483,555,312435,865244,1124868
3038,1177785,509,310559,869618,1134390
3039,1177934,600,311149,869286,1133792
3040,1183337,553,311256,882491,1139406
3041,538116,256,164898,417153,520466
3042,1185431,596,165797,875065,1141811
3043,1167967,561,312503,865446,1125279
3044,1176534,517,310058,868714,1133271
3045,1176390,596,310011,868914,1132755
3046,1183112,592,311307,882320,1138978
3047,537440,238,164568,415840,519574
3048,1185598,606,164421,875203,1141225
3049,1168535,540,312318,865362,1125820
3050,1177812,555,309937,869565,1134747
3051,1177266,603,311262,869606,1133245
3052,1181883,591,311195,882518,1138523
3053,538217,275,165210,416399,520586
3054,1185524,605,165191,875298,1141246
3055,1169982,544,311943,866649,1127357
3056,1177804,536,310593,869562,1134734
3057,1177553,613,311619,870309,1133845
3058,1184310,597,312373,883678,1140232
3059,537547,241,164756,416554,519765
3060,1185582,536,165057,875744,1141533
3061,1168308,589,312200,865483,1125311
3062,1177409,535,310600,870118,1134384
3063,1177429,614,310997,868936,1133534
3064,1182889,587,310358,881640,1138621
3065,537722,214,164919,416564,520173
3066,1185742,639,165306,874903,1141415
3067,1169113,596,312845,866548,1126786
3068,1178135,512,310519,870487,1134988
3069,1177079,562,310783,868883,1132898
3070,1183067,633,310590,882348,1139031
3071,538287,257,164950,417058,520703
3072,1186647,623,165480,876658,1142564
3073,1168867,538,312947,864940,1125757
3074,1178054,540,309894,870101,1134964
3075,1176499,615,311391,868131,1132266
3076,1182094,563,310691,881855,1138166
3077,538047,231,164936,416924,520762
3078,1185374,604,165528,875183,1141564
3079,1167895,539,312524,865672,1125233
3080,1176479,501,310422,868748,1133257
3081,1176129,582,309531,868037,1132149
3082,1180910,570,310214,880886,1136940
3083,537543,231,164785,416064,519777
3084,1186337,564,165160,876618,1142021
3085,1169479,556,313390,865810,1127104
3086,1179320,468,310955,870850,1136339
3087,1177703,568,310752,869424,1133588
3088,1183464,572,311723,882969,1139497
3089,538724,245,164833,416514,520626
3090,1184686,582,165116,874166,1140701
3091,1168434,557,312465,865954,1125808
3092,1177644,541,310376,869594,1134364
3093,1177816,571,310413,870227,1133643
3094,1183133,599,310634,882796,1139327
3095,538159,201,164795,416655,520585
3096,1186698,572,165302,876288,1142482
3097,1168866,496,312857,865817,1126296
3098,1178646,497,311019,870813,1135282
3099,1177030,579,310866,868837,1132901
3100,1184259,542,311505,882861,1139978
3101,537919,211,164735,416307,520190
3102,1184139,569,164920,874255,1139654
3103,1169433,555,312782,866523,1126778
3104,1176548,480,311024,869788,1133198
3105,1175951,563,310313,867813,1131795
3106,1183495,545,310487,883380,1139837
3107,537953,241,164674,416310,520202
3108,1185426,560,164612,875531,1141336
3109,1167793,555,312439,865711,1125345
3110,1179143,542,310616,870487,1136102
3111,1177026,492,311632,869430,1133133
3112,1183406,580,311232,881967,1139316
3113,537824,181,164600,416397,520050
3114,1185968,576,165349,876473,1141875
3115,1169202,545,312045,865543,1126086
3116,1178578,519,310645,869772,1135352
3117,1176208,486,310601,869055,1132611
3118,1182240,610,310304,882265,1138410
3119,538367,260,164864,416719,520681
3120,1186281,566,165292,875983,1142111
3121,1166591,584,312546,864073,1124047
3122,1175659,494,309606,868943,1132769
3123,1177376,592,310417,869358,1133220
3124,1183620,565,310341,882488,1139570
3125,537762,206,164431,416505,519985
3126,1186289,545,164418,875437,1141940
3127,1168492,527,312018,865131,1125398
3128,1177603,527,310479,869936,1134495
3129,1174441,580,310759,868224,1130912
3130,1183179,538,310954,882376,1139382
3131,537094,247,164365,416107,519467
3132,1184965,519,164962,874821,1141101
3133,1170013,547,312244,865791,1127073
3134,1177732,495,310528,870076,1134620
3135,1175959,623,310301,867951,1131762
3136,1181565,531,310102,881624,1137693
3137,537488,224,164492,416062,519983
3138,1185955,533,164943,875734,1141920
3139,1168393,541,311742,865436,1125858
3140,1177466,481,310137,869817,1134411
3141,1176398,573,310293,868973,1132035
3142,1182457,609,310772,881564,1138462
3143,538403,249,164959,416695,520513
3144,1185195,605,165019,875649,1141063
3145,1168398,534,312378,865869,1125519
3146,1177579,481,310643,869665,1134781
3147,1177345,557,310633,869397,1132791
3148,1182084,596,311173,882153,1137915
3149,537727,249,164771,416200,519923
3150,1187121,540,164918,876932,1142768
3151,1168204,544,312769,865382,1125487
3152,1178349,474,310127,869637,1135023
3153,1175536,541,310650,868287,1131664
3154,1182144,539,311368,882786,1138827
3155,537567,239,164804,416035,519888
3156,1186336,558,165087,875715,1142131
3157,1168721,481,312935,865337,1126180
3158,1178675,483,310829,869708,1134870
3159,1176959,570,310737,868796,1132465
3160,1182564,555,311711,883109,1138899
3161,537943,212,165318,416988,520462
3162,1186040,576,165616,875677,1141936
3163,1169403,548,312733,865808,1126652
3164,1176798,509,311007,869371,1134053
3165,1177650,546,310678,868735,1133725
3166,1184014,589,311543,883639,1139925
3167,538057,257,164680,416779,520461
3168,1184628,591,165352,875556,1140600
3169,1169388,533,311672,865271,1126338
3170,1177318,480,310413,869192,1134292
3171,1176625,572,310435,869025,1133251
3172,1184026,552,310627,882661,1139511
3173,538063,227,164699,416183,520275
3174,1185345,566,164896,876143,1141642
3175,1167969,503,312104,865873,1125263
3176,1178193,462,310585,870893,1135526
3177,1177836,600,311113,869394,1133760
3178,1182742,509,311408,882557,1138913
3179,537153,234,164427,415604,519746
3180,1184810,545,164341,874701,1141010
3181,1168752,530,312393,865763,1125916
3182,1178339,484,310886,871711,1135674
3183,1178056,510,311897,870091,1134276
3184,1181951,525,311052,881588,1138157
3185,537747,239,164629,416801,520321
3186,1187311,575,165520,876565,1142414
3187,1167160,546,312090,864958,1124568
3188,1177262,459,310673,870215,1134546
3189,1177263,522,310862,869524,1133361
3190,1182742,528,310883,882552,1138782
3191,537721,233,164780,416756,520355
3192,1185165,564,164516,874729,1141024
3193,1167451,474,311579,865010,1124994
3194,1178467,509,310268,869791,1135385
3195,1178734,532,311208,870215,1134725
3196,1183379,545,311914,882813,1139229
3197,537922,215,165175,417206,520561
3198,1184860,548,165582,874934,1141304
3199,1167986,480,312844,865165,1125490
3200,1177779,472,310689,870658,1134464
3201,1176492,538,311226,868794,1132583
3202,1184360,534,311314,882754,1139935
3203,536985,194,165020,416375,519388
3204,1186310,559,165227,876197,1142842
3205,1169267,541,312579,865894,1126185
3206,1176721,508,310259,869027,1133233
3207,1176239,529,311415,869752,1132685
3208,1183952,543,310971,883105,1139840
3209,539227,217,165030,417643,521269
3210,1185337,542,165904,875508,1141597
3211,1168025,551,313423,865005,1125485
3212,1179190,504,310335,870297,1135615
3213,1177024,534,310485,869080,1132963
3214,1182660,581,310490,882119,1138369
3215,539230,223,164847,417858,521682
3216,1186214,551,165288,875627,1142720
3217,1169498,483,312893,866722,1126860
3218,1177969,487,310758,870058,1134843
3219,1177402,507,311013,868634,1133271
3220,1183516,492,310631,882978,1139691
3221,538271,222,164347,416555,520601
3222,1185464,542,165026,875448,1141270
3223,1169946,530,312799,866580,1126727
3224,1177788,454,310662,869454,1134754
3225,1177504,548,310476,869555,1133285
3226,1181833,534,311329,881614,1138044
3227,537051,228,164510,416203,519560
3228,1185526,546,164590,875321,1141480
3229,1168597,488,312876,866854,1126026
3230,1177981,496,311500,870651,1134713
3231,1176271,522,310734,868938,1131974
3232,1182987,515,310867,882525,1139360
3233,537424,232,164252,415720,519801
3234,1186654,529,165179,875961,1142318
3235,1168402,500,312625,865579,1125236
3236,1176677,460,310388,870122,1133881
3237,1177498,550,311452,869529,1133537
3238,1183365,574,311448,882332,1138992
3239,538315,230,165197,417027,520762
3240,1185651,567,165239,875886,1141603
3241,1168470,462,312523,865984,1125702
3242,1177181,460,310439,869710,1134089
3243,1176430,503,310729,868687,1132753
3244,1183585,475,311478,881764,1139697
3245,538481,222,165447,416960,520746
3246,1183773,523,164862,874449,1140095
3247,1169268,518,312206,864915,1126938
3248,1177913,454,310899,870205,1134846
3249,1177065,531,310580,869459,1132730
3250,1182863,496,311274,883265,1139048
3251,537066,195,164413,415510,519530
3252,1185483,544,164477,875794,1141196
3253,1168974,566,312927,865793,1126135
3254,1178045,470,310789,870660,1134936
3255,1177170,500,310476,869357,1133192
3256,1183812,607,311076,882530,1139734
3257,537749,226,164556,416502,520195
3258,1185355,568,164773,875810,1141444
3259,1169211,496,313043,866593,1126487
3260,1178523,472,310245,869308,1134924
3261,1176097,494,311398,867838,1132440
3262,1183261,517,311732,883131,1139525
3263,538162,231,165173,416708,520549
3264,1185873,497,164846,874805,1141350
3265,1169451,492,312607,865871,1126263
3266,1178434,442,310672,870554,1135202
3267,1175874,524,310533,869439,1132507
3268,1182903,522,311100,883178,1139207
3269,538307,205,165167,416716,520500
3270,1186342,508,164993,876020,1142503
3271,1167970,460,312622,866167,1125659
3272,1177669,449,309898,870215,1134501
3273,1177609,567,310945,869691,1133652
3274,1183682,528,310853,882911,1139621
3275,537312,215,164705,415994,519489
3276,1186482,527,165169,875907,1142506
3277,1168466,440,312997,866850,1125886
3278,1178395,461,310675,870908,1134736
3279,1176020,539,310668,868307,1132237
3280,1182654,519,310800,882461,1138482
3281,537988,218,164880,416483,520130
3282,1184924,546,164864,875287,1140998
3283,1168909,487,312509,866436,1126533
3284,1176714,452,310374,869959,1134135
3285,1177079,564,310767,868817,1133064
3286,1184279,552,311103,883114,1139971
3287,537993,216,164703,417033,520580
3288,1185084,540,165037,874971,1141120
3289,1168933,472,312799,866560,1126495
3290,1176401,461,310154,869665,1133411
3291,1176000,516,310107,868645,1131922
3292,1183886,546,311374,883291,1139939
3293,538430,203,165258,417305,520675
3294,1186513,463,165303,876720,1142866
3295,1169011,490,313661,865642,1126143
3296,1176835,490,309899,868679,1133528
3297,1176998,531,310267,868997,1133072
3298,1182921,527,311208,882585,1139220
3299,537975,206,164932,416977,520546
3300,1185485,568,165793,875951,1141128
3301,1167605,524,313811,864996,1124810
3302,1177587,489,310485,870004,1134237
3303,1176219,509,310395,868104,1132187
3304,1183665,499,310832,883001,1139843
3305,538603,177,165008,416867,520951
3306,1186098,492,165147,875653,1142115
3307,1168758,489,312639,866116,1126142
3308,1176807,475,310221,869021,1133782
3309,1176244,479,310963,867913,1132387
3310,1183267,532,310126,882179,1139019
3311,537890,201,164578,416735,520130
3312,1186377,515,164860,875577,1142142
3313,1168301,455,312497,865212,1125737
3314,1178394,445,310625,870142,1135104
3315,1178524,563,311619,870421,1134240
3316,1181570,505,311179,882076,1137989
3317,538613,219,164952,417252,521167
3318,1186648,507,165323,876667,1142141
3319,1167466,517,312974,864721,1124790
3320,1178195,427,310584,870488,1134945
3321,1176188,488,310863,868130,1132340
3322,1184177,532,310848,883467,1140233
3323,537998,199,164876,416573,520420
3324,1185633,556,164847,875077,1140979
3325,1168693,461,312512,865787,1125990
3326,1177779,482,310847,870116,1134149
3327,1177153,527,310873,869473,1132852
3328,1182737,456,310644,881670,1138667
3329,537537,226,164304,416166,519804
3330,1184581,505,164522,874186,1141120
3331,1166456,509,312359,865126,1124216
3332,1177919,450,310149,870175,1134689
3333,1178170,502,311846,870615,1134455
3334,1182711,504,311449,881797,1138752
3335,537988,215,164420,416684,520121
3336,1186759,483,164908,877035,1142703
3337,1169956,476,313624,867312,1127436
3338,1177804,467,311308,870802,1134780
3339,1176499,506,310758,868374,1132468
3340,1182161,496,310758,882324,1138086
3341,537736,206,164563,416411,520387
3342,1186385,523,165648,876395,1142566
3343,1167549,478,312366,864332,1124698
3344,1178651,449,309731,871041,1135572
3345,1177419,495,311114,868812,1133192
3346,1182285,443,310974,882916,1138731
3347,538253,199,164987,416381,520482
3348,1185783,492,165343,875680,1141723
3349,1169272,461,312362,865664,1126446
3350,1177723,446,309844,869952,1134234
3351,1177249,486,310829,869630,1133608
3352,1183021,542,310688,882584,1138812
3353,537406,189,164378,416226,519849
3354,1185804,486,165385,875768,1141839
3355,1167923,553,312653,865261,1124967
3356,1176945,418,310005,869127,1133663
3357,1176393,472,310141,869610,1132517
3358,1183202,537,312368,882650,1138852
3359,537404,213,164543,415836,519826
3360,1185890,524,164895,876199,1142221
3361,1169579,474,312876,866326,1126564
3362,1177768,438,310762,869583,1134465
3363,1177332,531,310379,869385,1133104
3364,1182664,463,310997,882260,1139069
3365,538469,204,165087,416967,521026
3366,1185398,497,165724,875040,1140997
3367,1167250,488,311477,864714,1124741
3368,1176446,439,309764,868230,1132785
3369,1176496,500,310767,868476,1132575
3370,1183331,557,310639,881941,1138950
3371,537571,197,164524,416566,519843
3372,1185071,481,164893,874166,1141118
3373,1168195,473,313032,866848,1126191
3374,1176111,449,309817,868991,1133023
3375,1177074,537,310572,869262,1133581
3376,1184486,500,311577,882878,1140436
3377,537148,194,164765,416250,519607
3378,1185686,516,164639,874536,1141467
3379,1168638,472,311967,865495,1126039
3380,1177515,450,310187,870033,1134261
3381,1177112,501,310363,869394,1132979
3382,1183960,505,311208,883323,1139533
3383,537534,209,165660,416552,520015
3384,1184123,524,164796,874647,1140207
3385,1168635,445,312072,865561,1125603
3386,1177891,416,310317,870604,1134795
3387,1176902,501,310868,867959,1132668
3388,1182607,502,310080,881948,1138500
3389,537701,190,164504,416211,519931
3390,1185859,454,164874,874550,1141469
3391,1169217,501,312239,866252,1126115
3392,1177516,432,311125,869298,1134229
3393,1176812,502,310518,869000,1132649
3394,1182488,516,311302,881646,1138634
3395,538401,203,164679,416485,520498
3396,1184813,482,165107,875397,1140768
3397,1167615,454,312487,865343,1125138
3398,1177428,400,309665,869797,1134353
3399,1176404,479,310637,869443,1132851
3400,1183110,480,311753,882672,1139158
3401,537829,193,164815,416555,520120
3402,1186509,529,165526,876011,1142428
3403,1168771,463,313173,865858,1126072
3404,1177394,481,311222,870059,1134342
3405,1175834,527,310672,867712,1131596
3406,1183524,479,311063,883061,1139670
3407,537188,203,164708,416104,519532
3408,1185170,503,164817,874752,1141216
3409,1170478,490,312671,867123,1127456
3410,1176427,463,310447,869777,1133203
3411,1176231,466,311362,868354,1132542
3412,1181786,518,310322,881093,1138049
3413,537010,222,163875,415563,519399
3414,1186373,465,164504,875230,1142061
3415,1168400,459,311940,865403,1124999
3416,1178184,410,310217,870487,1135022
3417,1177128,443,311152,869998,1133381
3418,1182305,508,310915,881666,1138175
3419,538518,223,164261,417175,520747
3420,1186446,484,165164,875403,1142251
3421,1167362,484,312864,865215,1124356
3422,1179340,437,310696,871197,1136372
3423,1176288,509,311511,869147,1132096
3424,1183523,439,310602,882943,1139487
3425,537498,173,164494,416447,520017
3426,1185014,494,164292,874970,1140985
3427,1167887,442,311930,864931,1125390
3428,1177963,431,310404,870578,1134935
3429,1176246,444,311215,869763,1132826
3430,1183167,471,312031,882905,1139490
3431,538286,199,164644,416545,520733
3432,1186208,501,165049,877038,1142393
3433,1168144,469,313496,866369,1125726
3434,1177599,478,310168,870055,1134603
3435,1176931,497,310813,868803,1132816
3436,1182924,472,310555,882781,1138972
3437,537634,230,164610,416034,519916
3438,1186285,534,164610,875836,1142099
3439,1169491,423,313109,866236,1126424
3440,1177738,395,310395,870077,1134584
3441,1176250,478,310729,869319,1132479
3442,1182307,454,311353,881921,1138298
3443,537550,209,164688,416130,519954
3444,1185580,508,165107,875454,1141363
3445,1168692,507,312528,866253,1125915
3446,1176494,374,310924,869672,1133450
3447,1177379,478,310077,868555,1133180
3448,1183174,462,310443,882633,1139322
3449,537761,192,164541,416517,520275
3450,1185328,482,164817,875618,1141346
3451,1168878,485,313266,865830,1126433
3452,1177527,415,310734,870117,1134649
3453,1176879,504,311577,869781,1133199
3454,1181722,493,310732,880936,1137618
3455,538122,189,164501,416475,520513
3456,1185951,514,164781,875150,1141977
3457,1169258,497,312647,865759,1126536
3458,1176691,407,309953,869289,1133341
3459,1176863,533,310774,869865,1132488
3460,1181643,482,311566,881645,1137469
3461,538178,183,164370,416430,520349
3462,1183732,492,164580,874817,1139510
3463,1167561,433,311472,864010,1124275
3464,1178145,419,309971,870577,1134767
3465,1178025,476,310338,869583,1133756
3466,1182680,511,311092,882024,1138945
3467,538900,183,164918,417467,521174
3468,1185521,459,164805,875049,1141222
3469,1168653,453,312212,865174,1126119
3470,1175845,405,309777,869076,1132690
3471,1176458,480,310591,868918,1132758
3472,1183354,468,310832,882640,1139452
3473,537975,233,164858,416485,520198
3474,1185936,454,164766,874924,1141487
3475,1167328,469,312412,864682,1124670
3476,1176484,404,309466,870269,1133840
3477,1176422,437,310877,868873,1132488
3478,1182738,466,310586,882000,1138433
3479,537895,191,164040,416292,520117
3480,1186699,480,164739,876271,1142691
3481,1169184,422,312689,865260,1126245
3482,1177718,416,310924,870196,1134742
3483,1176323,502,310966,869039,1132770
3484,1183832,482,310925,883221,1139907
3485,538341,205,164967,417285,520757
3486,1184114,476,164878,874270,1140294
3487,1168080,455,311864,866101,1125695
3488,1176932,472,310704,869560,1133789
3489,1177706,469,311480,868758,1133742
3490,1183039,468,311301,882677,1138782
3491,538172,193,164628,417402,520538
3492,1186627,524,164805,875665,1142201
3493,1167944,501,312477,864783,1125597
3494,1177943,396,310297,869912,1134621
3495,1175960,467,310696,868938,1132161
3496,1184370,475,310903,883384,1140108
3497,537200,220,164894,416336,519595
3498,1187336,496,165006,876202,1143342
3499,1168106,423,312808,865818,1125443
3500,1177049,385,310139,868889,1133707
3501,1176543,509,310519,868538,1132551
3502,1182801,486,311007,883323,1139147
3503,537672,211,164777,416374,519887
3504,1186279,449,165010,875644,1141782
3505,1167585,395,312561,865369,1124963
3506,1178230,428,310235,870136,1134655
3507,1176479,437,311391,869350,1132822
3508,1182808,516,310748,881918,1138667
3509,538349,203,164949,417196,520701
3510,1185113,511,165795,875433,1141117
3511,1167936,448,311750,864863,1125048
3512,1177023,447,310750,869319,1133506
3513,1177598,442,310973,869350,1133497
3514,1183397,473,311153,883772,1139636
3515,537361,179,164570,416051,519765
3516,1186336,477,165225,875937,1142356
3517,1168800,453,312386,865941,1125732
3518,1176922,389,310951,869956,1133911
3519,1176524,486,310909,868801,1132764
3520,1183644,520,310562,882369,1139345
3521,536834,196,164109,415271,519319
3522,1185959,468,164389,875587,1142019
3523,1168290,462,311580,865510,1125575
3524,1177844,381,310082,870267,1134640
3525,1177363,464,311421,869076,1133606
3526,1183979,494,311252,882270,1139978
3527,537699,188,164155,417047,520238
3528,1187598,444,164984,876851,1143108
3529,1170082,413,312763,866661,1127020
3530,1176768,374,310448,870152,1133877
3531,1177471,389,310441,869547,1133626
3532,1183140,537,311584,882419,1138722
3533,537137,162,165207,416291,519795
3534,1186105,471,165211,876003,1141718
3535,1169307,441,313075,866400,1126770
3536,1178948,433,310893,870649,1135684
3537,1175622,499,311096,868435,1131536
3538,1182918,467,311463,882555,1139002
3539,538255,185,164939,416772,520491
3540,1187029,464,165308,876422,1142819
3541,1168473,437,312616,865514,1125721
3542,1177350,389,310879,870315,1134809
3543,1176632,499,310913,869276,1132434
3544,1181603,441,310604,881502,1137902
3545,538485,168,165040,417245,520910
3546,1185053,465,165219,874893,1141027
3547,1170201,436,312773,866773,1127658
3548,1177249,402,310299,869838,1134105
3549,1176744,472,310401,868857,1132870
3550,1182636,481,311831,883119,1138868
3551,537940,184,164964,416398,520417
3552,1186868,405,165169,876662,1142938
3553,1169330,450,312386,865593,1126664
3554,1177133,403,310198,869901,1134382
3555,1177613,501,310671,869899,1133859
3556,1182930,399,311527,881649,1139253
3557,537824,170,164681,416169,520177
3558,1185737,411,164669,875165,1141589
3559,1167500,408,312236,865829,1125182
3560,1179223,384,310795,871274,1135936
3561,1177011,453,311233,869818,1133629
3562,1183917,419,311876,883247,1139655
3563,537492,221,164942,416017,519722
3564,1184302,510,164643,875003,1140166
3565,1168707,442,312004,865869,1125878
3566,1178081,467,310668,870259,1134691
3567,1177156,492,310772,869486,1132873
3568,1182951,464,311328,883460,1138397
3569,536973,166,164359,415447,519180
3570,1186236,454,164984,875739,1141990
3571,1168862,423,313367,866142,1126280
3572,1176435,400,310022,868634,1133063
3573,1177524,466,310809,869377,1133065
3574,1182884,475,311175,882688,1139253
3575,537966,169,165190,416241,520307
3576,1185934,452,165141,876118,1141629
3577,1168381,469,312588,865727,1125803
3578,1179115,371,310633,869838,1135636
3579,1176620,493,311050,868961,1132882
3580,1181195,444,311098,881971,1137450
3581,538411,191,165052,417114,520774
3582,1184807,460,165386,874954,1140792
3583,1168845,429,312822,866399,1126117
3584,1178151,377,310344,870402,1134891
3585,1176689,474,310853,868429,1132141
3586,1184264,481,311323,883118,1140151
3587,538546,184,164398,417048,520916
3588,1186214,452,165220,875617,1142324
3589,1169223,398,313353,865839,1126625
3590,1177665,338,310984,870150,1134527
3591,1176871,478,310715,869147,1133159
3592,1181877,402,310543,882172,1137948
3593,537529,196,164492,416235,519747
3594,1186492,464,164923,875749,1142291
3595,1169959,416,312553,866409,1127044
3596,1177369,414,310965,869885,1133978
3597,1176790,464,311424,869215,1132734
3598,1183310,446,311650,883316,1139682
3599,537691,187,165024,416717,519905
3600,1185893,454,165015,875909,1142133
3601,1168797,478,312418,865470,1125910
3602,1177740,417,310674,869520,1134369
3603,1177339,450,310676,869679,1133197
3604,1183309,513,311525,882947,1139055
3605,538067,189,165212,416785,520539
3606,1186309,445,165493,877041,1142627
3607,1167447,410,312893,865166,1124674
3608,1177200,419,310158,869622,1134231
3609,1176055,409,310688,868402,1132306
3610,1183070,484,310962,883403,1139171
3611,538337,166,165128,416950,520698
3612,1184601,414,165040,874937,1140603
3613,1167320,426,312685,864916,1124318
3614,1177321,397,310462,869635,1134077
3615,1179026,436,311365,870399,1135140
3616,1183003,441,311488,882747,1138976
3617,537579,147,164824,416143,519960
3618,1187034,460,165254,877329,1142795
3619,1167499,424,312690,864775,1125045
3620,1176068,428,309999,868986,1133193
3621,1175694,463,309944,867492,1131586
3622,1183956,500,310032,882998,1139680
3623,537960,204,165366,416560,520395
3624,1187644,433,166241,876600,1143336
3625,1168076,423,313516,865497,1125243
3626,1178312,433,311296,871056,1134950
3627,1177649,490,311360,869267,1133053
3628,1181914,471,310407,881317,1138031
3629,538192,162,164302,415966,520394
3630,1184727,440,164867,875606,1140944
3631,1169340,420,313062,865431,1125932
3632,1177605,404,310783,869533,1134674
3633,1178222,445,310723,869634,1133965
3634,1183271,485,311361,882988,1139407
3635,538858,185,164547,417350,521018
3636,1186298,430,165592,875804,1142548
3637,1168935,469,312337,865211,1126267
3638,1178079,441,310070,870119,1134681
3639,1177739,395,311227,869812,1133850
3640,1183751,433,312032,883128,1139496
3641,537464,168,164825,416527,519882
3642,1184122,449,164649,874199,1139875
3643,1168601,387,311707,865484,1125963
3644,1176849,439,310074,869451,1133404
3645,1177697,458,310241,868997,1133674
3646,1184636,460,311380,882558,1140125
3647,538546,163,164231,416335,520607
3648,1185074,445,164881,875008,1140569
3649,1167080,399,312130,864437,1124539
3650,1177707,383,310182,869323,1134208
3651,1176955,442,311194,869209,1132658
3652,1182484,408,310732,881000,1138388
3653,537677,190,164209,416110,520092
3654,1184765,439,164506,874817,1140983
3655,1168909,472,311786,865042,1125749
3656,1178211,378,310718,870622,1134899
3657,1176969,438,310918,868431,1133286
3658,1182278,475,311031,881924,1138580
3659,538716,180,165384,417179,520842
3660,1185984,457,165675,876226,1142157
3661,1167383,436,312545,865472,1124702
3662,1176528,396,309950,868909,1133359
3663,1176512,439,311077,869812,1132704
3664,1184421,454,311293,883753,1140231
3665,537725,217,164139,415840,519769
3666,1185718,473,164795,874830,1141858
3667,1168273,408,312219,865137,1125638
3668,1177949,405,310770,869820,1134481
3669,1176547,403,310913,868814,1132809
3670,1182720,433,310711,881417,1138375
3671,537912,164,163984,415728,520141
3672,1186306,434,165261,876547,1142779
3673,1169703,417,313131,866243,1126632
3674,1177636,385,310345,869913,1134178
3675,1177502,428,311090,870354,1133620
3676,1181803,419,311188,882495,1138401
3677,538693,160,164709,417267,521280
3678,1186056,487,165192,874629,1141568
3679,1168144,410,313132,865595,1125308
3680,1176978,410,309840,869588,1133937
3681,1177581,426,310279,868765,1133318
3682,1182371,467,311154,882174,1138503
3683,538322,183,164865,417060,520513
3684,1185245,425,165161,875215,1141381
3685,1168425,428,312557,865357,1126103
3686,1177364,366,310575,870882,1134671
3687,1176993,442,310931,868281,1133100
3688,1182323,430,310497,882064,1138261
3689,537985,172,164977,416464,520322
3690,1186242,441,165364,875344,1142103
3691,1167074,389,312799,865293,1124738
3692,1178142,392,310928,869587,1135126
3693,1176510,420,310998,867655,1132765
3694,1181534,449,310870,881011,1137810
3695,538524,183,164728,417162,520833
3696,1185329,421,165443,875179,1141278
3697,1168437,391,312380,865852,1125631
3698,1176863,387,310852,869761,1133753
3699,1176873,420,310366,869264,1133219
3700,1183894,452,311234,882707,1139568
3701,538068,162,164527,416319,520368
3702,1187530,468,164757,876398,1143191
3703,1169596,363,312949,866795,1126871
3704,1176224,356,311265,869244,1132647
3705,1177377,419,310493,869026,1133519
3706,1182662,442,311017,883051,1138654
3707,539397,183,165131,417786,521865
3708,1186289,474,165230,875007,1141840
3709,1168856,412,312142,865707,1126014
3710,1177325,396,310148,869374,1134134
3711,1176866,487,310649,868494,1133182
3712,1184049,414,311621,882679,1140174
3713,538211,154,164910,416591,520304
3714,1185957,432,165006,875313,1141623
3715,1169688,424,312176,866431,1127308
3716,1177819,393,310687,870864,1134846
3717,1176738,417,310628,869197,1132670
3718,1183095,446,311140,882211,1138883
3719,538292,186,164561,417281,520666
3720,1184977,373,164261,874482,1140894
3721,1169094,416,312440,866278,1126601
3722,1176744,417,310225,870029,1133683
3723,1177393,473,311520,869933,1133425
3724,1183668,454,311927,883720,1140026
3725,537449,192,164870,416684,520044
3726,1186423,461,165007,875896,1142470
3727,1168482,396,312783,866173,1126154
3728,1178237,369,310731,870052,1135112
3729,1176425,417,310904,869323,1132282
3730,1183399,463,311252,883175,1139302
3731,537703,188,164097,416437,519901
3732,1186041,499,164648,875373,1142024
3733,1168246,377,312633,866486,1126029
3734,1177638,379,310107,870420,1134729
3735,1177314,427,310821,869305,1133223
3736,1182273,436,311390,882268,1138450
3737,537922,182,164436,416354,520312
3738,1186465,409,164810,875787,1142292
3739,1167740,392,312385,865609,1125316
3740,1177994,378,310430,869953,1134761
3741,1178056,439,310968,869272,1133899
3742,1182430,423,310923,881986,1138315
3743,537718,163,164862,416705,520081
3744,1185778,441,165500,876317,1142189
3745,1169474,378,313243,866781,1127090
3746,1178427,354,309638,870027,1134974
3747,1177363,420,311107,869655,1133532
3748,1183587,381,312191,883285,1139569
3749,537875,183,164903,416591,520334
3750,1187489,425,165384,877712,1143481
3751,1169097,437,313012,865619,1125931
3752,1177289,382,310623,870619,1134320
3753,1177227,423,310975,869552,1133416
3754,1183109,422,311454,883006,1139753
3755,538149,166,164881,416646,520414
3756,1185991,448,164783,875772,1142315
3757,1169127,376,312754,866179,1126164
3758,1176144,373,310667,870449,1132765
3759,1175774,419,310502,868101,1132154
3760,1184113,402,310487,883770,1139951
3761,537392,150,164616,416298,519867
3762,1186310,409,165168,875696,1142302
3763,1168889,447,311978,865750,1125999
3764,1177949,347,310601,870853,1134891
3765,1177596,421,310932,869117,1133490
3766,1183502,401,311223,883115,1139571
3767,538222,177,164236,415964,520341
3768,1186084,423,165136,876782,1142242
3769,1167650,386,313368,865869,1125367
3770,1177951,368,310743,870284,1134898
3771,1176734,420,310200,868647,1132819
3772,1183023,459,311287,882722,1138951
3773,538180,165,164684,416666,520643
3774,1185973,461,164800,876006,1141404
3775,1170185,402,313085,867012,1127444
3776,1178125,356,310598,870460,1134764
3777,1177909,442,310566,869270,1133927
3778,1183279,433,311775,882366,1139290
3779,538749,192,164688,417135,520934
3780,1183433,394,164726,873814,1139707
3781,1168079,393,311919,865142,1125648
3782,1176311,387,310530,869878,1133322
3783,1176019,419,310671,868412,1132403
3784,1183457,385,311213,882216,1139471
3785,537420,159,164909,416846,519858
3786,1186416,402,165153,875708,1142103
3787,1167238,383,312656,865097,1124819
3788,1177347,329,310667,869519,1134480
3789,1177525,384,310919,868963,1133144
3790,1182119,417,311595,882914,1138298
3791,537890,176,164798,416813,520268
3792,1184654,453,164750,874816,1140412
3793,1168329,389,312286,865449,1125390
3794,1177216,357,310614,870375,1134342
3795,1177429,429,310526,868649,1133410
3796,1182991,409,311489,882312,1139196
3797,537893,185,165381,416923,520387
3798,1186219,418,165441,875468,1141950
3799,1168765,408,311522,865248,1125517
3800,1176855,394,310303,870078,1133719
3801,1176982,419,310535,869006,1132691
3802,1183033,433,311913,882796,1139064
3803,537977,186,165432,416377,520299
3804,1186762,422,165070,875761,1142392
3805,1169496,400,313245,866804,1126795
3806,1178928,370,310903,870475,1135776
3807,1176975,405,310935,869108,1133202
3808,1181475,416,310372,880654,1137204
3809,538608,154,164670,416998,521011
3810,1185100,391,165392,874807,1141017
3811,1167816,393,312793,865379,1125256
3812,1178343,332,310251,870214,1135027
3813,1177820,415,310718,868943,1133707
3814,1182954,372,310444,882443,1139247
3815,537906,165,164382,416573,519912
3816,1185363,454,164888,873894,1141265
3817,1167778,391,311763,865839,1125255
3818,1178676,345,310756,870785,1135202
3819,1175510,427,310853,868403,1131471
3820,1182985,393,310648,882381,1138588
3821,537967,149,165187,416422,520045
3822,1187024,470,164972,876163,1142801
3823,1169014,423,312662,865885,1126010
3824,1178130,380,310682,869516,1134661
3825,1176158,431,310724,868494,1132399
3826,1183931,407,311398,884014,1140080
3827,538469,173,164926,417457,520971
3828,1186337,411,165074,875726,1142479
3829,1168441,364,312463,864390,1125939
3830,1177487,390,309922,870588,1134475
3831,1178265,364,311671,869873,1134197
3832,1182537,389,311952,883027,1138938
3833,537914,167,164814,416184,520140
3834,1186063,356,165296,875829,1141998
3835,1168085,387,312712,866008,1125471
3836,1177932,347,311106,870908,1135120
3837,1175674,386,310538,868932,1131792
3838,1184033,382,310694,882860,1140007
3839,537703,169,164565,416217,519970
3840,1185660,391,165236,875254,1141607
3841,1168357,373,312650,865110,1125412
3842,1177230,364,310059,869815,1134425
3843,1178369,436,310641,870267,1133962
3844,1183283,418,311299,882873,1139130
3845,537358,141,164400,416318,519909
3846,1185346,390,164622,874671,1141058
3847,1169043,393,312468,865383,1126481
3848,1177737,355,310542,869709,1134583
3849,1178928,403,311356,870433,1134383
3850,1182474,411,311053,882151,1138413
3851,537972,178,164475,416422,520352
3852,1186979,420,165224,875960,1142197
3853,1167792,438,312188,864581,1124569
3854,1177042,364,310277,869774,1133843
3855,1177310,386,310413,869431,1133244
3856,1184206,448,311121,883317,1140405
3857,538609,172,164554,416910,520771
3858,1184831,399,164966,874945,1141210
3859,1168987,346,313141,867446,1126493
3860,1176994,345,310743,869446,1133781
3861,1176326,374,311257,869047,1132975
3862,1183239,357,312069,884247,1139742
3863,537383,165,164473,416818,519843
3864,1186067,424,164945,875980,1141850
3865,1168236,393,312174,864532,1125469
3866,1178649,365,310329,870636,1135436
3867,1176074,378,310839,869456,1132597
3868,1182171,389,311325,882128,1138809
3869,537338,159,165034,415841,519585
3870,1185658,366,164633,875986,1141905
3871,1169254,436,312676,866247,1126402
3872,1176715,385,310458,870046,1133260
3873,1176768,428,311017,868227,1132347
3874,1182435,392,311413,882312,1138698
3875,537427,186,164344,416157,519534
3876,1184566,430,164633,874967,1140187
3877,1168178,391,312344,864798,1125015
3878,1177871,362,310036,869905,1134786
3879,1175646,414,310323,867199,1131386
3880,1182781,373,310777,882413,1139019
3881,538214,148,164811,416699,520376
3882,1188077,407,165143,876925,1143691
3883,1168449,377,313781,865492,1126258
3884,1179155,352,310634,871337,1135951
3885,1176845,417,310581,868500,1132480
3886,1184495,455,311813,883675,1139787
3887,537334,172,164053,416266,519676
3888,1185955,411,164910,875845,1141821
3889,1167461,419,312397,864879,1124683
3890,1177601,384,310216,870449,1134481
3891,1176944,455,310449,868250,1133137
3892,1182673,399,310926,881921,1138685
3893,538149,148,165079,416015,520357
3894,1186415,430,164717,875999,1142370
3895,1167660,364,311472,865353,1125203
3896,1178023,390,310140,869931,1134648
3897,1176623,391,310891,868712,1132944
3898,1182506,440,310207,881766,1138567
3899,538284,161,164722,417322,520574
3900,1185640,413,165770,875656,1141275
3901,1168271,389,312848,865981,1125671
3902,1177776,329,310730,870656,1134897
3903,1176518,359,311321,868907,1132792
3904,1182464,391,311159,882288,1138659
3905,537816,168,163746,416116,520079
3906,1186101,446,165061,875985,1142427
3907,1169117,374,313137,866270,1125953
3908,1177227,358,310047,869601,1134233
3909,1177354,397,310860,868274,1133183
3910,1182209,426,311793,882503,1137959
3911,538386,144,164739,416464,520780
3912,1184162,416,165243,874866,1140527
3913,1169560,424,312230,866766,1126740
3914,1177277,348,311035,870295,1134133
3915,1177068,421,310646,868381,1132949
3916,1183616,428,311033,882086,1139711
3917,538243,155,164502,416608,520847
3918,1184452,396,164569,875170,1140676
3919,1171229,390,312019,867024,1128560
3920,1177328,332,310960,869956,1134202
3921,1179108,396,310762,869879,1134911
3922,1182373,391,311667,881780,1138690
3923,538017,178,164719,416356,520372
3924,1185003,421,164405,874628,1141058
3925,1167075,387,311216,864919,1124087
3926,1177478,343,309745,869858,1133949
3927,1176726,399,311184,869184,1132622
3928,1182749,388,310860,882371,1139154
3929,538006,154,164989,416978,520327
3930,1187143,382,165101,876280,1142991
3931,1168341,410,313026,865442,1125526
3932,1178558,367,309989,870080,1135047
3933,1176441,404,310880,869861,1132750
3934,1182859,390,311051,881817,1138601
3935,537370,147,164504,416158,519839
3936,1186595,420,165297,876524,1142281
3937,1167404,338,312428,865154,1124966
3938,1176522,338,309747,868856,1133367
3939,1177450,377,310481,869768,1133230
3940,1183643,382,311524,882304,1139509
3941,537648,161,164529,416498,519891
3942,1186487,395,165024,875235,1142310
3943,1169984,378,313123,867719,1127309
3944,1177920,376,311681,871056,1134701
3945,1176204,389,310693,867811,1132139
3946,1182525,394,311049,882726,1138427
3947,537359,170,164469,416057,519627
3948,1184151,437,164719,875597,1140624
3949,1167604,366,312755,864743,1125137
3950,1177718,322,309981,870112,1134704
3951,1176771,414,310805,868711,1132526
3952,1183438,370,311086,882805,1139401
3953,538022,156,164710,416399,520042
3954,1185761,420,164949,874935,1141304
3955,1167817,357,312445,865251,1125036
3956,1177936,344,310050,870222,1134331
3957,1176036,386,311284,869210,1132389
3958,1181163,381,311218,880450,1136729
3959,538470,167,163568,416677,520861
3960,1187203,412,165194,876211,1143030
3961,1168781,347,312243,865487,1125660
3962,1177450,372,310310,869454,1134244
3963,1178674,399,311529,869612,1134821
3964,1184523,348,311420,884174,1140590
3965,537119,165,164687,415850,519624
3966,1185902,361,164780,875757,1141409
3967,1169492,364,312573,866444,1126575
3968,1177744,329,310109,869573,1134376
3969,1177451,399,311368,869297,1133266
3970,1182842,439,311082,882389,1138717
3971,537711,159,164527,416255,520025
3972,1185688,423,164844,875137,1141491
3973,1167084,389,311794,864908,1125211
3974,1176618,328,310042,869021,1133094
3975,1176873,368,311036,869817,1133516
3976,1183247,412,311487,882599,1139335
3977,538423,164,164619,417246,520858
3978,1186710,431,165618,875970,1142381
3979,1169027,345,312567,866364,1126682
3980,1177681,349,311217,870121,1134777
3981,1177172,368,311231,869651,1133379
3982,1183250,377,311898,883161,1139746
3983,538088,165,164391,415975,520208
3984,1185945,385,165101,875505,1142035
3985,1166719,389,311698,864236,1124148
3986,1178391,352,310147,870444,1135214
3987,1178055,426,311589,869478,1133861
3988,1182640,411,311029,882170,1138232
3989,537459,155,164506,415902,519477
3990,1186618,392,165068,876609,1142567
3991,1167777,362,312883,865352,1125369
3992,1177796,345,310234,869714,1134870
3993,1176865,368,310711,869315,1132843
3994,1183093,355,311139,882915,1139513
3995,537378,178,165220,416045,519581
3996,1184987,358,164642,874493,1140935
3997,1168361,361,312325,865494,1125847
3998,1177731,313,311383,870506,1134679
3999,1176586,355,310684,868131,1132918
4000,1183440,354,310664,882428,1139425
4001,537730,141,164272,416364,520009
4002,1186557,391,165339,876326,1142878
4003,1167865,356,313043,865381,1125340
4004,1175680,331,310149,867949,1132489
4005,1177142,353,310533,869589,1133223
4006,1182325,381,310827,882203,1138634
4007,537646,140,164781,416872,520000
4008,1185544,372,165302,875397,1141329
4009,1168664,377,312959,865849,1125911
4010,1177900,352,311249,870682,1135176
4011,1175153,378,311450,867988,1131579
4012,1183003,331,310760,882492,1139145
4013,537160,143,164393,416019,519832
4014,1184960,376,164839,875574,1141119
4015,1169032,365,312831,866143,1126395
4016,1177074,328,310338,869367,1133612
4017,1176555,394,310336,868036,1132214
4018,1181809,374,310332,881754,1138142
4019,538024,150,164660,416924,520377
4020,1185373,402,165035,875154,1140985
4021,1167636,317,311591,864065,1124635
4022,1177640,330,310383,869663,1134113
4023,1177159,396,310885,869171,1133007
4024,1183511,388,311341,883184,1139502
4025,537633,149,165210,416150,519752
4026,1187590,370,165569,877062,1143643
4027,1168109,375,312363,865747,1125231
4028,1177251,359,310476,869909,1133877
4029,1177267,393,310978,869367,1133344
4030,1181942,421,311243,882585,1138459
4031,537578,155,164527,416425,520045
4032,1186684,382,165329,876538,1142443
4033,1169639,329,313590,866563,1126887
4034,1176262,348,311217,868989,1133074
4035,1176984,415,310942,869798,1133123
4036,1183111,384,311109,882493,1138912
4037,537824,135,164843,416319,520065
4038,1186837,391,164774,876914,1142979
4039,1168167,327,312330,865062,1125436
4040,1177214,368,310416,869921,1134117
4041,1176453,398,310772,867897,1132366
4042,1182453,385,311396,882658,1138536
4043,536939,141,164614,415969,519523
4044,1184969,346,165233,875279,1140974
4045,1167976,338,312683,864905,1125074
4046,1176850,328,309860,869180,1133665
4047,1178123,357,310126,869113,1133963
4048,1183019,386,311145,882771,1139188
4049,537449,168,164636,415824,519850
4050,1184496,378,165055,874719,1140441
4051,1169059,324,312389,866602,1126476
4052,1176710,298,310853,869395,1133377
4053,1176173,402,310307,867261,1132085
4054,1181948,410,310369,882182,1138088
4055,538242,140,164468,416742,520613
4056,1185131,356,165339,874954,1141271
4057,1169028,332,312545,866541,1126505
4058,1177469,323,310621,869253,1133821
4059,1177770,391,311252,869089,1133664
4060,1182005,384,311582,882875,1138488
4061,537978,138,165149,416634,520232
4062,1187593,356,164955,876234,1143256
4063,1167767,323,312457,865250,1124987
4064,1176863,300,310599,869534,1133960
4065,1177095,389,311405,869111,1133012
4066,1182928,361,311615,882666,1138881
4067,537883,131,164516,416480,520406
4068,1185978,402,164765,875863,1141558
4069,1167733,339,313072,866143,1125384
4070,1177955,314,311367,869644,1134049
4071,1176112,375,309959,868023,1131983
4072,1183854,397,310812,883316,1139772
4073,538202,157,165036,417130,520724
4074,1184955,377,165158,874935,1140827
4075,1168930,345,312677,865865,1126611
4076,1178472,318,310642,869645,1134894
4077,1176742,353,311559,869041,1132586
4078,1183416,397,311903,883742,1139746
4079,538453,167,164901,416284,520635
4080,1184072,340,165305,875019,1140303
4081,1167982,352,312602,866085,1125374
4082,1177559,311,310867,870643,1134506
4083,1176642,367,310591,869016,1132557
4084,1183139,355,311418,882291,1138951
4085,539114,144,165337,417892,521583
4086,1185371,356,165712,875408,1141457
4087,1168072,359,311588,865164,1125695
4088,1179048,350,310442,870573,1135740
4089,1177054,361,311297,869378,1133271
4090,1184334,357,311251,884271,1140435
4091,537886,155,164409,416637,520155
4092,1186389,352,164906,876015,1141884
4093,1169125,365,312147,865851,1126153
4094,1176980,358,309496,869624,1133464
4095,1176478,370,309966,868733,1132595
4096,1184479,396,310899,883356,1140103
4097,537504,154,164705,416611,519925
4098,1187482,360,165540,875856,1142881
4099,1168816,370,312828,865881,1125756
4100,1177465,326,310076,869981,1134267
4101,1178701,383,311093,870319,1134605
4102,1182365,386,310544,882243,1138538
4103,538087,135,164955,416991,520197
4104,1186854,355,165166,876363,1142779
4105,1169039,336,312017,865730,1126285
4106,1178112,345,310641,870618,1135091
4107,1177207,397,311321,869412,1133207
4108,1183657,368,311083,883364,1139819
4109,537793,180,164611,416550,520114
4110,1186745,390,164947,875614,1142621
4111,1167731,362,312105,864817,1124807
4112,1178463,331,309627,870195,1135092
4113,1177493,404,311265,869609,1133420
4114,1182819,388,311436,882784,1138571
4115,537137,142,164578,415873,519716
4116,1187219,386,164691,877131,1143226
4117,1167625,352,312572,865145,1124953
4118,1178571,316,310843,869820,1135166
4119,1176229,360,310053,868053,1132142
4120,1181695,307,309696,880965,1137830
4121,536894,149,164137,415545,519255
4122,1184880,361,164334,875628,1140963
4123,1169056,366,312412,865903,1126143
4124,1176992,300,310811,869950,1133752
4125,1178325,358,310870,870441,1134327
4126,1183688,399,311566,881881,1139410
4127,537906,156,164598,416764,520171
4128,1183646,373,164942,874469,1139859
4129,1169383,320,312112,866692,1127004
4130,1177751,304,310777,869790,1134844
4131,1176328,338,310482,868586,1132344
4132,1182159,357,310964,882124,1138280
4133,537710,156,164410,416050,520280
4134,1187060,374,165102,876199,1142612
4135,1169283,334,312236,865882,1126460
4136,1177391,316,310583,870083,1134316
4137,1177754,320,310999,869715,1134263
4138,1182429,352,311849,882312,1138853
4139,538076,144,164997,416677,520620
4140,1186992,374,165709,876351,1142751
4141,1169157,344,312419,865805,1126246
4142,1178593,339,311152,871200,1135581
4143,1176420,392,311499,868822,1132511
4144,1183997,391,311621,883695,1139923
4145,538001,156,164517,416504,520682
4146,1184886,391,164535,875684,1140965
4147,1168675,344,313027,866240,1126282
4148,1176285,305,310051,869329,1133514
4149,1176540,371,310570,868449,1132155
4150,1183568,415,311630,883537,1139674
4151,537959,124,164967,416301,520381
4152,1185962,348,164994,876314,1142172
4153,1168791,335,312340,865916,1126004
4154,1178404,310,310655,870741,1135227
4155,1177416,374,311429,869806,1133984
4156,1183797,384,311429,883036,1139585
4157,537449,153,163616,415646,519866
4158,1185403,394,165160,876290,1141149
4159,1169667,351,313225,867331,1126828
4160,1178495,366,310683,870000,1134975
4161,1178036,358,310081,868556,1133714
4162,1183177,380,311535,883152,1138989
4163,538410,152,165123,417124,520835
4164,1185734,329,165231,875476,1141295
4165,1167989,349,312101,865973,1125213
4166,1178249,332,309746,869128,1134664
4167,1175959,321,310229,868297,1131986
4168,1182548,352,310883,882309,1138843
4169,538146,158,164560,416793,520561
4170,1185324,348,165013,874332,1141349
4171,1166574,318,311640,863923,1123971
4172,1176537,307,309691,868324,1133073
4173,1176203,362,310669,870014,1132760
4174,1182897,351,311213,882813,1139169
4175,537265,153,164799,416087,519553
4176,1185665,370,164914,875784,1142018
4177,1168616,335,312745,865715,1126161
4178,1177486,338,311281,869965,1134181
4179,1176965,360,311071,868457,1132505
4180,1182071,353,310612,880879,1138205
4181,536807,147,163980,415574,519014
4182,1185036,368,164494,875349,1141026
4183,1170565,349,313223,866404,1127866
4184,1177280,291,310998,869500,1134303
4185,1177148,397,311088,868671,1133112
4186,1182106,352,310618,882257,1138380
4187,537834,127,164554,416021,520291
4188,1185815,334,164261,875580,1141707
4189,1168964,318,312583,866603,1126801
4190,1176884,325,309781,869828,1134117
4191,1176648,351,310331,869051,1132319
4192,1183149,337,310979,883239,1139189
4193,537154,123,164325,416280,519476
4194,1184981,320,165118,875011,1140873
4195,1167598,288,312815,865893,1125012
4196,1178011,321,310741,869818,1134928
4197,1176646,343,311012,868592,1132798
4198,1182823,363,311583,882259,1139056
4199,538272,141,164937,416879,520549
4200,1186254,380,164883,875929,1141895
4201,1169006,360,312521,865765,1126366
4202,1178907,303,311588,870832,1135823
4203,1177069,369,311343,868643,1132793
4204,1182638,358,311525,882489,1138736
4205,537120,142,164622,415935,519507
4206,1186180,374,164688,876325,1142432
4207,1168299,353,312711,864697,1125557
4208,1177322,363,310007,869181,1133387
4209,1177265,365,310395,869141,1133008
4210,1183191,340,311606,883119,1139545
4211,537879,136,165192,416033,520282
4212,1184731,367,165025,875201,1140662
4213,1168737,313,312016,865447,1126068
4214,1178604,280,310643,871251,1135334
4215,1177858,332,311503,869741,1133631
4216,1184123,341,311590,883882,1140057
4217,537916,161,164888,416175,520367
4218,1186053,375,164545,875678,1141529
4219,1168785,328,313381,866407,1126073
4220,1178189,309,311185,870651,1135156
4221,1177089,351,311579,868644,1133275
4222,1183922,311,310856,883511,1140161
4223,537387,156,164953,416167,519658
4224,1184303,354,164927,874186,1140620
4225,1171003,302,312355,867374,1128641
4226,1176368,293,310077,868610,1133294
4227,1177514,344,309977,869226,1133517
4228,1183969,360,310721,883159,1139638
4229,537413,135,164867,416061,519837
4230,1186700,385,165139,876722,1143153
4231,1168326,317,312408,866046,1125954
4232,1177659,319,311085,870731,1134625
4233,1176519,367,310885,868145,1132074
4234,1182783,380,310843,882908,1138676
4235,538179,162,164968,416636,520465
4236,1186382,336,165663,875882,1142169
4237,1169320,307,313035,867162,1127110
4238,1178074,287,311241,870447,1134613
4239,1176578,331,310792,868696,1132779
4240,1182135,391,311326,881833,1137592
4241,538789,144,164854,417636,521228
4242,1185610,334,165037,875313,1141857
4243,1169346,327,313339,866114,1126688
4244,1178097,273,310885,870333,1134884
4245,1178207,370,311251,870019,1134680
4246,1182140,314,311074,882744,1138097
4247,538344,154,164824,416990,520868
4248,1185986,339,165237,876999,1142318
4249,1168572,333,313203,865276,1126064
4250,1179150,332,311028,871619,1135834
4251,1176877,356,310851,868644,1132842
4252,1182327,351,310250,881996,1138290
4253,537797,159,164732,416294,519930
4254,1186555,276,165510,876567,1142668
4255,1168534,295,312567,865551,1125761
4256,1177424,291,309823,870030,1134508
4257,1176982,356,310788,868811,1132959
4258,1183871,335,311523,883442,1139852
4259,538154,139,164517,415789,520156
4260,1185206,324,164410,875450,1141403
4261,1169524,301,313286,865819,1127077
4262,1176873,288,310666,870696,1134190
4263,1178840,334,311274,870555,1134790
4264,1183776,345,312744,883351,1139766
4265,536863,140,164486,415611,519281
4266,1184700,372,164615,875315,1140874
4267,1167881,318,312749,866464,1125942
4268,1177721,310,310617,869767,1134543
4269,1176602,342,310218,868387,1132914
4270,1183381,346,311370,883196,1139294
4271,538194,140,164348,416265,520429
4272,1186481,382,165220,875717,1141944
4273,1167622,321,312480,865825,1125249
4274,1177645,322,310243,869572,1134152
4275,1178194,318,310963,869950,1133947
4276,1183022,326,311466,882409,1139119
4277,538485,129,164236,416754,520857
4278,1186537,322,165172,876439,1142176
4279,1169936,318,312768,866544,1127423
4280,1178460,307,310644,871113,1135331
4281,1176850,373,310881,869678,1133075
4282,1184252,330,311557,883895,1140701
4283,537033,144,164952,416178,519388
4284,1186171,352,165021,876486,1141874
4285,1168490,308,311883,865235,1125788
4286,1177290,293,310732,870331,1134602
4287,1176566,381,310691,868546,1132664
4288,1183434,348,310952,883341,1139321
4289,537535,129,165149,416257,519905
4290,1186250,333,165044,875236,1141921
4291,1167647,298,311537,865178,1125091
4292,1176241,264,309856,869274,1133120
4293,1176902,380,310939,869433,1133034
4294,1183186,325,311396,882553,1139162
4295,538046,127,165183,416488,520561
4296,1185339,378,164851,875259,1141330
4297,1168623,304,313089,866460,1126198
4298,1176801,303,311412,869697,1133572
4299,1176142,364,311466,869146,1131950
4300,1182215,357,311459,881282,1138431
4301,537807,156,165304,416678,520160
4302,1185183,346,165146,874177,1141049
4303,1169178,335,312918,867035,1126851
4304,1175895,321,310047,868503,1133158
4305,1176516,314,310787,869373,1132688
4306,1183451,321,311691,882218,1139293
4307,537817,166,165008,416823,520356
4308,1185148,340,164900,875479,1141293
4309,1168105,328,312551,864896,1125468
4310,1177832,269,310597,869877,1134779
4311,1177591,292,310972,869222,1133668
4312,1183328,331,311721,882736,1139237
4313,537654,152,163908,416789,520112
4314,1187464,311,164796,876630,1142843
4315,1168436,315,312454,864990,1125616
4316,1176363,252,309464,868817,1132709
4317,1177630,390,310546,869578,1133525
4318,1182729,341,310838,882238,1138820
4319,537929,120,164077,416493,520084
4320,1186252,367,164758,875990,1142204
4321,1169473,340,313013,866178,1126905
4322,1178905,350,311642,870747,1135510
4323,1176888,351,311707,870178,1132745
4324,1182728,316,311689,882578,1138718
4325,538441,119,165279,417057,520777
4326,1185142,313,165704,875408,1141158
4327,1167102,342,311781,865357,1124868
4328,1177947,280,310529,870472,1134873
4329,1177246,321,310822,868182,1133148
4330,1185307,347,311181,884304,1141121
4331,537984,134,165374,416966,520188
4332,1187910,338,165629,877276,1143894
4333,1168661,305,312485,865666,1125876
4334,1177538,277,311064,870092,1134229
4335,1177717,360,310901,868921,1133351
4336,1182851,349,311366,882759,1138886
4337,537778,122,164410,416129,519969
4338,1186289,318,164947,876181,1141943
4339,1168041,300,312410,865190,1125181
4340,1176557,284,310432,869089,1133425
4341,1177008,313,310048,868326,1133345
4342,1183974,346,310846,884232,1139957
4343,537954,127,165009,417314,520726
4344,1185205,330,164425,874914,1141013
4345,1169216,291,312644,866225,1126767
4346,1177716,318,310602,870174,1134329
4347,1176620,349,310813,868839,1132237
4348,1183621,373,310953,882613,1139375
4349,538523,128,164728,417624,520844
4350,1185961,387,165249,875684,1142311
4351,1169405,291,312691,866785,1126649
4352,1178470,344,310714,870505,1135085
4353,1178163,339,310814,869421,1134448
4354,1181714,352,310883,881985,1137804
4355,537905,138,164101,416548,520266
4356,1186104,343,165229,875307,1141915
4357,1167428,292,312589,865361,1124428
4358,1176824,297,310339,869291,1133713
4359,1176263,299,309728,869015,1132348
4360,1183455,377,310648,882722,1139096
4361,537916,135,164693,416467,520092
4362,1185871,342,164958,875629,1141633
4363,1168733,295,312418,866137,1126125
4364,1178460,278,310664,870286,1135306
4365,1176633,299,311053,868135,1132800
4366,1184071,329,311224,882506,1140041
4367,537168,135,164652,415649,519718
4368,1187908,343,164777,877102,1143441
4369,1167293,294,313161,864998,1124642
4370,1177524,309,310577,870055,1134520
4371,1176565,314,311088,868662,1132869
4372,1183511,348,311046,883262,1139182
4373,537187,109,164162,415937,519653
4374,1186019,322,164016,875048,1141972
4375,1168313,331,312628,866029,1125809
4376,1178553,283,310050,870548,1135531
4377,1176717,362,310887,868615,1132787
4378,1182751,336,311184,882634,1138848
4379,537869,159,164362,417279,520389
4380,1186055,315,164526,875080,1142179
4381,1169488,305,312585,865470,1126336
4382,1176597,305,309859,868807,1132730
4383,1177211,318,310205,869232,1133112
4384,1180973,289,310852,881487,1137438
4385,536739,134,164413,415951,519365
4386,1185389,323,164724,875078,1141478
4387,1167527,277,312646,864470,1124434
4388,1177166,290,310319,870032,1133713
4389,1178094,337,310970,870174,1133931
4390,1182907,341,311289,881731,1138606
4391,538249,109,164921,416011,520426
4392,1186189,294,165440,876517,1142183
4393,1167907,262,312893,864892,1125511
4394,1177697,304,309659,867868,1134589
4395,1175965,287,309215,867454,1131801
4396,1182273,310,310775,881980,1138077
4397,537684,137,164065,416063,520212
4398,1186648,331,164777,876673,1142823
4399,1168624,362,313364,865594,1125467
4400,1178212,277,310821,871536,1135035
4401,1177928,348,311467,869970,1133867
4402,1183019,333,311685,882896,1139279
4403,537621,115,164656,416228,519824
4404,1185630,292,165224,876170,1141840
4405,1168350,312,313111,865442,1126004
4406,1175651,240,309752,869264,1132984
4407,1175476,305,310577,868539,1131797
4408,1181738,331,311368,882554,1137821
4409,537902,128,164391,416212,519932
4410,1186521,294,165119,875601,1142195
4411,1169586,354,313359,866948,1127328
4412,1174934,293,310596,869114,1131985
4413,1177139,332,310618,868454,1133197
4414,1183489,326,310974,882444,1139313
4415,538407,118,165019,416700,520840
4416,1186595,327,164858,876853,1142832
4417,1168010,322,312433,865262,1125688
4418,1177522,290,311024,869844,1134457
4419,1177597,337,310241,868818,1133731
4420,1182483,332,310937,882973,1139039
4421,538472,124,164356,416413,520488
4422,1185922,333,165192,875632,1142276
4423,1168716,303,312785,866370,1125778
4424,1179161,285,310951,870563,1135303
4425,1177492,290,311104,870196,1134069
4426,1184039,338,310857,883224,1139977
4427,537780,156,165075,416866,520311
4428,1184732,355,165110,875965,1141086
4429,1169312,312,311837,866481,1126619
4430,1177753,279,310294,870822,1134645
4431,1177817,300,310774,869454,1133519
4432,1183301,319,311250,883039,1139483
4433,537781,143,165075,416379,520029
4434,1186141,315,165707,875750,1141810
4435,1168809,293,312910,865801,1126014
4436,1177618,278,310514,870001,1134297
4437,1177176,319,311154,869749,1133564
4438,1183289,328,311802,882878,1139025
4439,538564,145,164850,417054,520887
4440,1185448,286,165290,875569,1141637
4441,1168911,305,313395,866517,1126404
4442,1178023,292,311220,870065,1135064
4443,1177733,313,311817,869818,1133714
4444,1183486,357,311137,881866,1139325
4445,538205,137,164619,416978,520656
4446,1184998,357,165526,875487,1140572
4447,1166778,281,312370,865103,1124401
4448,1178069,265,310342,870841,1134895
4449,1175625,317,310707,867578,1132044
4450,1183744,352,310607,882608,1139661
4451,538541,138,164703,416654,520616
4452,1185157,316,164646,875099,1141194
4453,1169252,324,312314,866343,1126872
4454,1176499,259,310917,870266,1134052
4455,1177043,310,311383,869313,1132993
4456,1181848,305,310853,881712,1137388
4457,537109,141,164215,415413,519538
4458,1185407,300,164519,875440,1141334
4459,1167646,289,312647,865073,1125103
4460,1178007,268,310714,870260,1134541
4461,1175950,321,311042,868230,1132246
4462,1183062,325,311506,882439,1138861
4463,538251,143,164591,415777,520236
4464,1185587,310,165287,876153,1141633
4465,1167500,297,312747,863923,1124544
4466,1178002,317,310364,869434,1134555
4467,1174772,354,310623,867725,1130719
4468,1181648,327,310307,881041,1137385
4469,537752,132,164287,416398,520242
4470,1185478,362,165263,874427,1141386
4471,1169786,284,312461,865733,1127172
4472,1177852,256,310820,870223,1134989
4473,1176102,348,310420,868521,1132304
4474,1183665,295,310894,883089,1139799
4475,537002,135,164353,416334,519497
4476,1185370,309,164953,874947,1141053
4477,1168154,305,311662,865391,1125724
4478,1177416,237,310658,870481,1134401
4479,1175696,323,310503,868166,1131857
4480,1183247,313,310616,883328,1139554
4481,538240,130,165476,416557,520631
4482,1186427,315,165150,876830,1142383
4483,1169871,278,312464,865915,1126966
4484,1178190,278,310874,870914,1135334
4485,1176826,330,310607,868743,1132726
4486,1183419,345,311077,882113,1139076
4487,538074,171,164790,416702,520362
4488,1184702,310,164591,875254,1140682
4489,1166780,276,312004,864678,1124428
4490,1177511,272,310404,869450,1134999
4491,1175739,329,310449,868142,1131678
4492,1182940,317,310934,882880,1139158
4493,536782,124,165090,416042,519420
4494,1185778,331,164607,875394,1141799
4495,1168430,311,312439,864889,1125584
4496,1176471,244,310327,869114,1133236
4497,1175089,279,310342,867172,1131244
4498,1183465,340,310751,882044,1139529
4499,537976,108,164664,416776,520383
4500,1186981,281,165407,876470,1142973
4501,1167461,313,312206,864662,1124285
4502,1177427,259,310175,869737,1133909
4503,1176958,343,310786,868385,1132925
4504,1183777,316,310889,883102,1139714
4505,538307,138,165091,417093,520765
4506,1186106,319,164696,875438,1142247
4507,1167684,294,312938,866279,1125018
4508,1177604,292,311540,870187,1134281
4509,1177689,306,310601,869072,1133568
4510,1183167,347,311093,883628,1139174
4511,537446,137,164467,415742,519658
4512,1188512,308,164674,877746,1143910
4513,1168365,310,312889,865307,1125363
4514,1176912,271,310436,869471,1134129
4515,1176043,289,310802,868085,1132241
4516,1182836,389,310284,883276,1139117
4517,537871,109,164694,416438,520547
4518,1185095,284,164826,875599,1141603
4519,1167564,291,312636,865499,1125101
4520,1176780,266,309734,868333,1133323
4521,1175674,309,311239,868746,1132222
4522,1182767,314,311503,882674,1138924
4523,537591,121,164743,416408,520025
4524,1185849,291,165258,875124,1141736
4525,1169530,267,312185,866633,1127074
4526,1177257,297,310066,868978,1133986
4527,1177323,327,311080,869315,1133129
4528,1183742,327,311552,883757,1139666
4529,538397,153,164632,416541,520725
4530,1185318,330,165467,875378,1141314
4531,1169077,260,312401,865498,1126191
4532,1179174,280,309879,870657,1135863
4533,1177232,301,310788,869325,1132857
4534,1182847,323,311158,883194,1139022
4535,537647,138,164690,416108,519817
4536,1186779,339,164920,876319,1142413
4537,1170158,278,313051,866912,1127294
4538,1178089,262,310627,870722,1135054
4539,1177253,311,310615,869355,1133396
4540,1182530,300,310893,882327,1138572
4541,537503,121,164651,416387,519789
4542,1184601,313,164566,875651,1140809
4543,1168280,290,312122,865195,1125551
4544,1176658,266,310201,869586,1133651
4545,1176771,279,310666,868665,1132489
4546,1182586,331,310565,882525,1138663
4547,537698,120,164225,416391,520018
4548,1187176,287,165542,876091,1142952
4549,1167810,304,313195,865525,1125326
4550,1176439,245,310060,869224,1133235
4551,1177861,328,311245,870036,1133480
4552,1183174,322,311081,883825,1139169
4553,537663,124,164422,416419,519988
4554,1186364,333,164637,876575,1142473
4555,1169164,313,312975,866200,1126350
4556,1176989,265,310080,869253,1133888
4557,1176812,332,310529,868954,1132816
4558,1182362,330,311296,882278,1138580
4559,537594,154,164793,416307,520257
4560,1184925,314,164689,874795,1141474
4561,1168230,278,312939,865979,1125778
4562,1176707,248,310564,869483,1133699
4563,1177276,359,310952,869323,1133525
4564,1183233,298,311949,882663,1139486
4565,538594,140,164789,417115,520826
4566,1186395,261,165265,876017,1142097
4567,1169961,278,312677,865969,1127015
4568,1177988,291,310838,870136,1134804
4569,1176566,319,310716,868695,1132322
4570,1181694,321,311405,882229,1137675
4571,538452,122,164233,416714,520673
4572,1185472,277,164338,874512,1141081
4573,1169228,263,312924,866919,1126715
4574,1177140,247,311246,870112,1133953
4575,1176712,297,310374,868872,1132841
4576,1183754,321,311320,882902,1139945
4577,537703,131,165223,416953,520312
4578,1185340,308,165025,875717,1141441
4579,1169514,322,312923,865207,1126519
4580,1177519,294,310737,870314,1134457
4581,1177276,255,310754,869856,1133274
4582,1182601,283,311332,882560,1138684
4583,537579,121,164459,415979,519818
4584,1185811,329,165193,876933,1141775
4585,1168549,273,313874,865426,1125592
4586,1177042,290,310299,869230,1133912
4587,1177215,263,310785,869016,1133212
4588,1183826,276,311121,882877,1139912
4589,537978,148,164592,415891,520007
4590,1185468,296,164771,875074,1141340
4591,1168822,265,312485,865036,1126097
4592,1177081,268,310630,869188,1133822
4593,1177003,291,310827,869394,1133060
4594,1182808,324,311032,882141,1139160
4595,537806,146,164737,416543,520004
4596,1186106,334,165224,876044,1141646
4597,1168037,283,312976,865385,1125461
4598,1179242,246,310874,871701,1136267
4599,1176821,312,310847,868839,1133100
4600,1182507,329,311366,882561,1138420
4601,538921,151,165330,417228,521460
4602,1184892,320,165778,875415,1140906
4603,1168419,300,312370,865580,1125846
4604,1177791,262,310295,869392,1134429
4605,1176117,320,310470,869374,1132307
4606,1183062,316,310936,882525,1139156
4607,537907,124,164645,415972,520275
4608,1185267,310,164461,875773,1141602
4609,1169255,257,312612,866066,1126706
4610,1177900,248,310792,870446,1134657
4611,1177371,266,310747,869869,1133215
4612,1183554,305,311650,883285,1139505
4613,538213,129,165328,417155,520596
4614,1186844,306,165433,876103,1142546
4615,1167240,315,312406,864840,1124528
4616,1178271,269,310198,870155,1135133
4617,1176943,328,310844,869454,1132941
4618,1184053,278,312067,883405,1140002
4619,538210,115,164695,416377,520328
4620,1185051,287,165401,875198,1141403
4621,1168845,292,312769,865882,1126538
4622,1177148,242,310011,868927,1134146
4623,1177150,335,310858,869481,1132696
4624,1183099,336,310720,882227,1139421
4625,538535,142,165028,417360,520842
4626,1185162,291,165327,875123,1141107
4627,1168995,273,312698,866170,1126159
4628,1177470,278,310941,869735,1134330
4629,1176606,348,310796,868868,1132504
4630,1183859,304,310962,883143,1139992
4631,537678,147,165087,416719,519947
4632,1187221,294,165067,876792,1143179
4633,1168309,306,312493,864975,1125385
4634,1176374,250,309939,869499,1133522
4635,1177909,305,310962,869262,1134000
4636,1182557,278,311187,882044,1138119
4637,537061,142,164753,416396,519564
4638,1185966,299,165121,876134,1141653
4639,1169052,303,312899,865473,1126075
4640,1177054,264,309295,869362,1134026
4641,1176542,324,310096,869067,1132608
4642,1181307,320,310599,881897,1137728
4643,537224,142,163804,415957,519489
4644,1186816,276,164895,876459,1142793
4645,1169236,304,312456,866229,1126461
4646,1176858,270,310781,869659,1133419
4647,1176686,246,311549,869450,1132715
4648,1183614,328,310560,882117,1139139
4649,538464,136,165006,416852,520839
4650,1187109,321,165163,876757,1142928
4651,1167371,313,312589,864909,1124691
4652,1178436,255,309859,869804,1135058
4653,1176826,297,309779,869236,1132928
4654,1183233,273,310578,883031,1139163
4655,538149,105,164139,416420,520381
4656,1187029,264,165087,877521,1142870
4657,1169274,278,313123,865950,1126495
4658,1177016,274,310234,869507,1133870
4659,1177547,285,310327,868801,1133632
4660,1181071,275,310585,881230,1137356
4661,538309,129,164438,416710,520769
4662,1188297,268,165768,877387,1144475
4663,1167952,294,313034,865876,1125029
4664,1176655,241,310406,869697,1134059
4665,1176561,298,310556,868590,1132533
4666,1185210,278,310682,883727,1141175
4667,537538,114,164911,416766,519977
4668,1185288,313,165210,876006,1141566
4669,1166820,307,312355,864429,1124283
4670,1176157,230,310452,869532,1133147
4671,1176216,316,310265,868578,1132661
4672,1183020,295,310484,882914,1139212
4673,537706,136,164695,415747,519858
4674,1186237,287,164934,875987,1142340
4675,1167758,288,313024,865441,1125606
4676,1178846,289,311076,871345,1135566
4677,1177651,305,311369,869824,1133693
4678,1182552,255,312104,883054,1138775
4679,538171,111,164848,416639,520470
4680,1186003,290,165031,876353,1141783
4681,1168165,296,313091,866253,1126209
4682,1178497,261,311713,870274,1135149
4683,1176693,258,311478,869159,1132867
4684,1183445,308,311741,883590,1139698
4685,537846,140,164928,416566,520238
4686,1186291,301,164923,875862,1142484
4687,1168270,318,312169,864942,1125352
4688,1178801,263,310192,870580,1135798
4689,1176546,297,311422,868508,1132558
4690,1181540,302,310279,880973,1137378
4691,537647,131,164253,416309,520010
4692,1185135,308,164560,875255,1140968
4693,1167940,263,312521,865460,1125952
4694,1178994,228,311123,871321,1135876
4695,1176517,299,311037,868807,1132573
4696,1182660,312,311233,883071,1138939
4697,537537,130,165211,416699,519926
4698,1186677,351,165339,876086,1142980
4699,1168603,253,312357,865202,1125951
4700,1178064,239,310449,870195,1134638
4701,1176818,293,311080,869346,1133011
4702,1183576,293,310163,883011,1139678
4703,537767,121,164515,416197,519949
4704,1185186,297,164701,874320,1140670
4705,1169871,319,312881,867261,1127403
4706,1176854,251,310188,869457,1133439
4707,1176938,292,310478,869422,1132976
4708,1184189,284,311422,883551,1139706
4709,537658,107,164432,416469,520019
4710,1186813,304,165087,875947,1142778
4711,1169869,294,313690,867167,1127283
4712,1178649,244,311620,871085,1135596
4713,1176868,291,311172,869107,1133073
4714,1183192,307,311404,882996,1139408
4715,537989,113,164458,416601,520364
4716,1186850,324,165178,877370,1142973
4717,1167735,295,312668,864701,1124933
4718,1178166,243,309892,870884,1135043
4719,1175879,318,311297,868317,1131526
4720,1182537,250,310751,882191,1138644
4721,536422,134,165121,415927,518804
4722,1184842,300,164969,874521,1140812
4723,1169275,272,312824,866139,1126392
4724,1176334,270,309873,868467,1133143
4725,1176723,258,309953,868445,1132583
4726,1182947,269,310512,882704,1139363
4727,537724,125,164651,416235,520214
4728,1184380,282,164905,874482,1140560
4729,1169334,257,311865,865697,1126574
4730,1177636,246,310246,870410,1134543
4731,1177957,289,310629,869095,1133577
4732,1182491,324,311304,883065,1138581
4733,538133,141,164725,416839,520472
4734,1187028,266,165059,875724,1142443
4735,1167328,296,312672,865487,1124519
4736,1177831,255,310323,870097,1134597
4737,1176575,302,310391,868472,1132127
4738,1183792,269,310842,883362,1140086
4739,538506,127,164852,416771,520741
4740,1187219,329,165367,875786,1142983
4741,1169363,283,313386,866565,1126876
4742,1177397,263,310755,869985,1134420
4743,1176916,311,310598,869187,1132834
4744,1182658,259,310886,882665,1138266
4745,537985,129,164271,416721,520558
4746,1185332,272,164714,876028,1141602
4747,1168938,322,312535,865221,1126159
4748,1177584,227,310657,870818,1134566
4749,1177552,312,311042,870218,1133563
4750,1183010,324,310637,882205,1139038
4751,538498,101,164287,416904,520684
4752,1186350,316,165022,875738,1142343
4753,1168132,282,312577,866444,1125483
4754,1175403,232,309877,868201,1132342
4755,1176931,228,310711,869623,1133293
4756,1181372,278,311032,881513,1137540
4757,538297,98,165181,417464,520840
4758,1186319,276,165417,876230,1142631
4759,1169980,261,313094,866073,1127016
4760,1178758,260,311584,870613,1135348
4761,1176534,313,311538,868689,1132416
4762,1184113,332,310896,883885,1139884
4763,537786,118,164667,416167,520147
4764,1184657,295,165650,875117,1141155
4765,1168139,283,312420,865824,1125790
4766,1177481,232,310132,869707,1134481
4767,1178001,331,310712,869891,1134315
4768,1183502,278,311381,883442,1140011
4769,537663,117,164957,416553,520107
4770,1184905,292,164763,874312,1140888
4771,1166331,264,312113,864011,1123861
4772,1178016,251,309819,870724,1134583
4773,1175155,279,310833,868766,1131648
4774,1182646,303,311467,882565,1138493
4775,537778,111,164367,415999,519990
4776,1185902,280,164556,876076,1141972
4777,1167969,248,312360,865280,1125344
4778,1176688,231,310001,869183,1133772
4779,1176236,268,310843,868821,1132411
4780,1182880,302,311225,883529,1139301
4781,537030,102,164857,416012,519647
4782,1186524,271,165375,876683,1142459
4783,1168182,260,312621,865332,1125138
4784,1178565,222,311314,870190,1135178
4785,1177258,294,310539,869554,1133745
4786,1182515,272,310673,882082,1138703
4787,538295,119,164774,417192,520788
4788,1185938,278,165796,875197,1141890
4789,1169751,277,312820,866525,1126775
4790,1177048,231,310400,870234,1133868
4791,1176957,259,310459,868924,1133098
4792,1185441,280,311163,883925,1141108
4793,538519,129,165114,417508,520899
4794,1185885,251,165115,875970,1141986
4795,1167326,289,312498,865320,1124708
4796,1178847,226,311071,871116,1135579
4797,1177561,263,311339,868926,1133441
4798,1182506,297,311286,882487,1138787
4799,538011,90,164317,416699,520313
4800,1186690,251,164752,875738,1142449
4801,1170069,279,312717,866942,1127359
4802,1176203,243,310586,869665,1132806
4803,1174815,305,309699,867365,1130532
4804,1181961,310,310109,881281,1137561
4805,537548,89,164332,416626,520022
4806,1185262,335,165522,875705,1141312
4807,1171268,279,312388,866002,1128243
4808,1178326,261,310481,869794,1134950
4809,1177759,298,311180,869517,1133640
4810,1183175,253,311658,883865,1139513
4811,537160,131,164345,416449,519536
4812,1185715,273,164705,876055,1141752
4813,1168252,287,312383,866016,1125325
4814,1177717,235,309484,869899,1134629
4815,1177367,275,310536,870062,1133613
4816,1182827,264,311415,882312,1138461
4817,537301,114,164878,417200,519971
4818,1185959,263,164970,874762,1142117
4819,1166973,268,312711,865218,1124913
4820,1177920,253,310012,870570,1135000
4821,1175318,289,310155,868065,1131384
4822,1184772,277,311289,883977,1141070
4823,538547,113,165448,417066,520789
4824,1186229,270,164453,875643,1142209
4825,1167879,260,312071,865782,1125612
4826,1178413,247,311208,870747,1135391
4827,1176714,253,310952,869285,1132382
4828,1182064,275,310449,881435,1137806
4829,537679,107,164032,415877,519931
4830,1185909,281,164731,876005,1142090
4831,1168369,294,312373,865246,1125486
4832,1178997,241,310609,871414,1136116
4833,1175986,284,311134,868591,1132133
4834,1182332,302,309839,882102,1138159
4835,537538,110,164319,415830,519989
4836,1186209,256,164414,875972,1141962
4837,1168595,245,313194,866092,1126085
4838,1177879,221,311230,869841,1134859
4839,1177535,247,310556,869413,1133881
4840,1181820,256,311673,882496,1137975
4841,537947,138,164725,416775,520097
4842,1186702,243,164600,875999,1142446
4843,1168180,296,311840,865329,1125591
4844,1177785,241,309607,869678,1134729
4845,1175955,315,310298,868541,1131998
4846,1182988,317,311359,883266,1139101
4847,539028,119,164860,416822,521121
4848,1185158,272,164633,875409,1140958
4849,1168166,255,313204,865864,1125572
4850,1178482,244,311017,871055,1135196
4851,1177860,263,311624,870676,1133987
4852,1182444,284,311231,881241,1138086
4853,538045,113,164730,416309,520379
4854,1185148,250,165141,875301,1140824
4855,1169241,252,313497,866865,1126404
4856,1177248,221,310991,870359,1134278
4857,1177017,287,310722,869567,1133249
4858,1182499,282,311115,881531,1139109
4859,537747,109,164233,415624,519874
4860,1185318,285,164915,875640,1141327
4861,1170031,280,312924,867190,1127225
4862,1176127,206,310720,869846,1133174
4863,1175373,262,310521,867801,1131674
4864,1182321,289,311234,882214,1138322
4865,537567,110,164194,416136,519809
4866,1185950,278,164853,875650,1142060
4867,1168697,275,312331,865618,1125837
4868,1177900,216,310898,870648,1135208
4869,1175477,283,311116,867587,1131401
4870,1183209,280,311364,881687,1139203
4871,537452,111,164126,416164,519727
4872,1185343,267,164970,875324,1141442
4873,1166921,260,311977,864686,1124038
4874,1176526,248,310147,869551,1133188
4875,1177882,263,310748,869852,1134058
4876,1181665,229,311020,881859,1137808
4877,538298,122,164661,417040,520785
4878,1185564,250,165407,875556,1141245
4879,1167763,263,312595,864338,1125061
4880,1177600,242,310736,871229,1134748
4881,1176695,255,310845,868340,1132430
4882,1182929,288,310837,882059,1138951
4883,538980,110,164647,417121,521316
4884,1186809,270,165063,876463,1142670
4885,1167966,219,313355,865100,1125158
4886,1176574,224,311212,870002,1134009
4887,1177294,288,312018,869900,1133631
4888,1183039,273,312096,882713,1138985
4889,538057,94,164771,416340,520244
4890,1186026,285,164908,875691,1141848
4891,1170541,271,313227,867120,1128196
4892,1176514,230,310927,869785,1133388
4893,1177391,298,311296,868928,1133130
4894,1182248,298,311172,882570,1138765
4895,537764,91,165075,416431,520046
4896,1186168,258,165091,875412,1142158
4897,1168249,283,312535,864933,1125241
4898,1176457,236,310275,869272,1133205
4899,1177530,258,310782,869403,1134107
4900,1183773,303,311040,883181,1139815
4901,537485,128,165198,416752,520064
4902,1185194,304,164901,874217,1141209
4903,1169237,282,312263,865760,1126352
4904,1177663,223,309810,870550,1134681
4905,1176605,307,310978,868475,1132388
4906,1182816,264,310920,882316,1138884
4907,537622,135,164515,416777,519953
4908,1185250,279,165207,875635,1141527
4909,1169447,264,312672,867137,1126618
4910,1177400,246,310676,869049,1133856
4911,1178151,261,311430,870533,1133791
4912,1182477,284,311998,881829,1138356
4913,537346,112,164371,416070,519554
4914,1184768,275,164942,875464,1141010
4915,1168781,254,312131,865429,1125985
4916,1176769,229,310244,869830,1133754
4917,1178125,293,311720,870462,1134043
4918,1183644,289,311726,883121,1139894
4919,537486,131,165266,416362,519825
4920,1186162,265,165376,875552,1141991
4921,1167521,253,311403,864503,1124916
4922,1177844,258,309610,869182,1134317
4923,1178122,307,310757,868857,1133925
4924,1182209,278,311245,881707,1138149
4925,537912,104,164628,416929,520285
4926,1186388,269,165224,876450,1142260
4927,1169191,223,312968,866581,1126640
4928,1179825,244,311228,871750,1136420
4929,1176443,260,311379,869496,1132986
4930,1185268,275,311252,883491,1141281
4931,537747,118,164955,416074,519892
4932,1186472,269,164866,875937,1142231
4933,1168606,275,312789,865304,1125825
4934,1177804,255,309473,870208,1135089
4935,1175656,246,309848,867803,1131981
4936,1184850,314,312303,885195,1140597
4937,537747,113,165064,416313,519986
4938,1184187,215,164807,875013,1140370
4939,1169172,254,312852,866446,1126420
4940,1176290,282,309900,869415,1132884
4941,1175885,271,310991,869370,1132298
4942,1182728,258,311389,882376,1138691
4943,537948,127,164076,416239,520089
4944,1186953,278,164924,876048,1142699
4945,1167845,266,312597,864987,1125094
4946,1178106,202,310652,869476,1135121
4947,1176425,302,310584,868295,1131996
4948,1182609,265,310800,882451,1138546
4949,537622,116,164588,416442,519575
4950,1186739,302,165315,875935,1142452
4951,1168373,243,312962,866141,1126106
4952,1179360,225,310656,871516,1135988
4953,1176933,312,311777,869165,1133313
4954,1183613,290,312146,884546,1139385
4955,538476,125,164799,416810,520914
4956,1186201,263,164811,875394,1142361
4957,1168292,272,312711,865570,1125626
4958,1177935,209,310057,870405,1134688
4959,1177284,252,311319,869657,1133049
4960,1183308,218,311298,882392,1139660
4961,537702,118,164794,416070,519968
4962,1186351,305,165393,876538,1142044
4963,1169171,246,312975,865861,1126621
4964,1178050,200,309903,870296,1134805
4965,1177118,278,311203,869363,1133277
4966,1182644,239,311265,882805,1139177
4967,537369,103,164646,416706,519601
4968,1185420,291,164577,875910,1141510
4969,1168130,275,312369,865953,1125761
4970,1177912,236,310630,870778,1134582
4971,1179182,279,310600,869515,1134569
4972,1183555,297,311159,883317,1139372
4973,537904,106,165172,416760,520332
4974,1186240,302,165427,876516,1142342
4975,1167926,260,313071,865562,1125705
4976,1177947,232,309608,868893,1134609
4977,1177126,285,310485,869669,1133202
4978,1182342,281,311155,882382,1138222
4979,537347,97,164684,416372,519930
4980,1184747,258,164722,875382,1140922
4981,1167332,257,312495,865663,1124904
4982,1176310,237,310086,869677,1133328
4983,1177862,258,310678,870079,1134015
4984,1184436,271,311771,883226,1140130
4985,537501,106,164773,417053,519980
4986,1185510,318,164736,874761,1141687
4987,1169004,230,313548,866537,1126608
4988,1176279,259,310185,868334,1133021
4989,1175658,273,310308,868551,1132344
4990,1182755,240,310708,882553,1139124
4991,537443,117,164386,415976,519931
4992,1187264,244,165158,876025,1142607
4993,1168345,226,312947,865015,1125426
4994,1176316,217,310318,869097,1133236
4995,1174540,252,310209,867336,1130496
4996,1181917,279,310636,882192,1138210
4997,537709,125,164682,416834,520341
4998,1185867,285,164905,875863,1141932
4999,1168099,241,312995,865287,1125690
5000,1177780,235,310242,869549,1134516
5001,1176460,276,310665,869115,1132741
5002,1182435,255,310693,881541,1138209
5003,537824,102,164359,416375,519920
5004,1185394,273,164698,875540,1141406
5005,1169457,235,312270,866793,1126846
5006,1177627,221,310596,869494,1134671
5007,1176654,298,310586,869052,1132465
5008,1183207,307,311394,883145,1138891
5009,537355,119,165020,416741,519743
5010,1187052,268,165023,876495,1142728
5011,1168102,242,312421,865649,1125513
5012,1177759,220,310834,870196,1134536
5013,1177124,254,310996,869765,1133225
5014,1182187,283,311135,881824,1138403
5015,537905,116,164841,416684,520263
5016,1185405,243,164934,875951,1141325
5017,1166511,287,312405,863716,1123849
5018,1177394,191,309479,869940,1134704
5019,1177041,254,310618,868439,1132822
5020,1183701,249,311121,882457,1138921
5021,538074,107,164494,416728,520204
5022,1185333,274,165153,875845,1141046
5023,1168614,231,312251,865873,1126197
5024,1177356,225,310434,870060,1133845
5025,1176003,245,310684,868142,1132179
5026,1183863,260,310749,882858,1139916
5027,538272,110,164744,416733,520486
5028,1187393,289,165107,875396,1142734
5029,1169643,261,314229,867525,1126680
5030,1178540,200,311051,870230,1135032
5031,1174979,292,310367,867621,1130872
5032,1183114,258,310114,882406,1139294
5033,537655,96,164631,416199,519956
5034,1186433,240,164846,876177,1142373
5035,1166827,267,312493,865280,1124377
5036,1178178,245,310802,871141,1134629
5037,1176257,257,310797,868217,1132677
5038,1182373,230,310634,881575,1137964
5039,538019,97,163927,416204,520334
5040,1186122,293,164935,875583,1141856
5041,1168412,263,312003,865871,1125636
5042,1178345,234,310182,870553,1134807
5043,1176224,262,310779,868613,1132191
5044,1182141,290,311158,881730,1138095
5045,537881,97,164885,416654,520296
5046,1186960,291,165649,876013,1142994
5047,1169308,247,313043,866375,1126364
5048,1178024,183,309921,868755,1134269
5049,1177271,288,310646,868925,1133125
5050,1182768,242,310778,882991,1139078
5051,538692,146,164877,416935,521011
5052,1185931,265,165056,875008,1141858
5053,1169751,238,312864,867168,1127244
5054,1176646,228,310538,869707,1133703
5055,1177262,223,310920,868975,1133286
5056,1183364,250,311357,882881,1139869
5057,537546,111,165035,416741,520078
5058,1186454,266,164985,876579,1142388
5059,1169626,239,312540,866134,1126589
5060,1177413,208,310386,869809,1134140
5061,1177448,257,310698,870065,1133857
5062,1184200,292,311245,883653,1140192
5063,538315,112,165187,416608,520656
5064,1187418,246,165170,876444,1143555
5065,1167491,258,312737,865334,1125116
5066,1176779,214,310026,869459,1133724
5067,1176903,295,310961,868669,1132602
5068,1182255,262,310973,882039,1138602
5069,537561,99,164929,416521,519997
5070,1185020,290,165346,875291,1141043
5071,1169170,273,312576,865750,1126269
5072,1176358,219,310720,868799,1133416
5073,1176580,268,311333,868875,1132764
5074,1183287,257,311321,882187,1139507
5075,538113,107,165419,416847,520260
5076,1186483,276,165213,876848,1142620
5077,1170609,234,313257,867228,1128126
5078,1176884,215,311099,870350,1133922
5079,1178184,248,310844,869352,1133824
5080,1183280,262,311346,883591,1139509
5081,537602,109,163981,415955,519716
5082,1186695,244,165157,875882,1143026
5083,1169258,253,313480,865673,1126249
5084,1177692,212,311081,870185,1135039
5085,1177129,256,311059,868902,1132823
5086,1183667,225,310888,882383,1139908
5087,538190,106,164748,416829,520720
5088,1187187,262,164987,876430,1143383
5089,1169040,237,313010,866734,1126417
5090,1175901,220,309826,868570,1132539
5091,1176159,264,309391,868434,1132484
5092,1184601,258,311202,883446,1140480
5093,537703,85,164826,416453,520016
5094,1187346,256,165592,877292,1143583
5095,1169661,236,312961,866404,1127043
5096,1178117,200,310497,871102,1135126
5097,1176273,294,310614,869267,1132673
5098,1181735,276,310774,882344,1138051
5099,537111,127,164431,416237,519318
5100,1186804,249,165092,876158,1143152
5101,1167590,276,312980,865256,1125067
5102,1177091,213,311173,870616,1133954
5103,1178683,226,310869,869695,1134333
5104,1183516,270,311495,883557,1139553
5105,538279,119,164832,416439,520548
5106,1187050,282,164936,876929,1142907
5107,1168290,241,313146,865303,1125307
5108,1177784,218,310729,870155,1134467
5109,1177328,241,310476,869230,1133223
5110,1182113,258,310530,881998,1138276
5111,538225,90,164591,417246,520710
5112,1186039,267,165325,876681,1142303
5113,1167643,232,313028,865766,1125198
5114,1178589,234,309958,870644,1135310
5115,1177644,214,311181,870200,1133484
5116,1183305,257,311805,883537,1139438
5117,538198,118,165196,417040,520673
5118,1186086,263,165169,875114,1142165
5119,1168511,245,312011,865306,1125633
5120,1177856,239,309807,870239,1134607
5121,1176779,234,311236,868369,1132863
5122,1183333,250,311378,882916,1139042
5123,538280,100,164807,416538,520696
5124,1184613,286,165072,875050,1140591
5125,1166547,269,312221,863646,1124029
5126,1178812,167,310126,870362,1135909
5127,1176486,256,310891,868505,1132570
5128,1182798,244,311028,882411,1138663
5129,537460,98,164250,416210,519835
5130,1185880,277,164967,875951,1142044
5131,1168615,255,312701,866095,1125924
5132,1177116,222,310936,870535,1133700
5133,1176795,256,310651,867658,1132707
5134,1182242,242,310363,881547,1138225
5135,537222,95,164313,416228,519455
5136,1186381,258,164776,876363,1142005
5137,1166459,239,312319,864831,1124248
5138,1177402,238,309955,869225,1133886
5139,1176331,236,310227,868204,1132262
5140,1183334,263,311284,882118,1139049
5141,538594,104,165141,417485,520886
5142,1186499,242,165105,875855,1142269
5143,1168378,230,313028,866085,1125668
5144,1176316,194,310050,869627,1133530
5145,1176085,270,310527,868475,1132196
5146,1183042,241,310864,882052,1138826
5147,537940,103,164634,416814,520357
5148,1187055,259,164889,876205,1142891
5149,1168072,232,312262,864434,1125475
5150,1179173,218,310464,871249,1135822
5151,1178210,272,311891,869807,1133949
5152,1182935,239,310794,882764,1139264
5153,536994,87,164394,415884,519214
5154,1184612,259,164840,874874,1140921
5155,1169140,247,312823,866606,1127057
5156,1177840,194,310477,870418,1134513
5157,1175707,268,310156,868477,1131756
5158,1182813,270,311133,882871,1138861
5159,538344,113,165140,416575,520603
5160,1186054,244,164992,875642,1141920
5161,1168048,236,311782,865151,1125537
5162,1178181,202,310537,869697,1134938
5163,1175617,235,310026,868179,1131465
5164,1183287,272,310186,881901,1139102
5165,537157,99,164544,416812,519845
5166,1187047,289,165211,875674,1142731
5167,1168324,249,313167,866246,1125549
5168,1179113,210,310830,870578,1135837
5169,1177256,217,311082,869270,1133022
5170,1183412,250,311445,883226,1139700
5171,536862,89,164372,415497,519050
5172,1185696,264,165051,876295,1141806
5173,1168952,270,313492,866019,1126549
5174,1177971,225,310812,870307,1134607
5175,1177200,270,310709,868940,1132982
5176,1183288,260,310334,882302,1139071
5177,538098,118,164609,416444,520352
5178,1187360,253,164764,876848,1143075
5179,1170143,245,313183,866259,1127374
5180,1177245,223,310673,869890,1134278
5181,1175963,266,310834,868450,1132044
5182,1182695,273,310407,881627,1138917
5183,537815,123,164527,416311,520091
5184,1186572,282,165305,876135,1142537
5185,1167578,206,313020,865855,1124694
5186,1177935,204,310079,869705,1134681
5187,1178314,271,311124,869841,1133672
5188,1182531,242,310484,881794,1138388
5189,537812,102,164790,416822,520304
5190,1185998,260,165337,875638,1142223
5191,1169683,227,313022,866876,1127057
5192,1175677,204,310010,868561,1132478
5193,1176218,213,309867,867548,1131978
5194,1184020,268,310782,883676,1139913
5195,537229,121,164808,415934,519873
5196,1186498,267,164739,876109,1141930
5197,1168970,215,312352,866040,1126150
5198,1177349,189,310418,869519,1134398
5199,1177014,242,311426,869372,1133180
5200,1183394,249,311652,883274,1139583
5201,537576,115,164759,416294,519879
5202,1185799,241,165410,875670,1141508
5203,1168434,252,312993,865951,1125830
5204,1177260,253,310219,870176,1134302
5205,1176026,236,310570,867852,1131804
5206,1184625,313,310674,883056,1140410
5207,537576,112,164538,416736,519831
5208,1185841,276,165190,875637,1141743
5209,1167923,238,312562,864935,1125091
5210,1178038,240,310394,870212,1134698
5211,1176873,271,310081,869169,1132660
5212,1183652,272,311239,882738,1139411
5213,537569,126,164736,416652,519906
5214,1186307,288,164722,875112,1141713
5215,1167613,240,312524,865667,1125119
5216,1176573,215,310197,869822,1133883
5217,1178540,234,311330,870754,1134662
5218,1183026,254,310766,882479,1139067
5219,537183,105,164597,416070,519409
5220,1188084,291,164971,877283,1143995
5221,1169064,246,313038,866061,1126377
5222,1177767,233,311046,870570,1134509
5223,1176792,238,311245,868797,1132363
5224,1183318,245,310658,882511,1139526
5225,537490,114,164491,415777,519793
5226,1184836,233,164743,874944,1140792
5227,1167347,222,311543,864852,1125182
5228,1177200,192,310072,869495,1134267
5229,1175239,269,310914,868235,1131579
5230,1182790,257,311249,882808,1138795
5231,537682,101,164588,416101,520208
5232,1185320,274,164935,874859,1141305
5233,1168693,238,312538,865576,1126172
5234,1177069,201,309859,869235,1134006
5235,1175779,237,311372,868692,1132277
5236,1181656,211,311517,881945,1137673
5237,538024,122,165124,416262,520225
5238,1186474,258,165122,875910,1142565
5239,1169600,213,313073,866807,1127045
5240,1177230,224,309998,869063,1133742
5241,1178188,219,310698,870034,1133906
5242,1184258,235,310449,882322,1140334
5243,538042,113,164875,416644,520302
5244,1185105,239,164682,874941,1140842
5245,1167295,242,312121,865295,1124645
5246,1177260,197,310040,870200,1134128
5247,1176499,265,310285,868739,1132317
5248,1183873,245,311279,883883,1139660
5249,537872,93,165347,416286,520117
5250,1186036,241,165434,875058,1141792
5251,1168280,237,312192,865404,1125565
5252,1177597,213,309919,869950,1134439
5253,1176816,226,311032,869389,1132945
5254,1182652,232,311130,882319,1138642
5255,537709,92,164274,416292,519946
5256,1184666,249,165046,874778,1140672
5257,1169141,244,312509,866258,1126621
5258,1176871,230,311344,869434,1133611
5259,1177182,270,311020,869313,1133333
5260,1184336,231,311006,882351,1140100
5261,537407,109,164445,416061,519776
5262,1185815,236,164813,875177,1142398
5263,1168432,245,312509,864581,1125656
5264,1178966,215,311004,870241,1135182
5265,1177130,245,311695,869782,1133126
5266,1182236,190,311204,881999,1138229
5267,538162,104,163855,416775,520435
5268,1185106,243,165138,875900,1141350
5269,1170534,246,312840,866853,1127248
5270,1178477,214,310630,869650,1135094
5271,1176890,247,311527,869349,1133169
5272,1183786,247,311969,883462,1139807
5273,537282,104,165010,416424,519892
5274,1185920,228,164985,875770,1141804
5275,1168303,231,311583,865159,1125774
5276,1179349,192,310388,870635,1135746
5277,1176114,267,310511,868932,1132076
5278,1181919,248,310926,881251,1138212
5279,537965,103,164504,416581,520038
5280,1186523,241,165071,876026,1142495
5281,1168456,206,313661,866911,1126043
5282,1177901,246,311493,870936,1134889
5283,1176841,222,310573,868668,1133023
5284,1182827,262,310996,882259,1138675
5285,537785,106,164363,416012,520120
5286,1186672,267,164642,876590,1142776
5287,1169265,243,312935,866307,1126310
5288,1176523,187,310712,868735,1133762
5289,1177224,243,310352,869002,1133239
5290,1182561,205,310930,883286,1138797
5291,538330,83,165184,416700,520426
5292,1185634,249,165156,875462,1141889
5293,1169579,264,312828,866357,1126780
5294,1177553,191,310440,870021,1134380
5295,1178141,239,311040,870267,1133637
5296,1183300,267,311177,882355,1138995
5297,538069,109,164534,416472,520494
5298,1185467,185,165348,875979,1142017
5299,1169344,240,313058,866770,1126249
5300,1177084,197,310767,870246,1134293
5301,1176183,233,310968,869242,1132635
5302,1182747,235,310228,882082,1138657
5303,538066,113,164726,417068,520369
5304,1185910,262,165261,875908,1141836
5305,1167105,215,312506,864889,1124504
5306,1177614,207,310619,871294,1134757
5307,1176471,271,311201,868110,1132157
5308,1183510,238,310674,882286,1139097
5309,538379,84,164605,417071,520676
5310,1186680,218,165066,876409,1142664
5311,1169556,244,313201,866356,1126478
5312,1177604,226,310936,869111,1134226
5313,1178655,239,311326,870246,1135088
5314,1182647,250,311653,882711,1138989
5315,538061,114,164619,416663,520337
5316,1185559,249,165459,875371,1141815
5317,1169703,249,312839,866172,1126793
5318,1177851,214,310778,869874,1134594
5319,1177780,239,310696,869943,1133616
5320,1183442,223,311600,883168,1139656
5321,537355,105,164651,416067,519450
5322,1186264,235,165052,876043,1142305
5323,1168073,238,312553,865436,1125471
5324,1178293,188,309725,870148,1135250
5325,1175870,253,311076,868282,1131987
5326,1183245,249,311489,883145,1139209
5327,538099,108,164122,416474,520368
5328,1185686,230,164824,874892,1141736
5329,1167616,243,311773,864789,1125294
5330,1177962,174,311172,870794,1134767
5331,1175970,250,311794,869031,1132223
5332,1183042,246,310763,882001,1139055
5333,538020,82,164518,416620,520449
5334,1184060,243,165044,874711,1140123
5335,1166651,239,311841,864088,1124406
5336,1177269,200,310066,870607,1134491
5337,1177369,237,310783,869012,1133101
5338,1183636,261,311168,883145,1139065
5339,537709,100,164977,416023,519649
5340,1185854,226,164623,876079,1141526
5341,1168529,210,312981,865230,1125824
5342,1176586,216,310035,869238,1133522
5343,1176095,224,310346,867889,1131738
5344,1184142,268,311112,882640,1140006
5345,538216,78,164433,416983,520541
5346,1185612,226,164911,875106,1141699
5347,1168486,218,312246,865359,1125964
5348,1177106,202,310674,869613,1133831
5349,1174828,233,310861,867109,1131172
5350,1182013,219,310385,882274,1138292
5351,537310,108,164370,416381,519935
5352,1187314,238,165139,876349,1142918
5353,1169629,217,312916,866382,1127214
5354,1176544,180,310821,869187,1133431
5355,1175581,249,310183,868121,1131770
5356,1183844,213,311094,882977,1139864
5357,537870,113,164945,416532,520272
5358,1186236,227,165079,875366,1141981
5359,1169153,228,312772,866088,1126298
5360,1176734,204,310662,869523,1133738
5361,1177284,237,310196,868485,1133005
5362,1181646,257,311119,882085,1137562
5363,538378,92,165071,416762,520675
5364,1185247,247,164960,875233,1140922
5365,1168525,259,312501,865851,1125540
5366,1178714,199,310869,870586,1135277
5367,1176246,216,310862,868917,1132307
5368,1181647,234,310830,881591,1137943
5369,537664,85,164758,416204,520133
5370,1185469,246,164405,875764,1141454
5371,1166584,239,312325,863966,1124061
5372,1177210,197,308918,869798,1133830
5373,1177621,254,310685,869298,1133422
5374,1182869,230,310580,882493,1139349
5375,537976,110,165476,416748,520426
5376,1185629,237,165234,875731,1141763
5377,1167127,205,312399,864902,1124476
5378,1178871,219,310171,871346,1135514
5379,1177502,246,311354,869783,1133476
5380,1181841,245,311200,882240,1138135
5381,537312,88,164189,416579,520083
5382,1185438,224,165174,876799,1141722
5383,1168161,265,312952,864986,1125617
5384,1178364,214,310680,870327,1135182
5385,1176779,246,311405,869099,1132702
5386,1183274,226,311055,882168,1139511
5387,537687,101,165052,416178,519688
5388,1186325,218,164652,875559,1142303
5389,1169202,220,313114,866715,1126488
5390,1177581,208,310891,870282,1134362
5391,1175731,276,310818,868539,1131573
5392,1182971,248,310797,881456,1138856
5393,537209,108,163834,416047,519607
5394,1184668,236,165243,875854,1141181
5395,1168191,212,312658,865186,1125530
5396,1177771,193,310630,870875,1134703
5397,1175803,265,311517,868571,1131924
5398,1182170,249,311220,881902,1138036
5399,538960,97,165209,417476,521084
5400,1184415,248,165090,874715,1140160
5401,1168475,237,312358,865881,1125954
5402,1177311,219,310490,869616,1134306
5403,1177853,212,310723,868954,1133766
5404,1182613,228,311437,882699,1139070
5405,539113,96,165541,417643,521431
5406,1186302,218,165529,875938,1142381
5407,1168843,211,312817,865201,1126037
5408,1177062,203,310117,869811,1133720
5409,1176934,256,311010,869767,1132827
5410,1181201,219,311211,881997,1137987
5411,536859,110,164497,416301,519370
5412,1186041,204,164768,875464,1141864
5413,1168854,223,312340,864613,1125761
5414,1178331,218,310273,869721,1134777
5415,1177935,194,310296,868752,1133701
5416,1181236,224,309637,880646,1137596
5417,537935,101,164347,416845,520193
5418,1184221,252,164326,874208,1140399
5419,1169321,194,311941,865888,1126755
5420,1177525,184,311019,869951,1134086
5421,1177958,230,310856,869377,1134014
5422,1183986,237,310713,882656,1139738
5423,538530,72,164767,416853,520656
5424,1186715,233,165035,875776,1142366
5425,1169579,232,312241,866629,1126792
5426,1177084,179,310530,869564,1133908
5427,1177012,219,310413,870007,1133041
5428,1183118,261,310896,882209,1138993
5429,537849,80,163927,416337,520054
5430,1185810,237,164439,875048,1141530
5431,1168647,206,312322,865432,1126378
5432,1177862,185,310899,870652,1134944
5433,1177400,242,311799,869720,1133998
5434,1183172,223,311095,883300,1139356
5435,538314,98,164463,416971,520767
5436,1187409,235,165416,876718,1143478
5437,1167240,208,313352,864939,1125002
5438,1178914,187,311224,870777,1135556
5439,1175992,203,310267,868248,1132136
5440,1183085,294,310525,882296,1138789
5441,537687,68,164785,416665,520103
5442,1186842,236,165317,877152,1142752
5443,1168810,252,312710,865680,1126072
5444,1178462,195,311070,871240,1135288
5445,1177572,224,311327,870060,1133636
5446,1183465,254,311268,883175,1139680
5447,538387,115,164700,417036,520874
5448,1186048,244,165346,876008,1141916
5449,1168085,219,312776,865661,1125386
5450,1177900,208,310683,869937,1134465
5451,1177237,185,310839,870359,1133686
5452,1182777,234,311428,882773,1138893
5453,537552,80,164706,416352,519795
5454,1185551,268,165512,876166,1141480
5455,1169410,249,312010,865953,1126448
5456,1177260,211,310263,869642,1134173
5457,1175963,216,310447,868843,1132341
5458,1182453,221,310052,881697,1137848
5459,538643,92,164263,416617,521011
5460,1185610,201,164772,874814,1141210
5461,1167556,219,312097,865287,1124832
5462,1179114,161,311344,871376,1136106
5463,1177700,226,311510,869236,1133524
5464,1181571,257,310906,882208,1137822
5465,538050,100,165164,416598,520396
5466,1186258,230,165780,876883,1142191
5467,1168050,218,312608,865755,1125468
5468,1177865,183,310792,870327,1134566
5469,1175561,260,312140,868163,1131636
5470,1182536,214,310706,882156,1138830
5471,537929,101,164823,415349,520301
5472,1184706,257,164569,874279,1140534
5473,1169164,203,311850,865579,1126641
5474,1178129,189,310937,870353,1135346
5475,1177103,205,311856,869182,1133198
5476,1180757,251,311304,881610,1136973
5477,537678,81,164945,416473,520192
5478,1186223,238,164821,875530,1141977
5479,1170444,186,312823,867201,1127959
5480,1177353,195,311350,870456,1134500
5481,1177305,234,310773,869684,1133674
5482,1182677,236,311371,882454,1138918
5483,537716,102,164422,416642,520043
5484,1186323,225,164812,875803,1142618
5485,1168948,210,313570,865844,1126192
5486,1177401,180,310955,870391,1134254
5487,1176294,206,311294,869073,1132261
5488,1181949,241,311830,882809,1137960
5489,538484,79,165063,417504,520932
5490,1186050,222,165309,876319,1142265
5491,1169710,210,313060,866320,1126834
5492,1177988,202,310902,870528,1135160
5493,1177356,226,310904,869332,1133601
5494,1183630,254,311596,883250,1139648
5495,537956,115,164733,416161,520429
5496,1186767,253,165384,876029,1142579
5497,1168818,210,312120,865742,1126514
5498,1175944,198,310933,869376,1132970
5499,1177651,224,311208,870237,1133469
5500,1184212,250,311486,883613,1139992
5501,538089,94,164734,415709,520003
5502,1184912,224,165067,875790,1140987
5503,1169410,249,312368,866230,1126846
5504,1178499,225,310144,869378,1134810
5505,1176705,217,310367,868254,1132276
5506,1183679,218,310810,882432,1139439
5507,538084,111,164900,416955,520345
5508,1185527,197,165101,875664,1141615
5509,1169256,222,313041,866243,1126252
5510,1178523,213,310893,870696,1135341
5511,1175893,212,310869,867731,1132164
5512,1184312,231,311858,884376,1140437
5513,538940,101,164945,417747,521353
5514,1186054,234,165173,875708,1141890
5515,1169162,195,312422,866863,1126286
5516,1177442,152,310550,869773,1134135
5517,1176013,233,310778,868430,1131944
5518,1183031,230,310799,882958,1139130
5519,538045,88,165131,416612,520264
5520,1186749,221,165743,876762,1142920
5521,1167859,198,313634,865785,1125282
5522,1178119,192,310375,870994,1135050
5523,1176173,246,311166,868858,1132257
5524,1182254,260,310765,881644,1138365
5525,537386,88,164339,416179,519635
5526,1185814,259,164694,875676,1141780
5527,1168923,222,312936,866255,1125819
5528,1177251,188,310758,869646,1133741
5529,1176650,229,310354,868860,1132772
5530,1182819,210,311429,882360,1138845
5531,538969,87,165129,417615,521366
5532,1185221,253,165074,875655,1141412
5533,1168292,246,312796,865101,1125369
5534,1177813,189,310708,869821,1134780
5535,1176688,223,310627,868226,1132678
5536,1183274,242,311196,882196,1139109
5537,537777,78,164802,416582,520059
5538,1186894,223,164930,876188,1142668
5539,1169008,234,311899,865272,1125867
5540,1176420,202,310096,869887,1133485
5541,1175811,233,310573,869196,1132182
5542,1182474,254,311226,882121,1138383
5543,537190,82,164012,415111,519125
5544,1185803,233,164445,876101,1141567
5545,1169411,230,312917,866116,1126529
5546,1178052,174,311339,870848,1135160
5547,1177107,223,311446,869328,1132708
5548,1183581,255,311195,882801,1139893
5549,537378,82,164654,416358,519695
5550,1184672,228,164858,875032,1140861
5551,1170166,198,312776,867101,1127868
5552,1177499,205,310652,869650,1134040
5553,1177266,254,310947,868671,1133461
5554,1182739,234,310505,881874,1138761
5555,538847,71,164631,417621,521348
5556,1185418,236,165470,875831,1141196
5557,1168688,251,313309,865497,1125932
5558,1176958,166,311259,869948,1134092
5559,1176806,233,310762,868359,1133218
5560,1184007,232,310979,883131,1140113
5561,539100,85,164482,416991,521318
5562,1184406,242,165241,874566,1140289
5563,1170178,230,312528,867618,1127729
5564,1176471,184,310650,867940,1132765
5565,1176665,251,309689,868607,1132298
5566,1183232,207,310677,882974,1139638
5567,537944,85,164680,417286,520246
5568,1184819,236,165140,875225,1140888
5569,1167968,194,311705,865360,1125436
5570,1177997,177,310719,870274,1134584
5571,1177723,239,310827,869133,1133631
5572,1182886,239,311329,882998,1138887
5573,538070,96,164805,416486,520428
5574,1185529,240,164998,875503,1141766
5575,1167822,206,312310,865751,1125496
5576,1177372,153,311035,869747,1134344
5577,1176570,222,310932,869240,1132270
5578,1182684,210,310446,881761,1138550
5579,537699,90,164000,416164,520192
5580,1185910,228,164951,875132,1141465
5581,1167711,233,312576,865692,1125552
5582,1177151,170,310458,870533,1133722
5583,1175779,217,311159,867640,1131856
5584,1183431,215,310946,882539,1139412
5585,537572,105,164690,415780,519550
5586,1184613,211,165248,875768,1141010
5587,1170163,199,313534,867064,1127405
5588,1176078,186,310348,868104,1132963
5589,1176404,213,310644,868877,1132480
5590,1184328,231,311598,882716,1140155
5591,537854,88,164632,416368,520243
5592,1187260,227,165294,876468,1143012
5593,1167657,179,312262,865313,1125209
5594,1178487,204,310231,870170,1135506
5595,1175053,229,310212,867637,1130878
5596,1182867,256,310522,881439,1139125
5597,538505,73,164724,416889,520931
5598,1185487,237,164973,875147,1141415
5599,1169343,236,312445,865281,1126438
5600,1179215,177,310527,871494,1136225
5601,1177618,208,310505,869300,1133574
5602,1182357,249,311116,882951,1138763
5603,538648,116,164854,416836,520803
5604,1187076,216,165656,876747,1142741
5605,1167762,228,312443,864829,1124831
5606,1178396,178,310763,870887,1134816
5607,1175312,220,310732,868118,1131558
5608,1183710,225,311214,883432,1139364
5609,537664,112,164845,416408,520023
5610,1185879,215,165077,876486,1142136
5611,1168468,224,313131,865973,1125948
5612,1177706,190,309950,869118,1134168
5613,1177229,230,310050,868565,1133057
5614,1183180,207,311011,882024,1139030
5615,537665,101,164833,416561,519984
5616,1185048,217,165519,875455,1141025
5617,1168503,218,312690,865358,1125588
5618,1177195,182,310000,869196,1133730
5619,1176347,279,310530,868358,1132359
5620,1183867,216,310832,882851,1139970
5621,537184,84,164447,415100,519447
5622,1185582,241,164732,875713,1142039
5623,1168663,200,312720,864694,1125905
5624,1176401,196,310137,868760,1133200
5625,1174589,231,310206,867325,1130399
5626,1183450,245,311015,883546,1139573
5627,538437,109,164830,417106,520961
5628,1185121,213,164199,875408,1141008
5629,1167988,176,312005,865323,1125644
5630,1176625,193,311083,869034,1133487
5631,1176866,233,311097,868166,1132777
5632,1182471,245,310771,882470,1138520
5633,538168,106,164821,416654,520741
5634,1186425,245,164937,874985,1142344
5635,1168882,181,312693,865847,1126338
5636,1177966,190,310197,870191,1134996
5637,1176226,209,311226,868299,1131619
5638,1182786,250,311152,883481,1139203
5639,537708,92,165008,416292,520238
5640,1186252,216,164670,876303,1142450
5641,1167210,200,312429,865386,1124806
5642,1176953,214,309687,869404,1133659
5643,1176061,200,309529,867557,1131781
5644,1182751,252,310772,882678,1138452
5645,538073,97,164589,416445,520432
5646,1185391,243,165021,874732,1141360
5647,1167860,179,311696,864568,1125532
5648,1179204,196,309575,869864,1135450
5649,1175583,208,310818,868422,1131563
5650,1185290,232,310910,883871,1141187
5651,537842,98,165604,417304,520348
5652,1185379,202,165069,875147,1141686
5653,1168254,191,312904,866180,1125743
5654,1178056,184,310236,869785,1135028
5655,1177773,243,310703,869767,1133736
5656,1182731,237,310726,883621,1138671
5657,537748,90,164604,416661,519893
5658,1184402,224,165022,874589,1139924
5659,1167838,210,312028,865627,1125497
5660,1175987,171,309928,869024,1132866
5661,1176139,204,309713,867499,1132094
5662,1183647,201,310899,882014,1139620
5663,537889,90,164617,416058,520134
5664,1186825,214,165546,876186,1142754
5665,1168553,208,312562,865557,1125867
5666,1177096,167,311410,869599,1134106
5667,1177704,206,311297,869447,1133894
5668,1182903,209,311424,882994,1138795
5669,537610,78,165100,416983,519935
5670,1186126,227,164636,876283,1142053
5671,1169718,174,312872,866390,1126921
5672,1176889,177,310611,869841,1134214
5673,1177067,221,310874,868942,1132832
5674,1183380,249,310790,882319,1139321
5675,537282,85,163936,415602,519272
5676,1186906,240,164492,876775,1143053
5677,1169358,236,312673,866205,1126350
5678,1177814,167,310870,870765,1134544
5679,1177052,207,311200,869864,1133534
5680,1181596,210,310845,882442,1137935
5681,537900,80,164188,416457,520081
5682,1184063,190,164717,874129,1139801
5683,1168459,196,312464,865632,1125784
5684,1179313,160,311156,870722,1135903
5685,1177579,204,311015,869085,1133858
5686,1183663,213,311091,882683,1139395
5687,538868,102,165372,417744,521169
5688,1185210,247,164689,875349,1141231
5689,1169474,202,312371,866078,1127129
5690,1178290,170,310647,870385,1134692
5691,1178163,185,310927,869260,1133922
5692,1183099,205,311372,883407,1139200
5693,537914,89,164478,416557,520104
5694,1186472,266,165005,875887,1142104
5695,1169182,236,311973,865747,1126448
5696,1177227,193,309016,869778,1133937
5697,1176251,192,310919,868460,1132483
5698,1183616,216,311172,882902,1139260
5699,537843,97,164295,416186,520067
5700,1185052,189,165063,875968,1141101
5701,1168447,188,312399,865120,1125328
5702,1178156,182,310633,870602,1134830
5703,1178430,193,311604,871319,1134563
5704,1182298,233,312226,882325,1138351
5705,537816,95,165112,416707,520174
5706,1187278,220,165242,876744,1143477
5707,1169429,203,312953,865856,1126916
5708,1177025,178,310046,869232,1133666
5709,1175906,187,310369,868699,1132437
5710,1183670,220,309784,882806,1139350
5711,537471,94,164455,416175,519906
5712,1186210,183,164367,875566,1142047
5713,1169372,227,312739,865745,1126424
5714,1177175,165,310270,869510,1133869
5715,1176816,220,310508,868260,1132026
5716,1182398,208,310657,882193,1138653
5717,538803,86,164792,416766,520899
5718,1185710,228,164999,876262,1142287
5719,1168443,195,312807,866801,1125889
5720,1176415,169,311095,869430,1133177
5721,1176435,221,311377,869113,1132694
5722,1184336,192,311413,883692,1140123
5723,538545,92,164428,416788,520492
5724,1185227,221,165305,875109,1141474
5725,1169117,173,313052,866045,1126254
5726,1179044,170,311166,870619,1135808
5727,1176233,191,311207,868653,1132361
5728,1182996,225,310566,882831,1139084
5729,538702,75,164905,416946,520927
5730,1186746,212,164837,877133,1143041
5731,1167829,204,312370,864587,1124996
5732,1179478,175,310526,871469,1135909
5733,1177291,223,310982,868763,1133228
5734,1182586,237,310439,882624,1138526
5735,537994,91,165063,416453,520339
5736,1186752,219,165373,876268,1142636
5737,1169186,185,313053,865946,1126530
5738,1175804,173,310292,868769,1132767
5739,1177434,217,310802,869051,1133399
5740,1183263,213,310698,882907,1139243
5741,538362,74,164917,416775,520884
5742,1186355,241,165468,875923,1142370
5743,1168486,216,312283,865124,1125701
5744,1177403,198,310411,869563,1134145
5745,1176988,220,311128,868397,1132557
5746,1182931,194,311148,882503,1138967
5747,537853,88,164904,417116,520330
5748,1186826,216,165212,875711,1142176
5749,1169181,197,313348,866542,1126207
5750,1178355,175,310424,870478,1135444
5751,1176432,197,310254,868142,1132425
5752,1182391,202,310398,882565,1138978
5753,537884,87,164115,416732,520450
5754,1185006,232,164977,874749,1141002
5755,1169787,186,313115,865766,1126462
5756,1178714,158,310792,871202,1135722
5757,1176887,234,310930,869336,1132653
5758,1183073,181,310974,883251,1139342
5759,538384,78,164528,416919,520863
5760,1185690,206,165400,875289,1141458
5761,1169676,176,312354,866648,1126917
5762,1177392,198,311072,869865,1134034
5763,1175756,226,310366,869287,1132070
5764,1183602,185,310594,883335,1139900
5765,537415,85,164164,415681,519735
5766,1185734,197,164691,876224,1141477
5767,1167062,204,312699,865398,1124200
5768,1177749,172,309994,869608,1134590
5769,1176413,185,310301,868234,1132192
5770,1183311,219,310831,882991,1139041
5771,537317,97,164929,416105,519593
5772,1188103,191,165346,877616,1143973
5773,1168158,199,313032,866187,1125609
5774,1177427,198,309822,869119,1134050
5775,1177205,190,310700,869470,1133221
5776,1182479,200,311480,881653,1138356
5777,538324,88,164847,416810,520772
5778,1186963,218,165728,877199,1142755
5779,1169006,178,311833,865448,1126504
5780,1178342,169,310519,870830,1135504
5781,1175912,240,311556,868433,1132025
5782,1183354,191,310859,882968,1139086
5783,538972,98,164800,416985,521201
5784,1187386,198,165530,876918,1143783
5785,1168419,214,312714,864702,1125707
5786,1177528,174,309064,868895,1134397
5787,1177979,204,310488,869949,1134356
5788,1182035,225,310649,882663,1138364
5789,537640,106,164289,416319,520087
5790,1186000,214,165036,876106,1141465
5791,1169946,195,312189,866429,1127022
5792,1178502,174,310724,870344,1135080
5793,1176775,186,310779,869412,1132960
5794,1183147,197,311224,883098,1139203
5795,537371,86,164906,416753,519775
5796,1186550,199,164715,875724,1142691
5797,1169591,208,312268,865317,1126388
5798,1177224,174,310052,869941,1134161
5799,1177686,187,310476,869826,1134116
5800,1183214,213,311447,883431,1139350
5801,537789,84,164738,416075,520037
5802,1184879,212,164747,875175,1141448
5803,1167937,205,312178,865857,1125317
5804,1176398,198,309647,869293,1133216
5805,1177558,224,310034,869562,1133519
5806,1183050,212,311058,882420,1139019
5807,538138,82,164892,416862,520670
5808,1185138,208,164755,875910,1141097
5809,1168747,233,312788,865584,1126120
5810,1178250,171,310380,870403,1135257
5811,1177399,206,310603,868863,1133379
5812,1183450,193,311007,882761,1139664
5813,536476,78,164516,416280,519187
5814,1184794,201,164870,874379,1140556
5815,1166741,196,311967,864244,1124425
5816,1178378,178,310644,871367,1135394
5817,1177184,211,311948,870011,1133295
5818,1181569,199,310923,881434,1137486
5819,537654,90,164515,415987,520142
5820,1185540,211,165211,876355,1141343
5821,1166146,181,312489,864112,1123871
5822,1177822,188,309990,869953,1134879
5823,1177738,205,311046,868986,1133769
5824,1182902,193,310523,882636,1139177
5825,537715,113,164039,415816,520004
5826,1185322,195,164391,874871,1141493
5827,1169211,208,312907,866660,1127047
5828,1177074,178,311354,870133,1133765
5829,1176761,182,310098,869258,1133104
5830,1183435,220,310752,882755,1138893
5831,537081,102,164662,416226,519555
5832,1186135,215,164891,875707,1141977
5833,1169650,192,312956,866779,1126898
5834,1179196,183,310981,870203,1135235
5835,1177251,200,311556,869701,1133595
5836,1182724,200,311052,881977,1138833
5837,537625,104,164832,416637,519970
5838,1185165,220,164741,875280,1140999
5839,1167252,211,311840,865085,1124615
5840,1178386,164,310364,870264,1135551
5841,1177942,198,311736,869738,1133870
5842,1182833,236,310664,882802,1139011
5843,538171,90,164531,416013,520561
5844,1186090,231,164747,874426,1142056
5845,1168520,209,312144,865032,1125790
5846,1177420,175,310106,869843,1134289
5847,1178430,177,311399,870319,1133919
5848,1183248,216,311544,882731,1139313
5849,538205,87,164795,416753,520565
5850,1184150,222,164943,874342,1140147
5851,1167433,215,312806,865756,1125068
5852,1177170,157,310303,869458,1133309
5853,1175551,224,310131,868128,1131625
5854,1183054,232,311165,882249,1139059
5855,538128,79,165155,416693,520493
5856,1186636,215,165205,876690,1142749
5857,1168743,159,313147,865450,1126118
5858,1177994,169,311458,870800,1135034
5859,1178227,204,311268,868771,1133627
5860,1182382,194,311032,882104,1138474
5861,537353,64,164109,416385,519713
5862,1186788,178,164717,876247,1142668
5863,1168331,167,313242,865551,1126016
5864,1176164,186,311171,869043,1133319
5865,1175266,186,310715,868666,1131381
5866,1181278,208,310730,881088,1137800
5867,537405,88,164417,416214,519663
5868,1185997,197,164859,876089,1142051
5869,1167360,218,312675,865247,1124817
5870,1178083,155,310281,870594,1134930
5871,1174323,190,310678,866955,1130529
5872,1182617,214,310305,881731,1138533
5873,537572,83,164306,416251,519842
5874,1186438,244,165087,875680,1142508
5875,1167692,187,313231,864692,1125060
5876,1178299,178,310798,870474,1134920
5877,1177108,182,311527,869231,1133127
5878,1183925,236,311898,883936,1139787
5879,537368,90,164688,416230,519776
5880,1184880,213,164994,875034,1141045
5881,1169299,198,313030,866330,1126663
5882,1178479,185,310629,870565,1135622
5883,1175932,199,310779,868470,1132199
5884,1183135,218,311237,883066,1139146
5885,537408,101,164755,415927,519545
5886,1185975,197,165256,875465,1142097
5887,1169584,191,312919,866451,1127126
5888,1177322,181,310299,870542,1134133
5889,1176654,195,311217,868908,1132626
5890,1184282,190,311571,883726,1140484
5891,536611,92,164703,415716,518980
5892,1185843,204,165144,876251,1141660
5893,1169443,192,312564,865675,1126941
5894,1177237,180,310897,870400,1134099
5895,1177280,196,311005,869196,1133171
5896,1181991,205,311575,882919,1138197
5897,537784,101,164794,416426,520164
5898,1186756,208,165440,876296,1142854
5899,1167801,204,312191,864298,1124727
5900,1176820,128,309930,868892,1133349
5901,1177681,211,310411,869208,1133531
5902,1184479,197,311302,883257,1140626
5903,538285,90,164624,416472,520515
5904,1186534,200,164871,876428,1142267
5905,1169713,185,312659,866613,1126841
5906,1178827,159,311376,870772,1135187
5907,1176160,201,311295,869229,1132172
5908,1183515,229,311710,883754,1139423
5909,537440,93,164416,416226,519813
5910,1186116,196,164879,875799,1142031
5911,1168474,204,312616,865504,1125673
5912,1178094,178,309988,870158,1134824
5913,1177064,205,310682,868249,1132522
5914,1183277,181,311852,884042,1139704
5915,538928,104,164506,416990,520951
5916,1184910,200,164880,874461,1140501
5917,1168673,174,312610,864808,1125971
5918,1178053,197,310495,870756,1134793
5919,1177545,186,311180,869482,1133923
5920,1181174,209,310832,881719,1137747
5921,537256,99,164751,416195,519596
5922,1185839,203,165044,875325,1141814
5923,1170128,174,312553,866555,1126760
5924,1178503,190,310479,871066,1135268
5925,1177458,218,310822,869587,1133385
5926,1183736,188,311955,883791,1139914
5927,536826,71,165469,416030,519289
5928,1185802,181,164947,875724,1142023
5929,1168700,190,312861,865274,1125711
5930,1177982,181,310468,869279,1134557
5931,1176709,214,311048,869069,1132842
5932,1183552,179,311150,883162,1139461
5933,537722,97,164737,416037,519922
5934,1185670,204,164968,876398,1141881
5935,1169394,182,312189,865853,1126593
5936,1179047,142,310618,870631,1136051
5937,1176768,195,311270,869529,1132808
5938,1182533,210,310940,881860,1138312
5939,538103,100,164901,416663,520357
5940,1185506,193,165203,875164,1141328
5941,1168208,223,312786,864674,1124947
5942,1176808,172,309651,868669,1133334
5943,1174925,184,309949,868656,1131393
5944,1183530,206,311156,883130,1139330
5945,538081,84,165196,417060,520423
5946,1185063,190,164963,874321,1141096
5947,1168882,178,312719,865673,1126335
5948,1176673,161,310263,869004,1133611
5949,1176362,179,310653,868097,1132653
5950,1185232,199,311008,883643,1140939
5951,537978,75,165052,417444,520417
5952,1186682,229,165358,876981,1142693
5953,1168131,179,312266,864242,1125484
5954,1178071,152,310044,870392,1134723
5955,1176414,219,311206,870204,1132712
5956,1182226,211,311504,882444,1138315
5957,537390,72,164626,416184,519674
5958,1186767,210,164677,875986,1142157
5959,1169276,178,313001,866006,1126722
5960,1177496,191,310706,869497,1134196
5961,1177365,211,310474,869263,1133450
5962,1182739,190,310923,881763,1138757
5963,537937,95,165249,416511,520085
5964,1185189,199,165475,875765,1140930
5965,1167799,165,312458,865102,1125213
5966,1176976,150,310423,869474,1133663
5967,1175193,212,310205,868378,1131319
5968,1183275,209,310887,883208,1138833
5969,538020,94,164847,416351,520526
5970,1185629,194,165227,875732,1141780
5971,1167930,169,312353,865213,1125084
5972,1176848,168,308978,869191,1133605
5973,1175912,213,309891,868783,1132154
5974,1184559,189,312123,884180,1140608
5975,537690,69,164895,416450,519987
5976,1186967,213,165426,876374,1142679
5977,1168002,174,312946,865598,1125702
5978,1176833,165,311299,871178,1134219
5979,1175863,192,310698,868160,1131919
5980,1183660,242,310718,882707,1139979
5981,537927,111,165073,416303,520151
5982,1186018,192,164637,876678,1142054
5983,1167952,173,312638,865202,1125682
5984,1178071,192,310831,870556,1134982
5985,1177526,198,311673,868897,1133606
5986,1183212,201,311709,883103,1139310
5987,537452,117,164738,416478,519872
5988,1186573,211,164768,876799,1142527
5989,1170592,192,313019,867053,1128300
5990,1178072,177,310942,870584,1134518
5991,1176701,204,311021,868653,1132793
5992,1184101,209,311314,882712,1139885
5993,537864,92,165084,416218,520304
5994,1185195,199,165190,875594,1141131
5995,1168451,194,312422,866003,1125637
5996,1178034,143,310075,870938,1135212
5997,1177026,199,310570,869522,1132970
5998,1183875,209,311651,883657,1139644
5999,538047,87,165083,416411,520174
6000,1186990,191,165093,877549,1143226
